"n","scheme","nu","p","q","test","power","se","crit","R0","R1","df_calibrated"
100,"linear",0.1,3,3,"B_n",1,0,16.9276305269455,20000,10000,TRUE
100,"linear",0.1,3,3,"P_n",1,0,16.7516811731464,20000,10000,TRUE
100,"linear",0.1,3,3,"Hoeffding",1,0,0.0096558340612096,20000,10000,TRUE
100,"linear",0.1,3,3,"dCov",1,0,0.228007440600229,5000,10000,FALSE
100,"linear",0.1,3,3,"HHG",1,0,14195.3846931332,5000,10000,FALSE
100,"linear",0.1,3,3,"Genest",1,0,0.0575572380000051,20000,10000,TRUE
100,"linear",0.1,3,3,"MIC",1,0,0.299775092341389,20000,10000,TRUE
100,"linear",0.1,3,3,"BET",1,0,32,20000,10000,TRUE
100,"linear",0.1,3,3,"BEAST",1,0,0.468986315076844,20000,10000,TRUE
100,"linear",0.1,3,3,"xi",1,0,0.122412241224122,20000,10000,TRUE
100,"linear",0.1,3,3,"HHG_fast",1,0,0.106855044849179,20000,10000,TRUE
100,"linear",0.2,3,3,"B_n",1,0,16.9276305269455,20000,10000,TRUE
100,"linear",0.2,3,3,"P_n",1,0,16.7516811731464,20000,10000,TRUE
100,"linear",0.2,3,3,"Hoeffding",1,0,0.0096558340612096,20000,10000,TRUE
100,"linear",0.2,3,3,"dCov",1,0,0.229234802770216,5000,10000,FALSE
100,"linear",0.2,3,3,"HHG",1,0,14072.2322104215,5000,10000,FALSE
100,"linear",0.2,3,3,"Genest",1,0,0.0575572380000051,20000,10000,TRUE
100,"linear",0.2,3,3,"MIC",1,0,0.299775092341389,20000,10000,TRUE
100,"linear",0.2,3,3,"BET",1,0,32,20000,10000,TRUE
100,"linear",0.2,3,3,"BEAST",1,0,0.468986315076844,20000,10000,TRUE
100,"linear",0.2,3,3,"xi",1,0,0.122412241224122,20000,10000,TRUE
100,"linear",0.2,3,3,"HHG_fast",1,0,0.106855044849179,20000,10000,TRUE
100,"linear",0.3,3,3,"B_n",1,0,16.9276305269455,20000,10000,TRUE
100,"linear",0.3,3,3,"P_n",1,0,16.7516811731464,20000,10000,TRUE
100,"linear",0.3,3,3,"Hoeffding",1,0,0.0096558340612096,20000,10000,TRUE
100,"linear",0.3,3,3,"dCov",1,0,0.234533652680785,5000,10000,FALSE
100,"linear",0.3,3,3,"HHG",1,0,14209.2358214183,5000,10000,FALSE
100,"linear",0.3,3,3,"Genest",1,0,0.0575572380000051,20000,10000,TRUE
100,"linear",0.3,3,3,"MIC",1,0,0.299775092341389,20000,10000,TRUE
100,"linear",0.3,3,3,"BET",0.9963,0.000607149899118829,32,20000,10000,TRUE
100,"linear",0.3,3,3,"BEAST",0.999,0.000316069612585582,0.468986315076844,20000,10000,TRUE
100,"linear",0.3,3,3,"xi",0.9995,0.000223550889061069,0.122412241224122,20000,10000,TRUE
100,"linear",0.3,3,3,"HHG_fast",1,0,0.106855044849179,20000,10000,TRUE
100,"linear",0.4,3,3,"B_n",0.9991,0.000299864969611326,16.9276305269455,20000,10000,TRUE
100,"linear",0.4,3,3,"P_n",0.9991,0.000299864969611326,16.7516811731464,20000,10000,TRUE
100,"linear",0.4,3,3,"Hoeffding",1,0,0.0096558340612096,20000,10000,TRUE
100,"linear",0.4,3,3,"dCov",1,0,0.23852475534541,5000,10000,FALSE
100,"linear",0.4,3,3,"HHG",0.9994,0.000244875478560032,14140.2003883852,5000,10000,FALSE
100,"linear",0.4,3,3,"Genest",1,0,0.0575572380000051,20000,10000,TRUE
100,"linear",0.4,3,3,"MIC",0.9868,0.00114130451677017,0.299775092341389,20000,10000,TRUE
100,"linear",0.4,3,3,"BET",0.9103,0.00285751482935785,32,20000,10000,TRUE
100,"linear",0.4,3,3,"BEAST",0.9463,0.00225424732449658,0.468986315076844,20000,10000,TRUE
100,"linear",0.4,3,3,"xi",0.9611,0.00193356639399841,0.122412241224122,20000,10000,TRUE
100,"linear",0.4,3,3,"HHG_fast",0.9999,9.99949998749882e-05,0.106855044849179,20000,10000,TRUE
100,"linear",0.5,3,3,"B_n",0.9833,0.00128144878945669,16.9276305269455,20000,10000,TRUE
100,"linear",0.5,3,3,"P_n",0.9823,0.00131858674344921,16.7516811731464,20000,10000,TRUE
100,"linear",0.5,3,3,"Hoeffding",0.9992,0.000282729552753161,0.0096558340612096,20000,10000,TRUE
100,"linear",0.5,3,3,"dCov",0.9996,0.000199959995999189,0.233103622849645,5000,10000,FALSE
100,"linear",0.5,3,3,"HHG",0.9908,0.000954743944730732,14349.6382881546,5000,10000,FALSE
100,"linear",0.5,3,3,"Genest",0.9993,0.000264482513599677,0.0575572380000051,20000,10000,TRUE
100,"linear",0.5,3,3,"MIC",0.8938,0.00308093427388511,0.299775092341389,20000,10000,TRUE
100,"linear",0.5,3,3,"BET",0.6703,0.00470104148035305,32,20000,10000,TRUE
100,"linear",0.5,3,3,"BEAST",0.7478,0.00434275442547699,0.468986315076844,20000,10000,TRUE
100,"linear",0.5,3,3,"xi",0.7977,0.00401714712202578,0.122412241224122,20000,10000,TRUE
100,"linear",0.5,3,3,"HHG_fast",0.9956,0.000661864034375638,0.106855044849179,20000,10000,TRUE
100,"linear",0.6,3,3,"B_n",0.9152,0.00278583847342232,16.9276305269455,20000,10000,TRUE
100,"linear",0.6,3,3,"P_n",0.9111,0.00284599349964121,16.7516811731464,20000,10000,TRUE
100,"linear",0.6,3,3,"Hoeffding",0.9909,0.000949588858401361,0.0096558340612096,20000,10000,TRUE
100,"linear",0.6,3,3,"dCov",0.9932,0.000821812630713354,0.238973571872436,5000,10000,FALSE
100,"linear",0.6,3,3,"HHG",0.9489,0.0022020170299069,14385.5399308121,5000,10000,FALSE
100,"linear",0.6,3,3,"Genest",0.9927,0.000851276100921433,0.0575572380000051,20000,10000,TRUE
100,"linear",0.6,3,3,"MIC",0.7279,0.00445041110460596,0.299775092341389,20000,10000,TRUE
100,"linear",0.6,3,3,"BET",0.4424,0.00496671158816374,32,20000,10000,TRUE
100,"linear",0.6,3,3,"BEAST",0.5413,0.00498291390654103,0.468986315076844,20000,10000,TRUE
100,"linear",0.6,3,3,"xi",0.5881,0.00492177193701618,0.122412241224122,20000,10000,TRUE
100,"linear",0.6,3,3,"HHG_fast",0.9676,0.00177059989833954,0.106855044849179,20000,10000,TRUE
100,"linear",0.7,3,3,"B_n",0.7846,0.00411099549987591,16.9276305269455,20000,10000,TRUE
100,"linear",0.7,3,3,"P_n",0.7797,0.00414448923270407,16.7516811731464,20000,10000,TRUE
100,"linear",0.7,3,3,"Hoeffding",0.9601,0.0019572427033968,0.0096558340612096,20000,10000,TRUE
100,"linear",0.7,3,3,"dCov",0.9709,0.00168086852549508,0.233508566443075,5000,10000,FALSE
100,"linear",0.7,3,3,"HHG",0.8593,0.00347711820334023,14232.8673914983,5000,10000,FALSE
100,"linear",0.7,3,3,"Genest",0.9626,0.0018973992726888,0.0575572380000051,20000,10000,TRUE
100,"linear",0.7,3,3,"MIC",0.5666,0.00495544589315634,0.299775092341389,20000,10000,TRUE
100,"linear",0.7,3,3,"BET",0.2816,0.00449779323668841,32,20000,10000,TRUE
100,"linear",0.7,3,3,"BEAST",0.3732,0.00483654587489874,0.468986315076844,20000,10000,TRUE
100,"linear",0.7,3,3,"xi",0.4302,0.00495103989077042,0.122412241224122,20000,10000,TRUE
100,"linear",0.7,3,3,"HHG_fast",0.8898,0.00313138882925771,0.106855044849179,20000,10000,TRUE
100,"linear",0.8,3,3,"B_n",0.6473,0.00477810328477734,16.9276305269455,20000,10000,TRUE
100,"linear",0.8,3,3,"P_n",0.6423,0.00479323179076497,16.7516811731464,20000,10000,TRUE
100,"linear",0.8,3,3,"Hoeffding",0.9011,0.00298527703907024,0.0096558340612096,20000,10000,TRUE
100,"linear",0.8,3,3,"dCov",0.9195,0.00272065708974872,0.233870298478462,5000,10000,FALSE
100,"linear",0.8,3,3,"HHG",0.7372,0.00440154700077143,14397.3042523439,5000,10000,FALSE
100,"linear",0.8,3,3,"Genest",0.9074,0.00289871074790156,0.0575572380000051,20000,10000,TRUE
100,"linear",0.8,3,3,"MIC",0.4335,0.00495558018803046,0.299775092341389,20000,10000,TRUE
100,"linear",0.8,3,3,"BET",0.1857,0.00388864385101027,32,20000,10000,TRUE
100,"linear",0.8,3,3,"BEAST",0.2794,0.00448704401583047,0.468986315076844,20000,10000,TRUE
100,"linear",0.8,3,3,"xi",0.3278,0.00469411503906753,0.122412241224122,20000,10000,TRUE
100,"linear",0.8,3,3,"HHG_fast",0.7891,0.00407947533391244,0.106855044849179,20000,10000,TRUE
100,"linear",0.9,3,3,"B_n",0.5321,0.00498968526061514,16.9276305269455,20000,10000,TRUE
100,"linear",0.9,3,3,"P_n",0.528,0.00499215384378326,16.7516811731464,20000,10000,TRUE
100,"linear",0.9,3,3,"Hoeffding",0.8289,0.00376596322339983,0.0096558340612096,20000,10000,TRUE
100,"linear",0.9,3,3,"dCov",0.8548,0.00352302370131113,0.23381893632683,5000,10000,FALSE
100,"linear",0.9,3,3,"HHG",0.6494,0.00477157877436808,14091.3051898285,5000,10000,FALSE
100,"linear",0.9,3,3,"Genest",0.8385,0.00367991508054194,0.0575572380000051,20000,10000,TRUE
100,"linear",0.9,3,3,"MIC",0.3455,0.00475531018967217,0.299775092341389,20000,10000,TRUE
100,"linear",0.9,3,3,"BET",0.1384,0.00345319330475431,32,20000,10000,TRUE
100,"linear",0.9,3,3,"BEAST",0.219,0.00413568615830554,0.468986315076844,20000,10000,TRUE
100,"linear",0.9,3,3,"xi",0.2567,0.00436812442588349,0.122412241224122,20000,10000,TRUE
100,"linear",0.9,3,3,"HHG_fast",0.6869,0.00463754665744723,0.106855044849179,20000,10000,TRUE
100,"linear",1,3,3,"B_n",0.4244,0.00494251595849725,16.9276305269455,20000,10000,TRUE
100,"linear",1,3,3,"P_n",0.4215,0.00493799301336079,16.7516811731464,20000,10000,TRUE
100,"linear",1,3,3,"Hoeffding",0.7396,0.00438852868282754,0.0096558340612096,20000,10000,TRUE
100,"linear",1,3,3,"dCov",0.7746,0.0041784547382974,0.232248252976007,5000,10000,FALSE
100,"linear",1,3,3,"HHG",0.5546,0.00497009899297791,14010.3875738998,5000,10000,FALSE
100,"linear",1,3,3,"Genest",0.7501,0.0043295495146724,0.0575572380000051,20000,10000,TRUE
100,"linear",1,3,3,"MIC",0.2741,0.00446059626059118,0.299775092341389,20000,10000,TRUE
100,"linear",1,3,3,"BET",0.1036,0.00304740939159805,32,20000,10000,TRUE
100,"linear",1,3,3,"BEAST",0.1737,0.00378851303284019,0.468986315076844,20000,10000,TRUE
100,"linear",1,3,3,"xi",0.201,0.00400748050525514,0.122412241224122,20000,10000,TRUE
100,"linear",1,3,3,"HHG_fast",0.5789,0.00493735546623899,0.106855044849179,20000,10000,TRUE
100,"linear",1.1,3,3,"B_n",0.3566,0.00478995240059857,16.9276305269455,20000,10000,TRUE
100,"linear",1.1,3,3,"P_n",0.3552,0.00478573881443607,16.7516811731464,20000,10000,TRUE
100,"linear",1.1,3,3,"Hoeffding",0.6656,0.00471780287845942,0.0096558340612096,20000,10000,TRUE
100,"linear",1.1,3,3,"dCov",0.692,0.00461666546329708,0.234065456013784,5000,10000,FALSE
100,"linear",1.1,3,3,"HHG",0.4686,0.00499013065961203,14078.5038177698,5000,10000,FALSE
100,"linear",1.1,3,3,"Genest",0.6738,0.00468821458553254,0.0575572380000051,20000,10000,TRUE
100,"linear",1.1,3,3,"MIC",0.2342,0.00423497768589163,0.299775092341389,20000,10000,TRUE
100,"linear",1.1,3,3,"BET",0.0774,0.0026722507367386,32,20000,10000,TRUE
100,"linear",1.1,3,3,"BEAST",0.1484,0.00355496047798003,0.468986315076844,20000,10000,TRUE
100,"linear",1.1,3,3,"xi",0.1723,0.00377640980297425,0.122412241224122,20000,10000,TRUE
100,"linear",1.1,3,3,"HHG_fast",0.4989,0.00499998789998536,0.106855044849179,20000,10000,TRUE
100,"linear",1.2,3,3,"B_n",0.2961,0.004565356393536,16.9276305269455,20000,10000,TRUE
100,"linear",1.2,3,3,"P_n",0.2949,0.00455997796047306,16.7516811731464,20000,10000,TRUE
100,"linear",1.2,3,3,"Hoeffding",0.5913,0.00491593643164759,0.0096558340612096,20000,10000,TRUE
100,"linear",1.2,3,3,"dCov",0.6287,0.00483152470758455,0.232301958085385,5000,10000,FALSE
100,"linear",1.2,3,3,"HHG",0.4056,0.00491007779979096,14119.3428186187,5000,10000,FALSE
100,"linear",1.2,3,3,"Genest",0.6008,0.00489733968599279,0.0575572380000051,20000,10000,TRUE
100,"linear",1.2,3,3,"MIC",0.1975,0.00398112735289893,0.299775092341389,20000,10000,TRUE
100,"linear",1.2,3,3,"BET",0.0636,0.00244039013274517,32,20000,10000,TRUE
100,"linear",1.2,3,3,"BEAST",0.1305,0.00336852712620813,0.468986315076844,20000,10000,TRUE
100,"linear",1.2,3,3,"xi",0.1448,0.00351899076440959,0.122412241224122,20000,10000,TRUE
100,"linear",1.2,3,3,"HHG_fast",0.4322,0.00495381832529212,0.106855044849179,20000,10000,TRUE
100,"linear",1.3,3,3,"B_n",0.2572,0.00437090562698395,16.9276305269455,20000,10000,TRUE
100,"linear",1.3,3,3,"P_n",0.257,0.00436979404549002,16.7516811731464,20000,10000,TRUE
100,"linear",1.3,3,3,"Hoeffding",0.5235,0.00499447444682621,0.0096558340612096,20000,10000,TRUE
100,"linear",1.3,3,3,"dCov",0.5469,0.00497795530313401,0.235137450610415,5000,10000,FALSE
100,"linear",1.3,3,3,"HHG",0.3535,0.00478056220543149,14132.6731702055,5000,10000,FALSE
100,"linear",1.3,3,3,"Genest",0.5336,0.00498869762563337,0.0575572380000051,20000,10000,TRUE
100,"linear",1.3,3,3,"MIC",0.1693,0.00375016679629053,0.299775092341389,20000,10000,TRUE
100,"linear",1.3,3,3,"BET",0.0508,0.00219589070766284,32,20000,10000,TRUE
100,"linear",1.3,3,3,"BEAST",0.1117,0.00314996999985714,0.468986315076844,20000,10000,TRUE
100,"linear",1.3,3,3,"xi",0.1233,0.00328781249465355,0.122412241224122,20000,10000,TRUE
100,"linear",1.3,3,3,"HHG_fast",0.3761,0.00484405604839581,0.106855044849179,20000,10000,TRUE
100,"linear",1.4,3,3,"B_n",0.2146,0.00410544565181419,16.9276305269455,20000,10000,TRUE
100,"linear",1.4,3,3,"P_n",0.214,0.00410126809657696,16.7516811731464,20000,10000,TRUE
100,"linear",1.4,3,3,"Hoeffding",0.457,0.00498147568497529,0.0096558340612096,20000,10000,TRUE
100,"linear",1.4,3,3,"dCov",0.4849,0.00499771937987719,0.233024611354957,5000,10000,FALSE
100,"linear",1.4,3,3,"HHG",0.3141,0.00464156428373022,14017.7640848306,5000,10000,FALSE
100,"linear",1.4,3,3,"Genest",0.4661,0.00498849466272141,0.0575572380000051,20000,10000,TRUE
100,"linear",1.4,3,3,"MIC",0.1519,0.00358923933445514,0.299775092341389,20000,10000,TRUE
100,"linear",1.4,3,3,"BET",0.0447,0.0020664440471496,32,20000,10000,TRUE
100,"linear",1.4,3,3,"BEAST",0.0984,0.00297854729692177,0.468986315076844,20000,10000,TRUE
100,"linear",1.4,3,3,"xi",0.1247,0.00330378434526226,0.122412241224122,20000,10000,TRUE
100,"linear",1.4,3,3,"HHG_fast",0.3233,0.00467736154257932,0.106855044849179,20000,10000,TRUE
100,"linear",1.5,3,3,"B_n",0.1951,0.00396277667803776,16.9276305269455,20000,10000,TRUE
100,"linear",1.5,3,3,"P_n",0.1946,0.00395892460145429,16.7516811731464,20000,10000,TRUE
100,"linear",1.5,3,3,"Hoeffding",0.4067,0.00491217986234218,0.0096558340612096,20000,10000,TRUE
100,"linear",1.5,3,3,"dCov",0.4358,0.00495861230587752,0.232899900393908,5000,10000,FALSE
100,"linear",1.5,3,3,"HHG",0.2765,0.00447266978436817,13977.3902960564,5000,10000,FALSE
100,"linear",1.5,3,3,"Genest",0.4155,0.00492808025502832,0.0575572380000051,20000,10000,TRUE
100,"linear",1.5,3,3,"MIC",0.1387,0.00345633201530177,0.299775092341389,20000,10000,TRUE
100,"linear",1.5,3,3,"BET",0.0379,0.00190954418644869,32,20000,10000,TRUE
100,"linear",1.5,3,3,"BEAST",0.0973,0.0029636583811229,0.468986315076844,20000,10000,TRUE
100,"linear",1.5,3,3,"xi",0.1085,0.00311010851900701,0.122412241224122,20000,10000,TRUE
100,"linear",1.5,3,3,"HHG_fast",0.2851,0.00451462058206446,0.106855044849179,20000,10000,TRUE
100,"linear",1.6,3,3,"B_n",0.1757,0.00380564725112562,16.9276305269455,20000,10000,TRUE
100,"linear",1.6,3,3,"P_n",0.175,0.00379967103839267,16.7516811731464,20000,10000,TRUE
100,"linear",1.6,3,3,"Hoeffding",0.3746,0.0048401946241861,0.0096558340612096,20000,10000,TRUE
100,"linear",1.6,3,3,"dCov",0.3804,0.00485485159402427,0.236571087478254,5000,10000,FALSE
100,"linear",1.6,3,3,"HHG",0.2409,0.00427629734700477,14078.5830217058,5000,10000,FALSE
100,"linear",1.6,3,3,"Genest",0.381,0.00485632577160964,0.0575572380000051,20000,10000,TRUE
100,"linear",1.6,3,3,"MIC",0.1234,0.00328895788966657,0.299775092341389,20000,10000,TRUE
100,"linear",1.6,3,3,"BET",0.035,0.00183779759494891,32,20000,10000,TRUE
100,"linear",1.6,3,3,"BEAST",0.0904,0.00286753971201795,0.468986315076844,20000,10000,TRUE
100,"linear",1.6,3,3,"xi",0.1008,0.00301063714186881,0.122412241224122,20000,10000,TRUE
100,"linear",1.6,3,3,"HHG_fast",0.2574,0.00437201601094964,0.106855044849179,20000,10000,TRUE
100,"linear",1.7,3,3,"B_n",0.1506,0.00357658552253403,16.9276305269455,20000,10000,TRUE
100,"linear",1.7,3,3,"P_n",0.1494,0.00356482313726782,16.7516811731464,20000,10000,TRUE
100,"linear",1.7,3,3,"Hoeffding",0.3354,0.00472130109186017,0.0096558340612096,20000,10000,TRUE
100,"linear",1.7,3,3,"dCov",0.3616,0.00480463775949863,0.231791443037912,5000,10000,FALSE
100,"linear",1.7,3,3,"HHG",0.2185,0.00413228447713852,14058.3729635945,5000,10000,FALSE
100,"linear",1.7,3,3,"Genest",0.3414,0.00474179333164152,0.0575572380000051,20000,10000,TRUE
100,"linear",1.7,3,3,"MIC",0.1079,0.00310254073301222,0.299775092341389,20000,10000,TRUE
100,"linear",1.7,3,3,"BET",0.0303,0.00171411522366497,32,20000,10000,TRUE
100,"linear",1.7,3,3,"BEAST",0.0806,0.00272219837631279,0.468986315076844,20000,10000,TRUE
100,"linear",1.7,3,3,"xi",0.0881,0.00283440275895999,0.122412241224122,20000,10000,TRUE
100,"linear",1.7,3,3,"HHG_fast",0.2292,0.00420318165203456,0.106855044849179,20000,10000,TRUE
100,"linear",1.8,3,3,"B_n",0.1482,0.00355298128337316,16.9276305269455,20000,10000,TRUE
100,"linear",1.8,3,3,"P_n",0.1479,0.00355000830984943,16.7516811731464,20000,10000,TRUE
100,"linear",1.8,3,3,"Hoeffding",0.3076,0.00461499989165764,0.0096558340612096,20000,10000,TRUE
100,"linear",1.8,3,3,"dCov",0.3202,0.00466553276700529,0.234933007276495,5000,10000,FALSE
100,"linear",1.8,3,3,"HHG",0.1967,0.00397503597467998,14185.8706745208,5000,10000,FALSE
100,"linear",1.8,3,3,"Genest",0.3169,0.00465268084011788,0.0575572380000051,20000,10000,TRUE
100,"linear",1.8,3,3,"MIC",0.1068,0.00308858802691456,0.299775092341389,20000,10000,TRUE
100,"linear",1.8,3,3,"BET",0.0324,0.00177059989833954,32,20000,10000,TRUE
100,"linear",1.8,3,3,"BEAST",0.0772,0.00266908523655578,0.468986315076844,20000,10000,TRUE
100,"linear",1.8,3,3,"xi",0.0903,0.00286611077943613,0.122412241224122,20000,10000,TRUE
100,"linear",1.8,3,3,"HHG_fast",0.2143,0.00410335850249524,0.106855044849179,20000,10000,TRUE
100,"linear",1.9,3,3,"B_n",0.129,0.00335199940334124,16.9276305269455,20000,10000,TRUE
100,"linear",1.9,3,3,"P_n",0.1305,0.00336852712620813,16.7516811731464,20000,10000,TRUE
100,"linear",1.9,3,3,"Hoeffding",0.2737,0.00445856826795329,0.0096558340612096,20000,10000,TRUE
100,"linear",1.9,3,3,"dCov",0.2739,0.00445958282802327,0.237472697209258,5000,10000,FALSE
100,"linear",1.9,3,3,"HHG",0.1684,0.00374221111109462,14399.6329686135,5000,10000,FALSE
100,"linear",1.9,3,3,"Genest",0.2824,0.00450166902381772,0.0575572380000051,20000,10000,TRUE
100,"linear",1.9,3,3,"MIC",0.098,0.00297314648142334,0.299775092341389,20000,10000,TRUE
100,"linear",1.9,3,3,"BET",0.027,0.00162083311910881,32,20000,10000,TRUE
100,"linear",1.9,3,3,"BEAST",0.0746,0.00262744819168714,0.468986315076844,20000,10000,TRUE
100,"linear",1.9,3,3,"xi",0.0895,0.00285464095815919,0.122412241224122,20000,10000,TRUE
100,"linear",1.9,3,3,"HHG_fast",0.1904,0.00392616657822869,0.106855044849179,20000,10000,TRUE
100,"linear",2,3,3,"B_n",0.1171,0.00321539406605162,16.9276305269455,20000,10000,TRUE
100,"linear",2,3,3,"P_n",0.1183,0.00322963016458541,16.7516811731464,20000,10000,TRUE
100,"linear",2,3,3,"Hoeffding",0.2485,0.00432143205430792,0.0096558340612096,20000,10000,TRUE
100,"linear",2,3,3,"dCov",0.2554,0.00436085817242432,0.235200814344769,5000,10000,FALSE
100,"linear",2,3,3,"HHG",0.1634,0.00369730225975643,14112.8448499277,5000,10000,FALSE
100,"linear",2,3,3,"Genest",0.2552,0.00435973577181003,0.0575572380000051,20000,10000,TRUE
100,"linear",2,3,3,"MIC",0.0936,0.00291271419813204,0.299775092341389,20000,10000,TRUE
100,"linear",2,3,3,"BET",0.0267,0.00161205179817523,32,20000,10000,TRUE
100,"linear",2,3,3,"BEAST",0.0673,0.00250540834995016,0.468986315076844,20000,10000,TRUE
100,"linear",2,3,3,"xi",0.0754,0.00264035679407159,0.122412241224122,20000,10000,TRUE
100,"linear",2,3,3,"HHG_fast",0.1687,0.00374486728736814,0.106855044849179,20000,10000,TRUE
100,"quadratic",0.1,3,3,"B_n",1,0,16.9276305269455,20000,10000,TRUE
100,"quadratic",0.1,3,3,"P_n",1,0,16.7516811731464,20000,10000,TRUE
100,"quadratic",0.1,3,3,"Hoeffding",1,0,0.0096558340612096,20000,10000,TRUE
100,"quadratic",0.1,3,3,"dCov",1,0,0.228741020005324,5000,10000,FALSE
100,"quadratic",0.1,3,3,"HHG",1,0,14417.3840107589,5000,10000,FALSE
100,"quadratic",0.1,3,3,"Genest",1,0,0.0575572380000051,20000,10000,TRUE
100,"quadratic",0.1,3,3,"MIC",1,0,0.299775092341389,20000,10000,TRUE
100,"quadratic",0.1,3,3,"BET",0.9996,0.000199959995999189,32,20000,10000,TRUE
100,"quadratic",0.1,3,3,"BEAST",1,0,0.468986315076844,20000,10000,TRUE
100,"quadratic",0.1,3,3,"xi",1,0,0.122412241224122,20000,10000,TRUE
100,"quadratic",0.1,3,3,"HHG_fast",1,0,0.106855044849179,20000,10000,TRUE
100,"quadratic",0.2,3,3,"B_n",1,0,16.9276305269455,20000,10000,TRUE
100,"quadratic",0.2,3,3,"P_n",1,0,16.7516811731464,20000,10000,TRUE
100,"quadratic",0.2,3,3,"Hoeffding",1,0,0.0096558340612096,20000,10000,TRUE
100,"quadratic",0.2,3,3,"dCov",1,0,0.229235498255078,5000,10000,FALSE
100,"quadratic",0.2,3,3,"HHG",1,0,14079.159896812,5000,10000,FALSE
100,"quadratic",0.2,3,3,"Genest",1,0,0.0575572380000051,20000,10000,TRUE
100,"quadratic",0.2,3,3,"MIC",1,0,0.299775092341389,20000,10000,TRUE
100,"quadratic",0.2,3,3,"BET",0.9995,0.000223550889061069,32,20000,10000,TRUE
100,"quadratic",0.2,3,3,"BEAST",1,0,0.468986315076844,20000,10000,TRUE
100,"quadratic",0.2,3,3,"xi",1,0,0.122412241224122,20000,10000,TRUE
100,"quadratic",0.2,3,3,"HHG_fast",1,0,0.106855044849179,20000,10000,TRUE
100,"quadratic",0.3,3,3,"B_n",1,0,16.9276305269455,20000,10000,TRUE
100,"quadratic",0.3,3,3,"P_n",1,0,16.7516811731464,20000,10000,TRUE
100,"quadratic",0.3,3,3,"Hoeffding",1,0,0.0096558340612096,20000,10000,TRUE
100,"quadratic",0.3,3,3,"dCov",0.9999,9.99949998749882e-05,0.23425552402329,5000,10000,FALSE
100,"quadratic",0.3,3,3,"HHG",1,0,14378.8011250042,5000,10000,FALSE
100,"quadratic",0.3,3,3,"Genest",0.9998,0.0001414072133945,0.0575572380000051,20000,10000,TRUE
100,"quadratic",0.3,3,3,"MIC",0.996,0.00063118935352238,0.299775092341389,20000,10000,TRUE
100,"quadratic",0.3,3,3,"BET",0.9857,0.00118724513054381,32,20000,10000,TRUE
100,"quadratic",0.3,3,3,"BEAST",0.9962,0.000615269046840488,0.468986315076844,20000,10000,TRUE
100,"quadratic",0.3,3,3,"xi",0.9959,0.000638998435052856,0.122412241224122,20000,10000,TRUE
100,"quadratic",0.3,3,3,"HHG_fast",1,0,0.106855044849179,20000,10000,TRUE
100,"quadratic",0.4,3,3,"B_n",0.9995,0.000223550889061069,16.9276305269455,20000,10000,TRUE
100,"quadratic",0.4,3,3,"P_n",0.9995,0.000223550889061069,16.7516811731464,20000,10000,TRUE
100,"quadratic",0.4,3,3,"Hoeffding",0.9866,0.00114980172203732,0.0096558340612096,20000,10000,TRUE
100,"quadratic",0.4,3,3,"dCov",0.9867,0.00114556143440673,0.234667772120273,5000,10000,FALSE
100,"quadratic",0.4,3,3,"HHG",0.9975,0.000499374608885949,14286.249506948,5000,10000,FALSE
100,"quadratic",0.4,3,3,"Genest",0.9874,0.00111540306616039,0.0575572380000051,20000,10000,TRUE
100,"quadratic",0.4,3,3,"MIC",0.9298,0.00255483776392944,0.299775092341389,20000,10000,TRUE
100,"quadratic",0.4,3,3,"BET",0.8597,0.0034729801323935,32,20000,10000,TRUE
100,"quadratic",0.4,3,3,"BEAST",0.9204,0.00270672939171983,0.468986315076844,20000,10000,TRUE
100,"quadratic",0.4,3,3,"xi",0.8963,0.00304870972708128,0.122412241224122,20000,10000,TRUE
100,"quadratic",0.4,3,3,"HHG_fast",0.999,0.000316069612585582,0.106855044849179,20000,10000,TRUE
100,"quadratic",0.5,3,3,"B_n",0.9861,0.00117076000956644,16.9276305269455,20000,10000,TRUE
100,"quadratic",0.5,3,3,"P_n",0.985,0.00121552457811432,16.7516811731464,20000,10000,TRUE
100,"quadratic",0.5,3,3,"Hoeffding",0.88,0.00324961536185438,0.0096558340612096,20000,10000,TRUE
100,"quadratic",0.5,3,3,"dCov",0.8959,0.00305390225776792,0.2343281041735,5000,10000,FALSE
100,"quadratic",0.5,3,3,"HHG",0.9618,0.00191678793819243,14234.5709784793,5000,10000,FALSE
100,"quadratic",0.5,3,3,"Genest",0.8865,0.00317203010704501,0.0575572380000051,20000,10000,TRUE
100,"quadratic",0.5,3,3,"MIC",0.7414,0.00437865321760013,0.299775092341389,20000,10000,TRUE
100,"quadratic",0.5,3,3,"BET",0.6213,0.00485063202067524,32,20000,10000,TRUE
100,"quadratic",0.5,3,3,"BEAST",0.7203,0.0044885176840467,0.468986315076844,20000,10000,TRUE
100,"quadratic",0.5,3,3,"xi",0.6717,0.00469594623052692,0.122412241224122,20000,10000,TRUE
100,"quadratic",0.5,3,3,"HHG_fast",0.984,0.00125475097130865,0.106855044849179,20000,10000,TRUE
100,"quadratic",0.6,3,3,"B_n",0.9271,0.00259972286984594,16.9276305269455,20000,10000,TRUE
100,"quadratic",0.6,3,3,"P_n",0.9242,0.00264677841913523,16.7516811731464,20000,10000,TRUE
100,"quadratic",0.6,3,3,"Hoeffding",0.6903,0.00462369884399925,0.0096558340612096,20000,10000,TRUE
100,"quadratic",0.6,3,3,"dCov",0.6995,0.00458475462811261,0.235823155253934,5000,10000,FALSE
100,"quadratic",0.6,3,3,"HHG",0.8655,0.00341188730763488,14236.997356512,5000,10000,FALSE
100,"quadratic",0.6,3,3,"Genest",0.6955,0.00460195338959447,0.0575572380000051,20000,10000,TRUE
100,"quadratic",0.6,3,3,"MIC",0.5428,0.00498164792011639,0.299775092341389,20000,10000,TRUE
100,"quadratic",0.6,3,3,"BET",0.4092,0.00491686241418244,32,20000,10000,TRUE
100,"quadratic",0.6,3,3,"BEAST",0.5163,0.00499734239371288,0.468986315076844,20000,10000,TRUE
100,"quadratic",0.6,3,3,"xi",0.4678,0.00498962082727736,0.122412241224122,20000,10000,TRUE
100,"quadratic",0.6,3,3,"HHG_fast",0.9224,0.00267541099646391,0.106855044849179,20000,10000,TRUE
100,"quadratic",0.7,3,3,"B_n",0.807,0.00394653012151181,16.9276305269455,20000,10000,TRUE
100,"quadratic",0.7,3,3,"P_n",0.8,0.004,16.7516811731464,20000,10000,TRUE
100,"quadratic",0.7,3,3,"Hoeffding",0.5024,0.00499994239966822,0.0096558340612096,20000,10000,TRUE
100,"quadratic",0.7,3,3,"dCov",0.5532,0.00497161704076249,0.231407193434902,5000,10000,FALSE
100,"quadratic",0.7,3,3,"HHG",0.7331,0.00442339677171289,13966.0849122684,5000,10000,FALSE
100,"quadratic",0.7,3,3,"Genest",0.4997,0.00499999909999992,0.0575572380000051,20000,10000,TRUE
100,"quadratic",0.7,3,3,"MIC",0.3879,0.0048727157725441,0.299775092341389,20000,10000,TRUE
100,"quadratic",0.7,3,3,"BET",0.2659,0.00441811260607966,32,20000,10000,TRUE
100,"quadratic",0.7,3,3,"BEAST",0.3663,0.00481792808165502,0.468986315076844,20000,10000,TRUE
100,"quadratic",0.7,3,3,"xi",0.329,0.00469849976056188,0.122412241224122,20000,10000,TRUE
100,"quadratic",0.7,3,3,"HHG_fast",0.8018,0.00398643650394685,0.106855044849179,20000,10000,TRUE
100,"quadratic",0.8,3,3,"B_n",0.6737,0.00468858518105409,16.9276305269455,20000,10000,TRUE
100,"quadratic",0.8,3,3,"P_n",0.6684,0.0047078810520233,16.7516811731464,20000,10000,TRUE
100,"quadratic",0.8,3,3,"Hoeffding",0.3678,0.00482206553252857,0.0096558340612096,20000,10000,TRUE
100,"quadratic",0.8,3,3,"dCov",0.3611,0.004803194666053,0.23688360635031,5000,10000,FALSE
100,"quadratic",0.8,3,3,"HHG",0.5882,0.00492159283159426,14060.2546448492,5000,10000,FALSE
100,"quadratic",0.8,3,3,"Genest",0.3658,0.00481653776067415,0.0575572380000051,20000,10000,TRUE
100,"quadratic",0.8,3,3,"MIC",0.292,0.00454682306671372,0.299775092341389,20000,10000,TRUE
100,"quadratic",0.8,3,3,"BET",0.1734,0.00378592709913965,32,20000,10000,TRUE
100,"quadratic",0.8,3,3,"BEAST",0.2763,0.00447166982233706,0.468986315076844,20000,10000,TRUE
100,"quadratic",0.8,3,3,"xi",0.2454,0.00430324110409817,0.122412241224122,20000,10000,TRUE
100,"quadratic",0.8,3,3,"HHG_fast",0.6785,0.00467052191944326,0.106855044849179,20000,10000,TRUE
100,"quadratic",0.9,3,3,"B_n",0.548,0.00497690666981007,16.9276305269455,20000,10000,TRUE
100,"quadratic",0.9,3,3,"P_n",0.5431,0.00498138926405074,16.7516811731464,20000,10000,TRUE
100,"quadratic",0.9,3,3,"Hoeffding",0.2794,0.00448704401583047,0.0096558340612096,20000,10000,TRUE
100,"quadratic",0.9,3,3,"dCov",0.2525,0.00434446486923303,0.238177074916733,5000,10000,FALSE
100,"quadratic",0.9,3,3,"HHG",0.4487,0.00497361347513053,14292.4617686862,5000,10000,FALSE
100,"quadratic",0.9,3,3,"Genest",0.2729,0.00445449873723183,0.0575572380000051,20000,10000,TRUE
100,"quadratic",0.9,3,3,"MIC",0.2191,0.00413636543356604,0.299775092341389,20000,10000,TRUE
100,"quadratic",0.9,3,3,"BET",0.1228,0.00328207495344028,32,20000,10000,TRUE
100,"quadratic",0.9,3,3,"BEAST",0.2055,0.0040406651680138,0.468986315076844,20000,10000,TRUE
100,"quadratic",0.9,3,3,"xi",0.1878,0.00390552378049347,0.122412241224122,20000,10000,TRUE
100,"quadratic",0.9,3,3,"HHG_fast",0.5538,0.00497097133365301,0.106855044849179,20000,10000,TRUE
100,"quadratic",1,3,3,"B_n",0.4494,0.00497433050771659,16.9276305269455,20000,10000,TRUE
100,"quadratic",1,3,3,"P_n",0.4457,0.00497042764759734,16.7516811731464,20000,10000,TRUE
100,"quadratic",1,3,3,"Hoeffding",0.2179,0.00412819076594094,0.0096558340612096,20000,10000,TRUE
100,"quadratic",1,3,3,"dCov",0.2365,0.00424932641721014,0.232548135205594,5000,10000,FALSE
100,"quadratic",1,3,3,"HHG",0.3834,0.00486214397154177,14040.3874326961,5000,10000,FALSE
100,"quadratic",1,3,3,"Genest",0.2119,0.00408654364958947,0.0575572380000051,20000,10000,TRUE
100,"quadratic",1,3,3,"MIC",0.178,0.0038251274488571,0.299775092341389,20000,10000,TRUE
100,"quadratic",1,3,3,"BET",0.0893,0.00285176278817155,32,20000,10000,TRUE
100,"quadratic",1,3,3,"BEAST",0.1647,0.00370909571189529,0.468986315076844,20000,10000,TRUE
100,"quadratic",1,3,3,"xi",0.1543,0.00361236086237242,0.122412241224122,20000,10000,TRUE
100,"quadratic",1,3,3,"HHG_fast",0.459,0.00498316164698678,0.106855044849179,20000,10000,TRUE
100,"quadratic",1.1,3,3,"B_n",0.3786,0.00485038184063894,16.9276305269455,20000,10000,TRUE
100,"quadratic",1.1,3,3,"P_n",0.3757,0.0048430311789209,16.7516811731464,20000,10000,TRUE
100,"quadratic",1.1,3,3,"Hoeffding",0.1837,0.00387239344591946,0.0096558340612096,20000,10000,TRUE
100,"quadratic",1.1,3,3,"dCov",0.1791,0.00383436031170781,0.236357547997467,5000,10000,FALSE
100,"quadratic",1.1,3,3,"HHG",0.3171,0.00465346741688389,14131.0090068135,5000,10000,FALSE
100,"quadratic",1.1,3,3,"Genest",0.1804,0.00384520272547495,0.0575572380000051,20000,10000,TRUE
100,"quadratic",1.1,3,3,"MIC",0.1477,0.00354802353430752,0.299775092341389,20000,10000,TRUE
100,"quadratic",1.1,3,3,"BET",0.0689,0.00253284010549423,32,20000,10000,TRUE
100,"quadratic",1.1,3,3,"BEAST",0.1411,0.00348124675942399,0.468986315076844,20000,10000,TRUE
100,"quadratic",1.1,3,3,"xi",0.1318,0.00338273203195287,0.122412241224122,20000,10000,TRUE
100,"quadratic",1.1,3,3,"HHG_fast",0.3795,0.00485262557797323,0.106855044849179,20000,10000,TRUE
100,"quadratic",1.2,3,3,"B_n",0.3075,0.0046145828630549,16.9276305269455,20000,10000,TRUE
100,"quadratic",1.2,3,3,"P_n",0.3058,0.00460745439478244,16.7516811731464,20000,10000,TRUE
100,"quadratic",1.2,3,3,"Hoeffding",0.147,0.00354105916358369,0.0096558340612096,20000,10000,TRUE
100,"quadratic",1.2,3,3,"dCov",0.1581,0.00364834743411315,0.23316571715606,5000,10000,FALSE
100,"quadratic",1.2,3,3,"HHG",0.2617,0.00439560132405112,14080.663535991,5000,10000,FALSE
100,"quadratic",1.2,3,3,"Genest",0.1463,0.00353406720366209,0.0575572380000051,20000,10000,TRUE
100,"quadratic",1.2,3,3,"MIC",0.1317,0.00338164323961,0.299775092341389,20000,10000,TRUE
100,"quadratic",1.2,3,3,"BET",0.0561,0.00230114732253283,32,20000,10000,TRUE
100,"quadratic",1.2,3,3,"BEAST",0.1224,0.00327747219667841,0.468986315076844,20000,10000,TRUE
100,"quadratic",1.2,3,3,"xi",0.1113,0.00314503275022694,0.122412241224122,20000,10000,TRUE
100,"quadratic",1.2,3,3,"HHG_fast",0.3232,0.00467698364333253,0.106855044849179,20000,10000,TRUE
100,"quadratic",1.3,3,3,"B_n",0.2667,0.00442234225269822,16.9276305269455,20000,10000,TRUE
100,"quadratic",1.3,3,3,"P_n",0.2655,0.00441599082879482,16.7516811731464,20000,10000,TRUE
100,"quadratic",1.3,3,3,"Hoeffding",0.1329,0.00339466625752812,0.0096558340612096,20000,10000,TRUE
100,"quadratic",1.3,3,3,"dCov",0.1387,0.00345633201530177,0.233525778202667,5000,10000,FALSE
100,"quadratic",1.3,3,3,"HHG",0.2229,0.00416191770701921,14136.722180353,5000,10000,FALSE
100,"quadratic",1.3,3,3,"Genest",0.131,0.00337400355660749,0.0575572380000051,20000,10000,TRUE
100,"quadratic",1.3,3,3,"MIC",0.1181,0.00322726494109176,0.299775092341389,20000,10000,TRUE
100,"quadratic",1.3,3,3,"BET",0.0469,0.00211424667434999,32,20000,10000,TRUE
100,"quadratic",1.3,3,3,"BEAST",0.1142,0.00318054020568834,0.468986315076844,20000,10000,TRUE
100,"quadratic",1.3,3,3,"xi",0.1046,0.00306037317985895,0.122412241224122,20000,10000,TRUE
100,"quadratic",1.3,3,3,"HHG_fast",0.2745,0.00446261974629253,0.106855044849179,20000,10000,TRUE
100,"quadratic",1.4,3,3,"B_n",0.2291,0.00420253720982932,16.9276305269455,20000,10000,TRUE
100,"quadratic",1.4,3,3,"P_n",0.2271,0.00418957742499169,16.7516811731464,20000,10000,TRUE
100,"quadratic",1.4,3,3,"Hoeffding",0.1154,0.00319504053182428,0.0096558340612096,20000,10000,TRUE
100,"quadratic",1.4,3,3,"dCov",0.1303,0.00336633198006376,0.230664995743273,5000,10000,FALSE
100,"quadratic",1.4,3,3,"HHG",0.2163,0.00411721155638133,13852.5685354067,5000,10000,FALSE
100,"quadratic",1.4,3,3,"Genest",0.1125,0.00315980616494113,0.0575572380000051,20000,10000,TRUE
100,"quadratic",1.4,3,3,"MIC",0.1002,0.00300266481645887,0.299775092341389,20000,10000,TRUE
100,"quadratic",1.4,3,3,"BET",0.0408,0.00197826590730367,32,20000,10000,TRUE
100,"quadratic",1.4,3,3,"BEAST",0.096,0.00294591242232351,0.468986315076844,20000,10000,TRUE
100,"quadratic",1.4,3,3,"xi",0.0957,0.00294179384049936,0.122412241224122,20000,10000,TRUE
100,"quadratic",1.4,3,3,"HHG_fast",0.2409,0.00427629734700477,0.106855044849179,20000,10000,TRUE
100,"quadratic",1.5,3,3,"B_n",0.2076,0.00405588757240632,16.9276305269455,20000,10000,TRUE
100,"quadratic",1.5,3,3,"P_n",0.2063,0.00404648378224848,16.7516811731464,20000,10000,TRUE
100,"quadratic",1.5,3,3,"Hoeffding",0.1052,0.0030681095156464,0.0096558340612096,20000,10000,TRUE
100,"quadratic",1.5,3,3,"dCov",0.0968,0.00295685238048841,0.237346578552195,5000,10000,FALSE
100,"quadratic",1.5,3,3,"HHG",0.1759,0.00380735065366982,14100.4929047451,5000,10000,FALSE
100,"quadratic",1.5,3,3,"Genest",0.1065,0.00308476498294441,0.0575572380000051,20000,10000,TRUE
100,"quadratic",1.5,3,3,"MIC",0.0954,0.00293766642081772,0.299775092341389,20000,10000,TRUE
100,"quadratic",1.5,3,3,"BET",0.0405,0.00197128765024286,32,20000,10000,TRUE
100,"quadratic",1.5,3,3,"BEAST",0.0951,0.00293353012597451,0.468986315076844,20000,10000,TRUE
100,"quadratic",1.5,3,3,"xi",0.0863,0.00280806534824245,0.122412241224122,20000,10000,TRUE
100,"quadratic",1.5,3,3,"HHG_fast",0.2137,0.00409917442907715,0.106855044849179,20000,10000,TRUE
100,"quadratic",1.6,3,3,"B_n",0.1808,0.00384852387286346,16.9276305269455,20000,10000,TRUE
100,"quadratic",1.6,3,3,"P_n",0.1803,0.00384437134002427,16.7516811731464,20000,10000,TRUE
100,"quadratic",1.6,3,3,"Hoeffding",0.0959,0.00294454054140879,0.0096558340612096,20000,10000,TRUE
100,"quadratic",1.6,3,3,"dCov",0.0967,0.002955488284531,0.23391372875693,5000,10000,FALSE
100,"quadratic",1.6,3,3,"HHG",0.1438,0.00350886819359177,14178.3245572387,5000,10000,FALSE
100,"quadratic",1.6,3,3,"Genest",0.0941,0.00291967789319301,0.0575572380000051,20000,10000,TRUE
100,"quadratic",1.6,3,3,"MIC",0.0873,0.00282274175226853,0.299775092341389,20000,10000,TRUE
100,"quadratic",1.6,3,3,"BET",0.0326,0.00177587274318854,32,20000,10000,TRUE
100,"quadratic",1.6,3,3,"BEAST",0.0835,0.0027663649433869,0.468986315076844,20000,10000,TRUE
100,"quadratic",1.6,3,3,"xi",0.0814,0.0027344842292469,0.122412241224122,20000,10000,TRUE
100,"quadratic",1.6,3,3,"HHG_fast",0.1838,0.00387321003819829,0.106855044849179,20000,10000,TRUE
100,"quadratic",1.7,3,3,"B_n",0.1668,0.00372797210289991,16.9276305269455,20000,10000,TRUE
100,"quadratic",1.7,3,3,"P_n",0.1676,0.00373510695964654,16.7516811731464,20000,10000,TRUE
100,"quadratic",1.7,3,3,"Hoeffding",0.0893,0.00285176278817155,0.0096558340612096,20000,10000,TRUE
100,"quadratic",1.7,3,3,"dCov",0.0905,0.0028689675843411,0.234245605933826,5000,10000,FALSE
100,"quadratic",1.7,3,3,"HHG",0.1381,0.00345004913008496,14118.3092750661,5000,10000,FALSE
100,"quadratic",1.7,3,3,"Genest",0.0903,0.00286611077943613,0.0575572380000051,20000,10000,TRUE
100,"quadratic",1.7,3,3,"MIC",0.08,0.00271293199325011,0.299775092341389,20000,10000,TRUE
100,"quadratic",1.7,3,3,"BET",0.0314,0.00174396215555269,32,20000,10000,TRUE
100,"quadratic",1.7,3,3,"BEAST",0.0801,0.00271447950811937,0.468986315076844,20000,10000,TRUE
100,"quadratic",1.7,3,3,"xi",0.0801,0.00271447950811937,0.122412241224122,20000,10000,TRUE
100,"quadratic",1.7,3,3,"HHG_fast",0.1728,0.00378074278416292,0.106855044849179,20000,10000,TRUE
100,"quadratic",1.8,3,3,"B_n",0.1463,0.00353406720366209,16.9276305269455,20000,10000,TRUE
100,"quadratic",1.8,3,3,"P_n",0.1451,0.00352201632591333,16.7516811731464,20000,10000,TRUE
100,"quadratic",1.8,3,3,"Hoeffding",0.0858,0.00280068491623031,0.0096558340612096,20000,10000,TRUE
100,"quadratic",1.8,3,3,"dCov",0.0794,0.0027036205355042,0.236381483254774,5000,10000,FALSE
100,"quadratic",1.8,3,3,"HHG",0.1282,0.00334312368900703,14148.3204577309,5000,10000,FALSE
100,"quadratic",1.8,3,3,"Genest",0.0833,0.00276335140725895,0.0575572380000051,20000,10000,TRUE
100,"quadratic",1.8,3,3,"MIC",0.0802,0.00271602577307359,0.299775092341389,20000,10000,TRUE
100,"quadratic",1.8,3,3,"BET",0.0293,0.00168646108760327,32,20000,10000,TRUE
100,"quadratic",1.8,3,3,"BEAST",0.0796,0.00270672939171983,0.468986315076844,20000,10000,TRUE
100,"quadratic",1.8,3,3,"xi",0.0766,0.00265955710598588,0.122412241224122,20000,10000,TRUE
100,"quadratic",1.8,3,3,"HHG_fast",0.1527,0.00359698081729664,0.106855044849179,20000,10000,TRUE
100,"quadratic",1.9,3,3,"B_n",0.1439,0.0035098830464846,16.9276305269455,20000,10000,TRUE
100,"quadratic",1.9,3,3,"P_n",0.1436,0.00350683675126174,16.7516811731464,20000,10000,TRUE
100,"quadratic",1.9,3,3,"Hoeffding",0.0811,0.00272988626136695,0.0096558340612096,20000,10000,TRUE
100,"quadratic",1.9,3,3,"dCov",0.0867,0.0028139493598855,0.233602846022109,5000,10000,FALSE
100,"quadratic",1.9,3,3,"HHG",0.1249,0.00330605489972565,14114.5657031136,5000,10000,FALSE
100,"quadratic",1.9,3,3,"Genest",0.0837,0.00276937375592389,0.0575572380000051,20000,10000,TRUE
100,"quadratic",1.9,3,3,"MIC",0.0754,0.00264035679407159,0.299775092341389,20000,10000,TRUE
100,"quadratic",1.9,3,3,"BET",0.0282,0.00165543831053893,32,20000,10000,TRUE
100,"quadratic",1.9,3,3,"BEAST",0.0679,0.00251574223639863,0.468986315076844,20000,10000,TRUE
100,"quadratic",1.9,3,3,"xi",0.0735,0.00260955455969022,0.122412241224122,20000,10000,TRUE
100,"quadratic",1.9,3,3,"HHG_fast",0.1481,0.00355199085021344,0.106855044849179,20000,10000,TRUE
100,"quadratic",2,3,3,"B_n",0.1323,0.00338816631823174,16.9276305269455,20000,10000,TRUE
100,"quadratic",2,3,3,"P_n",0.1325,0.00339033552911802,16.7516811731464,20000,10000,TRUE
100,"quadratic",2,3,3,"Hoeffding",0.0776,0.00267541099646391,0.0096558340612096,20000,10000,TRUE
100,"quadratic",2,3,3,"dCov",0.0715,0.0025765820382825,0.237346123260186,5000,10000,FALSE
100,"quadratic",2,3,3,"HHG",0.102,0.00302648310750283,14324.9119848021,5000,10000,FALSE
100,"quadratic",2,3,3,"Genest",0.0778,0.00267856603428028,0.0575572380000051,20000,10000,TRUE
100,"quadratic",2,3,3,"MIC",0.0702,0.00255483776392944,0.299775092341389,20000,10000,TRUE
100,"quadratic",2,3,3,"BET",0.0259,0.00158836991913093,32,20000,10000,TRUE
100,"quadratic",2,3,3,"BEAST",0.0671,0.00250195103868961,0.468986315076844,20000,10000,TRUE
100,"quadratic",2,3,3,"xi",0.0693,0.0025396359975398,0.122412241224122,20000,10000,TRUE
100,"quadratic",2,3,3,"HHG_fast",0.1316,0.00338055380078472,0.106855044849179,20000,10000,TRUE
100,"cubic",0.1,3,3,"B_n",1,0,16.9276305269455,20000,10000,TRUE
100,"cubic",0.1,3,3,"P_n",1,0,16.7516811731464,20000,10000,TRUE
100,"cubic",0.1,3,3,"Hoeffding",1,0,0.0096558340612096,20000,10000,TRUE
100,"cubic",0.1,3,3,"dCov",1,0,0.234850337357298,5000,10000,FALSE
100,"cubic",0.1,3,3,"HHG",1,0,14374.9859818328,5000,10000,FALSE
100,"cubic",0.1,3,3,"Genest",1,0,0.0575572380000051,20000,10000,TRUE
100,"cubic",0.1,3,3,"MIC",1,0,0.299775092341389,20000,10000,TRUE
100,"cubic",0.1,3,3,"BET",0.7945,0.0040406651680138,32,20000,10000,TRUE
100,"cubic",0.1,3,3,"BEAST",1,0,0.468986315076844,20000,10000,TRUE
100,"cubic",0.1,3,3,"xi",1,0,0.122412241224122,20000,10000,TRUE
100,"cubic",0.1,3,3,"HHG_fast",1,0,0.106855044849179,20000,10000,TRUE
100,"cubic",0.2,3,3,"B_n",1,0,16.9276305269455,20000,10000,TRUE
100,"cubic",0.2,3,3,"P_n",1,0,16.7516811731464,20000,10000,TRUE
100,"cubic",0.2,3,3,"Hoeffding",1,0,0.0096558340612096,20000,10000,TRUE
100,"cubic",0.2,3,3,"dCov",1,0,0.23447649879563,5000,10000,FALSE
100,"cubic",0.2,3,3,"HHG",1,0,14209.84744693,5000,10000,FALSE
100,"cubic",0.2,3,3,"Genest",1,0,0.0575572380000051,20000,10000,TRUE
100,"cubic",0.2,3,3,"MIC",1,0,0.299775092341389,20000,10000,TRUE
100,"cubic",0.2,3,3,"BET",0.8039,0.00397045073008091,32,20000,10000,TRUE
100,"cubic",0.2,3,3,"BEAST",1,0,0.468986315076844,20000,10000,TRUE
100,"cubic",0.2,3,3,"xi",1,0,0.122412241224122,20000,10000,TRUE
100,"cubic",0.2,3,3,"HHG_fast",1,0,0.106855044849179,20000,10000,TRUE
100,"cubic",0.3,3,3,"B_n",1,0,16.9276305269455,20000,10000,TRUE
100,"cubic",0.3,3,3,"P_n",1,0,16.7516811731464,20000,10000,TRUE
100,"cubic",0.3,3,3,"Hoeffding",1,0,0.0096558340612096,20000,10000,TRUE
100,"cubic",0.3,3,3,"dCov",1,0,0.237040333736155,5000,10000,FALSE
100,"cubic",0.3,3,3,"HHG",1,0,14128.2828463533,5000,10000,FALSE
100,"cubic",0.3,3,3,"Genest",1,0,0.0575572380000051,20000,10000,TRUE
100,"cubic",0.3,3,3,"MIC",1,0,0.299775092341389,20000,10000,TRUE
100,"cubic",0.3,3,3,"BET",0.8231,0.00381584053650044,32,20000,10000,TRUE
100,"cubic",0.3,3,3,"BEAST",1,0,0.468986315076844,20000,10000,TRUE
100,"cubic",0.3,3,3,"xi",1,0,0.122412241224122,20000,10000,TRUE
100,"cubic",0.3,3,3,"HHG_fast",1,0,0.106855044849179,20000,10000,TRUE
100,"cubic",0.4,3,3,"B_n",1,0,16.9276305269455,20000,10000,TRUE
100,"cubic",0.4,3,3,"P_n",1,0,16.7516811731464,20000,10000,TRUE
100,"cubic",0.4,3,3,"Hoeffding",1,0,0.0096558340612096,20000,10000,TRUE
100,"cubic",0.4,3,3,"dCov",1,0,0.233585779148945,5000,10000,FALSE
100,"cubic",0.4,3,3,"HHG",1,0,14211.4967417221,5000,10000,FALSE
100,"cubic",0.4,3,3,"Genest",1,0,0.0575572380000051,20000,10000,TRUE
100,"cubic",0.4,3,3,"MIC",1,0,0.299775092341389,20000,10000,TRUE
100,"cubic",0.4,3,3,"BET",0.8501,0.00356973374357248,32,20000,10000,TRUE
100,"cubic",0.4,3,3,"BEAST",1,0,0.468986315076844,20000,10000,TRUE
100,"cubic",0.4,3,3,"xi",1,0,0.122412241224122,20000,10000,TRUE
100,"cubic",0.4,3,3,"HHG_fast",1,0,0.106855044849179,20000,10000,TRUE
100,"cubic",0.5,3,3,"B_n",1,0,16.9276305269455,20000,10000,TRUE
100,"cubic",0.5,3,3,"P_n",1,0,16.7516811731464,20000,10000,TRUE
100,"cubic",0.5,3,3,"Hoeffding",1,0,0.0096558340612096,20000,10000,TRUE
100,"cubic",0.5,3,3,"dCov",1,0,0.235282396369634,5000,10000,FALSE
100,"cubic",0.5,3,3,"HHG",1,0,14347.4219445563,5000,10000,FALSE
100,"cubic",0.5,3,3,"Genest",1,0,0.0575572380000051,20000,10000,TRUE
100,"cubic",0.5,3,3,"MIC",1,0,0.299775092341389,20000,10000,TRUE
100,"cubic",0.5,3,3,"BET",0.8701,0.00336193381850387,32,20000,10000,TRUE
100,"cubic",0.5,3,3,"BEAST",1,0,0.468986315076844,20000,10000,TRUE
100,"cubic",0.5,3,3,"xi",1,0,0.122412241224122,20000,10000,TRUE
100,"cubic",0.5,3,3,"HHG_fast",1,0,0.106855044849179,20000,10000,TRUE
100,"cubic",0.6,3,3,"B_n",1,0,16.9276305269455,20000,10000,TRUE
100,"cubic",0.6,3,3,"P_n",1,0,16.7516811731464,20000,10000,TRUE
100,"cubic",0.6,3,3,"Hoeffding",0.9999,9.99949998749882e-05,0.0096558340612096,20000,10000,TRUE
100,"cubic",0.6,3,3,"dCov",0.9999,9.99949998749882e-05,0.234481117888654,5000,10000,FALSE
100,"cubic",0.6,3,3,"HHG",1,0,14235.2863022113,5000,10000,FALSE
100,"cubic",0.6,3,3,"Genest",0.9999,9.99949998749882e-05,0.0575572380000051,20000,10000,TRUE
100,"cubic",0.6,3,3,"MIC",1,0,0.299775092341389,20000,10000,TRUE
100,"cubic",0.6,3,3,"BET",0.8608,0.00346155109741283,32,20000,10000,TRUE
100,"cubic",0.6,3,3,"BEAST",0.9999,9.99949998749882e-05,0.468986315076844,20000,10000,TRUE
100,"cubic",0.6,3,3,"xi",1,0,0.122412241224122,20000,10000,TRUE
100,"cubic",0.6,3,3,"HHG_fast",1,0,0.106855044849179,20000,10000,TRUE
100,"cubic",0.7,3,3,"B_n",1,0,16.9276305269455,20000,10000,TRUE
100,"cubic",0.7,3,3,"P_n",1,0,16.7516811731464,20000,10000,TRUE
100,"cubic",0.7,3,3,"Hoeffding",0.9964,0.000598919026246457,0.0096558340612096,20000,10000,TRUE
100,"cubic",0.7,3,3,"dCov",0.9984,0.000399679871897503,0.235415644426192,5000,10000,FALSE
100,"cubic",0.7,3,3,"HHG",1,0,14191.6874902377,5000,10000,FALSE
100,"cubic",0.7,3,3,"Genest",0.9961,0.000623280835578956,0.0575572380000051,20000,10000,TRUE
100,"cubic",0.7,3,3,"MIC",0.9995,0.000223550889061069,0.299775092341389,20000,10000,TRUE
100,"cubic",0.7,3,3,"BET",0.8084,0.00393559957312733,32,20000,10000,TRUE
100,"cubic",0.7,3,3,"BEAST",0.9977,0.00047903131421651,0.468986315076844,20000,10000,TRUE
100,"cubic",0.7,3,3,"xi",0.9996,0.000199959995999189,0.122412241224122,20000,10000,TRUE
100,"cubic",0.7,3,3,"HHG_fast",1,0,0.106855044849179,20000,10000,TRUE
100,"cubic",0.8,3,3,"B_n",1,0,16.9276305269455,20000,10000,TRUE
100,"cubic",0.8,3,3,"P_n",1,0,16.7516811731464,20000,10000,TRUE
100,"cubic",0.8,3,3,"Hoeffding",0.9786,0.00144713648285156,0.0096558340612096,20000,10000,TRUE
100,"cubic",0.8,3,3,"dCov",0.9897,0.00100964894889263,0.236657688397221,5000,10000,FALSE
100,"cubic",0.8,3,3,"HHG",0.9998,0.0001414072133945,14248.7894187613,5000,10000,FALSE
100,"cubic",0.8,3,3,"Genest",0.9818,0.00133674081257363,0.0575572380000051,20000,10000,TRUE
100,"cubic",0.8,3,3,"MIC",0.996,0.00063118935352238,0.299775092341389,20000,10000,TRUE
100,"cubic",0.8,3,3,"BET",0.725,0.00446514277487294,32,20000,10000,TRUE
100,"cubic",0.8,3,3,"BEAST",0.9885,0.00106619651096784,0.468986315076844,20000,10000,TRUE
100,"cubic",0.8,3,3,"xi",0.997,0.000546900356555013,0.122412241224122,20000,10000,TRUE
100,"cubic",0.8,3,3,"HHG_fast",1,0,0.106855044849179,20000,10000,TRUE
100,"cubic",0.9,3,3,"B_n",1,0,16.9276305269455,20000,10000,TRUE
100,"cubic",0.9,3,3,"P_n",1,0,16.7516811731464,20000,10000,TRUE
100,"cubic",0.9,3,3,"Hoeffding",0.9437,0.00230500130151807,0.0096558340612096,20000,10000,TRUE
100,"cubic",0.9,3,3,"dCov",0.9746,0.00157336709003335,0.234824509624806,5000,10000,FALSE
100,"cubic",0.9,3,3,"HHG",0.9987,0.00036032069049667,14183.4301944712,5000,10000,FALSE
100,"cubic",0.9,3,3,"Genest",0.9474,0.00223233599621562,0.0575572380000051,20000,10000,TRUE
100,"cubic",0.9,3,3,"MIC",0.9846,0.00123137484138665,0.299775092341389,20000,10000,TRUE
100,"cubic",0.9,3,3,"BET",0.6371,0.0048083634430022,32,20000,10000,TRUE
100,"cubic",0.9,3,3,"BEAST",0.9643,0.00185541127516246,0.468986315076844,20000,10000,TRUE
100,"cubic",0.9,3,3,"xi",0.9868,0.00114130451677017,0.122412241224122,20000,10000,TRUE
100,"cubic",0.9,3,3,"HHG_fast",1,0,0.106855044849179,20000,10000,TRUE
100,"cubic",1,3,3,"B_n",1,0,16.9276305269455,20000,10000,TRUE
100,"cubic",1,3,3,"P_n",1,0,16.7516811731464,20000,10000,TRUE
100,"cubic",1,3,3,"Hoeffding",0.8728,0.00333196878736881,0.0096558340612096,20000,10000,TRUE
100,"cubic",1,3,3,"dCov",0.9313,0.00252943294040384,0.234578544209651,5000,10000,FALSE
100,"cubic",1,3,3,"HHG",0.9935,0.000803601269287198,14031.3333295102,5000,10000,FALSE
100,"cubic",1,3,3,"Genest",0.8803,0.00324610397245683,0.0575572380000051,20000,10000,TRUE
100,"cubic",1,3,3,"MIC",0.9594,0.00197361698411825,0.299775092341389,20000,10000,TRUE
100,"cubic",1,3,3,"BET",0.5313,0.00499019348322287,32,20000,10000,TRUE
100,"cubic",1,3,3,"BEAST",0.9228,0.00266908523655578,0.468986315076844,20000,10000,TRUE
100,"cubic",1,3,3,"xi",0.9631,0.00188516285768631,0.122412241224122,20000,10000,TRUE
100,"cubic",1,3,3,"HHG_fast",0.999,0.000316069612585582,0.106855044849179,20000,10000,TRUE
100,"cubic",1.1,3,3,"B_n",0.9995,0.000223550889061069,16.9276305269455,20000,10000,TRUE
100,"cubic",1.1,3,3,"P_n",0.9995,0.000223550889061069,16.7516811731464,20000,10000,TRUE
100,"cubic",1.1,3,3,"Hoeffding",0.7892,0.00407876648019962,0.0096558340612096,20000,10000,TRUE
100,"cubic",1.1,3,3,"dCov",0.8829,0.00321539406605162,0.232665945948246,5000,10000,FALSE
100,"cubic",1.1,3,3,"HHG",0.9812,0.00135818113666771,14043.5990551264,5000,10000,FALSE
100,"cubic",1.1,3,3,"Genest",0.7929,0.00405227824809699,0.0575572380000051,20000,10000,TRUE
100,"cubic",1.1,3,3,"MIC",0.9185,0.00273601443709641,0.299775092341389,20000,10000,TRUE
100,"cubic",1.1,3,3,"BET",0.4587,0.00498291390654103,32,20000,10000,TRUE
100,"cubic",1.1,3,3,"BEAST",0.8684,0.00338055380078472,0.468986315076844,20000,10000,TRUE
100,"cubic",1.1,3,3,"xi",0.9206,0.0027036205355042,0.122412241224122,20000,10000,TRUE
100,"cubic",1.1,3,3,"HHG_fast",0.997,0.000546900356555013,0.106855044849179,20000,10000,TRUE
100,"cubic",1.2,3,3,"B_n",0.9989,0.00033148001448051,16.9276305269455,20000,10000,TRUE
100,"cubic",1.2,3,3,"P_n",0.9989,0.00033148001448051,16.7516811731464,20000,10000,TRUE
100,"cubic",1.2,3,3,"Hoeffding",0.6971,0.00459512339333777,0.0096558340612096,20000,10000,TRUE
100,"cubic",1.2,3,3,"dCov",0.7982,0.00401343693111029,0.234485849875149,5000,10000,FALSE
100,"cubic",1.2,3,3,"HHG",0.9585,0.00199443601050522,14099.3134042022,5000,10000,FALSE
100,"cubic",1.2,3,3,"Genest",0.7062,0.00455501437977972,0.0575572380000051,20000,10000,TRUE
100,"cubic",1.2,3,3,"MIC",0.858,0.00349050139664777,0.299775092341389,20000,10000,TRUE
100,"cubic",1.2,3,3,"BET",0.3871,0.00487086840306736,32,20000,10000,TRUE
100,"cubic",1.2,3,3,"BEAST",0.7918,0.00406020639869453,0.468986315076844,20000,10000,TRUE
100,"cubic",1.2,3,3,"xi",0.8575,0.00349562226220168,0.122412241224122,20000,10000,TRUE
100,"cubic",1.2,3,3,"HHG_fast",0.9918,0.000901818163489735,0.106855044849179,20000,10000,TRUE
100,"cubic",1.3,3,3,"B_n",0.9978,0.00046852534616603,16.9276305269455,20000,10000,TRUE
100,"cubic",1.3,3,3,"P_n",0.9974,0.000509238647394328,16.7516811731464,20000,10000,TRUE
100,"cubic",1.3,3,3,"Hoeffding",0.6184,0.00485779209106359,0.0096558340612096,20000,10000,TRUE
100,"cubic",1.3,3,3,"dCov",0.7124,0.00452643612569536,0.234578384954255,5000,10000,FALSE
100,"cubic",1.3,3,3,"HHG",0.924,0.0026499811320083,13970.4664469173,5000,10000,FALSE
100,"cubic",1.3,3,3,"Genest",0.6248,0.00484174513992631,0.0575572380000051,20000,10000,TRUE
100,"cubic",1.3,3,3,"MIC",0.8059,0.00395506245209858,0.299775092341389,20000,10000,TRUE
100,"cubic",1.3,3,3,"BET",0.3406,0.00473911004303551,32,20000,10000,TRUE
100,"cubic",1.3,3,3,"BEAST",0.7304,0.00443752002812382,0.468986315076844,20000,10000,TRUE
100,"cubic",1.3,3,3,"xi",0.7903,0.00407094473064914,0.122412241224122,20000,10000,TRUE
100,"cubic",1.3,3,3,"HHG_fast",0.9785,0.00145043958853859,0.106855044849179,20000,10000,TRUE
100,"cubic",1.4,3,3,"B_n",0.9921,0.00088530164350915,16.9276305269455,20000,10000,TRUE
100,"cubic",1.4,3,3,"P_n",0.991,0.000944404574321832,16.7516811731464,20000,10000,TRUE
100,"cubic",1.4,3,3,"Hoeffding",0.5388,0.00498492286800909,0.0096558340612096,20000,10000,TRUE
100,"cubic",1.4,3,3,"dCov",0.6282,0.00483285381529382,0.235297645195759,5000,10000,FALSE
100,"cubic",1.4,3,3,"HHG",0.8684,0.00338055380078472,14141.8396450948,5000,10000,FALSE
100,"cubic",1.4,3,3,"Genest",0.545,0.00497970882682913,0.0575572380000051,20000,10000,TRUE
100,"cubic",1.4,3,3,"MIC",0.7279,0.00445041110460596,0.299775092341389,20000,10000,TRUE
100,"cubic",1.4,3,3,"BET",0.2774,0.00447715579358146,32,20000,10000,TRUE
100,"cubic",1.4,3,3,"BEAST",0.6547,0.00475465992474751,0.468986315076844,20000,10000,TRUE
100,"cubic",1.4,3,3,"xi",0.7135,0.00452125812136401,0.122412241224122,20000,10000,TRUE
100,"cubic",1.4,3,3,"HHG_fast",0.9597,0.00196661918021766,0.106855044849179,20000,10000,TRUE
100,"cubic",1.5,3,3,"B_n",0.9846,0.00123137484138665,16.9276305269455,20000,10000,TRUE
100,"cubic",1.5,3,3,"P_n",0.9835,0.00127388186265446,16.7516811731464,20000,10000,TRUE
100,"cubic",1.5,3,3,"Hoeffding",0.4625,0.00498591766879478,0.0096558340612096,20000,10000,TRUE
100,"cubic",1.5,3,3,"dCov",0.5767,0.00494082088321364,0.23264297735423,5000,10000,FALSE
100,"cubic",1.5,3,3,"HHG",0.8233,0.00381414616919698,14070.8979268939,5000,10000,FALSE
100,"cubic",1.5,3,3,"Genest",0.4733,0.00499286601061955,0.0575572380000051,20000,10000,TRUE
100,"cubic",1.5,3,3,"MIC",0.6581,0.00474346276468995,0.299775092341389,20000,10000,TRUE
100,"cubic",1.5,3,3,"BET",0.235,0.00423998820753077,32,20000,10000,TRUE
100,"cubic",1.5,3,3,"BEAST",0.5868,0.0049240812340984,0.468986315076844,20000,10000,TRUE
100,"cubic",1.5,3,3,"xi",0.6507,0.0047674889617072,0.122412241224122,20000,10000,TRUE
100,"cubic",1.5,3,3,"HHG_fast",0.9363,0.00244217751197574,0.106855044849179,20000,10000,TRUE
100,"cubic",1.6,3,3,"B_n",0.9651,0.00183526537590617,16.9276305269455,20000,10000,TRUE
100,"cubic",1.6,3,3,"P_n",0.9639,0.00186538977160271,16.7516811731464,20000,10000,TRUE
100,"cubic",1.6,3,3,"Hoeffding",0.4072,0.00491312690656368,0.0096558340612096,20000,10000,TRUE
100,"cubic",1.6,3,3,"dCov",0.4715,0.00499187089175992,0.235973333500281,5000,10000,FALSE
100,"cubic",1.6,3,3,"HHG",0.7414,0.00437865321760013,14232.3783958741,5000,10000,FALSE
100,"cubic",1.6,3,3,"Genest",0.4102,0.00491869860837193,0.0575572380000051,20000,10000,TRUE
100,"cubic",1.6,3,3,"MIC",0.5874,0.00492301980495712,0.299775092341389,20000,10000,TRUE
100,"cubic",1.6,3,3,"BET",0.2043,0.00403189173961802,32,20000,10000,TRUE
100,"cubic",1.6,3,3,"BEAST",0.5187,0.00499650187631307,0.468986315076844,20000,10000,TRUE
100,"cubic",1.6,3,3,"xi",0.5677,0.00495395508659495,0.122412241224122,20000,10000,TRUE
100,"cubic",1.6,3,3,"HHG_fast",0.895,0.00306553421119387,0.106855044849179,20000,10000,TRUE
100,"cubic",1.7,3,3,"B_n",0.9475,0.00223033069296909,16.9276305269455,20000,10000,TRUE
100,"cubic",1.7,3,3,"P_n",0.9439,0.00230114732253283,16.7516811731464,20000,10000,TRUE
100,"cubic",1.7,3,3,"Hoeffding",0.3577,0.00479323179076497,0.0096558340612096,20000,10000,TRUE
100,"cubic",1.7,3,3,"dCov",0.4548,0.00497952768844596,0.231474961462574,5000,10000,FALSE
100,"cubic",1.7,3,3,"HHG",0.6906,0.00462246297984094,14041.0959421348,5000,10000,FALSE
100,"cubic",1.7,3,3,"Genest",0.355,0.00478513322698543,0.0575572380000051,20000,10000,TRUE
100,"cubic",1.7,3,3,"MIC",0.5387,0.00498500060180538,0.299775092341389,20000,10000,TRUE
100,"cubic",1.7,3,3,"BET",0.1826,0.00386338245582805,32,20000,10000,TRUE
100,"cubic",1.7,3,3,"BEAST",0.4599,0.00498389395954609,0.468986315076844,20000,10000,TRUE
100,"cubic",1.7,3,3,"xi",0.5076,0.00499942236663397,0.122412241224122,20000,10000,TRUE
100,"cubic",1.7,3,3,"HHG_fast",0.8563,0.00350785276201838,0.106855044849179,20000,10000,TRUE
100,"cubic",1.8,3,3,"B_n",0.9228,0.00266908523655578,16.9276305269455,20000,10000,TRUE
100,"cubic",1.8,3,3,"P_n",0.9208,0.00270050661913649,16.7516811731464,20000,10000,TRUE
100,"cubic",1.8,3,3,"Hoeffding",0.3099,0.00462452148875967,0.0096558340612096,20000,10000,TRUE
100,"cubic",1.8,3,3,"dCov",0.3649,0.00481402108429118,0.235436011678992,5000,10000,FALSE
100,"cubic",1.8,3,3,"HHG",0.626,0.00483863617148469,14092.7357071812,5000,10000,FALSE
100,"cubic",1.8,3,3,"Genest",0.3171,0.00465346741688389,0.0575572380000051,20000,10000,TRUE
100,"cubic",1.8,3,3,"MIC",0.4794,0.00499575459765589,0.299775092341389,20000,10000,TRUE
100,"cubic",1.8,3,3,"BET",0.1563,0.00363139518642629,32,20000,10000,TRUE
100,"cubic",1.8,3,3,"BEAST",0.4076,0.00491388074743374,0.468986315076844,20000,10000,TRUE
100,"cubic",1.8,3,3,"xi",0.4508,0.00497573471961679,0.122412241224122,20000,10000,TRUE
100,"cubic",1.8,3,3,"HHG_fast",0.8097,0.00392537781621082,0.106855044849179,20000,10000,TRUE
100,"cubic",1.9,3,3,"B_n",0.8875,0.00315980616494114,16.9276305269455,20000,10000,TRUE
100,"cubic",1.9,3,3,"P_n",0.8846,0.00319504053182428,16.7516811731464,20000,10000,TRUE
100,"cubic",1.9,3,3,"Hoeffding",0.2742,0.00446110255430202,0.0096558340612096,20000,10000,TRUE
100,"cubic",1.9,3,3,"dCov",0.3282,0.00469558047529802,0.235396516996792,5000,10000,FALSE
100,"cubic",1.9,3,3,"HHG",0.5651,0.00495743875403418,14093.1521659828,5000,10000,FALSE
100,"cubic",1.9,3,3,"Genest",0.2777,0.00447864611238709,0.0575572380000051,20000,10000,TRUE
100,"cubic",1.9,3,3,"MIC",0.4371,0.0049602781172027,0.299775092341389,20000,10000,TRUE
100,"cubic",1.9,3,3,"BET",0.1457,0.00352805201208826,32,20000,10000,TRUE
100,"cubic",1.9,3,3,"BEAST",0.3758,0.00484328772632806,0.468986315076844,20000,10000,TRUE
100,"cubic",1.9,3,3,"xi",0.3979,0.00489464595246684,0.122412241224122,20000,10000,TRUE
100,"cubic",1.9,3,3,"HHG_fast",0.7589,0.00427750850379049,0.106855044849179,20000,10000,TRUE
100,"cubic",2,3,3,"B_n",0.8593,0.00347711820334023,16.9276305269455,20000,10000,TRUE
100,"cubic",2,3,3,"P_n",0.8554,0.00351697085572229,16.7516811731464,20000,10000,TRUE
100,"cubic",2,3,3,"Hoeffding",0.2551,0.00435917411902759,0.0096558340612096,20000,10000,TRUE
100,"cubic",2,3,3,"dCov",0.3247,0.00468262650656659,0.231957865611262,5000,10000,FALSE
100,"cubic",2,3,3,"HHG",0.5164,0.00499730967621579,14173.1905667103,5000,10000,FALSE
100,"cubic",2,3,3,"Genest",0.2628,0.00440154700077143,0.0575572380000051,20000,10000,TRUE
100,"cubic",2,3,3,"MIC",0.3966,0.00489191618897953,0.299775092341389,20000,10000,TRUE
100,"cubic",2,3,3,"BET",0.1244,0.00330037331221788,32,20000,10000,TRUE
100,"cubic",2,3,3,"BEAST",0.3291,0.00469886358601737,0.468986315076844,20000,10000,TRUE
100,"cubic",2,3,3,"xi",0.3549,0.00478483009102727,0.122412241224122,20000,10000,TRUE
100,"cubic",2,3,3,"HHG_fast",0.7111,0.00453251354107189,0.106855044849179,20000,10000,TRUE
100,"sine",0.1,3,3,"B_n",1,0,16.9276305269455,20000,10000,TRUE
100,"sine",0.1,3,3,"P_n",1,0,16.7516811731464,20000,10000,TRUE
100,"sine",0.1,3,3,"Hoeffding",1,0,0.0096558340612096,20000,10000,TRUE
100,"sine",0.1,3,3,"dCov",1,0,0.228785874518708,5000,10000,FALSE
100,"sine",0.1,3,3,"HHG",1,0,14602.0249116824,5000,10000,FALSE
100,"sine",0.1,3,3,"Genest",1,0,0.0575572380000051,20000,10000,TRUE
100,"sine",0.1,3,3,"MIC",1,0,0.299775092341389,20000,10000,TRUE
100,"sine",0.1,3,3,"BET",0.0197,0.00138967298311509,32,20000,10000,TRUE
100,"sine",0.1,3,3,"BEAST",1,0,0.468986315076844,20000,10000,TRUE
100,"sine",0.1,3,3,"xi",1,0,0.122412241224122,20000,10000,TRUE
100,"sine",0.1,3,3,"HHG_fast",1,0,0.106855044849179,20000,10000,TRUE
100,"sine",0.2,3,3,"B_n",0.9911,0.000939190608982012,16.9276305269455,20000,10000,TRUE
100,"sine",0.2,3,3,"P_n",0.9901,0.000990049998737438,16.7516811731464,20000,10000,TRUE
100,"sine",0.2,3,3,"Hoeffding",1,0,0.0096558340612096,20000,10000,TRUE
100,"sine",0.2,3,3,"dCov",1,0,0.231194087493558,5000,10000,FALSE
100,"sine",0.2,3,3,"HHG",1,0,14401.8226631776,5000,10000,FALSE
100,"sine",0.2,3,3,"Genest",1,0,0.0575572380000051,20000,10000,TRUE
100,"sine",0.2,3,3,"MIC",1,0,0.299775092341389,20000,10000,TRUE
100,"sine",0.2,3,3,"BET",0.0183,0.00134033988226867,32,20000,10000,TRUE
100,"sine",0.2,3,3,"BEAST",1,0,0.468986315076844,20000,10000,TRUE
100,"sine",0.2,3,3,"xi",1,0,0.122412241224122,20000,10000,TRUE
100,"sine",0.2,3,3,"HHG_fast",1,0,0.106855044849179,20000,10000,TRUE
100,"sine",0.3,3,3,"B_n",0.9048,0.00293490987936597,16.9276305269455,20000,10000,TRUE
100,"sine",0.3,3,3,"P_n",0.9006,0.00299198328872339,16.7516811731464,20000,10000,TRUE
100,"sine",0.3,3,3,"Hoeffding",0.9978,0.00046852534616603,0.0096558340612096,20000,10000,TRUE
100,"sine",0.3,3,3,"dCov",0.9975,0.000499374608885949,0.233869809104609,5000,10000,FALSE
100,"sine",0.3,3,3,"HHG",0.9999,9.99949998749882e-05,14294.5855169538,5000,10000,FALSE
100,"sine",0.3,3,3,"Genest",0.9969,0.000555912762940373,0.0575572380000051,20000,10000,TRUE
100,"sine",0.3,3,3,"MIC",1,0,0.299775092341389,20000,10000,TRUE
100,"sine",0.3,3,3,"BET",0.0171,0.00129644089722594,32,20000,10000,TRUE
100,"sine",0.3,3,3,"BEAST",0.9996,0.000199959995999189,0.468986315076844,20000,10000,TRUE
100,"sine",0.3,3,3,"xi",1,0,0.122412241224122,20000,10000,TRUE
100,"sine",0.3,3,3,"HHG_fast",1,0,0.106855044849179,20000,10000,TRUE
100,"sine",0.4,3,3,"B_n",0.719,0.00449487485921466,16.9276305269455,20000,10000,TRUE
100,"sine",0.4,3,3,"P_n",0.7121,0.00452784264302548,16.7516811731464,20000,10000,TRUE
100,"sine",0.4,3,3,"Hoeffding",0.9391,0.00239146795922504,0.0096558340612096,20000,10000,TRUE
100,"sine",0.4,3,3,"dCov",0.9418,0.00234121250637357,0.233949198162838,5000,10000,FALSE
100,"sine",0.4,3,3,"HHG",0.9706,0.00168924953751659,14231.7597015038,5000,10000,FALSE
100,"sine",0.4,3,3,"Genest",0.9303,0.00254640746935757,0.0575572380000051,20000,10000,TRUE
100,"sine",0.4,3,3,"MIC",0.9901,0.000990049998737438,0.299775092341389,20000,10000,TRUE
100,"sine",0.4,3,3,"BET",0.0195,0.00138274184141509,32,20000,10000,TRUE
100,"sine",0.4,3,3,"BEAST",0.9627,0.00189495936631897,0.468986315076844,20000,10000,TRUE
100,"sine",0.4,3,3,"xi",0.988,0.0010888526071053,0.122412241224122,20000,10000,TRUE
100,"sine",0.4,3,3,"HHG_fast",0.9988,0.000346202253025595,0.106855044849179,20000,10000,TRUE
100,"sine",0.5,3,3,"B_n",0.5493,0.00497563573827506,16.9276305269455,20000,10000,TRUE
100,"sine",0.5,3,3,"P_n",0.543,0.00498147568497529,16.7516811731464,20000,10000,TRUE
100,"sine",0.5,3,3,"Hoeffding",0.7792,0.00414785920686804,0.0096558340612096,20000,10000,TRUE
100,"sine",0.5,3,3,"dCov",0.7899,0.00407379417742232,0.233983789438481,5000,10000,FALSE
100,"sine",0.5,3,3,"HHG",0.8214,0.00383017023120383,14130.9925020662,5000,10000,FALSE
100,"sine",0.5,3,3,"Genest",0.7678,0.00422235905626227,0.0575572380000051,20000,10000,TRUE
100,"sine",0.5,3,3,"MIC",0.898,0.00302648310750283,0.299775092341389,20000,10000,TRUE
100,"sine",0.5,3,3,"BET",0.0156,0.00123921910895531,32,20000,10000,TRUE
100,"sine",0.5,3,3,"BEAST",0.8192,0.00384852387286346,0.468986315076844,20000,10000,TRUE
100,"sine",0.5,3,3,"xi",0.8748,0.00330945554434563,0.122412241224122,20000,10000,TRUE
100,"sine",0.5,3,3,"HHG_fast",0.9748,0.00156732128167775,0.106855044849179,20000,10000,TRUE
100,"sine",0.6,3,3,"B_n",0.4076,0.00491388074743374,16.9276305269455,20000,10000,TRUE
100,"sine",0.6,3,3,"P_n",0.4041,0.00490717016211992,16.7516811731464,20000,10000,TRUE
100,"sine",0.6,3,3,"Hoeffding",0.6085,0.00488085801883234,0.0096558340612096,20000,10000,TRUE
100,"sine",0.6,3,3,"dCov",0.617,0.00486118298359566,0.234845535636775,5000,10000,FALSE
100,"sine",0.6,3,3,"HHG",0.6204,0.00485287378776741,14181.0492462739,5000,10000,FALSE
100,"sine",0.6,3,3,"Genest",0.6072,0.00488372972225122,0.0575572380000051,20000,10000,TRUE
100,"sine",0.6,3,3,"MIC",0.7291,0.00444424560527431,0.299775092341389,20000,10000,TRUE
100,"sine",0.6,3,3,"BET",0.0161,0.0012586020022231,32,20000,10000,TRUE
100,"sine",0.6,3,3,"BEAST",0.631,0.00482533936630368,0.468986315076844,20000,10000,TRUE
100,"sine",0.6,3,3,"xi",0.6821,0.00465660380534999,0.122412241224122,20000,10000,TRUE
100,"sine",0.6,3,3,"HHG_fast",0.8874,0.00316103210992865,0.106855044849179,20000,10000,TRUE
100,"sine",0.7,3,3,"B_n",0.3032,0.00459640903314751,16.9276305269455,20000,10000,TRUE
100,"sine",0.7,3,3,"P_n",0.3007,0.00458562438496657,16.7516811731464,20000,10000,TRUE
100,"sine",0.7,3,3,"Hoeffding",0.4656,0.00498815236335058,0.0096558340612096,20000,10000,TRUE
100,"sine",0.7,3,3,"dCov",0.482,0.0049967589495592,0.233134275602946,5000,10000,FALSE
100,"sine",0.7,3,3,"HHG",0.468,0.00498974949271003,14034.0077340488,5000,10000,FALSE
100,"sine",0.7,3,3,"Genest",0.4625,0.00498591766879478,0.0575572380000051,20000,10000,TRUE
100,"sine",0.7,3,3,"MIC",0.5476,0.00497729082935687,0.299775092341389,20000,10000,TRUE
100,"sine",0.7,3,3,"BET",0.0171,0.00129644089722594,32,20000,10000,TRUE
100,"sine",0.7,3,3,"BEAST",0.4627,0.00498606768907122,0.468986315076844,20000,10000,TRUE
100,"sine",0.7,3,3,"xi",0.5007,0.0049999950999976,0.122412241224122,20000,10000,TRUE
100,"sine",0.7,3,3,"HHG_fast",0.7397,0.0043879825660547,0.106855044849179,20000,10000,TRUE
100,"sine",0.8,3,3,"B_n",0.2425,0.00428595088632616,16.9276305269455,20000,10000,TRUE
100,"sine",0.8,3,3,"P_n",0.2404,0.00427326385798958,16.7516811731464,20000,10000,TRUE
100,"sine",0.8,3,3,"Hoeffding",0.3784,0.00484988082327803,0.0096558340612096,20000,10000,TRUE
100,"sine",0.8,3,3,"dCov",0.3698,0.00482750411703605,0.236346273982538,5000,10000,FALSE
100,"sine",0.8,3,3,"HHG",0.3324,0.00471073497450239,14262.1989331697,5000,10000,FALSE
100,"sine",0.8,3,3,"Genest",0.3801,0.00485411155619646,0.0575572380000051,20000,10000,TRUE
100,"sine",0.8,3,3,"MIC",0.4182,0.00493263377922992,0.299775092341389,20000,10000,TRUE
100,"sine",0.8,3,3,"BET",0.0148,0.00120751645951515,32,20000,10000,TRUE
100,"sine",0.8,3,3,"BEAST",0.3456,0.00475563497337632,0.468986315076844,20000,10000,TRUE
100,"sine",0.8,3,3,"xi",0.3699,0.00482777371052124,0.122412241224122,20000,10000,TRUE
100,"sine",0.8,3,3,"HHG_fast",0.5936,0.00491160910496754,0.106855044849179,20000,10000,TRUE
100,"sine",0.9,3,3,"B_n",0.1989,0.00399172631827384,16.9276305269455,20000,10000,TRUE
100,"sine",0.9,3,3,"P_n",0.1985,0.00398870593049926,16.7516811731464,20000,10000,TRUE
100,"sine",0.9,3,3,"Hoeffding",0.302,0.00459125255240877,0.0096558340612096,20000,10000,TRUE
100,"sine",0.9,3,3,"dCov",0.3084,0.00461832696980194,0.233836465739304,5000,10000,FALSE
100,"sine",0.9,3,3,"HHG",0.2626,0.00440046861140947,14182.6642718137,5000,10000,FALSE
100,"sine",0.9,3,3,"Genest",0.302,0.00459125255240877,0.0575572380000051,20000,10000,TRUE
100,"sine",0.9,3,3,"MIC",0.3106,0.00462739278644033,0.299775092341389,20000,10000,TRUE
100,"sine",0.9,3,3,"BET",0.0142,0.00118314665194134,32,20000,10000,TRUE
100,"sine",0.9,3,3,"BEAST",0.2587,0.00437920437979321,0.468986315076844,20000,10000,TRUE
100,"sine",0.9,3,3,"xi",0.2787,0.00448359576679254,0.122412241224122,20000,10000,TRUE
100,"sine",0.9,3,3,"HHG_fast",0.474,0.00499323542405122,0.106855044849179,20000,10000,TRUE
100,"sine",1,3,3,"B_n",0.1717,0.00377119490347556,16.9276305269455,20000,10000,TRUE
100,"sine",1,3,3,"P_n",0.1722,0.00377554181542199,16.7516811731464,20000,10000,TRUE
100,"sine",1,3,3,"Hoeffding",0.2361,0.00424684341599735,0.0096558340612096,20000,10000,TRUE
100,"sine",1,3,3,"dCov",0.2518,0.00434046955985179,0.232449684350673,5000,10000,FALSE
100,"sine",1,3,3,"HHG",0.2123,0.00408936070798358,14192.6802291819,5000,10000,FALSE
100,"sine",1,3,3,"Genest",0.2448,0.00429968556989927,0.0575572380000051,20000,10000,TRUE
100,"sine",1,3,3,"MIC",0.2436,0.00429254050650661,0.299775092341389,20000,10000,TRUE
100,"sine",1,3,3,"BET",0.0135,0.0011540255629751,32,20000,10000,TRUE
100,"sine",1,3,3,"BEAST",0.2045,0.00403335778229504,0.468986315076844,20000,10000,TRUE
100,"sine",1,3,3,"xi",0.2154,0.00411099549987591,0.122412241224122,20000,10000,TRUE
100,"sine",1,3,3,"HHG_fast",0.3777,0.00484812035741688,0.106855044849179,20000,10000,TRUE
100,"sine",1.1,3,3,"B_n",0.1481,0.00355199085021344,16.9276305269455,20000,10000,TRUE
100,"sine",1.1,3,3,"P_n",0.1497,0.00356777115297492,16.7516811731464,20000,10000,TRUE
100,"sine",1.1,3,3,"Hoeffding",0.211,0.00408018381938853,0.0096558340612096,20000,10000,TRUE
100,"sine",1.1,3,3,"dCov",0.2362,0.00424746465553276,0.230099823595055,5000,10000,FALSE
100,"sine",1.1,3,3,"HHG",0.1975,0.00398112735289893,13941.938563365,5000,10000,FALSE
100,"sine",1.1,3,3,"Genest",0.2151,0.00410891701060024,0.0575572380000051,20000,10000,TRUE
100,"sine",1.1,3,3,"MIC",0.2012,0.00400897193804097,0.299775092341389,20000,10000,TRUE
100,"sine",1.1,3,3,"BET",0.0135,0.0011540255629751,32,20000,10000,TRUE
100,"sine",1.1,3,3,"BEAST",0.1697,0.00375369031754086,0.468986315076844,20000,10000,TRUE
100,"sine",1.1,3,3,"xi",0.1798,0.00384020780687712,0.122412241224122,20000,10000,TRUE
100,"sine",1.1,3,3,"HHG_fast",0.3205,0.00466668779757121,0.106855044849179,20000,10000,TRUE
100,"sine",1.2,3,3,"B_n",0.1294,0.00335642130847723,16.9276305269455,20000,10000,TRUE
100,"sine",1.2,3,3,"P_n",0.1293,0.00335531682557698,16.7516811731464,20000,10000,TRUE
100,"sine",1.2,3,3,"Hoeffding",0.1795,0.003837704391951,0.0096558340612096,20000,10000,TRUE
100,"sine",1.2,3,3,"dCov",0.1953,0.00396431469487476,0.231558425314028,5000,10000,FALSE
100,"sine",1.2,3,3,"HHG",0.156,0.00362855343077651,14047.7838197249,5000,10000,FALSE
100,"sine",1.2,3,3,"Genest",0.1845,0.00387891415218228,0.0575572380000051,20000,10000,TRUE
100,"sine",1.2,3,3,"MIC",0.1704,0.00375983829439512,0.299775092341389,20000,10000,TRUE
100,"sine",1.2,3,3,"BET",0.0151,0.00121950768755265,32,20000,10000,TRUE
100,"sine",1.2,3,3,"BEAST",0.1495,0.00356580636041836,0.468986315076844,20000,10000,TRUE
100,"sine",1.2,3,3,"xi",0.1506,0.00357658552253403,0.122412241224122,20000,10000,TRUE
100,"sine",1.2,3,3,"HHG_fast",0.2619,0.00439668500122535,0.106855044849179,20000,10000,TRUE
100,"sine",1.3,3,3,"B_n",0.1175,0.0032201513939565,16.9276305269455,20000,10000,TRUE
100,"sine",1.3,3,3,"P_n",0.1172,0.00321658452399436,16.7516811731464,20000,10000,TRUE
100,"sine",1.3,3,3,"Hoeffding",0.162,0.00368450810828257,0.0096558340612096,20000,10000,TRUE
100,"sine",1.3,3,3,"dCov",0.1586,0.00365302669029395,0.234798585095161,5000,10000,FALSE
100,"sine",1.3,3,3,"HHG",0.146,0.00353106216314581,13968.1050653378,5000,10000,FALSE
100,"sine",1.3,3,3,"Genest",0.1629,0.00369274410161332,0.0575572380000051,20000,10000,TRUE
100,"sine",1.3,3,3,"MIC",0.1443,0.00351393668127358,0.299775092341389,20000,10000,TRUE
100,"sine",1.3,3,3,"BET",0.0143,0.00118724513054381,32,20000,10000,TRUE
100,"sine",1.3,3,3,"BEAST",0.1316,0.00338055380078472,0.468986315076844,20000,10000,TRUE
100,"sine",1.3,3,3,"xi",0.1331,0.00339682778486046,0.122412241224122,20000,10000,TRUE
100,"sine",1.3,3,3,"HHG_fast",0.2265,0.00418566302991533,0.106855044849179,20000,10000,TRUE
100,"sine",1.4,3,3,"B_n",0.1023,0.00303042422772786,16.9276305269455,20000,10000,TRUE
100,"sine",1.4,3,3,"P_n",0.1034,0.00304480606935811,16.7516811731464,20000,10000,TRUE
100,"sine",1.4,3,3,"Hoeffding",0.1423,0.00349357567543627,0.0096558340612096,20000,10000,TRUE
100,"sine",1.4,3,3,"dCov",0.1387,0.00345633201530177,0.236803748010955,5000,10000,FALSE
100,"sine",1.4,3,3,"HHG",0.1223,0.0032763197340919,14000.2577125666,5000,10000,FALSE
100,"sine",1.4,3,3,"Genest",0.147,0.00354105916358369,0.0575572380000051,20000,10000,TRUE
100,"sine",1.4,3,3,"MIC",0.1223,0.0032763197340919,0.299775092341389,20000,10000,TRUE
100,"sine",1.4,3,3,"BET",0.015,0.00121552457811432,32,20000,10000,TRUE
100,"sine",1.4,3,3,"BEAST",0.1189,0.00323670804985559,0.468986315076844,20000,10000,TRUE
100,"sine",1.4,3,3,"xi",0.1182,0.00322844792431286,0.122412241224122,20000,10000,TRUE
100,"sine",1.4,3,3,"HHG_fast",0.1949,0.00396123705425464,0.106855044849179,20000,10000,TRUE
100,"sine",1.5,3,3,"B_n",0.0895,0.00285464095815919,16.9276305269455,20000,10000,TRUE
100,"sine",1.5,3,3,"P_n",0.0904,0.00286753971201795,16.7516811731464,20000,10000,TRUE
100,"sine",1.5,3,3,"Hoeffding",0.1353,0.00342043725275,0.0096558340612096,20000,10000,TRUE
100,"sine",1.5,3,3,"dCov",0.1267,0.00332636603518013,0.236729750939363,5000,10000,FALSE
100,"sine",1.5,3,3,"HHG",0.1047,0.00306166474324019,14168.6220106303,5000,10000,FALSE
100,"sine",1.5,3,3,"Genest",0.1357,0.00342469721289343,0.0575572380000051,20000,10000,TRUE
100,"sine",1.5,3,3,"MIC",0.1102,0.00313138882925771,0.299775092341389,20000,10000,TRUE
100,"sine",1.5,3,3,"BET",0.0125,0.00111102430216445,32,20000,10000,TRUE
100,"sine",1.5,3,3,"BEAST",0.1059,0.00307709587110964,0.468986315076844,20000,10000,TRUE
100,"sine",1.5,3,3,"xi",0.1051,0.00306682229677561,0.122412241224122,20000,10000,TRUE
100,"sine",1.5,3,3,"HHG_fast",0.1704,0.00375983829439512,0.106855044849179,20000,10000,TRUE
100,"sine",1.6,3,3,"B_n",0.0874,0.00282420325047614,16.9276305269455,20000,10000,TRUE
100,"sine",1.6,3,3,"P_n",0.0871,0.00281981541949114,16.7516811731464,20000,10000,TRUE
100,"sine",1.6,3,3,"Hoeffding",0.1163,0.00320584325880103,0.0096558340612096,20000,10000,TRUE
100,"sine",1.6,3,3,"dCov",0.1241,0.00329695602033148,0.231523669122955,5000,10000,FALSE
100,"sine",1.6,3,3,"HHG",0.1002,0.00300266481645887,14036.0276425496,5000,10000,FALSE
100,"sine",1.6,3,3,"Genest",0.1194,0.00324258600502747,0.0575572380000051,20000,10000,TRUE
100,"sine",1.6,3,3,"MIC",0.1026,0.00303435726307895,0.299775092341389,20000,10000,TRUE
100,"sine",1.6,3,3,"BET",0.0162,0.00126244049364713,32,20000,10000,TRUE
100,"sine",1.6,3,3,"BEAST",0.0997,0.00299599582776746,0.468986315076844,20000,10000,TRUE
100,"sine",1.6,3,3,"xi",0.0975,0.00296637404923924,0.122412241224122,20000,10000,TRUE
100,"sine",1.6,3,3,"HHG_fast",0.1525,0.00359504867839088,0.106855044849179,20000,10000,TRUE
100,"sine",1.7,3,3,"B_n",0.0878,0.00283003816228686,16.9276305269455,20000,10000,TRUE
100,"sine",1.7,3,3,"P_n",0.0883,0.00283730699784144,16.7516811731464,20000,10000,TRUE
100,"sine",1.7,3,3,"Hoeffding",0.1159,0.00320104967159212,0.0096558340612096,20000,10000,TRUE
100,"sine",1.7,3,3,"dCov",0.117,0.00321420285607489,0.233337392264343,5000,10000,FALSE
100,"sine",1.7,3,3,"HHG",0.1006,0.00300798337761365,14084.6015806334,5000,10000,FALSE
100,"sine",1.7,3,3,"Genest",0.1154,0.00319504053182428,0.0575572380000051,20000,10000,TRUE
100,"sine",1.7,3,3,"MIC",0.0933,0.00290852385240348,0.299775092341389,20000,10000,TRUE
100,"sine",1.7,3,3,"BET",0.0138,0.00116660018858219,32,20000,10000,TRUE
100,"sine",1.7,3,3,"BEAST",0.0919,0.00288884734799193,0.468986315076844,20000,10000,TRUE
100,"sine",1.7,3,3,"xi",0.0914,0.00288177098326706,0.122412241224122,20000,10000,TRUE
100,"sine",1.7,3,3,"HHG_fast",0.1449,0.00351999985795454,0.106855044849179,20000,10000,TRUE
100,"sine",1.8,3,3,"B_n",0.0808,0.00272527723360395,16.9276305269455,20000,10000,TRUE
100,"sine",1.8,3,3,"P_n",0.0809,0.00272681480852661,16.7516811731464,20000,10000,TRUE
100,"sine",1.8,3,3,"Hoeffding",0.1073,0.00309494281045708,0.0096558340612096,20000,10000,TRUE
100,"sine",1.8,3,3,"dCov",0.1047,0.00306166474324019,0.23538634322185,5000,10000,FALSE
100,"sine",1.8,3,3,"HHG",0.0862,0.00280659152710187,14150.1061241245,5000,10000,FALSE
100,"sine",1.8,3,3,"Genest",0.1094,0.00312140417120244,0.0575572380000051,20000,10000,TRUE
100,"sine",1.8,3,3,"MIC",0.0935,0.0029113184298527,0.299775092341389,20000,10000,TRUE
100,"sine",1.8,3,3,"BET",0.012,0.0010888526071053,32,20000,10000,TRUE
100,"sine",1.8,3,3,"BEAST",0.0865,0.00281100960510632,0.468986315076844,20000,10000,TRUE
100,"sine",1.8,3,3,"xi",0.0851,0.00279030446367417,0.122412241224122,20000,10000,TRUE
100,"sine",1.8,3,3,"HHG_fast",0.1277,0.00333755464374743,0.106855044849179,20000,10000,TRUE
100,"sine",1.9,3,3,"B_n",0.0809,0.00272681480852661,16.9276305269455,20000,10000,TRUE
100,"sine",1.9,3,3,"P_n",0.0808,0.00272527723360395,16.7516811731464,20000,10000,TRUE
100,"sine",1.9,3,3,"Hoeffding",0.1054,0.0030706813576143,0.0096558340612096,20000,10000,TRUE
100,"sine",1.9,3,3,"dCov",0.1054,0.0030706813576143,0.233705292133624,5000,10000,FALSE
100,"sine",1.9,3,3,"HHG",0.0901,0.00286324972714571,14010.8137877896,5000,10000,FALSE
100,"sine",1.9,3,3,"Genest",0.1071,0.00309240343422394,0.0575572380000051,20000,10000,TRUE
100,"sine",1.9,3,3,"MIC",0.0895,0.00285464095815919,0.299775092341389,20000,10000,TRUE
100,"sine",1.9,3,3,"BET",0.0147,0.0012034911715505,32,20000,10000,TRUE
100,"sine",1.9,3,3,"BEAST",0.0819,0.00274212308257671,0.468986315076844,20000,10000,TRUE
100,"sine",1.9,3,3,"xi",0.0868,0.00281541755340127,0.122412241224122,20000,10000,TRUE
100,"sine",1.9,3,3,"HHG_fast",0.1229,0.00328322387296389,0.106855044849179,20000,10000,TRUE
100,"sine",2,3,3,"B_n",0.0721,0.00258653416756864,16.9276305269455,20000,10000,TRUE
100,"sine",2,3,3,"P_n",0.0718,0.00258156464184029,16.7516811731464,20000,10000,TRUE
100,"sine",2,3,3,"Hoeffding",0.0921,0.00289167062439691,0.0096558340612096,20000,10000,TRUE
100,"sine",2,3,3,"dCov",0.0964,0.00295139018091475,0.232827433733126,5000,10000,FALSE
100,"sine",2,3,3,"HHG",0.0825,0.00275124971603815,14090.9083375848,5000,10000,FALSE
100,"sine",2,3,3,"Genest",0.0932,0.00290712504031044,0.0575572380000051,20000,10000,TRUE
100,"sine",2,3,3,"MIC",0.08,0.00271293199325011,0.299775092341389,20000,10000,TRUE
100,"sine",2,3,3,"BET",0.0155,0.00123530360640613,32,20000,10000,TRUE
100,"sine",2,3,3,"BEAST",0.082,0.00274364720764168,0.468986315076844,20000,10000,TRUE
100,"sine",2,3,3,"xi",0.0818,0.00274059774501841,0.122412241224122,20000,10000,TRUE
100,"sine",2,3,3,"HHG_fast",0.1137,0.00317446546681485,0.106855044849179,20000,10000,TRUE
100,"fourth root",0.1,3,3,"B_n",1,0,16.9276305269455,20000,10000,TRUE
100,"fourth root",0.1,3,3,"P_n",1,0,16.7516811731464,20000,10000,TRUE
100,"fourth root",0.1,3,3,"Hoeffding",1,0,0.0096558340612096,20000,10000,TRUE
100,"fourth root",0.1,3,3,"dCov",1,0,0.234895219165472,5000,10000,FALSE
100,"fourth root",0.1,3,3,"HHG",1,0,14267.0859217115,5000,10000,FALSE
100,"fourth root",0.1,3,3,"Genest",1,0,0.0575572380000051,20000,10000,TRUE
100,"fourth root",0.1,3,3,"MIC",1,0,0.299775092341389,20000,10000,TRUE
100,"fourth root",0.1,3,3,"BET",1,0,32,20000,10000,TRUE
100,"fourth root",0.1,3,3,"BEAST",1,0,0.468986315076844,20000,10000,TRUE
100,"fourth root",0.1,3,3,"xi",1,0,0.122412241224122,20000,10000,TRUE
100,"fourth root",0.1,3,3,"HHG_fast",1,0,0.106855044849179,20000,10000,TRUE
100,"fourth root",0.2,3,3,"B_n",1,0,16.9276305269455,20000,10000,TRUE
100,"fourth root",0.2,3,3,"P_n",1,0,16.7516811731464,20000,10000,TRUE
100,"fourth root",0.2,3,3,"Hoeffding",1,0,0.0096558340612096,20000,10000,TRUE
100,"fourth root",0.2,3,3,"dCov",1,0,0.233832642759557,5000,10000,FALSE
100,"fourth root",0.2,3,3,"HHG",1,0,14315.9704287135,5000,10000,FALSE
100,"fourth root",0.2,3,3,"Genest",1,0,0.0575572380000051,20000,10000,TRUE
100,"fourth root",0.2,3,3,"MIC",1,0,0.299775092341389,20000,10000,TRUE
100,"fourth root",0.2,3,3,"BET",1,0,32,20000,10000,TRUE
100,"fourth root",0.2,3,3,"BEAST",1,0,0.468986315076844,20000,10000,TRUE
100,"fourth root",0.2,3,3,"xi",1,0,0.122412241224122,20000,10000,TRUE
100,"fourth root",0.2,3,3,"HHG_fast",1,0,0.106855044849179,20000,10000,TRUE
100,"fourth root",0.3,3,3,"B_n",1,0,16.9276305269455,20000,10000,TRUE
100,"fourth root",0.3,3,3,"P_n",1,0,16.7516811731464,20000,10000,TRUE
100,"fourth root",0.3,3,3,"Hoeffding",1,0,0.0096558340612096,20000,10000,TRUE
100,"fourth root",0.3,3,3,"dCov",1,0,0.229936778408615,5000,10000,FALSE
100,"fourth root",0.3,3,3,"HHG",1,0,13908.0932351507,5000,10000,FALSE
100,"fourth root",0.3,3,3,"Genest",1,0,0.0575572380000051,20000,10000,TRUE
100,"fourth root",0.3,3,3,"MIC",0.9996,0.000199959995999189,0.299775092341389,20000,10000,TRUE
100,"fourth root",0.3,3,3,"BET",0.9877,0.00110221186711086,32,20000,10000,TRUE
100,"fourth root",0.3,3,3,"BEAST",0.9996,0.000199959995999189,0.468986315076844,20000,10000,TRUE
100,"fourth root",0.3,3,3,"xi",0.9997,0.000173179098045915,0.122412241224122,20000,10000,TRUE
100,"fourth root",0.3,3,3,"HHG_fast",1,0,0.106855044849179,20000,10000,TRUE
100,"fourth root",0.4,3,3,"B_n",0.9996,0.000199959995999189,16.9276305269455,20000,10000,TRUE
100,"fourth root",0.4,3,3,"P_n",0.9996,0.000199959995999189,16.7516811731464,20000,10000,TRUE
100,"fourth root",0.4,3,3,"Hoeffding",0.9999,9.99949998749882e-05,0.0096558340612096,20000,10000,TRUE
100,"fourth root",0.4,3,3,"dCov",1,0,0.23526060842183,5000,10000,FALSE
100,"fourth root",0.4,3,3,"HHG",0.9998,0.0001414072133945,14226.4853366422,5000,10000,FALSE
100,"fourth root",0.4,3,3,"Genest",0.9999,9.99949998749882e-05,0.0575572380000051,20000,10000,TRUE
100,"fourth root",0.4,3,3,"MIC",0.984,0.00125475097130865,0.299775092341389,20000,10000,TRUE
100,"fourth root",0.4,3,3,"BET",0.8705,0.00335752513021124,32,20000,10000,TRUE
100,"fourth root",0.4,3,3,"BEAST",0.9644,0.00185290690537868,0.468986315076844,20000,10000,TRUE
100,"fourth root",0.4,3,3,"xi",0.975,0.0015612494995996,0.122412241224122,20000,10000,TRUE
100,"fourth root",0.4,3,3,"HHG_fast",0.9998,0.0001414072133945,0.106855044849179,20000,10000,TRUE
100,"fourth root",0.5,3,3,"B_n",0.9957,0.000654332484292196,16.9276305269455,20000,10000,TRUE
100,"fourth root",0.5,3,3,"P_n",0.9957,0.000654332484292196,16.7516811731464,20000,10000,TRUE
100,"fourth root",0.5,3,3,"Hoeffding",0.9992,0.000282729552753161,0.0096558340612096,20000,10000,TRUE
100,"fourth root",0.5,3,3,"dCov",1,0,0.230455822633593,5000,10000,FALSE
100,"fourth root",0.5,3,3,"HHG",0.9967,0.000573507628545599,14171.1858843757,5000,10000,FALSE
100,"fourth root",0.5,3,3,"Genest",0.9996,0.000199959995999189,0.0575572380000051,20000,10000,TRUE
100,"fourth root",0.5,3,3,"MIC",0.9045,0.0029390432116592,0.299775092341389,20000,10000,TRUE
100,"fourth root",0.5,3,3,"BET",0.6474,0.00477779488885825,32,20000,10000,TRUE
100,"fourth root",0.5,3,3,"BEAST",0.8256,0.00379453080103456,0.468986315076844,20000,10000,TRUE
100,"fourth root",0.5,3,3,"xi",0.8594,0.00347608457894799,0.122412241224122,20000,10000,TRUE
100,"fourth root",0.5,3,3,"HHG_fast",0.9981,0.000435475602072035,0.106855044849179,20000,10000,TRUE
100,"fourth root",0.6,3,3,"B_n",0.9657,0.00181998653841175,16.9276305269455,20000,10000,TRUE
100,"fourth root",0.6,3,3,"P_n",0.9644,0.00185290690537868,16.7516811731464,20000,10000,TRUE
100,"fourth root",0.6,3,3,"Hoeffding",0.9928,0.000845467917782809,0.0096558340612096,20000,10000,TRUE
100,"fourth root",0.6,3,3,"dCov",0.9956,0.000661864034375638,0.236598289297201,5000,10000,FALSE
100,"fourth root",0.6,3,3,"HHG",0.9749,0.00156428865622685,14091.111552427,5000,10000,FALSE
100,"fourth root",0.6,3,3,"Genest",0.9939,0.000778639197574846,0.0575572380000051,20000,10000,TRUE
100,"fourth root",0.6,3,3,"MIC",0.7644,0.0042437323195508,0.299775092341389,20000,10000,TRUE
100,"fourth root",0.6,3,3,"BET",0.4386,0.0049621571921897,32,20000,10000,TRUE
100,"fourth root",0.6,3,3,"BEAST",0.6253,0.00484045359444753,0.468986315076844,20000,10000,TRUE
100,"fourth root",0.6,3,3,"xi",0.6768,0.00467698364333253,0.122412241224122,20000,10000,TRUE
100,"fourth root",0.6,3,3,"HHG_fast",0.9813,0.00135463316067488,0.106855044849179,20000,10000,TRUE
100,"fourth root",0.7,3,3,"B_n",0.8781,0.00327170276767313,16.9276305269455,20000,10000,TRUE
100,"fourth root",0.7,3,3,"P_n",0.8741,0.00331736627462208,16.7516811731464,20000,10000,TRUE
100,"fourth root",0.7,3,3,"Hoeffding",0.9692,0.00172775461220626,0.0096558340612096,20000,10000,TRUE
100,"fourth root",0.7,3,3,"dCov",0.9796,0.00141364210463611,0.234103936855118,5000,10000,FALSE
100,"fourth root",0.7,3,3,"HHG",0.9019,0.00297449810892527,14250.1912589878,5000,10000,FALSE
100,"fourth root",0.7,3,3,"Genest",0.9723,0.0016411188256796,0.0575572380000051,20000,10000,TRUE
100,"fourth root",0.7,3,3,"MIC",0.5992,0.00490060567685261,0.299775092341389,20000,10000,TRUE
100,"fourth root",0.7,3,3,"BET",0.2904,0.00453946957253818,32,20000,10000,TRUE
100,"fourth root",0.7,3,3,"BEAST",0.4499,0.00497483658023055,0.468986315076844,20000,10000,TRUE
100,"fourth root",0.7,3,3,"xi",0.508,0.00499935995903476,0.122412241224122,20000,10000,TRUE
100,"fourth root",0.7,3,3,"HHG_fast",0.9283,0.0025799052308176,0.106855044849179,20000,10000,TRUE
100,"fourth root",0.8,3,3,"B_n",0.7735,0.00418566302991533,16.9276305269455,20000,10000,TRUE
100,"fourth root",0.8,3,3,"P_n",0.7693,0.00421280797093815,16.7516811731464,20000,10000,TRUE
100,"fourth root",0.8,3,3,"Hoeffding",0.9267,0.00260628298540278,0.0096558340612096,20000,10000,TRUE
100,"fourth root",0.8,3,3,"dCov",0.9453,0.00227393733422889,0.232861399381168,5000,10000,FALSE
100,"fourth root",0.8,3,3,"HHG",0.8432,0.00363612101008754,13796.7138338748,5000,10000,FALSE
100,"fourth root",0.8,3,3,"Genest",0.9315,0.00252601959612351,0.0575572380000051,20000,10000,TRUE
100,"fourth root",0.8,3,3,"MIC",0.479,0.00499558805347278,0.299775092341389,20000,10000,TRUE
100,"fourth root",0.8,3,3,"BET",0.1945,0.00395815297834735,32,20000,10000,TRUE
100,"fourth root",0.8,3,3,"BEAST",0.3319,0.00470895306835819,0.468986315076844,20000,10000,TRUE
100,"fourth root",0.8,3,3,"xi",0.3854,0.00486689675255188,0.122412241224122,20000,10000,TRUE
100,"fourth root",0.8,3,3,"HHG_fast",0.8579,0.00349152674341756,0.106855044849179,20000,10000,TRUE
100,"fourth root",0.9,3,3,"B_n",0.6573,0.00474612167985609,16.9276305269455,20000,10000,TRUE
100,"fourth root",0.9,3,3,"P_n",0.6509,0.00476685630158913,16.7516811731464,20000,10000,TRUE
100,"fourth root",0.9,3,3,"Hoeffding",0.8549,0.00352201632591333,0.0096558340612096,20000,10000,TRUE
100,"fourth root",0.9,3,3,"dCov",0.8783,0.00326939000426685,0.234471686600256,5000,10000,FALSE
100,"fourth root",0.9,3,3,"HHG",0.7091,0.00454177487332871,14269.6716435558,5000,10000,FALSE
100,"fourth root",0.9,3,3,"Genest",0.8626,0.00344269138901529,0.0575572380000051,20000,10000,TRUE
100,"fourth root",0.9,3,3,"MIC",0.3839,0.00486334031299476,0.299775092341389,20000,10000,TRUE
100,"fourth root",0.9,3,3,"BET",0.146,0.00353106216314581,32,20000,10000,TRUE
100,"fourth root",0.9,3,3,"BEAST",0.2604,0.00438852868282754,0.468986315076844,20000,10000,TRUE
100,"fourth root",0.9,3,3,"xi",0.304,0.00459982608366882,0.122412241224122,20000,10000,TRUE
100,"fourth root",0.9,3,3,"HHG_fast",0.758,0.00428294291346499,0.106855044849179,20000,10000,TRUE
100,"fourth root",1,3,3,"B_n",0.5476,0.00497729082935687,16.9276305269455,20000,10000,TRUE
100,"fourth root",1,3,3,"P_n",0.5437,0.00498086649088289,16.7516811731464,20000,10000,TRUE
100,"fourth root",1,3,3,"Hoeffding",0.7845,0.00411168760972912,0.0096558340612096,20000,10000,TRUE
100,"fourth root",1,3,3,"dCov",0.8176,0.00386173846861747,0.232347315848017,5000,10000,FALSE
100,"fourth root",1,3,3,"HHG",0.6158,0.00486405550955167,14175.0441964606,5000,10000,FALSE
100,"fourth root",1,3,3,"Genest",0.7905,0.00406951778470128,0.0575572380000051,20000,10000,TRUE
100,"fourth root",1,3,3,"MIC",0.3059,0.00460787575787369,0.299775092341389,20000,10000,TRUE
100,"fourth root",1,3,3,"BET",0.1052,0.0030681095156464,32,20000,10000,TRUE
100,"fourth root",1,3,3,"BEAST",0.2112,0.00408159968639748,0.468986315076844,20000,10000,TRUE
100,"fourth root",1,3,3,"xi",0.2359,0.00424559995760317,0.122412241224122,20000,10000,TRUE
100,"fourth root",1,3,3,"HHG_fast",0.6642,0.00472269372286622,0.106855044849179,20000,10000,TRUE
100,"fourth root",1.1,3,3,"B_n",0.4596,0.00498365167322115,16.9276305269455,20000,10000,TRUE
100,"fourth root",1.1,3,3,"P_n",0.4565,0.00498104155774673,16.7516811731464,20000,10000,TRUE
100,"fourth root",1.1,3,3,"Hoeffding",0.7061,0.00455546693545239,0.0096558340612096,20000,10000,TRUE
100,"fourth root",1.1,3,3,"dCov",0.7216,0.00448211378704289,0.236684902664737,5000,10000,FALSE
100,"fourth root",1.1,3,3,"HHG",0.5221,0.00499511351222372,14297.3472474939,5000,10000,FALSE
100,"fourth root",1.1,3,3,"Genest",0.714,0.00451889366991524,0.0575572380000051,20000,10000,TRUE
100,"fourth root",1.1,3,3,"MIC",0.2601,0.00438688944469769,0.299775092341389,20000,10000,TRUE
100,"fourth root",1.1,3,3,"BET",0.0802,0.00271602577307359,32,20000,10000,TRUE
100,"fourth root",1.1,3,3,"BEAST",0.1712,0.00376683633836141,0.468986315076844,20000,10000,TRUE
100,"fourth root",1.1,3,3,"xi",0.1959,0.0039689191223808,0.122412241224122,20000,10000,TRUE
100,"fourth root",1.1,3,3,"HHG_fast",0.5792,0.00493687512501582,0.106855044849179,20000,10000,TRUE
100,"fourth root",1.2,3,3,"B_n",0.3863,0.00486900718832905,16.9276305269455,20000,10000,TRUE
100,"fourth root",1.2,3,3,"P_n",0.3853,0.00486666117579599,16.7516811731464,20000,10000,TRUE
100,"fourth root",1.2,3,3,"Hoeffding",0.6291,0.0048304574317553,0.0096558340612096,20000,10000,TRUE
100,"fourth root",1.2,3,3,"dCov",0.6839,0.00464952459935422,0.230032951472408,5000,10000,FALSE
100,"fourth root",1.2,3,3,"HHG",0.4758,0.00499414016623482,13936.1801640934,5000,10000,FALSE
100,"fourth root",1.2,3,3,"Genest",0.6418,0.00479471333866791,0.0575572380000051,20000,10000,TRUE
100,"fourth root",1.2,3,3,"MIC",0.2087,0.00406379514739609,0.299775092341389,20000,10000,TRUE
100,"fourth root",1.2,3,3,"BET",0.0616,0.00240427619045733,32,20000,10000,TRUE
100,"fourth root",1.2,3,3,"BEAST",0.1447,0.00351798109716354,0.468986315076844,20000,10000,TRUE
100,"fourth root",1.2,3,3,"xi",0.1698,0.00375457001532799,0.122412241224122,20000,10000,TRUE
100,"fourth root",1.2,3,3,"HHG_fast",0.4927,0.00499946707159873,0.106855044849179,20000,10000,TRUE
100,"fourth root",1.3,3,3,"B_n",0.3284,0.00469631174433725,16.9276305269455,20000,10000,TRUE
100,"fourth root",1.3,3,3,"P_n",0.328,0.00469484824035879,16.7516811731464,20000,10000,TRUE
100,"fourth root",1.3,3,3,"Hoeffding",0.5611,0.00496252748103222,0.0096558340612096,20000,10000,TRUE
100,"fourth root",1.3,3,3,"dCov",0.5916,0.00491537831707794,0.2334851437194,5000,10000,FALSE
100,"fourth root",1.3,3,3,"HHG",0.389,0.00487523332774955,14200.9622340176,5000,10000,FALSE
100,"fourth root",1.3,3,3,"Genest",0.5691,0.00495202170835306,0.0575572380000051,20000,10000,TRUE
100,"fourth root",1.3,3,3,"MIC",0.1826,0.00386338245582805,0.299775092341389,20000,10000,TRUE
100,"fourth root",1.3,3,3,"BET",0.0534,0.0022482980229498,32,20000,10000,TRUE
100,"fourth root",1.3,3,3,"BEAST",0.1298,0.00336083263492843,0.468986315076844,20000,10000,TRUE
100,"fourth root",1.3,3,3,"xi",0.1509,0.00357951379379938,0.122412241224122,20000,10000,TRUE
100,"fourth root",1.3,3,3,"HHG_fast",0.4241,0.00494205615103673,0.106855044849179,20000,10000,TRUE
100,"fourth root",1.4,3,3,"B_n",0.2733,0.00445653576222608,16.9276305269455,20000,10000,TRUE
100,"fourth root",1.4,3,3,"P_n",0.2726,0.00445296799898674,16.7516811731464,20000,10000,TRUE
100,"fourth root",1.4,3,3,"Hoeffding",0.4964,0.00499987039832034,0.0096558340612096,20000,10000,TRUE
100,"fourth root",1.4,3,3,"dCov",0.5088,0.00499922554002117,0.236457324494993,5000,10000,FALSE
100,"fourth root",1.4,3,3,"HHG",0.3185,0.00465894569618492,14422.8058230283,5000,10000,FALSE
100,"fourth root",1.4,3,3,"Genest",0.5073,0.00499946707159873,0.0575572380000051,20000,10000,TRUE
100,"fourth root",1.4,3,3,"MIC",0.1578,0.00364553370578301,0.299775092341389,20000,10000,TRUE
100,"fourth root",1.4,3,3,"BET",0.0433,0.00203531594598971,32,20000,10000,TRUE
100,"fourth root",1.4,3,3,"BEAST",0.1146,0.0031853860048666,0.468986315076844,20000,10000,TRUE
100,"fourth root",1.4,3,3,"xi",0.1325,0.00339033552911802,0.122412241224122,20000,10000,TRUE
100,"fourth root",1.4,3,3,"HHG_fast",0.3674,0.00482096712289142,0.106855044849179,20000,10000,TRUE
100,"fourth root",1.5,3,3,"B_n",0.2411,0.00427750850379049,16.9276305269455,20000,10000,TRUE
100,"fourth root",1.5,3,3,"P_n",0.2396,0.00426839360884162,16.7516811731464,20000,10000,TRUE
100,"fourth root",1.5,3,3,"Hoeffding",0.4385,0.0049620333533744,0.0096558340612096,20000,10000,TRUE
100,"fourth root",1.5,3,3,"dCov",0.458,0.00498232877277283,0.236003565260204,5000,10000,FALSE
100,"fourth root",1.5,3,3,"HHG",0.3085,0.00461874171176523,14031.3363082392,5000,10000,FALSE
100,"fourth root",1.5,3,3,"Genest",0.4496,0.00497453354597192,0.0575572380000051,20000,10000,TRUE
100,"fourth root",1.5,3,3,"MIC",0.1474,0.0035450421718225,0.299775092341389,20000,10000,TRUE
100,"fourth root",1.5,3,3,"BET",0.0341,0.00181486060070739,32,20000,10000,TRUE
100,"fourth root",1.5,3,3,"BEAST",0.1002,0.00300266481645887,0.468986315076844,20000,10000,TRUE
100,"fourth root",1.5,3,3,"xi",0.1206,0.00325661849162594,0.122412241224122,20000,10000,TRUE
100,"fourth root",1.5,3,3,"HHG_fast",0.327,0.0046911725613113,0.106855044849179,20000,10000,TRUE
100,"fourth root",1.6,3,3,"B_n",0.2209,0.00414853215005018,16.9276305269455,20000,10000,TRUE
100,"fourth root",1.6,3,3,"P_n",0.2211,0.00414987698612863,16.7516811731464,20000,10000,TRUE
100,"fourth root",1.6,3,3,"Hoeffding",0.4064,0.00491160910496754,0.0096558340612096,20000,10000,TRUE
100,"fourth root",1.6,3,3,"dCov",0.4188,0.00493362503642099,0.235929557445354,5000,10000,FALSE
100,"fourth root",1.6,3,3,"HHG",0.2881,0.00452877897451399,13957.8861034082,5000,10000,FALSE
100,"fourth root",1.6,3,3,"Genest",0.4165,0.0049297844780477,0.0575572380000051,20000,10000,TRUE
100,"fourth root",1.6,3,3,"MIC",0.1353,0.00342043725275,0.299775092341389,20000,10000,TRUE
100,"fourth root",1.6,3,3,"BET",0.0307,0.00172503652135252,32,20000,10000,TRUE
100,"fourth root",1.6,3,3,"BEAST",0.0935,0.0029113184298527,0.468986315076844,20000,10000,TRUE
100,"fourth root",1.6,3,3,"xi",0.1058,0.00307581468882636,0.122412241224122,20000,10000,TRUE
100,"fourth root",1.6,3,3,"HHG_fast",0.2988,0.00457731973976038,0.106855044849179,20000,10000,TRUE
100,"fourth root",1.7,3,3,"B_n",0.1985,0.00398870593049926,16.9276305269455,20000,10000,TRUE
100,"fourth root",1.7,3,3,"P_n",0.1978,0.00398340507606244,16.7516811731464,20000,10000,TRUE
100,"fourth root",1.7,3,3,"Hoeffding",0.3685,0.00482397916662168,0.0096558340612096,20000,10000,TRUE
100,"fourth root",1.7,3,3,"dCov",0.4116,0.00492123399159195,0.230224622046662,5000,10000,FALSE
100,"fourth root",1.7,3,3,"HHG",0.2555,0.00436141892048906,13944.8624790541,5000,10000,FALSE
100,"fourth root",1.7,3,3,"Genest",0.3765,0.00484507739876258,0.0575572380000051,20000,10000,TRUE
100,"fourth root",1.7,3,3,"MIC",0.1125,0.00315980616494113,0.299775092341389,20000,10000,TRUE
100,"fourth root",1.7,3,3,"BET",0.0307,0.00172503652135252,32,20000,10000,TRUE
100,"fourth root",1.7,3,3,"BEAST",0.0873,0.00282274175226853,0.468986315076844,20000,10000,TRUE
100,"fourth root",1.7,3,3,"xi",0.0985,0.00297989513238302,0.122412241224122,20000,10000,TRUE
100,"fourth root",1.7,3,3,"HHG_fast",0.2639,0.0044074572034224,0.106855044849179,20000,10000,TRUE
100,"fourth root",1.8,3,3,"B_n",0.1761,0.00380905224432535,16.9276305269455,20000,10000,TRUE
100,"fourth root",1.8,3,3,"P_n",0.1751,0.00380052614778533,16.7516811731464,20000,10000,TRUE
100,"fourth root",1.8,3,3,"Hoeffding",0.3291,0.00469886358601737,0.0096558340612096,20000,10000,TRUE
100,"fourth root",1.8,3,3,"dCov",0.3308,0.00470501179594696,0.236994360940345,5000,10000,FALSE
100,"fourth root",1.8,3,3,"HHG",0.2087,0.00406379514739609,14256.8425500289,5000,10000,FALSE
100,"fourth root",1.8,3,3,"Genest",0.3339,0.00471604484711501,0.0575572380000051,20000,10000,TRUE
100,"fourth root",1.8,3,3,"MIC",0.1099,0.00312765071579293,0.299775092341389,20000,10000,TRUE
100,"fourth root",1.8,3,3,"BET",0.0304,0.00171685293487823,32,20000,10000,TRUE
100,"fourth root",1.8,3,3,"BEAST",0.0831,0.00276033313206939,0.468986315076844,20000,10000,TRUE
100,"fourth root",1.8,3,3,"xi",0.0933,0.00290852385240348,0.122412241224122,20000,10000,TRUE
100,"fourth root",1.8,3,3,"HHG_fast",0.2366,0.00424994635260258,0.106855044849179,20000,10000,TRUE
100,"fourth root",1.9,3,3,"B_n",0.1555,0.00362380670014282,16.9276305269455,20000,10000,TRUE
100,"fourth root",1.9,3,3,"P_n",0.1561,0.00362950120539999,16.7516811731464,20000,10000,TRUE
100,"fourth root",1.9,3,3,"Hoeffding",0.2994,0.00457995240149939,0.0096558340612096,20000,10000,TRUE
100,"fourth root",1.9,3,3,"dCov",0.3298,0.00470140362019685,0.231976463727886,5000,10000,FALSE
100,"fourth root",1.9,3,3,"HHG",0.2052,0.00403847694062997,13940.0365586064,5000,10000,FALSE
100,"fourth root",1.9,3,3,"Genest",0.3055,0.00460618877164191,0.0575572380000051,20000,10000,TRUE
100,"fourth root",1.9,3,3,"MIC",0.1071,0.00309240343422394,0.299775092341389,20000,10000,TRUE
100,"fourth root",1.9,3,3,"BET",0.0299,0.00170311449996763,32,20000,10000,TRUE
100,"fourth root",1.9,3,3,"BEAST",0.0807,0.0027237384235642,0.468986315076844,20000,10000,TRUE
100,"fourth root",1.9,3,3,"xi",0.0881,0.00283440275895999,0.122412241224122,20000,10000,TRUE
100,"fourth root",1.9,3,3,"HHG_fast",0.2138,0.00409987268094998,0.106855044849179,20000,10000,TRUE
100,"fourth root",2,3,3,"B_n",0.1468,0.00353906428311213,16.9276305269455,20000,10000,TRUE
100,"fourth root",2,3,3,"P_n",0.1461,0.00353206441051122,16.7516811731464,20000,10000,TRUE
100,"fourth root",2,3,3,"Hoeffding",0.2846,0.00451223713915836,0.0096558340612096,20000,10000,TRUE
100,"fourth root",2,3,3,"dCov",0.3115,0.00463106629190298,0.23141982758919,5000,10000,FALSE
100,"fourth root",2,3,3,"HHG",0.1802,0.00384353951456207,14153.5820147589,5000,10000,FALSE
100,"fourth root",2,3,3,"Genest",0.2891,0.0045334444961861,0.0575572380000051,20000,10000,TRUE
100,"fourth root",2,3,3,"MIC",0.0997,0.00299599582776746,0.299775092341389,20000,10000,TRUE
100,"fourth root",2,3,3,"BET",0.0259,0.00158836991913093,32,20000,10000,TRUE
100,"fourth root",2,3,3,"BEAST",0.0739,0.00261608084737456,0.468986315076844,20000,10000,TRUE
100,"fourth root",2,3,3,"xi",0.0868,0.00281541755340127,0.122412241224122,20000,10000,TRUE
100,"fourth root",2,3,3,"HHG_fast",0.1975,0.00398112735289893,0.106855044849179,20000,10000,TRUE
100,"circle",0.1,3,3,"B_n",1,0,16.9276305269455,20000,10000,TRUE
100,"circle",0.1,3,3,"P_n",1,0,16.7516811731464,20000,10000,TRUE
100,"circle",0.1,3,3,"Hoeffding",1,0,0.0096558340612096,20000,10000,TRUE
100,"circle",0.1,3,3,"dCov",0.203,0.00402232519819072,0.220579039397577,5000,10000,FALSE
100,"circle",0.1,3,3,"HHG",1,0,14763.1595328599,5000,10000,FALSE
100,"circle",0.1,3,3,"Genest",0.9999,9.99949998749882e-05,0.0575572380000051,20000,10000,TRUE
100,"circle",0.1,3,3,"MIC",1,0,0.299775092341389,20000,10000,TRUE
100,"circle",0.1,3,3,"BET",0.0027,0.000518913287553903,32,20000,10000,TRUE
100,"circle",0.1,3,3,"BEAST",1,0,0.468986315076844,20000,10000,TRUE
100,"circle",0.1,3,3,"xi",0.9069,0.00290572521068321,0.122412241224122,20000,10000,TRUE
100,"circle",0.1,3,3,"HHG_fast",1,0,0.106855044849179,20000,10000,TRUE
100,"circle",0.2,3,3,"B_n",1,0,16.9276305269455,20000,10000,TRUE
100,"circle",0.2,3,3,"P_n",1,0,16.7516811731464,20000,10000,TRUE
100,"circle",0.2,3,3,"Hoeffding",0.9996,0.000199959995999189,0.0096558340612096,20000,10000,TRUE
100,"circle",0.2,3,3,"dCov",0.167,0.00372975870533202,0.220736462057856,5000,10000,FALSE
100,"circle",0.2,3,3,"HHG",1,0,14936.0596752912,5000,10000,FALSE
100,"circle",0.2,3,3,"Genest",0.8913,0.00311262445534311,0.0575572380000051,20000,10000,TRUE
100,"circle",0.2,3,3,"MIC",1,0,0.299775092341389,20000,10000,TRUE
100,"circle",0.2,3,3,"BET",0.0044,0.000661864034375641,32,20000,10000,TRUE
100,"circle",0.2,3,3,"BEAST",1,0,0.468986315076844,20000,10000,TRUE
100,"circle",0.2,3,3,"xi",0.7466,0.00434957974981492,0.122412241224122,20000,10000,TRUE
100,"circle",0.2,3,3,"HHG_fast",1,0,0.106855044849179,20000,10000,TRUE
100,"circle",0.3,3,3,"B_n",1,0,16.9276305269455,20000,10000,TRUE
100,"circle",0.3,3,3,"P_n",1,0,16.7516811731464,20000,10000,TRUE
100,"circle",0.3,3,3,"Hoeffding",0.9419,0.00233932447514234,0.0096558340612096,20000,10000,TRUE
100,"circle",0.3,3,3,"dCov",0.1452,0.00352302370131113,0.21944130488562,5000,10000,FALSE
100,"circle",0.3,3,3,"HHG",0.9998,0.0001414072133945,14751.4999632491,5000,10000,FALSE
100,"circle",0.3,3,3,"Genest",0.5198,0.00499607806184011,0.0575572380000051,20000,10000,TRUE
100,"circle",0.3,3,3,"MIC",0.9476,0.00222832313635164,0.299775092341389,20000,10000,TRUE
100,"circle",0.3,3,3,"BET",0.0072,0.00084546791778281,32,20000,10000,TRUE
100,"circle",0.3,3,3,"BEAST",0.9999,9.99949998749882e-05,0.468986315076844,20000,10000,TRUE
100,"circle",0.3,3,3,"xi",0.5692,0.00495188206644706,0.122412241224122,20000,10000,TRUE
100,"circle",0.3,3,3,"HHG_fast",1,0,0.106855044849179,20000,10000,TRUE
100,"circle",0.4,3,3,"B_n",0.9997,0.000173179098045915,16.9276305269455,20000,10000,TRUE
100,"circle",0.4,3,3,"P_n",0.9997,0.000173179098045915,16.7516811731464,20000,10000,TRUE
100,"circle",0.4,3,3,"Hoeffding",0.6371,0.0048083634430022,0.0096558340612096,20000,10000,TRUE
100,"circle",0.4,3,3,"dCov",0.1047,0.00306166474324019,0.224131179905769,5000,10000,FALSE
100,"circle",0.4,3,3,"HHG",0.9899,0.000999899494949367,14813.4548773803,5000,10000,FALSE
100,"circle",0.4,3,3,"Genest",0.2802,0.00449096826976099,0.0575572380000051,20000,10000,TRUE
100,"circle",0.4,3,3,"MIC",0.6564,0.00474909507169524,0.299775092341389,20000,10000,TRUE
100,"circle",0.4,3,3,"BET",0.0086,0.000923365583070974,32,20000,10000,TRUE
100,"circle",0.4,3,3,"BEAST",0.993,0.000833726573883789,0.468986315076844,20000,10000,TRUE
100,"circle",0.4,3,3,"xi",0.4239,0.00494174857717387,0.122412241224122,20000,10000,TRUE
100,"circle",0.4,3,3,"HHG_fast",0.9997,0.000173179098045915,0.106855044849179,20000,10000,TRUE
100,"circle",0.5,3,3,"B_n",0.9985,0.00038700775186034,16.9276305269455,20000,10000,TRUE
100,"circle",0.5,3,3,"P_n",0.9982,0.000423882059068324,16.7516811731464,20000,10000,TRUE
100,"circle",0.5,3,3,"Hoeffding",0.3214,0.00467013961247413,0.0096558340612096,20000,10000,TRUE
100,"circle",0.5,3,3,"dCov",0.0932,0.00290712504031044,0.224914045094512,5000,10000,FALSE
100,"circle",0.5,3,3,"HHG",0.9367,0.00243501765907354,14681.4448361188,5000,10000,FALSE
100,"circle",0.5,3,3,"Genest",0.1667,0.00372707807806598,0.0575572380000051,20000,10000,TRUE
100,"circle",0.5,3,3,"MIC",0.3375,0.00472857007984443,0.299775092341389,20000,10000,TRUE
100,"circle",0.5,3,3,"BET",0.0125,0.00111102430216445,32,20000,10000,TRUE
100,"circle",0.5,3,3,"BEAST",0.9442,0.00229535095355808,0.468986315076844,20000,10000,TRUE
100,"circle",0.5,3,3,"xi",0.3088,0.00461998441555813,0.122412241224122,20000,10000,TRUE
100,"circle",0.5,3,3,"HHG_fast",0.9971,0.000537735064878609,0.106855044849179,20000,10000,TRUE
100,"circle",0.6,3,3,"B_n",0.983,0.00129271033104869,16.9276305269455,20000,10000,TRUE
100,"circle",0.6,3,3,"P_n",0.9808,0.00137227402511306,16.7516811731464,20000,10000,TRUE
100,"circle",0.6,3,3,"Hoeffding",0.1636,0.00369912205800241,0.0096558340612096,20000,10000,TRUE
100,"circle",0.6,3,3,"dCov",0.0982,0.00297584878648093,0.220708379503143,5000,10000,FALSE
100,"circle",0.6,3,3,"HHG",0.8494,0.00357658552253403,14378.6270178136,5000,10000,FALSE
100,"circle",0.6,3,3,"Genest",0.1122,0.00315612357172529,0.0575572380000051,20000,10000,TRUE
100,"circle",0.6,3,3,"MIC",0.1654,0.00371541168647567,0.299775092341389,20000,10000,TRUE
100,"circle",0.6,3,3,"BET",0.013,0.00113274004078606,32,20000,10000,TRUE
100,"circle",0.6,3,3,"BEAST",0.8303,0.00375369031754086,0.468986315076844,20000,10000,TRUE
100,"circle",0.6,3,3,"xi",0.2266,0.00418631628045469,0.122412241224122,20000,10000,TRUE
100,"circle",0.6,3,3,"HHG_fast",0.9792,0.00142714259974258,0.106855044849179,20000,10000,TRUE
100,"circle",0.7,3,3,"B_n",0.9366,0.00243681021009023,16.9276305269455,20000,10000,TRUE
100,"circle",0.7,3,3,"P_n",0.9319,0.002519174269478,16.7516811731464,20000,10000,TRUE
100,"circle",0.7,3,3,"Hoeffding",0.0932,0.00290712504031044,0.0096558340612096,20000,10000,TRUE
100,"circle",0.7,3,3,"dCov",0.0736,0.00261118823526761,0.22517472439046,5000,10000,FALSE
100,"circle",0.7,3,3,"HHG",0.7233,0.00447366862876543,14342.5253636016,5000,10000,FALSE
100,"circle",0.7,3,3,"Genest",0.0845,0.00278136207639351,0.0575572380000051,20000,10000,TRUE
100,"circle",0.7,3,3,"MIC",0.0949,0.00293076764688025,0.299775092341389,20000,10000,TRUE
100,"circle",0.7,3,3,"BET",0.0156,0.00123921910895531,32,20000,10000,TRUE
100,"circle",0.7,3,3,"BEAST",0.6705,0.00470031647870651,0.468986315076844,20000,10000,TRUE
100,"circle",0.7,3,3,"xi",0.1683,0.00374132476537389,0.122412241224122,20000,10000,TRUE
100,"circle",0.7,3,3,"HHG_fast",0.9204,0.00270672939171983,0.106855044849179,20000,10000,TRUE
100,"circle",0.8,3,3,"B_n",0.8467,0.00360276435532495,16.9276305269455,20000,10000,TRUE
100,"circle",0.8,3,3,"P_n",0.8397,0.00366884055254518,16.7516811731464,20000,10000,TRUE
100,"circle",0.8,3,3,"Hoeffding",0.065,0.00246525860712421,0.0096558340612096,20000,10000,TRUE
100,"circle",0.8,3,3,"dCov",0.0668,0.00249675309151706,0.227718673617361,5000,10000,FALSE
100,"circle",0.8,3,3,"HHG",0.5965,0.00490599378311877,14343.801045362,5000,10000,FALSE
100,"circle",0.8,3,3,"Genest",0.0727,0.002596434285708,0.0575572380000051,20000,10000,TRUE
100,"circle",0.8,3,3,"MIC",0.0712,0.00257158628087801,0.299775092341389,20000,10000,TRUE
100,"circle",0.8,3,3,"BET",0.012,0.0010888526071053,32,20000,10000,TRUE
100,"circle",0.8,3,3,"BEAST",0.5097,0.00499905901145406,0.468986315076844,20000,10000,TRUE
100,"circle",0.8,3,3,"xi",0.1354,0.00342150317842904,0.122412241224122,20000,10000,TRUE
100,"circle",0.8,3,3,"HHG_fast",0.8005,0.00399624511260258,0.106855044849179,20000,10000,TRUE
100,"circle",0.9,3,3,"B_n",0.7213,0.00448359576679254,16.9276305269455,20000,10000,TRUE
100,"circle",0.9,3,3,"P_n",0.7104,0.0045357671897927,16.7516811731464,20000,10000,TRUE
100,"circle",0.9,3,3,"Hoeffding",0.0508,0.00219589070766284,0.0096558340612096,20000,10000,TRUE
100,"circle",0.9,3,3,"dCov",0.0675,0.00250885930255166,0.224875018717295,5000,10000,FALSE
100,"circle",0.9,3,3,"HHG",0.5033,0.00499989109881405,14235.5932587815,5000,10000,FALSE
100,"circle",0.9,3,3,"Genest",0.0605,0.00238410884818626,0.0575572380000051,20000,10000,TRUE
100,"circle",0.9,3,3,"MIC",0.0649,0.00246349325146224,0.299775092341389,20000,10000,TRUE
100,"circle",0.9,3,3,"BET",0.0116,0.00107076794871718,32,20000,10000,TRUE
100,"circle",0.9,3,3,"BEAST",0.3817,0.00485803571415444,0.468986315076844,20000,10000,TRUE
100,"circle",0.9,3,3,"xi",0.1148,0.00318780425998837,0.122412241224122,20000,10000,TRUE
100,"circle",0.9,3,3,"HHG_fast",0.6621,0.0047299428114936,0.106855044849179,20000,10000,TRUE
100,"circle",1,3,3,"B_n",0.5905,0.00491741547970069,16.9276305269455,20000,10000,TRUE
100,"circle",1,3,3,"P_n",0.5806,0.00493460879908428,16.7516811731464,20000,10000,TRUE
100,"circle",1,3,3,"Hoeffding",0.049,0.0021586801523153,0.0096558340612096,20000,10000,TRUE
100,"circle",1,3,3,"dCov",0.0594,0.00236371825732256,0.228321275632966,5000,10000,FALSE
100,"circle",1,3,3,"HHG",0.4102,0.00491869860837193,14223.2564922756,5000,10000,FALSE
100,"circle",1,3,3,"Genest",0.0589,0.00235437443920885,0.0575572380000051,20000,10000,TRUE
100,"circle",1,3,3,"MIC",0.0575,0.00232795511125107,0.299775092341389,20000,10000,TRUE
100,"circle",1,3,3,"BET",0.0133,0.00114556143440673,32,20000,10000,TRUE
100,"circle",1,3,3,"BEAST",0.2866,0.00452173019982396,0.468986315076844,20000,10000,TRUE
100,"circle",1,3,3,"xi",0.0983,0.00297719851538321,0.122412241224122,20000,10000,TRUE
100,"circle",1,3,3,"HHG_fast",0.5344,0.00498815236335058,0.106855044849179,20000,10000,TRUE
100,"circle",1.1,3,3,"B_n",0.4538,0.00497860984613175,16.9276305269455,20000,10000,TRUE
100,"circle",1.1,3,3,"P_n",0.4454,0.00497009899297791,16.7516811731464,20000,10000,TRUE
100,"circle",1.1,3,3,"Hoeffding",0.0417,0.00199902751356753,0.0096558340612096,20000,10000,TRUE
100,"circle",1.1,3,3,"dCov",0.0546,0.00227197799285116,0.229547047192313,5000,10000,FALSE
100,"circle",1.1,3,3,"HHG",0.2995,0.00458039026721523,14430.3466157138,5000,10000,FALSE
100,"circle",1.1,3,3,"Genest",0.0562,0.00230307533528541,0.0575572380000051,20000,10000,TRUE
100,"circle",1.1,3,3,"MIC",0.0537,0.00225424732449658,0.299775092341389,20000,10000,TRUE
100,"circle",1.1,3,3,"BET",0.0139,0.00117076000956644,32,20000,10000,TRUE
100,"circle",1.1,3,3,"BEAST",0.2226,0.00415991874920653,0.468986315076844,20000,10000,TRUE
100,"circle",1.1,3,3,"xi",0.0869,0.00281688462667536,0.122412241224122,20000,10000,TRUE
100,"circle",1.1,3,3,"HHG_fast",0.4055,0.00490988543654534,0.106855044849179,20000,10000,TRUE
100,"circle",1.2,3,3,"B_n",0.3683,0.00482343352810008,16.9276305269455,20000,10000,TRUE
100,"circle",1.2,3,3,"P_n",0.3616,0.00480463775949863,16.7516811731464,20000,10000,TRUE
100,"circle",1.2,3,3,"Hoeffding",0.0423,0.00201272725424981,0.0096558340612096,20000,10000,TRUE
100,"circle",1.2,3,3,"dCov",0.0526,0.00223233599621562,0.229039383304799,5000,10000,FALSE
100,"circle",1.2,3,3,"HHG",0.2611,0.00439234322429384,14166.3340578138,5000,10000,FALSE
100,"circle",1.2,3,3,"Genest",0.052,0.00222027025382047,0.0575572380000051,20000,10000,TRUE
100,"circle",1.2,3,3,"MIC",0.0528,0.00223633986683599,0.299775092341389,20000,10000,TRUE
100,"circle",1.2,3,3,"BET",0.0133,0.00114556143440673,32,20000,10000,TRUE
100,"circle",1.2,3,3,"BEAST",0.1751,0.00380052614778533,0.468986315076844,20000,10000,TRUE
100,"circle",1.2,3,3,"xi",0.0767,0.00266114843629588,0.122412241224122,20000,10000,TRUE
100,"circle",1.2,3,3,"HHG_fast",0.3225,0.00467433150300661,0.106855044849179,20000,10000,TRUE
100,"circle",1.3,3,3,"B_n",0.2847,0.00451271437163931,16.9276305269455,20000,10000,TRUE
100,"circle",1.3,3,3,"P_n",0.2806,0.00449292376966269,16.7516811731464,20000,10000,TRUE
100,"circle",1.3,3,3,"Hoeffding",0.0419,0.00200360649829252,0.0096558340612096,20000,10000,TRUE
100,"circle",1.3,3,3,"dCov",0.0467,0.00210995521279481,0.233630875107375,5000,10000,FALSE
100,"circle",1.3,3,3,"HHG",0.2121,0.0040879529106877,14194.5506898778,5000,10000,FALSE
100,"circle",1.3,3,3,"Genest",0.0516,0.00221218082443547,0.0575572380000051,20000,10000,TRUE
100,"circle",1.3,3,3,"MIC",0.0515,0.00221015270965605,0.299775092341389,20000,10000,TRUE
100,"circle",1.3,3,3,"BET",0.0124,0.00110662730853707,32,20000,10000,TRUE
100,"circle",1.3,3,3,"BEAST",0.1418,0.00348844893899853,0.468986315076844,20000,10000,TRUE
100,"circle",1.3,3,3,"xi",0.0688,0.00253113729378712,0.122412241224122,20000,10000,TRUE
100,"circle",1.3,3,3,"HHG_fast",0.2555,0.00436141892048906,0.106855044849179,20000,10000,TRUE
100,"circle",1.4,3,3,"B_n",0.2355,0.00424310911950188,16.9276305269455,20000,10000,TRUE
100,"circle",1.4,3,3,"P_n",0.231,0.00421472419026441,16.7516811731464,20000,10000,TRUE
100,"circle",1.4,3,3,"Hoeffding",0.0404,0.00196895505281355,0.0096558340612096,20000,10000,TRUE
100,"circle",1.4,3,3,"dCov",0.0485,0.00214820273717357,0.231549821611766,5000,10000,FALSE
100,"circle",1.4,3,3,"HHG",0.1827,0.00386420379897334,14131.407102417,5000,10000,FALSE
100,"circle",1.4,3,3,"Genest",0.0504,0.00218768919181862,0.0575572380000051,20000,10000,TRUE
100,"circle",1.4,3,3,"MIC",0.0548,0.0022758945494025,0.299775092341389,20000,10000,TRUE
100,"circle",1.4,3,3,"BET",0.0114,0.00106160444610976,32,20000,10000,TRUE
100,"circle",1.4,3,3,"BEAST",0.124,0.00329581552881832,0.468986315076844,20000,10000,TRUE
100,"circle",1.4,3,3,"xi",0.0636,0.00244039013274517,0.122412241224122,20000,10000,TRUE
100,"circle",1.4,3,3,"HHG_fast",0.2114,0.00408301408275798,0.106855044849179,20000,10000,TRUE
100,"circle",1.5,3,3,"B_n",0.1769,0.00381584053650044,16.9276305269455,20000,10000,TRUE
100,"circle",1.5,3,3,"P_n",0.1741,0.00379195450922081,16.7516811731464,20000,10000,TRUE
100,"circle",1.5,3,3,"Hoeffding",0.0401,0.00196193756271702,0.0096558340612096,20000,10000,TRUE
100,"circle",1.5,3,3,"dCov",0.0477,0.00213130734526956,0.230696107955898,5000,10000,FALSE
100,"circle",1.5,3,3,"HHG",0.1481,0.00355199085021344,14125.4486237355,5000,10000,FALSE
100,"circle",1.5,3,3,"Genest",0.0465,0.00210565310533335,0.0575572380000051,20000,10000,TRUE
100,"circle",1.5,3,3,"MIC",0.0497,0.00217324434889407,0.299775092341389,20000,10000,TRUE
100,"circle",1.5,3,3,"BET",0.0109,0.00103832509360027,32,20000,10000,TRUE
100,"circle",1.5,3,3,"BEAST",0.1035,0.00304610817273451,0.468986315076844,20000,10000,TRUE
100,"circle",1.5,3,3,"xi",0.058,0.00233743449106066,0.122412241224122,20000,10000,TRUE
100,"circle",1.5,3,3,"HHG_fast",0.1656,0.00371721185836912,0.106855044849179,20000,10000,TRUE
100,"circle",1.6,3,3,"B_n",0.1429,0.00349970841642557,16.9276305269455,20000,10000,TRUE
100,"circle",1.6,3,3,"P_n",0.1429,0.00349970841642557,16.7516811731464,20000,10000,TRUE
100,"circle",1.6,3,3,"Hoeffding",0.0393,0.00194307771331977,0.0096558340612096,20000,10000,TRUE
100,"circle",1.6,3,3,"dCov",0.0491,0.00216076815045021,0.229931767975312,5000,10000,FALSE
100,"circle",1.6,3,3,"HHG",0.1249,0.00330605489972565,14115.9695207738,5000,10000,FALSE
100,"circle",1.6,3,3,"Genest",0.0462,0.00209917983984222,0.0575572380000051,20000,10000,TRUE
100,"circle",1.6,3,3,"MIC",0.0525,0.00223033069296909,0.299775092341389,20000,10000,TRUE
100,"circle",1.6,3,3,"BET",0.0139,0.00117076000956644,32,20000,10000,TRUE
100,"circle",1.6,3,3,"BEAST",0.0927,0.00290011568734766,0.468986315076844,20000,10000,TRUE
100,"circle",1.6,3,3,"xi",0.0623,0.0024169962763728,0.122412241224122,20000,10000,TRUE
100,"circle",1.6,3,3,"HHG_fast",0.1392,0.00346155109741283,0.106855044849179,20000,10000,TRUE
100,"circle",1.7,3,3,"B_n",0.1176,0.0032213388520924,16.9276305269455,20000,10000,TRUE
100,"circle",1.7,3,3,"P_n",0.1182,0.00322844792431286,16.7516811731464,20000,10000,TRUE
100,"circle",1.7,3,3,"Hoeffding",0.0402,0.00196428002077097,0.0096558340612096,20000,10000,TRUE
100,"circle",1.7,3,3,"dCov",0.0435,0.00203979778409528,0.23505878968049,5000,10000,FALSE
100,"circle",1.7,3,3,"HHG",0.1113,0.00314503275022694,14083.3889018655,5000,10000,FALSE
100,"circle",1.7,3,3,"Genest",0.0473,0.00212279791784334,0.0575572380000051,20000,10000,TRUE
100,"circle",1.7,3,3,"MIC",0.053,0.00224033479640879,0.299775092341389,20000,10000,TRUE
100,"circle",1.7,3,3,"BET",0.0126,0.00111540306616039,32,20000,10000,TRUE
100,"circle",1.7,3,3,"BEAST",0.0822,0.00274669182836371,0.468986315076844,20000,10000,TRUE
100,"circle",1.7,3,3,"xi",0.0635,0.00243860103337959,0.122412241224122,20000,10000,TRUE
100,"circle",1.7,3,3,"HHG_fast",0.1183,0.00322963016458541,0.106855044849179,20000,10000,TRUE
100,"circle",1.8,3,3,"B_n",0.1009,0.0030119626491708,16.9276305269455,20000,10000,TRUE
100,"circle",1.8,3,3,"P_n",0.1002,0.00300266481645887,16.7516811731464,20000,10000,TRUE
100,"circle",1.8,3,3,"Hoeffding",0.0394,0.00194544699233878,0.0096558340612096,20000,10000,TRUE
100,"circle",1.8,3,3,"dCov",0.0411,0.00198521510169553,0.234731816338638,5000,10000,FALSE
100,"circle",1.8,3,3,"HHG",0.0936,0.00291271419813204,14121.9974526631,5000,10000,FALSE
100,"circle",1.8,3,3,"Genest",0.048,0.00213766227454198,0.0575572380000051,20000,10000,TRUE
100,"circle",1.8,3,3,"MIC",0.0496,0.00217117111255654,0.299775092341389,20000,10000,TRUE
100,"circle",1.8,3,3,"BET",0.0118,0.00107984998958189,32,20000,10000,TRUE
100,"circle",1.8,3,3,"BEAST",0.0725,0.00259313998850814,0.468986315076844,20000,10000,TRUE
100,"circle",1.8,3,3,"xi",0.0546,0.00227197799285116,0.122412241224122,20000,10000,TRUE
100,"circle",1.8,3,3,"HHG_fast",0.1049,0.00306424525780819,0.106855044849179,20000,10000,TRUE
100,"circle",1.9,3,3,"B_n",0.09,0.00286181760425084,16.9276305269455,20000,10000,TRUE
100,"circle",1.9,3,3,"P_n",0.0888,0.00284454847032003,16.7516811731464,20000,10000,TRUE
100,"circle",1.9,3,3,"Hoeffding",0.0413,0.00198983190244804,0.0096558340612096,20000,10000,TRUE
100,"circle",1.9,3,3,"dCov",0.0419,0.00200360649829252,0.234283291474769,5000,10000,FALSE
100,"circle",1.9,3,3,"HHG",0.0876,0.00282712291915297,14156.3114101162,5000,10000,FALSE
100,"circle",1.9,3,3,"Genest",0.0465,0.00210565310533335,0.0575572380000051,20000,10000,TRUE
100,"circle",1.9,3,3,"MIC",0.0483,0.00214399416976819,0.299775092341389,20000,10000,TRUE
100,"circle",1.9,3,3,"BET",0.0122,0.00109777775528565,32,20000,10000,TRUE
100,"circle",1.9,3,3,"BEAST",0.0704,0.00255819936674216,0.468986315076844,20000,10000,TRUE
100,"circle",1.9,3,3,"xi",0.0548,0.0022758945494025,0.122412241224122,20000,10000,TRUE
100,"circle",1.9,3,3,"HHG_fast",0.0954,0.00293766642081772,0.106855044849179,20000,10000,TRUE
100,"circle",2,3,3,"B_n",0.0792,0.00270050661913649,16.9276305269455,20000,10000,TRUE
100,"circle",2,3,3,"P_n",0.0794,0.0027036205355042,16.7516811731464,20000,10000,TRUE
100,"circle",2,3,3,"Hoeffding",0.0407,0.00197594306598141,0.0096558340612096,20000,10000,TRUE
100,"circle",2,3,3,"dCov",0.0485,0.00214820273717357,0.230552914215139,5000,10000,FALSE
100,"circle",2,3,3,"HHG",0.074,0.00261770892193918,14208.3122322673,5000,10000,FALSE
100,"circle",2,3,3,"Genest",0.045,0.00207304124416279,0.0575572380000051,20000,10000,TRUE
100,"circle",2,3,3,"MIC",0.0496,0.00217117111255654,0.299775092341389,20000,10000,TRUE
100,"circle",2,3,3,"BET",0.0121,0.00109332474590123,32,20000,10000,TRUE
100,"circle",2,3,3,"BEAST",0.0645,0.00245641507078914,0.468986315076844,20000,10000,TRUE
100,"circle",2,3,3,"xi",0.0551,0.00228175349238256,0.122412241224122,20000,10000,TRUE
100,"circle",2,3,3,"HHG_fast",0.0853,0.00279327603362074,0.106855044849179,20000,10000,TRUE
100,"two curves",0.1,3,3,"B_n",1,0,16.9276305269455,20000,10000,TRUE
100,"two curves",0.1,3,3,"P_n",1,0,16.7516811731464,20000,10000,TRUE
100,"two curves",0.1,3,3,"Hoeffding",1,0,0.0096558340612096,20000,10000,TRUE
100,"two curves",0.1,3,3,"dCov",1,0,0.229446758954262,5000,10000,FALSE
100,"two curves",0.1,3,3,"HHG",1,0,14482.1163213093,5000,10000,FALSE
100,"two curves",0.1,3,3,"Genest",1,0,0.0575572380000051,20000,10000,TRUE
100,"two curves",0.1,3,3,"MIC",1,0,0.299775092341389,20000,10000,TRUE
100,"two curves",0.1,3,3,"BET",0.9892,0.00103360340556715,32,20000,10000,TRUE
100,"two curves",0.1,3,3,"BEAST",1,0,0.468986315076844,20000,10000,TRUE
100,"two curves",0.1,3,3,"xi",1,0,0.122412241224122,20000,10000,TRUE
100,"two curves",0.1,3,3,"HHG_fast",1,0,0.106855044849179,20000,10000,TRUE
100,"two curves",0.2,3,3,"B_n",1,0,16.9276305269455,20000,10000,TRUE
100,"two curves",0.2,3,3,"P_n",1,0,16.7516811731464,20000,10000,TRUE
100,"two curves",0.2,3,3,"Hoeffding",1,0,0.0096558340612096,20000,10000,TRUE
100,"two curves",0.2,3,3,"dCov",1,0,0.228592282498052,5000,10000,FALSE
100,"two curves",0.2,3,3,"HHG",1,0,14089.4935810678,5000,10000,FALSE
100,"two curves",0.2,3,3,"Genest",1,0,0.0575572380000051,20000,10000,TRUE
100,"two curves",0.2,3,3,"MIC",0.9996,0.000199959995999189,0.299775092341389,20000,10000,TRUE
100,"two curves",0.2,3,3,"BET",0.8974,0.00303435726307895,32,20000,10000,TRUE
100,"two curves",0.2,3,3,"BEAST",0.9984,0.000399679871897503,0.468986315076844,20000,10000,TRUE
100,"two curves",0.2,3,3,"xi",0.9964,0.000598919026246457,0.122412241224122,20000,10000,TRUE
100,"two curves",0.2,3,3,"HHG_fast",1,0,0.106855044849179,20000,10000,TRUE
100,"two curves",0.3,3,3,"B_n",0.9998,0.0001414072133945,16.9276305269455,20000,10000,TRUE
100,"two curves",0.3,3,3,"P_n",0.9999,9.99949998749882e-05,16.7516811731464,20000,10000,TRUE
100,"two curves",0.3,3,3,"Hoeffding",1,0,0.0096558340612096,20000,10000,TRUE
100,"two curves",0.3,3,3,"dCov",1,0,0.232749615408432,5000,10000,FALSE
100,"two curves",0.3,3,3,"HHG",0.9999,9.99949998749882e-05,14281.8672233663,5000,10000,FALSE
100,"two curves",0.3,3,3,"Genest",1,0,0.0575572380000051,20000,10000,TRUE
100,"two curves",0.3,3,3,"MIC",0.9878,0.00109777775528565,0.299775092341389,20000,10000,TRUE
100,"two curves",0.3,3,3,"BET",0.7551,0.0043002789444407,32,20000,10000,TRUE
100,"two curves",0.3,3,3,"BEAST",0.9626,0.0018973992726888,0.468986315076844,20000,10000,TRUE
100,"two curves",0.3,3,3,"xi",0.9596,0.00196895505281355,0.122412241224122,20000,10000,TRUE
100,"two curves",0.3,3,3,"HHG_fast",1,0,0.106855044849179,20000,10000,TRUE
100,"two curves",0.4,3,3,"B_n",0.9995,0.000223550889061069,16.9276305269455,20000,10000,TRUE
100,"two curves",0.4,3,3,"P_n",0.9995,0.000223550889061069,16.7516811731464,20000,10000,TRUE
100,"two curves",0.4,3,3,"Hoeffding",0.9995,0.000223550889061069,0.0096558340612096,20000,10000,TRUE
100,"two curves",0.4,3,3,"dCov",1,0,0.231476765577807,5000,10000,FALSE
100,"two curves",0.4,3,3,"HHG",0.9995,0.000223550889061069,14240.8784815541,5000,10000,FALSE
100,"two curves",0.4,3,3,"Genest",0.9993,0.000264482513599677,0.0575572380000051,20000,10000,TRUE
100,"two curves",0.4,3,3,"MIC",0.9428,0.00232224374259034,0.299775092341389,20000,10000,TRUE
100,"two curves",0.4,3,3,"BET",0.6243,0.0048430311789209,32,20000,10000,TRUE
100,"two curves",0.4,3,3,"BEAST",0.861,0.00345946527659984,0.468986315076844,20000,10000,TRUE
100,"two curves",0.4,3,3,"xi",0.8806,0.00324258600502747,0.122412241224122,20000,10000,TRUE
100,"two curves",0.4,3,3,"HHG_fast",0.9996,0.000199959995999189,0.106855044849179,20000,10000,TRUE
100,"two curves",0.5,3,3,"B_n",0.9882,0.00107984998958189,16.9276305269455,20000,10000,TRUE
100,"two curves",0.5,3,3,"P_n",0.9878,0.00109777775528565,16.7516811731464,20000,10000,TRUE
100,"two curves",0.5,3,3,"Hoeffding",0.9983,0.000411959949509662,0.0096558340612096,20000,10000,TRUE
100,"two curves",0.5,3,3,"dCov",0.9994,0.000244875478560032,0.233931501367964,5000,10000,FALSE
100,"two curves",0.5,3,3,"HHG",0.9935,0.000803601269287198,14200.7154704242,5000,10000,FALSE
100,"two curves",0.5,3,3,"Genest",0.9978,0.00046852534616603,0.0575572380000051,20000,10000,TRUE
100,"two curves",0.5,3,3,"MIC",0.8563,0.00350785276201838,0.299775092341389,20000,10000,TRUE
100,"two curves",0.5,3,3,"BET",0.4943,0.00499967508944331,32,20000,10000,TRUE
100,"two curves",0.5,3,3,"BEAST",0.7125,0.00452596674755792,0.468986315076844,20000,10000,TRUE
100,"two curves",0.5,3,3,"xi",0.7511,0.00432375750938926,0.122412241224122,20000,10000,TRUE
100,"two curves",0.5,3,3,"HHG_fast",0.995,0.000705336798983295,0.106855044849179,20000,10000,TRUE
100,"two curves",0.6,3,3,"B_n",0.9468,0.00224432083267968,16.9276305269455,20000,10000,TRUE
100,"two curves",0.6,3,3,"P_n",0.9461,0.00225820260384227,16.7516811731464,20000,10000,TRUE
100,"two curves",0.6,3,3,"Hoeffding",0.9893,0.00102885907684192,0.0096558340612096,20000,10000,TRUE
100,"two curves",0.6,3,3,"dCov",0.9943,0.000752828665766656,0.233447488410467,5000,10000,FALSE
100,"two curves",0.6,3,3,"HHG",0.9757,0.00153978927129656,13968.7216875215,5000,10000,FALSE
100,"two curves",0.6,3,3,"Genest",0.9894,0.00102409179276079,0.0575572380000051,20000,10000,TRUE
100,"two curves",0.6,3,3,"MIC",0.7367,0.00440423784553014,0.299775092341389,20000,10000,TRUE
100,"two curves",0.6,3,3,"BET",0.386,0.00486830566008339,32,20000,10000,TRUE
100,"two curves",0.6,3,3,"BEAST",0.569,0.00495216114438939,0.468986315076844,20000,10000,TRUE
100,"two curves",0.6,3,3,"xi",0.6148,0.00486642538214653,0.122412241224122,20000,10000,TRUE
100,"two curves",0.6,3,3,"HHG_fast",0.9759,0.00153359675273522,0.106855044849179,20000,10000,TRUE
100,"two curves",0.7,3,3,"B_n",0.8785,0.0032670743793186,16.9276305269455,20000,10000,TRUE
100,"two curves",0.7,3,3,"P_n",0.875,0.00330718913883074,16.7516811731464,20000,10000,TRUE
100,"two curves",0.7,3,3,"Hoeffding",0.9688,0.00173857872988254,0.0096558340612096,20000,10000,TRUE
100,"two curves",0.7,3,3,"dCov",0.9803,0.00138967298311509,0.233416710336682,5000,10000,FALSE
100,"two curves",0.7,3,3,"HHG",0.9249,0.00263552632314686,14270.6556327433,5000,10000,FALSE
100,"two curves",0.7,3,3,"Genest",0.9688,0.00173857872988254,0.0575572380000051,20000,10000,TRUE
100,"two curves",0.7,3,3,"MIC",0.6149,0.00486618937157197,0.299775092341389,20000,10000,TRUE
100,"two curves",0.7,3,3,"BET",0.2967,0.00456803141407762,32,20000,10000,TRUE
100,"two curves",0.7,3,3,"BEAST",0.4464,0.00497118738331196,0.468986315076844,20000,10000,TRUE
100,"two curves",0.7,3,3,"xi",0.4996,0.00499999839999974,0.122412241224122,20000,10000,TRUE
100,"two curves",0.7,3,3,"HHG_fast",0.9332,0.00249675309151706,0.106855044849179,20000,10000,TRUE
100,"two curves",0.8,3,3,"B_n",0.7868,0.00409567772169637,16.9276305269455,20000,10000,TRUE
100,"two curves",0.8,3,3,"P_n",0.7822,0.00412750723803121,16.7516811731464,20000,10000,TRUE
100,"two curves",0.8,3,3,"Hoeffding",0.9366,0.00243681021009023,0.0096558340612096,20000,10000,TRUE
100,"two curves",0.8,3,3,"dCov",0.9571,0.00202631660902239,0.23237983906448,5000,10000,FALSE
100,"two curves",0.8,3,3,"HHG",0.8746,0.00331171919099431,14011.5518938364,5000,10000,FALSE
100,"two curves",0.8,3,3,"Genest",0.939,0.00239330315672712,0.0575572380000051,20000,10000,TRUE
100,"two curves",0.8,3,3,"MIC",0.5103,0.00499893898742523,0.299775092341389,20000,10000,TRUE
100,"two curves",0.8,3,3,"BET",0.2151,0.00410891701060024,32,20000,10000,TRUE
100,"two curves",0.8,3,3,"BEAST",0.3475,0.00476176175380499,0.468986315076844,20000,10000,TRUE
100,"two curves",0.8,3,3,"xi",0.3999,0.00489877525510203,0.122412241224122,20000,10000,TRUE
100,"two curves",0.8,3,3,"HHG_fast",0.8791,0.00326011027420853,0.106855044849179,20000,10000,TRUE
100,"two curves",0.9,3,3,"B_n",0.6698,0.00470284977433896,16.9276305269455,20000,10000,TRUE
100,"two curves",0.9,3,3,"P_n",0.6658,0.0047171003805304,16.7516811731464,20000,10000,TRUE
100,"two curves",0.9,3,3,"Hoeffding",0.8849,0.00319142585688592,0.0096558340612096,20000,10000,TRUE
100,"two curves",0.9,3,3,"dCov",0.9098,0.00286468078500904,0.234268757516678,5000,10000,FALSE
100,"two curves",0.9,3,3,"HHG",0.776,0.00416922055065452,14018.6316942047,5000,10000,FALSE
100,"two curves",0.9,3,3,"Genest",0.891,0.00311639214477254,0.0575572380000051,20000,10000,TRUE
100,"two curves",0.9,3,3,"MIC",0.426,0.00494493680444958,0.299775092341389,20000,10000,TRUE
100,"two curves",0.9,3,3,"BET",0.1698,0.00375457001532799,32,20000,10000,TRUE
100,"two curves",0.9,3,3,"BEAST",0.2769,0.0044746663562773,0.468986315076844,20000,10000,TRUE
100,"two curves",0.9,3,3,"xi",0.325,0.0046837484987988,0.122412241224122,20000,10000,TRUE
100,"two curves",0.9,3,3,"HHG_fast",0.7845,0.00411168760972912,0.106855044849179,20000,10000,TRUE
100,"two curves",1,3,3,"B_n",0.5768,0.0049406655422119,16.9276305269455,20000,10000,TRUE
100,"two curves",1,3,3,"P_n",0.5739,0.00494508634909442,16.7516811731464,20000,10000,TRUE
100,"two curves",1,3,3,"Hoeffding",0.8259,0.00379195450922081,0.0096558340612096,20000,10000,TRUE
100,"two curves",1,3,3,"dCov",0.8483,0.00358729856577341,0.234331598313648,5000,10000,FALSE
100,"two curves",1,3,3,"HHG",0.68,0.00466476151587624,14228.3693881322,5000,10000,FALSE
100,"two curves",1,3,3,"Genest",0.8296,0.00375983829439512,0.0575572380000051,20000,10000,TRUE
100,"two curves",1,3,3,"MIC",0.3528,0.00477841145151817,0.299775092341389,20000,10000,TRUE
100,"two curves",1,3,3,"BET",0.1375,0.00344374432848898,32,20000,10000,TRUE
100,"two curves",1,3,3,"BEAST",0.234,0.00423372176695635,0.468986315076844,20000,10000,TRUE
100,"two curves",1,3,3,"xi",0.268,0.00442917599560008,0.122412241224122,20000,10000,TRUE
100,"two curves",1,3,3,"HHG_fast",0.7043,0.00456356779285681,0.106855044849179,20000,10000,TRUE
100,"two curves",1.1,3,3,"B_n",0.4936,0.00499959038322141,16.9276305269455,20000,10000,TRUE
100,"two curves",1.1,3,3,"P_n",0.4907,0.00499913502518186,16.7516811731464,20000,10000,TRUE
100,"two curves",1.1,3,3,"Hoeffding",0.7628,0.00425365913067796,0.0096558340612096,20000,10000,TRUE
100,"two curves",1.1,3,3,"dCov",0.7931,0.00405083188987151,0.233461732951097,5000,10000,FALSE
100,"two curves",1.1,3,3,"HHG",0.6095,0.00487862429379431,14116.138309427,5000,10000,FALSE
100,"two curves",1.1,3,3,"Genest",0.7678,0.00422235905626227,0.0575572380000051,20000,10000,TRUE
100,"two curves",1.1,3,3,"MIC",0.2933,0.00455274763192514,0.299775092341389,20000,10000,TRUE
100,"two curves",1.1,3,3,"BET",0.0999,0.00299866620349782,32,20000,10000,TRUE
100,"two curves",1.1,3,3,"BEAST",0.1972,0.00397884606387329,0.468986315076844,20000,10000,TRUE
100,"two curves",1.1,3,3,"xi",0.2226,0.00415991874920653,0.122412241224122,20000,10000,TRUE
100,"two curves",1.1,3,3,"HHG_fast",0.6277,0.00483417738607097,0.106855044849179,20000,10000,TRUE
100,"two curves",1.2,3,3,"B_n",0.4055,0.00490988543654534,16.9276305269455,20000,10000,TRUE
100,"two curves",1.2,3,3,"P_n",0.4029,0.00490480978224436,16.7516811731464,20000,10000,TRUE
100,"two curves",1.2,3,3,"Hoeffding",0.6881,0.00463269241370502,0.0096558340612096,20000,10000,TRUE
100,"two curves",1.2,3,3,"dCov",0.6866,0.00463875457423649,0.241140718153474,5000,10000,FALSE
100,"two curves",1.2,3,3,"HHG",0.502,0.00499995999984,14302.4217355869,5000,10000,FALSE
100,"two curves",1.2,3,3,"Genest",0.698,0.00459125255240877,0.0575572380000051,20000,10000,TRUE
100,"two curves",1.2,3,3,"MIC",0.24,0.00427083130081252,0.299775092341389,20000,10000,TRUE
100,"two curves",1.2,3,3,"BET",0.0846,0.00278285536814258,32,20000,10000,TRUE
100,"two curves",1.2,3,3,"BEAST",0.1629,0.00369274410161332,0.468986315076844,20000,10000,TRUE
100,"two curves",1.2,3,3,"xi",0.1887,0.00391270124083094,0.122412241224122,20000,10000,TRUE
100,"two curves",1.2,3,3,"HHG_fast",0.5375,0.00498591766879478,0.106855044849179,20000,10000,TRUE
100,"two curves",1.3,3,3,"B_n",0.354,0.00478209159259837,16.9276305269455,20000,10000,TRUE
100,"two curves",1.3,3,3,"P_n",0.3507,0.00477189176323185,16.7516811731464,20000,10000,TRUE
100,"two curves",1.3,3,3,"Hoeffding",0.6297,0.00482884986306263,0.0096558340612096,20000,10000,TRUE
100,"two curves",1.3,3,3,"dCov",0.6786,0.00467013961247413,0.2307428083335,5000,10000,FALSE
100,"two curves",1.3,3,3,"HHG",0.4819,0.00499672282601307,13937.5705594974,5000,10000,FALSE
100,"two curves",1.3,3,3,"Genest",0.6402,0.00479941621449943,0.0575572380000051,20000,10000,TRUE
100,"two curves",1.3,3,3,"MIC",0.2269,0.00418827398817222,0.299775092341389,20000,10000,TRUE
100,"two curves",1.3,3,3,"BET",0.069,0.00253454137863243,32,20000,10000,TRUE
100,"two curves",1.3,3,3,"BEAST",0.1416,0.00348639412574081,0.468986315076844,20000,10000,TRUE
100,"two curves",1.3,3,3,"xi",0.1722,0.00377554181542199,0.122412241224122,20000,10000,TRUE
100,"two curves",1.3,3,3,"HHG_fast",0.4894,0.00499887627372392,0.106855044849179,20000,10000,TRUE
100,"two curves",1.4,3,3,"B_n",0.307,0.00461249390243499,16.9276305269455,20000,10000,TRUE
100,"two curves",1.4,3,3,"P_n",0.3057,0.00460703277609352,16.7516811731464,20000,10000,TRUE
100,"two curves",1.4,3,3,"Hoeffding",0.5736,0.00494553374268137,0.0096558340612096,20000,10000,TRUE
100,"two curves",1.4,3,3,"dCov",0.6118,0.00487340496983372,0.233239245710298,5000,10000,FALSE
100,"two curves",1.4,3,3,"HHG",0.3974,0.00489360031060977,14333.9058583278,5000,10000,FALSE
100,"two curves",1.4,3,3,"Genest",0.586,0.00492548474771773,0.0575572380000051,20000,10000,TRUE
100,"two curves",1.4,3,3,"MIC",0.1931,0.00394730781672775,0.299775092341389,20000,10000,TRUE
100,"two curves",1.4,3,3,"BET",0.0593,0.00236185329773041,32,20000,10000,TRUE
100,"two curves",1.4,3,3,"BEAST",0.1295,0.00335752513021124,0.468986315076844,20000,10000,TRUE
100,"two curves",1.4,3,3,"xi",0.1494,0.00356482313726782,0.122412241224122,20000,10000,TRUE
100,"two curves",1.4,3,3,"HHG_fast",0.4304,0.00495132143977747,0.106855044849179,20000,10000,TRUE
100,"two curves",1.5,3,3,"B_n",0.2711,0.00444527603192423,16.9276305269455,20000,10000,TRUE
100,"two curves",1.5,3,3,"P_n",0.2675,0.00442655339965531,16.7516811731464,20000,10000,TRUE
100,"two curves",1.5,3,3,"Hoeffding",0.5291,0.00499152471695774,0.0096558340612096,20000,10000,TRUE
100,"two curves",1.5,3,3,"dCov",0.5497,0.00497523778326222,0.234984428525268,5000,10000,FALSE
100,"two curves",1.5,3,3,"HHG",0.3563,0.00478905324672842,14223.1416437054,5000,10000,FALSE
100,"two curves",1.5,3,3,"Genest",0.5338,0.00498856251840147,0.0575572380000051,20000,10000,TRUE
100,"two curves",1.5,3,3,"MIC",0.1704,0.00375983829439512,0.299775092341389,20000,10000,TRUE
100,"two curves",1.5,3,3,"BET",0.0512,0.00220405444578849,32,20000,10000,TRUE
100,"two curves",1.5,3,3,"BEAST",0.1123,0.00315735189676412,0.468986315076844,20000,10000,TRUE
100,"two curves",1.5,3,3,"xi",0.1384,0.00345319330475431,0.122412241224122,20000,10000,TRUE
100,"two curves",1.5,3,3,"HHG_fast",0.3893,0.00487591540123493,0.106855044849179,20000,10000,TRUE
100,"two curves",1.6,3,3,"B_n",0.2468,0.0043114934767433,16.9276305269455,20000,10000,TRUE
100,"two curves",1.6,3,3,"P_n",0.246,0.00430678534408206,16.7516811731464,20000,10000,TRUE
100,"two curves",1.6,3,3,"Hoeffding",0.4763,0.00499437994149424,0.0096558340612096,20000,10000,TRUE
100,"two curves",1.6,3,3,"dCov",0.4997,0.00499999909999992,0.234632609044905,5000,10000,FALSE
100,"two curves",1.6,3,3,"HHG",0.326,0.00468747266658697,14192.5784756417,5000,10000,FALSE
100,"two curves",1.6,3,3,"Genest",0.482,0.0049967589495592,0.0575572380000051,20000,10000,TRUE
100,"two curves",1.6,3,3,"MIC",0.1551,0.00361999986187845,0.299775092341389,20000,10000,TRUE
100,"two curves",1.6,3,3,"BET",0.0459,0.00209268225012781,32,20000,10000,TRUE
100,"two curves",1.6,3,3,"BEAST",0.1092,0.00311889980602135,0.468986315076844,20000,10000,TRUE
100,"two curves",1.6,3,3,"xi",0.1236,0.00329124657234915,0.122412241224122,20000,10000,TRUE
100,"two curves",1.6,3,3,"HHG_fast",0.345,0.00475368278285373,0.106855044849179,20000,10000,TRUE
100,"two curves",1.7,3,3,"B_n",0.2131,0.00409497728931431,16.9276305269455,20000,10000,TRUE
100,"two curves",1.7,3,3,"P_n",0.2125,0.00409076704298839,16.7516811731464,20000,10000,TRUE
100,"two curves",1.7,3,3,"Hoeffding",0.4338,0.00495598184016043,0.0096558340612096,20000,10000,TRUE
100,"two curves",1.7,3,3,"dCov",0.4613,0.00498500060180538,0.232748229775533,5000,10000,FALSE
100,"two curves",1.7,3,3,"HHG",0.3055,0.00460618877164191,13904.6949523195,5000,10000,FALSE
100,"two curves",1.7,3,3,"Genest",0.4394,0.00496314053800615,0.0575572380000051,20000,10000,TRUE
100,"two curves",1.7,3,3,"MIC",0.1385,0.00345424014799203,0.299775092341389,20000,10000,TRUE
100,"two curves",1.7,3,3,"BET",0.0405,0.00197128765024286,32,20000,10000,TRUE
100,"two curves",1.7,3,3,"BEAST",0.0977,0.00296908588626197,0.468986315076844,20000,10000,TRUE
100,"two curves",1.7,3,3,"xi",0.1131,0.00316714998066085,0.122412241224122,20000,10000,TRUE
100,"two curves",1.7,3,3,"HHG_fast",0.2993,0.00457951427555369,0.106855044849179,20000,10000,TRUE
100,"two curves",1.8,3,3,"B_n",0.2002,0.00400149921904278,16.9276305269455,20000,10000,TRUE
100,"two curves",1.8,3,3,"P_n",0.2003,0.00400224824317533,16.7516811731464,20000,10000,TRUE
100,"two curves",1.8,3,3,"Hoeffding",0.3927,0.00488351011056596,0.0096558340612096,20000,10000,TRUE
100,"two curves",1.8,3,3,"dCov",0.4348,0.00495730733362377,0.229842464536485,5000,10000,FALSE
100,"two curves",1.8,3,3,"HHG",0.2784,0.00448211378704289,13941.7568948346,5000,10000,FALSE
100,"two curves",1.8,3,3,"Genest",0.3975,0.00489380986553421,0.0575572380000051,20000,10000,TRUE
100,"two curves",1.8,3,3,"MIC",0.1318,0.00338273203195287,0.299775092341389,20000,10000,TRUE
100,"two curves",1.8,3,3,"BET",0.0359,0.00186040828852164,32,20000,10000,TRUE
100,"two curves",1.8,3,3,"BEAST",0.0909,0.00287466850262774,0.468986315076844,20000,10000,TRUE
100,"two curves",1.8,3,3,"xi",0.1019,0.00302516759866292,0.122412241224122,20000,10000,TRUE
100,"two curves",1.8,3,3,"HHG_fast",0.2783,0.00448161923862347,0.106855044849179,20000,10000,TRUE
100,"two curves",1.9,3,3,"B_n",0.1783,0.00382765084614571,16.9276305269455,20000,10000,TRUE
100,"two curves",1.9,3,3,"P_n",0.1771,0.0038175331039822,16.7516811731464,20000,10000,TRUE
100,"two curves",1.9,3,3,"Hoeffding",0.3567,0.00479025166353502,0.0096558340612096,20000,10000,TRUE
100,"two curves",1.9,3,3,"dCov",0.3705,0.00482938660701336,0.234988802962142,5000,10000,FALSE
100,"two curves",1.9,3,3,"HHG",0.2439,0.00429433103055645,13984.0611357847,5000,10000,FALSE
100,"two curves",1.9,3,3,"Genest",0.3624,0.00480693499019906,0.0575572380000051,20000,10000,TRUE
100,"two curves",1.9,3,3,"MIC",0.1227,0.00328092532679426,0.299775092341389,20000,10000,TRUE
100,"two curves",1.9,3,3,"BET",0.035,0.00183779759494891,32,20000,10000,TRUE
100,"two curves",1.9,3,3,"BEAST",0.091,0.00287609109730551,0.468986315076844,20000,10000,TRUE
100,"two curves",1.9,3,3,"xi",0.1039,0.00305130775242354,0.122412241224122,20000,10000,TRUE
100,"two curves",1.9,3,3,"HHG_fast",0.2476,0.0043161816458532,0.106855044849179,20000,10000,TRUE
100,"two curves",2,3,3,"B_n",0.1644,0.00370638152380459,16.9276305269455,20000,10000,TRUE
100,"two curves",2,3,3,"P_n",0.1659,0.00371990846661581,16.7516811731464,20000,10000,TRUE
100,"two curves",2,3,3,"Hoeffding",0.332,0.00470930992821666,0.0096558340612096,20000,10000,TRUE
100,"two curves",2,3,3,"dCov",0.3349,0.00471955495783236,0.237066511129578,5000,10000,FALSE
100,"two curves",2,3,3,"HHG",0.2155,0.00411168760972912,14200.4991518481,5000,10000,FALSE
100,"two curves",2,3,3,"Genest",0.3365,0.00472512169155462,0.0575572380000051,20000,10000,TRUE
100,"two curves",2,3,3,"MIC",0.1134,0.00317081125266074,0.299775092341389,20000,10000,TRUE
100,"two curves",2,3,3,"BET",0.033,0.00178636502428815,32,20000,10000,TRUE
100,"two curves",2,3,3,"BEAST",0.0832,0.00276184286301737,0.468986315076844,20000,10000,TRUE
100,"two curves",2,3,3,"xi",0.0916,0.00288460465228773,0.122412241224122,20000,10000,TRUE
100,"two curves",2,3,3,"HHG_fast",0.229,0.0042018924307983,0.106855044849179,20000,10000,TRUE
100,"X",0.1,3,3,"B_n",1,0,16.9276305269455,20000,10000,TRUE
100,"X",0.1,3,3,"P_n",1,0,16.7516811731464,20000,10000,TRUE
100,"X",0.1,3,3,"Hoeffding",1,0,0.0096558340612096,20000,10000,TRUE
100,"X",0.1,3,3,"dCov",0.99,0.00099498743710662,0.228759295206037,5000,10000,FALSE
100,"X",0.1,3,3,"HHG",1,0,14453.0442919959,5000,10000,FALSE
100,"X",0.1,3,3,"Genest",1,0,0.0575572380000051,20000,10000,TRUE
100,"X",0.1,3,3,"MIC",1,0,0.299775092341389,20000,10000,TRUE
100,"X",0.1,3,3,"BET",0.9958,0.000646711682281987,32,20000,10000,TRUE
100,"X",0.1,3,3,"BEAST",1,0,0.468986315076844,20000,10000,TRUE
100,"X",0.1,3,3,"xi",0.9778,0.00147333499245759,0.122412241224122,20000,10000,TRUE
100,"X",0.1,3,3,"HHG_fast",1,0,0.106855044849179,20000,10000,TRUE
100,"X",0.2,3,3,"B_n",1,0,16.9276305269455,20000,10000,TRUE
100,"X",0.2,3,3,"P_n",1,0,16.7516811731464,20000,10000,TRUE
100,"X",0.2,3,3,"Hoeffding",1,0,0.0096558340612096,20000,10000,TRUE
100,"X",0.2,3,3,"dCov",0.9865,0.0011540255629751,0.226069883423109,5000,10000,FALSE
100,"X",0.2,3,3,"HHG",1,0,14217.109639577,5000,10000,FALSE
100,"X",0.2,3,3,"Genest",1,0,0.0575572380000051,20000,10000,TRUE
100,"X",0.2,3,3,"MIC",1,0,0.299775092341389,20000,10000,TRUE
100,"X",0.2,3,3,"BET",0.9985,0.00038700775186034,32,20000,10000,TRUE
100,"X",0.2,3,3,"BEAST",1,0,0.468986315076844,20000,10000,TRUE
100,"X",0.2,3,3,"xi",0.9527,0.00212279791784334,0.122412241224122,20000,10000,TRUE
100,"X",0.2,3,3,"HHG_fast",1,0,0.106855044849179,20000,10000,TRUE
100,"X",0.3,3,3,"B_n",1,0,16.9276305269455,20000,10000,TRUE
100,"X",0.3,3,3,"P_n",1,0,16.7516811731464,20000,10000,TRUE
100,"X",0.3,3,3,"Hoeffding",1,0,0.0096558340612096,20000,10000,TRUE
100,"X",0.3,3,3,"dCov",0.9568,0.00203307058411655,0.230575736674438,5000,10000,FALSE
100,"X",0.3,3,3,"HHG",1,0,14579.0596948202,5000,10000,FALSE
100,"X",0.3,3,3,"Genest",0.9999,9.99949998749882e-05,0.0575572380000051,20000,10000,TRUE
100,"X",0.3,3,3,"MIC",1,0,0.299775092341389,20000,10000,TRUE
100,"X",0.3,3,3,"BET",0.9986,0.000373903730925483,32,20000,10000,TRUE
100,"X",0.3,3,3,"BEAST",1,0,0.468986315076844,20000,10000,TRUE
100,"X",0.3,3,3,"xi",0.8958,0.00305519819324377,0.122412241224122,20000,10000,TRUE
100,"X",0.3,3,3,"HHG_fast",1,0,0.106855044849179,20000,10000,TRUE
100,"X",0.4,3,3,"B_n",1,0,16.9276305269455,20000,10000,TRUE
100,"X",0.4,3,3,"P_n",1,0,16.7516811731464,20000,10000,TRUE
100,"X",0.4,3,3,"Hoeffding",0.9906,0.000964968393264772,0.0096558340612096,20000,10000,TRUE
100,"X",0.4,3,3,"dCov",0.9022,0.00297044037139277,0.231619913703305,5000,10000,FALSE
100,"X",0.4,3,3,"HHG",1,0,14466.6771440895,5000,10000,FALSE
100,"X",0.4,3,3,"Genest",0.9789,0.00143717744207179,0.0575572380000051,20000,10000,TRUE
100,"X",0.4,3,3,"MIC",0.9995,0.000223550889061069,0.299775092341389,20000,10000,TRUE
100,"X",0.4,3,3,"BET",0.9994,0.000244875478560032,32,20000,10000,TRUE
100,"X",0.4,3,3,"BEAST",1,0,0.468986315076844,20000,10000,TRUE
100,"X",0.4,3,3,"xi",0.8006,0.00399549296082473,0.122412241224122,20000,10000,TRUE
100,"X",0.4,3,3,"HHG_fast",1,0,0.106855044849179,20000,10000,TRUE
100,"X",0.5,3,3,"B_n",1,0,16.9276305269455,20000,10000,TRUE
100,"X",0.5,3,3,"P_n",1,0,16.7516811731464,20000,10000,TRUE
100,"X",0.5,3,3,"Hoeffding",0.8677,0.00338816631823174,0.0096558340612096,20000,10000,TRUE
100,"X",0.5,3,3,"dCov",0.8135,0.00389509627608869,0.232047084459769,5000,10000,FALSE
100,"X",0.5,3,3,"HHG",1,0,14585.7329287037,5000,10000,FALSE
100,"X",0.5,3,3,"Genest",0.8403,0.00366327599287851,0.0575572380000051,20000,10000,TRUE
100,"X",0.5,3,3,"MIC",0.9858,0.00118314665194134,0.299775092341389,20000,10000,TRUE
100,"X",0.5,3,3,"BET",0.9984,0.000399679871897503,32,20000,10000,TRUE
100,"X",0.5,3,3,"BEAST",1,0,0.468986315076844,20000,10000,TRUE
100,"X",0.5,3,3,"xi",0.7021,0.00457335314621559,0.122412241224122,20000,10000,TRUE
100,"X",0.5,3,3,"HHG_fast",1,0,0.106855044849179,20000,10000,TRUE
100,"X",0.6,3,3,"B_n",1,0,16.9276305269455,20000,10000,TRUE
100,"X",0.6,3,3,"P_n",1,0,16.7516811731464,20000,10000,TRUE
100,"X",0.6,3,3,"Hoeffding",0.6342,0.00481653776067415,0.0096558340612096,20000,10000,TRUE
100,"X",0.6,3,3,"dCov",0.6962,0.0045989733636976,0.231821295029187,5000,10000,FALSE
100,"X",0.6,3,3,"HHG",1,0,14273.5010017713,5000,10000,FALSE
100,"X",0.6,3,3,"Genest",0.6331,0.0048195890903686,0.0575572380000051,20000,10000,TRUE
100,"X",0.6,3,3,"MIC",0.8544,0.00352704749046564,0.299775092341389,20000,10000,TRUE
100,"X",0.6,3,3,"BET",0.9982,0.000423882059068324,32,20000,10000,TRUE
100,"X",0.6,3,3,"BEAST",0.9999,9.99949998749882e-05,0.468986315076844,20000,10000,TRUE
100,"X",0.6,3,3,"xi",0.575,0.0049434299833213,0.122412241224122,20000,10000,TRUE
100,"X",0.6,3,3,"HHG_fast",1,0,0.106855044849179,20000,10000,TRUE
100,"X",0.7,3,3,"B_n",1,0,16.9276305269455,20000,10000,TRUE
100,"X",0.7,3,3,"P_n",1,0,16.7516811731464,20000,10000,TRUE
100,"X",0.7,3,3,"Hoeffding",0.4615,0.00498515546397502,0.0096558340612096,20000,10000,TRUE
100,"X",0.7,3,3,"dCov",0.5252,0.00499364556211191,0.235938059162376,5000,10000,FALSE
100,"X",0.7,3,3,"HHG",1,0,14494.2431080443,5000,10000,FALSE
100,"X",0.7,3,3,"Genest",0.4681,0.00498981352356979,0.0575572380000051,20000,10000,TRUE
100,"X",0.7,3,3,"MIC",0.5636,0.0049593854457987,0.299775092341389,20000,10000,TRUE
100,"X",0.7,3,3,"BET",0.9897,0.00100964894889263,32,20000,10000,TRUE
100,"X",0.7,3,3,"BEAST",0.9953,0.000683952483729684,0.468986315076844,20000,10000,TRUE
100,"X",0.7,3,3,"xi",0.4717,0.00499198467545725,0.122412241224122,20000,10000,TRUE
100,"X",0.7,3,3,"HHG_fast",1,0,0.106855044849179,20000,10000,TRUE
100,"X",0.8,3,3,"B_n",0.9997,0.000173179098045915,16.9276305269455,20000,10000,TRUE
100,"X",0.8,3,3,"P_n",0.9997,0.000173179098045915,16.7516811731464,20000,10000,TRUE
100,"X",0.8,3,3,"Hoeffding",0.3386,0.00473233599821484,0.0096558340612096,20000,10000,TRUE
100,"X",0.8,3,3,"dCov",0.4348,0.00495730733362377,0.233367803555493,5000,10000,FALSE
100,"X",0.8,3,3,"HHG",0.999,0.000316069612585582,14397.1690057387,5000,10000,FALSE
100,"X",0.8,3,3,"Genest",0.3425,0.00474545835510122,0.0575572380000051,20000,10000,TRUE
100,"X",0.8,3,3,"MIC",0.2984,0.00457555941934973,0.299775092341389,20000,10000,TRUE
100,"X",0.8,3,3,"BET",0.9537,0.00210134028657902,32,20000,10000,TRUE
100,"X",0.8,3,3,"BEAST",0.9729,0.0016237484411078,0.468986315076844,20000,10000,TRUE
100,"X",0.8,3,3,"xi",0.366,0.00481709456000191,0.122412241224122,20000,10000,TRUE
100,"X",0.8,3,3,"HHG_fast",0.9995,0.000223550889061069,0.106855044849179,20000,10000,TRUE
100,"X",0.9,3,3,"B_n",0.9993,0.000264482513599677,16.9276305269455,20000,10000,TRUE
100,"X",0.9,3,3,"P_n",0.9993,0.000264482513599677,16.7516811731464,20000,10000,TRUE
100,"X",0.9,3,3,"Hoeffding",0.2589,0.00438030581124195,0.0096558340612096,20000,10000,TRUE
100,"X",0.9,3,3,"dCov",0.3221,0.00467281061032865,0.234994527428384,5000,10000,FALSE
100,"X",0.9,3,3,"HHG",0.9963,0.000607149899118829,14387.4507246026,5000,10000,FALSE
100,"X",0.9,3,3,"Genest",0.2547,0.00435692448867317,0.0575572380000051,20000,10000,TRUE
100,"X",0.9,3,3,"MIC",0.156,0.00362855343077651,0.299775092341389,20000,10000,TRUE
100,"X",0.9,3,3,"BET",0.8734,0.00332524344973417,32,20000,10000,TRUE
100,"X",0.9,3,3,"BEAST",0.8968,0.00304219920452294,0.468986315076844,20000,10000,TRUE
100,"X",0.9,3,3,"xi",0.2995,0.00458039026721523,0.122412241224122,20000,10000,TRUE
100,"X",0.9,3,3,"HHG_fast",0.9957,0.000654332484292196,0.106855044849179,20000,10000,TRUE
100,"X",1,3,3,"B_n",0.9932,0.000821812630713354,16.9276305269455,20000,10000,TRUE
100,"X",1,3,3,"P_n",0.9929,0.00083961836568765,16.7516811731464,20000,10000,TRUE
100,"X",1,3,3,"Hoeffding",0.2097,0.00407094473064914,0.0096558340612096,20000,10000,TRUE
100,"X",1,3,3,"dCov",0.2771,0.00447566296765071,0.232477926016989,5000,10000,FALSE
100,"X",1,3,3,"HHG",0.98,0.0014,14191.0510549854,5000,10000,FALSE
100,"X",1,3,3,"Genest",0.2026,0.00401936860713222,0.0575572380000051,20000,10000,TRUE
100,"X",1,3,3,"MIC",0.0882,0.00283585542649833,0.299775092341389,20000,10000,TRUE
100,"X",1,3,3,"BET",0.7307,0.00443596111344543,32,20000,10000,TRUE
100,"X",1,3,3,"BEAST",0.7727,0.00419087950196614,0.468986315076844,20000,10000,TRUE
100,"X",1,3,3,"xi",0.233,0.00422742238249267,0.122412241224122,20000,10000,TRUE
100,"X",1,3,3,"HHG_fast",0.9731,0.00161791192590944,0.106855044849179,20000,10000,TRUE
100,"X",1.1,3,3,"B_n",0.9699,0.00170862488569024,16.9276305269455,20000,10000,TRUE
100,"X",1.1,3,3,"P_n",0.9685,0.00174664678741868,16.7516811731464,20000,10000,TRUE
100,"X",1.1,3,3,"Hoeffding",0.1735,0.00378678953732578,0.0096558340612096,20000,10000,TRUE
100,"X",1.1,3,3,"dCov",0.2283,0.00419736953341018,0.231802686170991,5000,10000,FALSE
100,"X",1.1,3,3,"HHG",0.9329,0.00250195103868961,14193.0356196089,5000,10000,FALSE
100,"X",1.1,3,3,"Genest",0.1649,0.00371090272036333,0.0575572380000051,20000,10000,TRUE
100,"X",1.1,3,3,"MIC",0.0699,0.00254978410850801,0.299775092341389,20000,10000,TRUE
100,"X",1.1,3,3,"BET",0.5778,0.00493910072786535,32,20000,10000,TRUE
100,"X",1.1,3,3,"BEAST",0.6216,0.00484988082327803,0.468986315076844,20000,10000,TRUE
100,"X",1.1,3,3,"xi",0.1953,0.00396431469487476,0.122412241224122,20000,10000,TRUE
100,"X",1.1,3,3,"HHG_fast",0.9124,0.00282712291915297,0.106855044849179,20000,10000,TRUE
100,"X",1.2,3,3,"B_n",0.9301,0.00254978410850801,16.9276305269455,20000,10000,TRUE
100,"X",1.2,3,3,"P_n",0.9278,0.00258818778298639,16.7516811731464,20000,10000,TRUE
100,"X",1.2,3,3,"Hoeffding",0.1527,0.00359698081729664,0.0096558340612096,20000,10000,TRUE
100,"X",1.2,3,3,"dCov",0.1956,0.00396661871119471,0.232714102683765,5000,10000,FALSE
100,"X",1.2,3,3,"HHG",0.8605,0.00346467530946263,14389.0668452851,5000,10000,FALSE
100,"X",1.2,3,3,"Genest",0.1469,0.00354006200510669,0.0575572380000051,20000,10000,TRUE
100,"X",1.2,3,3,"MIC",0.0627,0.00242422585581459,0.299775092341389,20000,10000,TRUE
100,"X",1.2,3,3,"BET",0.433,0.00495490665906029,32,20000,10000,TRUE
100,"X",1.2,3,3,"BEAST",0.4962,0.0049998555979148,0.468986315076844,20000,10000,TRUE
100,"X",1.2,3,3,"xi",0.1566,0.00363423224354196,0.122412241224122,20000,10000,TRUE
100,"X",1.2,3,3,"HHG_fast",0.8277,0.00377640980297425,0.106855044849179,20000,10000,TRUE
100,"X",1.3,3,3,"B_n",0.8579,0.00349152674341756,16.9276305269455,20000,10000,TRUE
100,"X",1.3,3,3,"P_n",0.8547,0.0035240305049758,16.7516811731464,20000,10000,TRUE
100,"X",1.3,3,3,"Hoeffding",0.1331,0.00339682778486046,0.0096558340612096,20000,10000,TRUE
100,"X",1.3,3,3,"dCov",0.1777,0.00382260003139225,0.230490515533587,5000,10000,FALSE
100,"X",1.3,3,3,"HHG",0.7672,0.00422615853938302,14303.6643067299,5000,10000,FALSE
100,"X",1.3,3,3,"Genest",0.1227,0.00328092532679426,0.0575572380000051,20000,10000,TRUE
100,"X",1.3,3,3,"MIC",0.0618,0.00240791943386817,0.299775092341389,20000,10000,TRUE
100,"X",1.3,3,3,"BET",0.2974,0.00457114033912764,32,20000,10000,TRUE
100,"X",1.3,3,3,"BEAST",0.3744,0.00483967602221471,0.468986315076844,20000,10000,TRUE
100,"X",1.3,3,3,"xi",0.1402,0.00347194412397435,0.122412241224122,20000,10000,TRUE
100,"X",1.3,3,3,"HHG_fast",0.7125,0.00452596674755792,0.106855044849179,20000,10000,TRUE
100,"X",1.4,3,3,"B_n",0.7812,0.00413432654733513,16.9276305269455,20000,10000,TRUE
100,"X",1.4,3,3,"P_n",0.7768,0.00416391354377105,16.7516811731464,20000,10000,TRUE
100,"X",1.4,3,3,"Hoeffding",0.123,0.00328437208610718,0.0096558340612096,20000,10000,TRUE
100,"X",1.4,3,3,"dCov",0.153,0.00359987499782979,0.230863530594091,5000,10000,FALSE
100,"X",1.4,3,3,"HHG",0.7196,0.00449194657136525,13814.4225561611,5000,10000,FALSE
100,"X",1.4,3,3,"Genest",0.1132,0.00316837119037527,0.0575572380000051,20000,10000,TRUE
100,"X",1.4,3,3,"MIC",0.0537,0.00225424732449658,0.299775092341389,20000,10000,TRUE
100,"X",1.4,3,3,"BET",0.2153,0.00411030303019133,32,20000,10000,TRUE
100,"X",1.4,3,3,"BEAST",0.294,0.00455591922667643,0.468986315076844,20000,10000,TRUE
100,"X",1.4,3,3,"xi",0.1216,0.00326823254986545,0.122412241224122,20000,10000,TRUE
100,"X",1.4,3,3,"HHG_fast",0.603,0.0048927599573247,0.106855044849179,20000,10000,TRUE
100,"X",1.5,3,3,"B_n",0.6854,0.00464356371766341,16.9276305269455,20000,10000,TRUE
100,"X",1.5,3,3,"P_n",0.6812,0.0046601133033436,16.7516811731464,20000,10000,TRUE
100,"X",1.5,3,3,"Hoeffding",0.1059,0.00307709587110964,0.0096558340612096,20000,10000,TRUE
100,"X",1.5,3,3,"dCov",0.119,0.00323788511222989,0.23503056964663,5000,10000,FALSE
100,"X",1.5,3,3,"HHG",0.5622,0.00496116075127585,14396.1673996368,5000,10000,FALSE
100,"X",1.5,3,3,"Genest",0.0978,0.00297044037139277,0.0575572380000051,20000,10000,TRUE
100,"X",1.5,3,3,"MIC",0.0566,0.00231076697224103,0.299775092341389,20000,10000,TRUE
100,"X",1.5,3,3,"BET",0.153,0.00359987499782979,32,20000,10000,TRUE
100,"X",1.5,3,3,"BEAST",0.2301,0.00420896650022307,0.468986315076844,20000,10000,TRUE
100,"X",1.5,3,3,"xi",0.1039,0.00305130775242354,0.122412241224122,20000,10000,TRUE
100,"X",1.5,3,3,"HHG_fast",0.4981,0.00499996389986968,0.106855044849179,20000,10000,TRUE
100,"X",1.6,3,3,"B_n",0.5899,0.00491851593471039,16.9276305269455,20000,10000,TRUE
100,"X",1.6,3,3,"P_n",0.5849,0.00492739271826389,16.7516811731464,20000,10000,TRUE
100,"X",1.6,3,3,"Hoeffding",0.102,0.00302648310750283,0.0096558340612096,20000,10000,TRUE
100,"X",1.6,3,3,"dCov",0.1136,0.00317324817812915,0.233147584299833,5000,10000,FALSE
100,"X",1.6,3,3,"HHG",0.4949,0.00499973989323445,14073.5151827537,5000,10000,FALSE
100,"X",1.6,3,3,"Genest",0.0924,0.00289589778825151,0.0575572380000051,20000,10000,TRUE
100,"X",1.6,3,3,"MIC",0.0539,0.00225820260384227,0.299775092341389,20000,10000,TRUE
100,"X",1.6,3,3,"BET",0.1157,0.00319864830827023,32,20000,10000,TRUE
100,"X",1.6,3,3,"BEAST",0.1982,0.00398643650394685,0.468986315076844,20000,10000,TRUE
100,"X",1.6,3,3,"xi",0.0932,0.00290712504031044,0.122412241224122,20000,10000,TRUE
100,"X",1.6,3,3,"HHG_fast",0.4086,0.00491575060392612,0.106855044849179,20000,10000,TRUE
100,"X",1.7,3,3,"B_n",0.5114,0.00499870023106007,16.9276305269455,20000,10000,TRUE
100,"X",1.7,3,3,"P_n",0.5078,0.00499939156298044,16.7516811731464,20000,10000,TRUE
100,"X",1.7,3,3,"Hoeffding",0.0955,0.0029390432116592,0.0096558340612096,20000,10000,TRUE
100,"X",1.7,3,3,"dCov",0.1036,0.00304740939159805,0.233905066458465,5000,10000,FALSE
100,"X",1.7,3,3,"HHG",0.406,0.0049108451411137,14288.8184915578,5000,10000,FALSE
100,"X",1.7,3,3,"Genest",0.0869,0.00281688462667536,0.0575572380000051,20000,10000,TRUE
100,"X",1.7,3,3,"MIC",0.0544,0.00226805290943576,0.299775092341389,20000,10000,TRUE
100,"X",1.7,3,3,"BET",0.0869,0.00281688462667536,32,20000,10000,TRUE
100,"X",1.7,3,3,"BEAST",0.1582,0.00364928431339626,0.468986315076844,20000,10000,TRUE
100,"X",1.7,3,3,"xi",0.0892,0.00285032208706314,0.122412241224122,20000,10000,TRUE
100,"X",1.7,3,3,"HHG_fast",0.3396,0.00473573478987158,0.106855044849179,20000,10000,TRUE
100,"X",1.8,3,3,"B_n",0.4435,0.00496797493955032,16.9276305269455,20000,10000,TRUE
100,"X",1.8,3,3,"P_n",0.4421,0.00496636275356523,16.7516811731464,20000,10000,TRUE
100,"X",1.8,3,3,"Hoeffding",0.0884,0.00283875747467092,0.0096558340612096,20000,10000,TRUE
100,"X",1.8,3,3,"dCov",0.0887,0.00284310235482298,0.2364005360558,5000,10000,FALSE
100,"X",1.8,3,3,"HHG",0.3229,0.00467584847915328,14500.5339616657,5000,10000,FALSE
100,"X",1.8,3,3,"Genest",0.0792,0.00270050661913649,0.0575572380000051,20000,10000,TRUE
100,"X",1.8,3,3,"MIC",0.0537,0.00225424732449658,0.299775092341389,20000,10000,TRUE
100,"X",1.8,3,3,"BET",0.0631,0.00243142735856945,32,20000,10000,TRUE
100,"X",1.8,3,3,"BEAST",0.1357,0.00342469721289343,0.468986315076844,20000,10000,TRUE
100,"X",1.8,3,3,"xi",0.0829,0.00275731010225546,0.122412241224122,20000,10000,TRUE
100,"X",1.8,3,3,"HHG_fast",0.2814,0.00449682154415761,0.106855044849179,20000,10000,TRUE
100,"X",1.9,3,3,"B_n",0.3763,0.00484456716332842,16.9276305269455,20000,10000,TRUE
100,"X",1.9,3,3,"P_n",0.3745,0.00483993543345363,16.7516811731464,20000,10000,TRUE
100,"X",1.9,3,3,"Hoeffding",0.0865,0.00281100960510632,0.0096558340612096,20000,10000,TRUE
100,"X",1.9,3,3,"dCov",0.0935,0.0029113184298527,0.234108675261491,5000,10000,FALSE
100,"X",1.9,3,3,"HHG",0.3018,0.00459038952595529,14159.8723317806,5000,10000,FALSE
100,"X",1.9,3,3,"Genest",0.0779,0.0026801416007368,0.0575572380000051,20000,10000,TRUE
100,"X",1.9,3,3,"MIC",0.0491,0.00216076815045021,0.299775092341389,20000,10000,TRUE
100,"X",1.9,3,3,"BET",0.0541,0.00226214919932351,32,20000,10000,TRUE
100,"X",1.9,3,3,"BEAST",0.1087,0.00311262445534311,0.468986315076844,20000,10000,TRUE
100,"X",1.9,3,3,"xi",0.0729,0.00259972286984594,0.122412241224122,20000,10000,TRUE
100,"X",1.9,3,3,"HHG_fast",0.2297,0.0042063988160896,0.106855044849179,20000,10000,TRUE
100,"X",2,3,3,"B_n",0.3243,0.00468112710786622,16.9276305269455,20000,10000,TRUE
100,"X",2,3,3,"P_n",0.3248,0.0046830007473841,16.7516811731464,20000,10000,TRUE
100,"X",2,3,3,"Hoeffding",0.078,0.00268171586861845,0.0096558340612096,20000,10000,TRUE
100,"X",2,3,3,"dCov",0.0817,0.00273907119294114,0.235880323574104,5000,10000,FALSE
100,"X",2,3,3,"HHG",0.2581,0.00437589293744717,14182.1872091945,5000,10000,FALSE
100,"X",2,3,3,"Genest",0.0734,0.00260791947728453,0.0575572380000051,20000,10000,TRUE
100,"X",2,3,3,"MIC",0.0503,0.0021856328602947,0.299775092341389,20000,10000,TRUE
100,"X",2,3,3,"BET",0.0488,0.00215449669296567,32,20000,10000,TRUE
100,"X",2,3,3,"BEAST",0.1086,0.00311136690218303,0.468986315076844,20000,10000,TRUE
100,"X",2,3,3,"xi",0.071,0.00256824843035093,0.122412241224122,20000,10000,TRUE
100,"X",2,3,3,"HHG_fast",0.2047,0.00403482230091983,0.106855044849179,20000,10000,TRUE
100,"diamond",0.1,3,3,"B_n",1,0,16.9276305269455,20000,10000,TRUE
100,"diamond",0.1,3,3,"P_n",1,0,16.7516811731464,20000,10000,TRUE
100,"diamond",0.1,3,3,"Hoeffding",0.6704,0.00470067909987483,0.0096558340612096,20000,10000,TRUE
100,"diamond",0.1,3,3,"dCov",0.5856,0.00492618148264962,0.235099505609883,5000,10000,FALSE
100,"diamond",0.1,3,3,"HHG",1,0,14263.9175081229,5000,10000,FALSE
100,"diamond",0.1,3,3,"Genest",0.2428,0.00428775185849181,0.0575572380000051,20000,10000,TRUE
100,"diamond",0.1,3,3,"MIC",0.4121,0.00492212951881602,0.299775092341389,20000,10000,TRUE
100,"diamond",0.1,3,3,"BET",0.015,0.00121552457811432,32,20000,10000,TRUE
100,"diamond",0.1,3,3,"BEAST",0.9888,0.00105235735375394,0.468986315076844,20000,10000,TRUE
100,"diamond",0.1,3,3,"xi",0.3885,0.00487409222317346,0.122412241224122,20000,10000,TRUE
100,"diamond",0.1,3,3,"HHG_fast",1,0,0.106855044849179,20000,10000,TRUE
100,"diamond",0.2,3,3,"B_n",1,0,16.9276305269455,20000,10000,TRUE
100,"diamond",0.2,3,3,"P_n",1,0,16.7516811731464,20000,10000,TRUE
100,"diamond",0.2,3,3,"Hoeffding",0.6008,0.00489733968599279,0.0096558340612096,20000,10000,TRUE
100,"diamond",0.2,3,3,"dCov",0.4613,0.00498500060180538,0.240004842856113,5000,10000,FALSE
100,"diamond",0.2,3,3,"HHG",1,0,14251.8244641268,5000,10000,FALSE
100,"diamond",0.2,3,3,"Genest",0.2183,0.00413092132580615,0.0575572380000051,20000,10000,TRUE
100,"diamond",0.2,3,3,"MIC",0.3535,0.00478056220543149,0.299775092341389,20000,10000,TRUE
100,"diamond",0.2,3,3,"BET",0.014,0.00117490425141796,32,20000,10000,TRUE
100,"diamond",0.2,3,3,"BEAST",0.9863,0.00116242462121206,0.468986315076844,20000,10000,TRUE
100,"diamond",0.2,3,3,"xi",0.364,0.00481148625686492,0.122412241224122,20000,10000,TRUE
100,"diamond",0.2,3,3,"HHG_fast",1,0,0.106855044849179,20000,10000,TRUE
100,"diamond",0.3,3,3,"B_n",0.9999,9.99949998749882e-05,16.9276305269455,20000,10000,TRUE
100,"diamond",0.3,3,3,"P_n",0.9999,9.99949998749882e-05,16.7516811731464,20000,10000,TRUE
100,"diamond",0.3,3,3,"Hoeffding",0.4888,0.00499874544260858,0.0096558340612096,20000,10000,TRUE
100,"diamond",0.3,3,3,"dCov",0.4405,0.00496447127094115,0.236605712146503,5000,10000,FALSE
100,"diamond",0.3,3,3,"HHG",0.9999,9.99949998749882e-05,13962.8345231693,5000,10000,FALSE
100,"diamond",0.3,3,3,"Genest",0.1868,0.00389750894803335,0.0575572380000051,20000,10000,TRUE
100,"diamond",0.3,3,3,"MIC",0.2834,0.00450648909906592,0.299775092341389,20000,10000,TRUE
100,"diamond",0.3,3,3,"BET",0.0098,0.000985086798206128,32,20000,10000,TRUE
100,"diamond",0.3,3,3,"BEAST",0.9752,0.00155515143957108,0.468986315076844,20000,10000,TRUE
100,"diamond",0.3,3,3,"xi",0.3227,0.00467509048040784,0.122412241224122,20000,10000,TRUE
100,"diamond",0.3,3,3,"HHG_fast",0.9997,0.000173179098045915,0.106855044849179,20000,10000,TRUE
100,"diamond",0.4,3,3,"B_n",0.9999,9.99949998749882e-05,16.9276305269455,20000,10000,TRUE
100,"diamond",0.4,3,3,"P_n",0.9999,9.99949998749882e-05,16.7516811731464,20000,10000,TRUE
100,"diamond",0.4,3,3,"Hoeffding",0.3728,0.00483549542446273,0.0096558340612096,20000,10000,TRUE
100,"diamond",0.4,3,3,"dCov",0.3687,0.004824523914336,0.236027799118451,5000,10000,FALSE
100,"diamond",0.4,3,3,"HHG",0.9998,0.0001414072133945,14220.0816401476,5000,10000,FALSE
100,"diamond",0.4,3,3,"Genest",0.1679,0.00373777460529658,0.0575572380000051,20000,10000,TRUE
100,"diamond",0.4,3,3,"MIC",0.2131,0.00409497728931431,0.299775092341389,20000,10000,TRUE
100,"diamond",0.4,3,3,"BET",0.0103,0.00100964894889263,32,20000,10000,TRUE
100,"diamond",0.4,3,3,"BEAST",0.9506,0.0021670173049609,0.468986315076844,20000,10000,TRUE
100,"diamond",0.4,3,3,"xi",0.2891,0.0045334444961861,0.122412241224122,20000,10000,TRUE
100,"diamond",0.4,3,3,"HHG_fast",0.9988,0.000346202253025595,0.106855044849179,20000,10000,TRUE
100,"diamond",0.5,3,3,"B_n",0.9996,0.000199959995999189,16.9276305269455,20000,10000,TRUE
100,"diamond",0.5,3,3,"P_n",0.9994,0.000244875478560032,16.7516811731464,20000,10000,TRUE
100,"diamond",0.5,3,3,"Hoeffding",0.2804,0.00449194657136525,0.0096558340612096,20000,10000,TRUE
100,"diamond",0.5,3,3,"dCov",0.2795,0.0044875355151798,0.237575616202412,5000,10000,FALSE
100,"diamond",0.5,3,3,"HHG",0.9996,0.000199959995999189,14092.1054262191,5000,10000,FALSE
100,"diamond",0.5,3,3,"Genest",0.1452,0.00352302370131113,0.0575572380000051,20000,10000,TRUE
100,"diamond",0.5,3,3,"MIC",0.1624,0.00368817353170916,0.299775092341389,20000,10000,TRUE
100,"diamond",0.5,3,3,"BET",0.0069,0.000827791640450663,32,20000,10000,TRUE
100,"diamond",0.5,3,3,"BEAST",0.914,0.00280364049050516,0.468986315076844,20000,10000,TRUE
100,"diamond",0.5,3,3,"xi",0.2595,0.0043836029701605,0.122412241224122,20000,10000,TRUE
100,"diamond",0.5,3,3,"HHG_fast",0.9975,0.000499374608885949,0.106855044849179,20000,10000,TRUE
100,"diamond",0.6,3,3,"B_n",0.9978,0.00046852534616603,16.9276305269455,20000,10000,TRUE
100,"diamond",0.6,3,3,"P_n",0.9974,0.000509238647394328,16.7516811731464,20000,10000,TRUE
100,"diamond",0.6,3,3,"Hoeffding",0.2087,0.00406379514739609,0.0096558340612096,20000,10000,TRUE
100,"diamond",0.6,3,3,"dCov",0.2297,0.0042063988160896,0.236353896637431,5000,10000,FALSE
100,"diamond",0.6,3,3,"HHG",0.9974,0.000509238647394328,14238.8579367817,5000,10000,FALSE
100,"diamond",0.6,3,3,"Genest",0.1238,0.00329353245012099,0.0575572380000051,20000,10000,TRUE
100,"diamond",0.6,3,3,"MIC",0.1292,0.00335421168085737,0.299775092341389,20000,10000,TRUE
100,"diamond",0.6,3,3,"BET",0.0082,0.000901818163489736,32,20000,10000,TRUE
100,"diamond",0.6,3,3,"BEAST",0.855,0.00352100837829165,0.468986315076844,20000,10000,TRUE
100,"diamond",0.6,3,3,"xi",0.2367,0.00425056596231608,0.122412241224122,20000,10000,TRUE
100,"diamond",0.6,3,3,"HHG_fast",0.9914,0.000923365583070977,0.106855044849179,20000,10000,TRUE
100,"diamond",0.7,3,3,"B_n",0.9924,0.000868460707228603,16.9276305269455,20000,10000,TRUE
100,"diamond",0.7,3,3,"P_n",0.9914,0.000923365583070977,16.7516811731464,20000,10000,TRUE
100,"diamond",0.7,3,3,"Hoeffding",0.1408,0.00347815123305471,0.0096558340612096,20000,10000,TRUE
100,"diamond",0.7,3,3,"dCov",0.1959,0.0039689191223808,0.233639278857529,5000,10000,FALSE
100,"diamond",0.7,3,3,"HHG",0.9915,0.000918027777357524,14095.4700700549,5000,10000,FALSE
100,"diamond",0.7,3,3,"Genest",0.1034,0.00304480606935811,0.0575572380000051,20000,10000,TRUE
100,"diamond",0.7,3,3,"MIC",0.1037,0.00304870972708128,0.299775092341389,20000,10000,TRUE
100,"diamond",0.7,3,3,"BET",0.0075,0.00086277169633687,32,20000,10000,TRUE
100,"diamond",0.7,3,3,"BEAST",0.7843,0.00411307075066792,0.468986315076844,20000,10000,TRUE
100,"diamond",0.7,3,3,"xi",0.1999,0.00399924980465087,0.122412241224122,20000,10000,TRUE
100,"diamond",0.7,3,3,"HHG_fast",0.9781,0.00146357063375841,0.106855044849179,20000,10000,TRUE
100,"diamond",0.8,3,3,"B_n",0.9799,0.00140342402715644,16.9276305269455,20000,10000,TRUE
100,"diamond",0.8,3,3,"P_n",0.9784,0.00145373450120715,16.7516811731464,20000,10000,TRUE
100,"diamond",0.8,3,3,"Hoeffding",0.1063,0.00308221203034444,0.0096558340612096,20000,10000,TRUE
100,"diamond",0.8,3,3,"dCov",0.1321,0.00338599453632164,0.236648636646896,5000,10000,FALSE
100,"diamond",0.8,3,3,"HHG",0.9795,0.00141703034547606,13945.9758225249,5000,10000,FALSE
100,"diamond",0.8,3,3,"Genest",0.0889,0.00284599349964121,0.0575572380000051,20000,10000,TRUE
100,"diamond",0.8,3,3,"MIC",0.0814,0.0027344842292469,0.299775092341389,20000,10000,TRUE
100,"diamond",0.8,3,3,"BET",0.0092,0.000954743944730732,32,20000,10000,TRUE
100,"diamond",0.8,3,3,"BEAST",0.7066,0.00455320151102496,0.468986315076844,20000,10000,TRUE
100,"diamond",0.8,3,3,"xi",0.1788,0.00383184759613427,0.122412241224122,20000,10000,TRUE
100,"diamond",0.8,3,3,"HHG_fast",0.9516,0.00214609971809327,0.106855044849179,20000,10000,TRUE
100,"diamond",0.9,3,3,"B_n",0.9478,0.00222430123859157,16.9276305269455,20000,10000,TRUE
100,"diamond",0.9,3,3,"P_n",0.9439,0.00230114732253283,16.7516811731464,20000,10000,TRUE
100,"diamond",0.9,3,3,"Hoeffding",0.0848,0.00278583847342232,0.0096558340612096,20000,10000,TRUE
100,"diamond",0.9,3,3,"dCov",0.1103,0.00313263323738991,0.235737820306749,5000,10000,FALSE
100,"diamond",0.9,3,3,"HHG",0.9448,0.00228370225730063,14028.3685677848,5000,10000,FALSE
100,"diamond",0.9,3,3,"Genest",0.0809,0.00272681480852661,0.0575572380000051,20000,10000,TRUE
100,"diamond",0.9,3,3,"MIC",0.0747,0.00262906656439125,0.299775092341389,20000,10000,TRUE
100,"diamond",0.9,3,3,"BET",0.0124,0.00110662730853707,32,20000,10000,TRUE
100,"diamond",0.9,3,3,"BEAST",0.6195,0.00485509783629537,0.468986315076844,20000,10000,TRUE
100,"diamond",0.9,3,3,"xi",0.158,0.00364741004001469,0.122412241224122,20000,10000,TRUE
100,"diamond",0.9,3,3,"HHG_fast",0.9003,0.00299599582776746,0.106855044849179,20000,10000,TRUE
100,"diamond",1,3,3,"B_n",0.8993,0.00300931071842042,16.9276305269455,20000,10000,TRUE
100,"diamond",1,3,3,"P_n",0.8947,0.00306939586889668,16.7516811731464,20000,10000,TRUE
100,"diamond",1,3,3,"Hoeffding",0.0725,0.00259313998850814,0.0096558340612096,20000,10000,TRUE
100,"diamond",1,3,3,"dCov",0.0886,0.00284165515149182,0.237324214672996,5000,10000,FALSE
100,"diamond",1,3,3,"HHG",0.886,0.00317811264746862,14303.4726547144,5000,10000,FALSE
100,"diamond",1,3,3,"Genest",0.0744,0.00262420730888396,0.0575572380000051,20000,10000,TRUE
100,"diamond",1,3,3,"MIC",0.0713,0.00257325299960964,0.299775092341389,20000,10000,TRUE
100,"diamond",1,3,3,"BET",0.0125,0.00111102430216445,32,20000,10000,TRUE
100,"diamond",1,3,3,"BEAST",0.5295,0.00499128991343921,0.468986315076844,20000,10000,TRUE
100,"diamond",1,3,3,"xi",0.141,0.00348021551056827,0.122412241224122,20000,10000,TRUE
100,"diamond",1,3,3,"HHG_fast",0.8361,0.00370184805198701,0.106855044849179,20000,10000,TRUE
100,"diamond",1.1,3,3,"B_n",0.821,0.00383352318370452,16.9276305269455,20000,10000,TRUE
100,"diamond",1.1,3,3,"P_n",0.8114,0.00391190541807953,16.7516811731464,20000,10000,TRUE
100,"diamond",1.1,3,3,"Hoeffding",0.0601,0.00237672021912551,0.0096558340612096,20000,10000,TRUE
100,"diamond",1.1,3,3,"dCov",0.0891,0.00284888030636599,0.233622194776969,5000,10000,FALSE
100,"diamond",1.1,3,3,"HHG",0.821,0.00383352318370452,14160.2368720659,5000,10000,FALSE
100,"diamond",1.1,3,3,"Genest",0.0696,0.00254471688012635,0.0575572380000051,20000,10000,TRUE
100,"diamond",1.1,3,3,"MIC",0.0674,0.00250713461944109,0.299775092341389,20000,10000,TRUE
100,"diamond",1.1,3,3,"BET",0.0127,0.0011197638143823,32,20000,10000,TRUE
100,"diamond",1.1,3,3,"BEAST",0.4458,0.00497053679193706,0.468986315076844,20000,10000,TRUE
100,"diamond",1.1,3,3,"xi",0.1322,0.00338708074896363,0.122412241224122,20000,10000,TRUE
100,"diamond",1.1,3,3,"HHG_fast",0.7561,0.00429433103055645,0.106855044849179,20000,10000,TRUE
100,"diamond",1.2,3,3,"B_n",0.7375,0.00439992897669951,16.9276305269455,20000,10000,TRUE
100,"diamond",1.2,3,3,"P_n",0.7281,0.00444938636218524,16.7516811731464,20000,10000,TRUE
100,"diamond",1.2,3,3,"Hoeffding",0.0539,0.00225820260384227,0.0096558340612096,20000,10000,TRUE
100,"diamond",1.2,3,3,"dCov",0.0768,0.00266273844002748,0.234063962052996,5000,10000,FALSE
100,"diamond",1.2,3,3,"HHG",0.7542,0.00430560518394337,13942.5877677005,5000,10000,FALSE
100,"diamond",1.2,3,3,"Genest",0.064,0.00244752936652454,0.0575572380000051,20000,10000,TRUE
100,"diamond",1.2,3,3,"MIC",0.0613,0.00239879782391097,0.299775092341389,20000,10000,TRUE
100,"diamond",1.2,3,3,"BET",0.0125,0.00111102430216445,32,20000,10000,TRUE
100,"diamond",1.2,3,3,"BEAST",0.3785,0.00485013144151785,0.468986315076844,20000,10000,TRUE
100,"diamond",1.2,3,3,"xi",0.1102,0.00313138882925771,0.122412241224122,20000,10000,TRUE
100,"diamond",1.2,3,3,"HHG_fast",0.6615,0.00473199482248237,0.106855044849179,20000,10000,TRUE
100,"diamond",1.3,3,3,"B_n",0.6447,0.00478604126601516,16.9276305269455,20000,10000,TRUE
100,"diamond",1.3,3,3,"P_n",0.6343,0.00481625902542627,16.7516811731464,20000,10000,TRUE
100,"diamond",1.3,3,3,"Hoeffding",0.0478,0.00213342822705616,0.0096558340612096,20000,10000,TRUE
100,"diamond",1.3,3,3,"dCov",0.0624,0.00241880631717382,0.235427713558048,5000,10000,FALSE
100,"diamond",1.3,3,3,"HHG",0.6468,0.00477964182758499,14101.0182674535,5000,10000,FALSE
100,"diamond",1.3,3,3,"Genest",0.058,0.00233743449106066,0.0575572380000051,20000,10000,TRUE
100,"diamond",1.3,3,3,"MIC",0.0602,0.00237857015872982,0.299775092341389,20000,10000,TRUE
100,"diamond",1.3,3,3,"BET",0.0119,0.00108436110221642,32,20000,10000,TRUE
100,"diamond",1.3,3,3,"BEAST",0.315,0.00464515877016061,0.468986315076844,20000,10000,TRUE
100,"diamond",1.3,3,3,"xi",0.1045,0.00305908074427597,0.122412241224122,20000,10000,TRUE
100,"diamond",1.3,3,3,"HHG_fast",0.5797,0.00493607040063247,0.106855044849179,20000,10000,TRUE
100,"diamond",1.4,3,3,"B_n",0.5386,0.00498507813379088,16.9276305269455,20000,10000,TRUE
100,"diamond",1.4,3,3,"P_n",0.529,0.00499158291526846,16.7516811731464,20000,10000,TRUE
100,"diamond",1.4,3,3,"Hoeffding",0.0437,0.00204426783959441,0.0096558340612096,20000,10000,TRUE
100,"diamond",1.4,3,3,"dCov",0.0548,0.0022758945494025,0.236738051607321,5000,10000,FALSE
100,"diamond",1.4,3,3,"HHG",0.5291,0.00499152471695774,14315.5740418693,5000,10000,FALSE
100,"diamond",1.4,3,3,"Genest",0.0561,0.00230114732253283,0.0575572380000051,20000,10000,TRUE
100,"diamond",1.4,3,3,"MIC",0.057,0.00231842619032826,0.299775092341389,20000,10000,TRUE
100,"diamond",1.4,3,3,"BET",0.0109,0.00103832509360027,32,20000,10000,TRUE
100,"diamond",1.4,3,3,"BEAST",0.2629,0.00440208575563902,0.468986315076844,20000,10000,TRUE
100,"diamond",1.4,3,3,"xi",0.0913,0.00288035258258429,0.122412241224122,20000,10000,TRUE
100,"diamond",1.4,3,3,"HHG_fast",0.4973,0.00499992709946855,0.106855044849179,20000,10000,TRUE
100,"diamond",1.5,3,3,"B_n",0.4638,0.00498687838231493,16.9276305269455,20000,10000,TRUE
100,"diamond",1.5,3,3,"P_n",0.4562,0.00498077865398574,16.7516811731464,20000,10000,TRUE
100,"diamond",1.5,3,3,"Hoeffding",0.0459,0.00209268225012781,0.0096558340612096,20000,10000,TRUE
100,"diamond",1.5,3,3,"dCov",0.0612,0.00239696808489391,0.232177751156791,5000,10000,FALSE
100,"diamond",1.5,3,3,"HHG",0.4994,0.0049999963999987,13924.8009191522,5000,10000,FALSE
100,"diamond",1.5,3,3,"Genest",0.0533,0.00224631053062572,0.0575572380000051,20000,10000,TRUE
100,"diamond",1.5,3,3,"MIC",0.0581,0.00233932447514234,0.299775092341389,20000,10000,TRUE
100,"diamond",1.5,3,3,"BET",0.0137,0.00116242462121206,32,20000,10000,TRUE
100,"diamond",1.5,3,3,"BEAST",0.2309,0.00421408578460382,0.468986315076844,20000,10000,TRUE
100,"diamond",1.5,3,3,"xi",0.0933,0.00290852385240348,0.122412241224122,20000,10000,TRUE
100,"diamond",1.5,3,3,"HHG_fast",0.4286,0.00494875782393926,0.106855044849179,20000,10000,TRUE
100,"diamond",1.6,3,3,"B_n",0.3851,0.00486618937157197,16.9276305269455,20000,10000,TRUE
100,"diamond",1.6,3,3,"P_n",0.3777,0.00484812035741688,16.7516811731464,20000,10000,TRUE
100,"diamond",1.6,3,3,"Hoeffding",0.0452,0.00207742532958468,0.0096558340612096,20000,10000,TRUE
100,"diamond",1.6,3,3,"dCov",0.0553,0.00228564892317259,0.233980599129371,5000,10000,FALSE
100,"diamond",1.6,3,3,"HHG",0.3964,0.00489149302360741,14142.6768841512,5000,10000,FALSE
100,"diamond",1.6,3,3,"Genest",0.0583,0.00234309858947506,0.0575572380000051,20000,10000,TRUE
100,"diamond",1.6,3,3,"MIC",0.0547,0.00227393733422889,0.299775092341389,20000,10000,TRUE
100,"diamond",1.6,3,3,"BET",0.0123,0.00110221186711086,32,20000,10000,TRUE
100,"diamond",1.6,3,3,"BEAST",0.1927,0.00394419459459089,0.468986315076844,20000,10000,TRUE
100,"diamond",1.6,3,3,"xi",0.0842,0.00277687522225973,0.122412241224122,20000,10000,TRUE
100,"diamond",1.6,3,3,"HHG_fast",0.3615,0.00480434959177619,0.106855044849179,20000,10000,TRUE
100,"diamond",1.7,3,3,"B_n",0.3202,0.00466553276700529,16.9276305269455,20000,10000,TRUE
100,"diamond",1.7,3,3,"P_n",0.3153,0.00464635244035577,16.7516811731464,20000,10000,TRUE
100,"diamond",1.7,3,3,"Hoeffding",0.0412,0.0019875250941812,0.0096558340612096,20000,10000,TRUE
100,"diamond",1.7,3,3,"dCov",0.0596,0.00236744250194171,0.231549870326837,5000,10000,FALSE
100,"diamond",1.7,3,3,"HHG",0.332,0.00470930992821666,14131.0799394116,5000,10000,FALSE
100,"diamond",1.7,3,3,"Genest",0.0553,0.00228564892317259,0.0575572380000051,20000,10000,TRUE
100,"diamond",1.7,3,3,"MIC",0.0561,0.00230114732253283,0.299775092341389,20000,10000,TRUE
100,"diamond",1.7,3,3,"BET",0.0126,0.00111540306616039,32,20000,10000,TRUE
100,"diamond",1.7,3,3,"BEAST",0.1696,0.00375281014707645,0.468986315076844,20000,10000,TRUE
100,"diamond",1.7,3,3,"xi",0.0785,0.00268956780914704,0.122412241224122,20000,10000,TRUE
100,"diamond",1.7,3,3,"HHG_fast",0.3062,0.00460913831426222,0.106855044849179,20000,10000,TRUE
100,"diamond",1.8,3,3,"B_n",0.2673,0.00442550234436725,16.9276305269455,20000,10000,TRUE
100,"diamond",1.8,3,3,"P_n",0.2633,0.00440423784553014,16.7516811731464,20000,10000,TRUE
100,"diamond",1.8,3,3,"Hoeffding",0.0401,0.00196193756271702,0.0096558340612096,20000,10000,TRUE
100,"diamond",1.8,3,3,"dCov",0.0456,0.00208616010890823,0.234818459317224,5000,10000,FALSE
100,"diamond",1.8,3,3,"HHG",0.2695,0.00443700067613247,14198.325180074,5000,10000,FALSE
100,"diamond",1.8,3,3,"Genest",0.0467,0.00210995521279481,0.0575572380000051,20000,10000,TRUE
100,"diamond",1.8,3,3,"MIC",0.0485,0.00214820273717357,0.299775092341389,20000,10000,TRUE
100,"diamond",1.8,3,3,"BET",0.0117,0.00107531902243009,32,20000,10000,TRUE
100,"diamond",1.8,3,3,"BEAST",0.1512,0.00358243715925346,0.468986315076844,20000,10000,TRUE
100,"diamond",1.8,3,3,"xi",0.0738,0.00261445137648418,0.122412241224122,20000,10000,TRUE
100,"diamond",1.8,3,3,"HHG_fast",0.2605,0.00438907450381057,0.106855044849179,20000,10000,TRUE
100,"diamond",1.9,3,3,"B_n",0.231,0.00421472419026441,16.9276305269455,20000,10000,TRUE
100,"diamond",1.9,3,3,"P_n",0.2266,0.00418631628045469,16.7516811731464,20000,10000,TRUE
100,"diamond",1.9,3,3,"Hoeffding",0.0388,0.0019311799501859,0.0096558340612096,20000,10000,TRUE
100,"diamond",1.9,3,3,"dCov",0.0432,0.00203307058411655,0.235070072543465,5000,10000,FALSE
100,"diamond",1.9,3,3,"HHG",0.2523,0.00434332487847732,13975.0149574552,5000,10000,FALSE
100,"diamond",1.9,3,3,"Genest",0.0466,0.00210780549387272,0.0575572380000051,20000,10000,TRUE
100,"diamond",1.9,3,3,"MIC",0.0563,0.00230500130151807,0.299775092341389,20000,10000,TRUE
100,"diamond",1.9,3,3,"BET",0.0125,0.00111102430216445,32,20000,10000,TRUE
100,"diamond",1.9,3,3,"BEAST",0.1289,0.00335089226923218,0.468986315076844,20000,10000,TRUE
100,"diamond",1.9,3,3,"xi",0.0678,0.00251402386623516,0.122412241224122,20000,10000,TRUE
100,"diamond",1.9,3,3,"HHG_fast",0.2249,0.00417516454765558,0.106855044849179,20000,10000,TRUE
100,"diamond",2,3,3,"B_n",0.1977,0.00398264623083698,16.9276305269455,20000,10000,TRUE
100,"diamond",2,3,3,"P_n",0.1953,0.00396431469487476,16.7516811731464,20000,10000,TRUE
100,"diamond",2,3,3,"Hoeffding",0.0418,0.00200131856534636,0.0096558340612096,20000,10000,TRUE
100,"diamond",2,3,3,"dCov",0.0523,0.00222631332026739,0.231971321480968,5000,10000,FALSE
100,"diamond",2,3,3,"HHG",0.2247,0.00417384606807678,13952.0147731829,5000,10000,FALSE
100,"diamond",2,3,3,"Genest",0.0509,0.00219793516737869,0.0575572380000051,20000,10000,TRUE
100,"diamond",2,3,3,"MIC",0.0511,0.0022020170299069,0.299775092341389,20000,10000,TRUE
100,"diamond",2,3,3,"BET",0.0122,0.00109777775528565,32,20000,10000,TRUE
100,"diamond",2,3,3,"BEAST",0.1204,0.00325428701868781,0.468986315076844,20000,10000,TRUE
100,"diamond",2,3,3,"xi",0.0635,0.00243860103337959,0.122412241224122,20000,10000,TRUE
100,"diamond",2,3,3,"HHG_fast",0.2029,0.00402158662719082,0.106855044849179,20000,10000,TRUE
100,"heteroscedastic",0.1,3,3,"B_n",1,0,16.9276305269455,20000,10000,TRUE
100,"heteroscedastic",0.1,3,3,"P_n",1,0,16.7516811731464,20000,10000,TRUE
100,"heteroscedastic",0.1,3,3,"Hoeffding",0.9996,0.000199959995999189,0.0096558340612096,20000,10000,TRUE
100,"heteroscedastic",0.1,3,3,"dCov",1,0,0.245500576860745,5000,10000,FALSE
100,"heteroscedastic",0.1,3,3,"HHG",1,0,14079.3307803287,5000,10000,FALSE
100,"heteroscedastic",0.1,3,3,"Genest",0.9985,0.00038700775186034,0.0575572380000051,20000,10000,TRUE
100,"heteroscedastic",0.1,3,3,"MIC",0.9899,0.000999899494949367,0.299775092341389,20000,10000,TRUE
100,"heteroscedastic",0.1,3,3,"BET",0.9541,0.00209268225012781,32,20000,10000,TRUE
100,"heteroscedastic",0.1,3,3,"BEAST",0.9874,0.00111540306616039,0.468986315076844,20000,10000,TRUE
100,"heteroscedastic",0.1,3,3,"xi",0.9821,0.00132588046218353,0.122412241224122,20000,10000,TRUE
100,"heteroscedastic",0.1,3,3,"HHG_fast",1,0,0.106855044849179,20000,10000,TRUE
100,"heteroscedastic",0.2,3,3,"B_n",0.9997,0.000173179098045915,16.9276305269455,20000,10000,TRUE
100,"heteroscedastic",0.2,3,3,"P_n",0.9996,0.000199959995999189,16.7516811731464,20000,10000,TRUE
100,"heteroscedastic",0.2,3,3,"Hoeffding",0.9965,0.000590571756859397,0.0096558340612096,20000,10000,TRUE
100,"heteroscedastic",0.2,3,3,"dCov",0.9998,0.0001414072133945,0.244837740239654,5000,10000,FALSE
100,"heteroscedastic",0.2,3,3,"HHG",1,0,14133.996588552,5000,10000,FALSE
100,"heteroscedastic",0.2,3,3,"Genest",0.9942,0.000759365524632244,0.0575572380000051,20000,10000,TRUE
100,"heteroscedastic",0.2,3,3,"MIC",0.9726,0.0016324594941376,0.299775092341389,20000,10000,TRUE
100,"heteroscedastic",0.2,3,3,"BET",0.8902,0.00312640304503434,32,20000,10000,TRUE
100,"heteroscedastic",0.2,3,3,"BEAST",0.9483,0.00221420662992414,0.468986315076844,20000,10000,TRUE
100,"heteroscedastic",0.2,3,3,"xi",0.9469,0.0022423289232403,0.122412241224122,20000,10000,TRUE
100,"heteroscedastic",0.2,3,3,"HHG_fast",0.9996,0.000199959995999189,0.106855044849179,20000,10000,TRUE
100,"heteroscedastic",0.3,3,3,"B_n",0.9973,0.000518913287553907,16.9276305269455,20000,10000,TRUE
100,"heteroscedastic",0.3,3,3,"P_n",0.9968,0.000564779603031128,16.7516811731464,20000,10000,TRUE
100,"heteroscedastic",0.3,3,3,"Hoeffding",0.9663,0.00180455839473263,0.0096558340612096,20000,10000,TRUE
100,"heteroscedastic",0.3,3,3,"dCov",0.9983,0.000411959949509662,0.245933300109865,5000,10000,FALSE
100,"heteroscedastic",0.3,3,3,"HHG",0.9997,0.000173179098045915,13959.749907811,5000,10000,FALSE
100,"heteroscedastic",0.3,3,3,"Genest",0.959,0.00198290191386261,0.0575572380000051,20000,10000,TRUE
100,"heteroscedastic",0.3,3,3,"MIC",0.9284,0.00257824436390347,0.299775092341389,20000,10000,TRUE
100,"heteroscedastic",0.3,3,3,"BET",0.7436,0.00436645210668799,32,20000,10000,TRUE
100,"heteroscedastic",0.3,3,3,"BEAST",0.846,0.00360948749824681,0.468986315076844,20000,10000,TRUE
100,"heteroscedastic",0.3,3,3,"xi",0.8679,0.00338599453632164,0.122412241224122,20000,10000,TRUE
100,"heteroscedastic",0.3,3,3,"HHG_fast",0.9981,0.000435475602072035,0.106855044849179,20000,10000,TRUE
100,"heteroscedastic",0.4,3,3,"B_n",0.9865,0.0011540255629751,16.9276305269455,20000,10000,TRUE
100,"heteroscedastic",0.4,3,3,"P_n",0.9856,0.00119132867001512,16.7516811731464,20000,10000,TRUE
100,"heteroscedastic",0.4,3,3,"Hoeffding",0.8802,0.00324727516542716,0.0096558340612096,20000,10000,TRUE
100,"heteroscedastic",0.4,3,3,"dCov",0.9944,0.00074623320751626,0.241075962806606,5000,10000,FALSE
100,"heteroscedastic",0.4,3,3,"HHG",0.9987,0.00036032069049667,13944.6182329871,5000,10000,FALSE
100,"heteroscedastic",0.4,3,3,"Genest",0.8659,0.00340759724732839,0.0575572380000051,20000,10000,TRUE
100,"heteroscedastic",0.4,3,3,"MIC",0.8451,0.00361809328237955,0.299775092341389,20000,10000,TRUE
100,"heteroscedastic",0.4,3,3,"BET",0.5766,0.0049409760169424,32,20000,10000,TRUE
100,"heteroscedastic",0.4,3,3,"BEAST",0.7105,0.00453530318721913,0.468986315076844,20000,10000,TRUE
100,"heteroscedastic",0.4,3,3,"xi",0.7516,0.00432084991639376,0.122412241224122,20000,10000,TRUE
100,"heteroscedastic",0.4,3,3,"HHG_fast",0.9883,0.00107531902243009,0.106855044849179,20000,10000,TRUE
100,"heteroscedastic",0.5,3,3,"B_n",0.9484,0.00221218082443547,16.9276305269455,20000,10000,TRUE
100,"heteroscedastic",0.5,3,3,"P_n",0.9463,0.00225424732449658,16.7516811731464,20000,10000,TRUE
100,"heteroscedastic",0.5,3,3,"Hoeffding",0.7353,0.00441173333282963,0.0096558340612096,20000,10000,TRUE
100,"heteroscedastic",0.5,3,3,"dCov",0.9693,0.00172503652135252,0.243016507376607,5000,10000,FALSE
100,"heteroscedastic",0.5,3,3,"HHG",0.9911,0.000939190608982012,14110.5033654361,5000,10000,FALSE
100,"heteroscedastic",0.5,3,3,"Genest",0.718,0.00449973332543163,0.0575572380000051,20000,10000,TRUE
100,"heteroscedastic",0.5,3,3,"MIC",0.7299,0.00444011249857478,0.299775092341389,20000,10000,TRUE
100,"heteroscedastic",0.5,3,3,"BET",0.4096,0.00491759941434843,32,20000,10000,TRUE
100,"heteroscedastic",0.5,3,3,"BEAST",0.5694,0.00495160216495631,0.468986315076844,20000,10000,TRUE
100,"heteroscedastic",0.5,3,3,"xi",0.6215,0.00485013144151785,0.122412241224122,20000,10000,TRUE
100,"heteroscedastic",0.5,3,3,"HHG_fast",0.9531,0.00211424667434999,0.106855044849179,20000,10000,TRUE
100,"heteroscedastic",0.6,3,3,"B_n",0.8887,0.00314503275022693,16.9276305269455,20000,10000,TRUE
100,"heteroscedastic",0.6,3,3,"P_n",0.8839,0.00320344798615492,16.7516811731464,20000,10000,TRUE
100,"heteroscedastic",0.6,3,3,"Hoeffding",0.571,0.00494933328843391,0.0096558340612096,20000,10000,TRUE
100,"heteroscedastic",0.6,3,3,"dCov",0.9181,0.00274212308257671,0.243035916184046,5000,10000,FALSE
100,"heteroscedastic",0.6,3,3,"HHG",0.9705,0.0016920328011005,14079.4743469249,5000,10000,FALSE
100,"heteroscedastic",0.6,3,3,"Genest",0.5624,0.004960909594016,0.0575572380000051,20000,10000,TRUE
100,"heteroscedastic",0.6,3,3,"MIC",0.581,0.00493395378981198,0.299775092341389,20000,10000,TRUE
100,"heteroscedastic",0.6,3,3,"BET",0.2757,0.00446866322293368,32,20000,10000,TRUE
100,"heteroscedastic",0.6,3,3,"BEAST",0.4313,0.00495257821745402,0.468986315076844,20000,10000,TRUE
100,"heteroscedastic",0.6,3,3,"xi",0.4931,0.00499952387733072,0.122412241224122,20000,10000,TRUE
100,"heteroscedastic",0.6,3,3,"HHG_fast",0.8858,0.00318054020568834,0.106855044849179,20000,10000,TRUE
100,"heteroscedastic",0.7,3,3,"B_n",0.8064,0.00395119020043328,16.9276305269455,20000,10000,TRUE
100,"heteroscedastic",0.7,3,3,"P_n",0.8024,0.00398188698985795,16.7516811731464,20000,10000,TRUE
100,"heteroscedastic",0.7,3,3,"Hoeffding",0.4383,0.00496178506185022,0.0096558340612096,20000,10000,TRUE
100,"heteroscedastic",0.7,3,3,"dCov",0.8558,0.00351292413809351,0.23893814555755,5000,10000,FALSE
100,"heteroscedastic",0.7,3,3,"HHG",0.9269,0.00260300576257526,14127.6478648129,5000,10000,FALSE
100,"heteroscedastic",0.7,3,3,"Genest",0.4281,0.00494803385194564,0.0575572380000051,20000,10000,TRUE
100,"heteroscedastic",0.7,3,3,"MIC",0.4609,0.004984688455661,0.299775092341389,20000,10000,TRUE
100,"heteroscedastic",0.7,3,3,"BET",0.1855,0.0038870264984947,32,20000,10000,TRUE
100,"heteroscedastic",0.7,3,3,"BEAST",0.3296,0.00470067909987483,0.468986315076844,20000,10000,TRUE
100,"heteroscedastic",0.7,3,3,"xi",0.3825,0.00485997685179672,0.122412241224122,20000,10000,TRUE
100,"heteroscedastic",0.7,3,3,"HHG_fast",0.792,0.00405876828606906,0.106855044849179,20000,10000,TRUE
100,"heteroscedastic",0.8,3,3,"B_n",0.7073,0.00455001879116999,16.9276305269455,20000,10000,TRUE
100,"heteroscedastic",0.8,3,3,"P_n",0.7022,0.00457291110781743,16.7516811731464,20000,10000,TRUE
100,"heteroscedastic",0.8,3,3,"Hoeffding",0.3225,0.00467433150300661,0.0096558340612096,20000,10000,TRUE
100,"heteroscedastic",0.8,3,3,"dCov",0.7306,0.00443648103793987,0.242162684525499,5000,10000,FALSE
100,"heteroscedastic",0.8,3,3,"HHG",0.8628,0.00344058367141391,14061.8063372864,5000,10000,FALSE
100,"heteroscedastic",0.8,3,3,"Genest",0.3188,0.0046601133033436,0.0575572380000051,20000,10000,TRUE
100,"heteroscedastic",0.8,3,3,"MIC",0.3575,0.00479263758279301,0.299775092341389,20000,10000,TRUE
100,"heteroscedastic",0.8,3,3,"BET",0.126,0.00331849363416596,32,20000,10000,TRUE
100,"heteroscedastic",0.8,3,3,"BEAST",0.2572,0.00437090562698395,0.468986315076844,20000,10000,TRUE
100,"heteroscedastic",0.8,3,3,"xi",0.2972,0.00457025338466042,0.122412241224122,20000,10000,TRUE
100,"heteroscedastic",0.8,3,3,"HHG_fast",0.6897,0.0046261637454807,0.106855044849179,20000,10000,TRUE
100,"heteroscedastic",0.9,3,3,"B_n",0.6097,0.00487817496611181,16.9276305269455,20000,10000,TRUE
100,"heteroscedastic",0.9,3,3,"P_n",0.6047,0.00488915033518095,16.7516811731464,20000,10000,TRUE
100,"heteroscedastic",0.9,3,3,"Hoeffding",0.2527,0.00434560364046239,0.0096558340612096,20000,10000,TRUE
100,"heteroscedastic",0.9,3,3,"dCov",0.6509,0.00476685630158913,0.237856845793446,5000,10000,FALSE
100,"heteroscedastic",0.9,3,3,"HHG",0.8003,0.00399774824119779,13843.4993004478,5000,10000,FALSE
100,"heteroscedastic",0.9,3,3,"Genest",0.2499,0.0043295495146724,0.0575572380000051,20000,10000,TRUE
100,"heteroscedastic",0.9,3,3,"MIC",0.2721,0.00445041110460596,0.299775092341389,20000,10000,TRUE
100,"heteroscedastic",0.9,3,3,"BET",0.0957,0.00294179384049936,32,20000,10000,TRUE
100,"heteroscedastic",0.9,3,3,"BEAST",0.208,0.00405876828606906,0.468986315076844,20000,10000,TRUE
100,"heteroscedastic",0.9,3,3,"xi",0.2414,0.00427932284362842,0.122412241224122,20000,10000,TRUE
100,"heteroscedastic",0.9,3,3,"HHG_fast",0.5757,0.0049423628964292,0.106855044849179,20000,10000,TRUE
100,"heteroscedastic",1,3,3,"B_n",0.5264,0.00499302553568475,16.9276305269455,20000,10000,TRUE
100,"heteroscedastic",1,3,3,"P_n",0.5211,0.00499554591611367,16.7516811731464,20000,10000,TRUE
100,"heteroscedastic",1,3,3,"Hoeffding",0.1994,0.00399549296082473,0.0096558340612096,20000,10000,TRUE
100,"heteroscedastic",1,3,3,"dCov",0.5386,0.00498507813379088,0.238566583566407,5000,10000,FALSE
100,"heteroscedastic",1,3,3,"HHG",0.7074,0.00454956305594284,13891.4821078271,5000,10000,FALSE
100,"heteroscedastic",1,3,3,"Genest",0.1969,0.00397656120284851,0.0575572380000051,20000,10000,TRUE
100,"heteroscedastic",1,3,3,"MIC",0.2041,0.00403042417122565,0.299775092341389,20000,10000,TRUE
100,"heteroscedastic",1,3,3,"BET",0.0784,0.002688,32,20000,10000,TRUE
100,"heteroscedastic",1,3,3,"BEAST",0.1761,0.00380905224432535,0.468986315076844,20000,10000,TRUE
100,"heteroscedastic",1,3,3,"xi",0.1938,0.00395274031527496,0.122412241224122,20000,10000,TRUE
100,"heteroscedastic",1,3,3,"HHG_fast",0.4805,0.00499619605299872,0.106855044849179,20000,10000,TRUE
100,"heteroscedastic",1.1,3,3,"B_n",0.4512,0.00497612861570117,16.9276305269455,20000,10000,TRUE
100,"heteroscedastic",1.1,3,3,"P_n",0.4471,0.0049719371476317,16.7516811731464,20000,10000,TRUE
100,"heteroscedastic",1.1,3,3,"Hoeffding",0.1576,0.00364365530751744,0.0096558340612096,20000,10000,TRUE
100,"heteroscedastic",1.1,3,3,"dCov",0.44,0.00496386945839634,0.239680162045957,5000,10000,FALSE
100,"heteroscedastic",1.1,3,3,"HHG",0.6099,0.00487772477698363,13981.1777160944,5000,10000,FALSE
100,"heteroscedastic",1.1,3,3,"Genest",0.1562,0.00363044845714686,0.0575572380000051,20000,10000,TRUE
100,"heteroscedastic",1.1,3,3,"MIC",0.1677,0.00373599665417409,0.299775092341389,20000,10000,TRUE
100,"heteroscedastic",1.1,3,3,"BET",0.0586,0.00234874519690834,32,20000,10000,TRUE
100,"heteroscedastic",1.1,3,3,"BEAST",0.1457,0.00352805201208826,0.468986315076844,20000,10000,TRUE
100,"heteroscedastic",1.1,3,3,"xi",0.1565,0.00363328707921628,0.122412241224122,20000,10000,TRUE
100,"heteroscedastic",1.1,3,3,"HHG_fast",0.4013,0.00490161514197106,0.106855044849179,20000,10000,TRUE
100,"heteroscedastic",1.2,3,3,"B_n",0.3825,0.00485997685179672,16.9276305269455,20000,10000,TRUE
100,"heteroscedastic",1.2,3,3,"P_n",0.3794,0.00485237714939801,16.7516811731464,20000,10000,TRUE
100,"heteroscedastic",1.2,3,3,"Hoeffding",0.1356,0.00342363315791865,0.0096558340612096,20000,10000,TRUE
100,"heteroscedastic",1.2,3,3,"dCov",0.3782,0.00484937892930631,0.236931982157396,5000,10000,FALSE
100,"heteroscedastic",1.2,3,3,"HHG",0.5271,0.00499265049848275,13973.6685727513,5000,10000,FALSE
100,"heteroscedastic",1.2,3,3,"Genest",0.1282,0.00334312368900703,0.0575572380000051,20000,10000,TRUE
100,"heteroscedastic",1.2,3,3,"MIC",0.1406,0.00347608457894799,0.299775092341389,20000,10000,TRUE
100,"heteroscedastic",1.2,3,3,"BET",0.047,0.00211638843315682,32,20000,10000,TRUE
100,"heteroscedastic",1.2,3,3,"BEAST",0.1199,0.00324844562829671,0.468986315076844,20000,10000,TRUE
100,"heteroscedastic",1.2,3,3,"xi",0.1386,0.00345528638465757,0.122412241224122,20000,10000,TRUE
100,"heteroscedastic",1.2,3,3,"HHG_fast",0.338,0.00473028540365167,0.106855044849179,20000,10000,TRUE
100,"heteroscedastic",1.3,3,3,"B_n",0.3375,0.00472857007984443,16.9276305269455,20000,10000,TRUE
100,"heteroscedastic",1.3,3,3,"P_n",0.335,0.00471990466005406,16.7516811731464,20000,10000,TRUE
100,"heteroscedastic",1.3,3,3,"Hoeffding",0.1181,0.00322726494109176,0.0096558340612096,20000,10000,TRUE
100,"heteroscedastic",1.3,3,3,"dCov",0.3085,0.00461874171176523,0.239482725967809,5000,10000,FALSE
100,"heteroscedastic",1.3,3,3,"HHG",0.4506,0.00497553655398089,14125.3687951531,5000,10000,FALSE
100,"heteroscedastic",1.3,3,3,"Genest",0.1179,0.00322489674253301,0.0575572380000051,20000,10000,TRUE
100,"heteroscedastic",1.3,3,3,"MIC",0.1202,0.00325195264418165,0.299775092341389,20000,10000,TRUE
100,"heteroscedastic",1.3,3,3,"BET",0.0409,0.0019805855194866,32,20000,10000,TRUE
100,"heteroscedastic",1.3,3,3,"BEAST",0.1141,0.00317932681553816,0.468986315076844,20000,10000,TRUE
100,"heteroscedastic",1.3,3,3,"xi",0.1191,0.00323906143813297,0.122412241224122,20000,10000,TRUE
100,"heteroscedastic",1.3,3,3,"HHG_fast",0.2824,0.00450166902381772,0.106855044849179,20000,10000,TRUE
100,"heteroscedastic",1.4,3,3,"B_n",0.2815,0.00449730752784374,16.9276305269455,20000,10000,TRUE
100,"heteroscedastic",1.4,3,3,"P_n",0.2793,0.00448655223974936,16.7516811731464,20000,10000,TRUE
100,"heteroscedastic",1.4,3,3,"Hoeffding",0.0999,0.00299866620349782,0.0096558340612096,20000,10000,TRUE
100,"heteroscedastic",1.4,3,3,"dCov",0.2553,0.00436029712290344,0.237926122166959,5000,10000,FALSE
100,"heteroscedastic",1.4,3,3,"HHG",0.3792,0.00485187963577004,14052.5398997585,5000,10000,FALSE
100,"heteroscedastic",1.4,3,3,"Genest",0.0946,0.00292661647641094,0.0575572380000051,20000,10000,TRUE
100,"heteroscedastic",1.4,3,3,"MIC",0.1056,0.00307324974579028,0.299775092341389,20000,10000,TRUE
100,"heteroscedastic",1.4,3,3,"BET",0.0363,0.00187035584849515,32,20000,10000,TRUE
100,"heteroscedastic",1.4,3,3,"BEAST",0.1013,0.00301725554105051,0.468986315076844,20000,10000,TRUE
100,"heteroscedastic",1.4,3,3,"xi",0.107,0.00309113247855863,0.122412241224122,20000,10000,TRUE
100,"heteroscedastic",1.4,3,3,"HHG_fast",0.2284,0.00419801667457384,0.106855044849179,20000,10000,TRUE
100,"heteroscedastic",1.5,3,3,"B_n",0.2467,0.00431090605325609,16.9276305269455,20000,10000,TRUE
100,"heteroscedastic",1.5,3,3,"P_n",0.2464,0.00430914190993984,16.7516811731464,20000,10000,TRUE
100,"heteroscedastic",1.5,3,3,"Hoeffding",0.098,0.00297314648142334,0.0096558340612096,20000,10000,TRUE
100,"heteroscedastic",1.5,3,3,"dCov",0.2369,0.00425180420527568,0.236304905837892,5000,10000,FALSE
100,"heteroscedastic",1.5,3,3,"HHG",0.356,0.00478815204436952,13838.9392720927,5000,10000,FALSE
100,"heteroscedastic",1.5,3,3,"Genest",0.094,0.00291828716887149,0.0575572380000051,20000,10000,TRUE
100,"heteroscedastic",1.5,3,3,"MIC",0.0901,0.00286324972714571,0.299775092341389,20000,10000,TRUE
100,"heteroscedastic",1.5,3,3,"BET",0.0315,0.00174664678741868,32,20000,10000,TRUE
100,"heteroscedastic",1.5,3,3,"BEAST",0.0868,0.00281541755340127,0.468986315076844,20000,10000,TRUE
100,"heteroscedastic",1.5,3,3,"xi",0.096,0.00294591242232351,0.122412241224122,20000,10000,TRUE
100,"heteroscedastic",1.5,3,3,"HHG_fast",0.2059,0.00404357750018471,0.106855044849179,20000,10000,TRUE
100,"heteroscedastic",1.6,3,3,"B_n",0.2137,0.00409917442907715,16.9276305269455,20000,10000,TRUE
100,"heteroscedastic",1.6,3,3,"P_n",0.2118,0.00408583846964121,16.7516811731464,20000,10000,TRUE
100,"heteroscedastic",1.6,3,3,"Hoeffding",0.0857,0.00279920542297274,0.0096558340612096,20000,10000,TRUE
100,"heteroscedastic",1.6,3,3,"dCov",0.1995,0.00399624511260258,0.236115887765324,5000,10000,FALSE
100,"heteroscedastic",1.6,3,3,"HHG",0.2919,0.00454636547145079,14010.336000484,5000,10000,FALSE
100,"heteroscedastic",1.6,3,3,"Genest",0.0856,0.00279772478989625,0.0575572380000051,20000,10000,TRUE
100,"heteroscedastic",1.6,3,3,"MIC",0.0828,0.00275579679947561,0.299775092341389,20000,10000,TRUE
100,"heteroscedastic",1.6,3,3,"BET",0.0276,0.00163823807793617,32,20000,10000,TRUE
100,"heteroscedastic",1.6,3,3,"BEAST",0.0817,0.00273907119294114,0.468986315076844,20000,10000,TRUE
100,"heteroscedastic",1.6,3,3,"xi",0.0853,0.00279327603362074,0.122412241224122,20000,10000,TRUE
100,"heteroscedastic",1.6,3,3,"HHG_fast",0.1758,0.00380649917903577,0.106855044849179,20000,10000,TRUE
100,"heteroscedastic",1.7,3,3,"B_n",0.1849,0.00388216421600117,16.9276305269455,20000,10000,TRUE
100,"heteroscedastic",1.7,3,3,"P_n",0.1852,0.0038845972764239,16.7516811731464,20000,10000,TRUE
100,"heteroscedastic",1.7,3,3,"Hoeffding",0.0798,0.00270983320519917,0.0096558340612096,20000,10000,TRUE
100,"heteroscedastic",1.7,3,3,"dCov",0.1649,0.00371090272036333,0.237448478227988,5000,10000,FALSE
100,"heteroscedastic",1.7,3,3,"HHG",0.2605,0.00438907450381057,13847.5644525542,5000,10000,FALSE
100,"heteroscedastic",1.7,3,3,"Genest",0.0805,0.00272065708974872,0.0575572380000051,20000,10000,TRUE
100,"heteroscedastic",1.7,3,3,"MIC",0.0819,0.00274212308257671,0.299775092341389,20000,10000,TRUE
100,"heteroscedastic",1.7,3,3,"BET",0.0276,0.00163823807793617,32,20000,10000,TRUE
100,"heteroscedastic",1.7,3,3,"BEAST",0.072,0.00258487910742456,0.468986315076844,20000,10000,TRUE
100,"heteroscedastic",1.7,3,3,"xi",0.0802,0.00271602577307359,0.122412241224122,20000,10000,TRUE
100,"heteroscedastic",1.7,3,3,"HHG_fast",0.1536,0.00360564890137684,0.106855044849179,20000,10000,TRUE
100,"heteroscedastic",1.8,3,3,"B_n",0.1815,0.00385431900599834,16.9276305269455,20000,10000,TRUE
100,"heteroscedastic",1.8,3,3,"P_n",0.1808,0.00384852387286346,16.7516811731464,20000,10000,TRUE
100,"heteroscedastic",1.8,3,3,"Hoeffding",0.0722,0.00258818778298639,0.0096558340612096,20000,10000,TRUE
100,"heteroscedastic",1.8,3,3,"dCov",0.1416,0.00348639412574081,0.239167864060014,5000,10000,FALSE
100,"heteroscedastic",1.8,3,3,"HHG",0.2156,0.00411237935993264,14153.2464898385,5000,10000,FALSE
100,"heteroscedastic",1.8,3,3,"Genest",0.0711,0.00256991809207998,0.0575572380000051,20000,10000,TRUE
100,"heteroscedastic",1.8,3,3,"MIC",0.0767,0.00266114843629588,0.299775092341389,20000,10000,TRUE
100,"heteroscedastic",1.8,3,3,"BET",0.0236,0.00151799341237042,32,20000,10000,TRUE
100,"heteroscedastic",1.8,3,3,"BEAST",0.0724,0.00259149069070294,0.468986315076844,20000,10000,TRUE
100,"heteroscedastic",1.8,3,3,"xi",0.0789,0.00269582621843471,0.122412241224122,20000,10000,TRUE
100,"heteroscedastic",1.8,3,3,"HHG_fast",0.1385,0.00345424014799203,0.106855044849179,20000,10000,TRUE
100,"heteroscedastic",1.9,3,3,"B_n",0.1526,0.00359601501665385,16.9276305269455,20000,10000,TRUE
100,"heteroscedastic",1.9,3,3,"P_n",0.1519,0.00358923933445514,16.7516811731464,20000,10000,TRUE
100,"heteroscedastic",1.9,3,3,"Hoeffding",0.0692,0.00253793932157568,0.0096558340612096,20000,10000,TRUE
100,"heteroscedastic",1.9,3,3,"dCov",0.1426,0.00349664467740147,0.235907915130701,5000,10000,FALSE
100,"heteroscedastic",1.9,3,3,"HHG",0.1931,0.00394730781672775,13953.2414412754,5000,10000,FALSE
100,"heteroscedastic",1.9,3,3,"Genest",0.0674,0.00250713461944109,0.0575572380000051,20000,10000,TRUE
100,"heteroscedastic",1.9,3,3,"MIC",0.0645,0.00245641507078914,0.299775092341389,20000,10000,TRUE
100,"heteroscedastic",1.9,3,3,"BET",0.0223,0.00147657407535145,32,20000,10000,TRUE
100,"heteroscedastic",1.9,3,3,"BEAST",0.0705,0.00255987792677698,0.468986315076844,20000,10000,TRUE
100,"heteroscedastic",1.9,3,3,"xi",0.0706,0.00256155499648163,0.122412241224122,20000,10000,TRUE
100,"heteroscedastic",1.9,3,3,"HHG_fast",0.1215,0.0032670743793186,0.106855044849179,20000,10000,TRUE
100,"heteroscedastic",2,3,3,"B_n",0.1421,0.00349152674341756,16.9276305269455,20000,10000,TRUE
100,"heteroscedastic",2,3,3,"P_n",0.1418,0.00348844893899853,16.7516811731464,20000,10000,TRUE
100,"heteroscedastic",2,3,3,"Hoeffding",0.072,0.00258487910742456,0.0096558340612096,20000,10000,TRUE
100,"heteroscedastic",2,3,3,"dCov",0.1341,0.00340759724732839,0.236502950475063,5000,10000,FALSE
100,"heteroscedastic",2,3,3,"HHG",0.1946,0.00395892460145429,13750.8815189911,5000,10000,FALSE
100,"heteroscedastic",2,3,3,"Genest",0.071,0.00256824843035093,0.0575572380000051,20000,10000,TRUE
100,"heteroscedastic",2,3,3,"MIC",0.0692,0.00253793932157568,0.299775092341389,20000,10000,TRUE
100,"heteroscedastic",2,3,3,"BET",0.0239,0.00152737650891979,32,20000,10000,TRUE
100,"heteroscedastic",2,3,3,"BEAST",0.0646,0.00245818713689581,0.468986315076844,20000,10000,TRUE
100,"heteroscedastic",2,3,3,"xi",0.0705,0.00255987792677698,0.122412241224122,20000,10000,TRUE
100,"heteroscedastic",2,3,3,"HHG_fast",0.117,0.00321420285607489,0.106855044849179,20000,10000,TRUE
100,"lattice",0.1,3,3,"B_n",1,0,16.9276305269455,20000,10000,TRUE
100,"lattice",0.1,3,3,"P_n",1,0,16.7516811731464,20000,10000,TRUE
100,"lattice",0.1,3,3,"Hoeffding",0.8115,0.00391110917771417,0.0096558340612096,20000,10000,TRUE
100,"lattice",0.1,3,3,"dCov",0.6599,0.00473742535561248,0.230987495191255,5000,10000,FALSE
100,"lattice",0.1,3,3,"HHG",1,0,14541.9791291675,5000,10000,FALSE
100,"lattice",0.1,3,3,"Genest",0.6768,0.00467698364333253,0.0575572380000051,20000,10000,TRUE
100,"lattice",0.1,3,3,"MIC",1,0,0.299775092341389,20000,10000,TRUE
100,"lattice",0.1,3,3,"BET",9e-04,0.000299864969611324,32,20000,10000,TRUE
100,"lattice",0.1,3,3,"BEAST",1,0,0.468986315076844,20000,10000,TRUE
100,"lattice",0.1,3,3,"xi",0.6824,0.00465542951831515,0.122412241224122,20000,10000,TRUE
100,"lattice",0.1,3,3,"HHG_fast",1,0,0.106855044849179,20000,10000,TRUE
100,"lattice",0.2,3,3,"B_n",1,0,16.9276305269455,20000,10000,TRUE
100,"lattice",0.2,3,3,"P_n",1,0,16.7516811731464,20000,10000,TRUE
100,"lattice",0.2,3,3,"Hoeffding",0.7867,0.00409637779019465,0.0096558340612096,20000,10000,TRUE
100,"lattice",0.2,3,3,"dCov",0.706,0.00455591922667643,0.227017079458932,5000,10000,FALSE
100,"lattice",0.2,3,3,"HHG",1,0,14288.2167706142,5000,10000,FALSE
100,"lattice",0.2,3,3,"Genest",0.6294,0.00482965464603837,0.0575572380000051,20000,10000,TRUE
100,"lattice",0.2,3,3,"MIC",1,0,0.299775092341389,20000,10000,TRUE
100,"lattice",0.2,3,3,"BET",6e-04,0.000244875478560022,32,20000,10000,TRUE
100,"lattice",0.2,3,3,"BEAST",1,0,0.468986315076844,20000,10000,TRUE
100,"lattice",0.2,3,3,"xi",0.6413,0.00479618921645091,0.122412241224122,20000,10000,TRUE
100,"lattice",0.2,3,3,"HHG_fast",1,0,0.106855044849179,20000,10000,TRUE
100,"lattice",0.3,3,3,"B_n",1,0,16.9276305269455,20000,10000,TRUE
100,"lattice",0.3,3,3,"P_n",1,0,16.7516811731464,20000,10000,TRUE
100,"lattice",0.3,3,3,"Hoeffding",0.7244,0.00446816114302069,0.0096558340612096,20000,10000,TRUE
100,"lattice",0.3,3,3,"dCov",0.6408,0.00479765942934677,0.227121012550553,5000,10000,FALSE
100,"lattice",0.3,3,3,"HHG",1,0,14279.4897519171,5000,10000,FALSE
100,"lattice",0.3,3,3,"Genest",0.5588,0.00496530522727455,0.0575572380000051,20000,10000,TRUE
100,"lattice",0.3,3,3,"MIC",0.9998,0.0001414072133945,0.299775092341389,20000,10000,TRUE
100,"lattice",0.3,3,3,"BET",0.0014,0.000373903730925488,32,20000,10000,TRUE
100,"lattice",0.3,3,3,"BEAST",1,0,0.468986315076844,20000,10000,TRUE
100,"lattice",0.3,3,3,"xi",0.5958,0.00490736548465671,0.122412241224122,20000,10000,TRUE
100,"lattice",0.3,3,3,"HHG_fast",1,0,0.106855044849179,20000,10000,TRUE
100,"lattice",0.4,3,3,"B_n",1,0,16.9276305269455,20000,10000,TRUE
100,"lattice",0.4,3,3,"P_n",1,0,16.7516811731464,20000,10000,TRUE
100,"lattice",0.4,3,3,"Hoeffding",0.6358,0.00481205112192296,0.0096558340612096,20000,10000,TRUE
100,"lattice",0.4,3,3,"dCov",0.5425,0.00498190475621524,0.227876538001955,5000,10000,FALSE
100,"lattice",0.4,3,3,"HHG",1,0,14226.475600118,5000,10000,FALSE
100,"lattice",0.4,3,3,"Genest",0.4676,0.0049894913568419,0.0575572380000051,20000,10000,TRUE
100,"lattice",0.4,3,3,"MIC",0.9967,0.000573507628545599,0.299775092341389,20000,10000,TRUE
100,"lattice",0.4,3,3,"BET",0.0012,0.000346202253025598,32,20000,10000,TRUE
100,"lattice",0.4,3,3,"BEAST",1,0,0.468986315076844,20000,10000,TRUE
100,"lattice",0.4,3,3,"xi",0.5469,0.00497795530313401,0.122412241224122,20000,10000,TRUE
100,"lattice",0.4,3,3,"HHG_fast",1,0,0.106855044849179,20000,10000,TRUE
100,"lattice",0.5,3,3,"B_n",1,0,16.9276305269455,20000,10000,TRUE
100,"lattice",0.5,3,3,"P_n",1,0,16.7516811731464,20000,10000,TRUE
100,"lattice",0.5,3,3,"Hoeffding",0.5196,0.00499615692307598,0.0096558340612096,20000,10000,TRUE
100,"lattice",0.5,3,3,"dCov",0.4399,0.00496374848274971,0.228361519774604,5000,10000,FALSE
100,"lattice",0.5,3,3,"HHG",0.9999,9.99949998749882e-05,14454.714568176,5000,10000,FALSE
100,"lattice",0.5,3,3,"Genest",0.367,0.00481986514334167,0.0575572380000051,20000,10000,TRUE
100,"lattice",0.5,3,3,"MIC",0.9648,0.00184284996676344,0.299775092341389,20000,10000,TRUE
100,"lattice",0.5,3,3,"BET",0.0018,0.000423882059068322,32,20000,10000,TRUE
100,"lattice",0.5,3,3,"BEAST",0.9997,0.000173179098045915,0.468986315076844,20000,10000,TRUE
100,"lattice",0.5,3,3,"xi",0.4855,0.0049978970577634,0.122412241224122,20000,10000,TRUE
100,"lattice",0.5,3,3,"HHG_fast",1,0,0.106855044849179,20000,10000,TRUE
100,"lattice",0.6,3,3,"B_n",0.9999,9.99949998749882e-05,16.9276305269455,20000,10000,TRUE
100,"lattice",0.6,3,3,"P_n",0.9999,9.99949998749882e-05,16.7516811731464,20000,10000,TRUE
100,"lattice",0.6,3,3,"Hoeffding",0.4208,0.00493687512501582,0.0096558340612096,20000,10000,TRUE
100,"lattice",0.6,3,3,"dCov",0.3681,0.00482288699846886,0.228280431444208,5000,10000,FALSE
100,"lattice",0.6,3,3,"HHG",0.9995,0.000223550889061069,14236.0217631184,5000,10000,FALSE
100,"lattice",0.6,3,3,"Genest",0.3004,0.00458431936060305,0.0575572380000051,20000,10000,TRUE
100,"lattice",0.6,3,3,"MIC",0.8599,0.0034709075182148,0.299775092341389,20000,10000,TRUE
100,"lattice",0.6,3,3,"BET",0.0016,0.000399679871897498,32,20000,10000,TRUE
100,"lattice",0.6,3,3,"BEAST",0.998,0.000446766158073774,0.468986315076844,20000,10000,TRUE
100,"lattice",0.6,3,3,"xi",0.4336,0.00495571427747807,0.122412241224122,20000,10000,TRUE
100,"lattice",0.6,3,3,"HHG_fast",1,0,0.106855044849179,20000,10000,TRUE
100,"lattice",0.7,3,3,"B_n",0.9997,0.000173179098045915,16.9276305269455,20000,10000,TRUE
100,"lattice",0.7,3,3,"P_n",0.9997,0.000173179098045915,16.7516811731464,20000,10000,TRUE
100,"lattice",0.7,3,3,"Hoeffding",0.3164,0.00465071005331444,0.0096558340612096,20000,10000,TRUE
100,"lattice",0.7,3,3,"dCov",0.229,0.0042018924307983,0.233744205156354,5000,10000,FALSE
100,"lattice",0.7,3,3,"HHG",0.9985,0.00038700775186034,14426.787830708,5000,10000,FALSE
100,"lattice",0.7,3,3,"Genest",0.232,0.00422108990664733,0.0575572380000051,20000,10000,TRUE
100,"lattice",0.7,3,3,"MIC",0.6736,0.00468895553401821,0.299775092341389,20000,10000,TRUE
100,"lattice",0.7,3,3,"BET",0.0035,0.000590571756859401,32,20000,10000,TRUE
100,"lattice",0.7,3,3,"BEAST",0.9931,0.000827791640450664,0.468986315076844,20000,10000,TRUE
100,"lattice",0.7,3,3,"xi",0.3833,0.00486190405088377,0.122412241224122,20000,10000,TRUE
100,"lattice",0.7,3,3,"HHG_fast",1,0,0.106855044849179,20000,10000,TRUE
100,"lattice",0.8,3,3,"B_n",0.9988,0.000346202253025595,16.9276305269455,20000,10000,TRUE
100,"lattice",0.8,3,3,"P_n",0.9988,0.000346202253025595,16.7516811731464,20000,10000,TRUE
100,"lattice",0.8,3,3,"Hoeffding",0.2316,0.00421854761736785,0.0096558340612096,20000,10000,TRUE
100,"lattice",0.8,3,3,"dCov",0.2089,0.00406522803788422,0.230622586434639,5000,10000,FALSE
100,"lattice",0.8,3,3,"HHG",0.9933,0.000815788575551291,14413.6477370991,5000,10000,FALSE
100,"lattice",0.8,3,3,"Genest",0.1805,0.00384603367119946,0.0575572380000051,20000,10000,TRUE
100,"lattice",0.8,3,3,"MIC",0.4474,0.00497225542384942,0.299775092341389,20000,10000,TRUE
100,"lattice",0.8,3,3,"BET",0.0036,0.000598919026246453,32,20000,10000,TRUE
100,"lattice",0.8,3,3,"BEAST",0.9755,0.00154595439777504,0.468986315076844,20000,10000,TRUE
100,"lattice",0.8,3,3,"xi",0.3206,0.00466707231570285,0.122412241224122,20000,10000,TRUE
100,"lattice",0.8,3,3,"HHG_fast",0.9992,0.000282729552753161,0.106855044849179,20000,10000,TRUE
100,"lattice",0.9,3,3,"B_n",0.9942,0.000759365524632244,16.9276305269455,20000,10000,TRUE
100,"lattice",0.9,3,3,"P_n",0.9933,0.000815788575551291,16.7516811731464,20000,10000,TRUE
100,"lattice",0.9,3,3,"Hoeffding",0.1655,0.00371631201596421,0.0096558340612096,20000,10000,TRUE
100,"lattice",0.9,3,3,"dCov",0.16,0.00366606055596467,0.230920777648778,5000,10000,FALSE
100,"lattice",0.9,3,3,"HHG",0.9793,0.00142378053084034,14243.9384524049,5000,10000,FALSE
100,"lattice",0.9,3,3,"Genest",0.141,0.00348021551056827,0.0575572380000051,20000,10000,TRUE
100,"lattice",0.9,3,3,"MIC",0.2733,0.00445653576222608,0.299775092341389,20000,10000,TRUE
100,"lattice",0.9,3,3,"BET",0.0033,0.000573507628545602,32,20000,10000,TRUE
100,"lattice",0.9,3,3,"BEAST",0.9323,0.00251230392269725,0.468986315076844,20000,10000,TRUE
100,"lattice",0.9,3,3,"xi",0.263,0.00440262421744123,0.122412241224122,20000,10000,TRUE
100,"lattice",0.9,3,3,"HHG_fast",0.996,0.00063118935352238,0.106855044849179,20000,10000,TRUE
100,"lattice",1,3,3,"B_n",0.9801,0.00139656686198692,16.9276305269455,20000,10000,TRUE
100,"lattice",1,3,3,"P_n",0.9777,0.00147657407535145,16.7516811731464,20000,10000,TRUE
100,"lattice",1,3,3,"Hoeffding",0.1237,0.0032923898614836,0.0096558340612096,20000,10000,TRUE
100,"lattice",1,3,3,"dCov",0.1324,0.00338925124474418,0.231162025150864,5000,10000,FALSE
100,"lattice",1,3,3,"HHG",0.9479,0.00222228688517032,14237.5875853194,5000,10000,FALSE
100,"lattice",1,3,3,"Genest",0.1177,0.00322252556235013,0.0575572380000051,20000,10000,TRUE
100,"lattice",1,3,3,"MIC",0.1669,0.00372886564520633,0.299775092341389,20000,10000,TRUE
100,"lattice",1,3,3,"BET",0.0052,0.000719232924719107,32,20000,10000,TRUE
100,"lattice",1,3,3,"BEAST",0.8677,0.00338816631823174,0.468986315076844,20000,10000,TRUE
100,"lattice",1,3,3,"xi",0.2371,0.0042530411472263,0.122412241224122,20000,10000,TRUE
100,"lattice",1,3,3,"HHG_fast",0.9794,0.00142040980002251,0.106855044849179,20000,10000,TRUE
100,"lattice",1.1,3,3,"B_n",0.9497,0.0021856328602947,16.9276305269455,20000,10000,TRUE
100,"lattice",1.1,3,3,"P_n",0.9462,0.00225622605250449,16.7516811731464,20000,10000,TRUE
100,"lattice",1.1,3,3,"Hoeffding",0.0949,0.00293076764688025,0.0096558340612096,20000,10000,TRUE
100,"lattice",1.1,3,3,"dCov",0.1088,0.00311388117949288,0.232172762378849,5000,10000,FALSE
100,"lattice",1.1,3,3,"HHG",0.9035,0.00295275718608896,14255.7929347727,5000,10000,FALSE
100,"lattice",1.1,3,3,"Genest",0.1026,0.00303435726307895,0.0575572380000051,20000,10000,TRUE
100,"lattice",1.1,3,3,"MIC",0.1098,0.00312640304503434,0.299775092341389,20000,10000,TRUE
100,"lattice",1.1,3,3,"BET",0.0061,0.000778639197574846,32,20000,10000,TRUE
100,"lattice",1.1,3,3,"BEAST",0.776,0.00416922055065452,0.468986315076844,20000,10000,TRUE
100,"lattice",1.1,3,3,"xi",0.1955,0.00396585110663525,0.122412241224122,20000,10000,TRUE
100,"lattice",1.1,3,3,"HHG_fast",0.9491,0.00219793516737869,0.106855044849179,20000,10000,TRUE
100,"lattice",1.2,3,3,"B_n",0.8956,0.00305778743538527,16.9276305269455,20000,10000,TRUE
100,"lattice",1.2,3,3,"P_n",0.8905,0.00312265512024623,16.7516811731464,20000,10000,TRUE
100,"lattice",1.2,3,3,"Hoeffding",0.0803,0.00271757079024632,0.0096558340612096,20000,10000,TRUE
100,"lattice",1.2,3,3,"dCov",0.0984,0.00297854729692177,0.22983646672869,5000,10000,FALSE
100,"lattice",1.2,3,3,"HHG",0.8366,0.00369730225975643,14180.1959506201,5000,10000,FALSE
100,"lattice",1.2,3,3,"Genest",0.0841,0.00277537727165155,0.0575572380000051,20000,10000,TRUE
100,"lattice",1.2,3,3,"MIC",0.0825,0.00275124971603815,0.299775092341389,20000,10000,TRUE
100,"lattice",1.2,3,3,"BET",0.0065,0.000803601269287201,32,20000,10000,TRUE
100,"lattice",1.2,3,3,"BEAST",0.6772,0.00467546960208277,0.468986315076844,20000,10000,TRUE
100,"lattice",1.2,3,3,"xi",0.1691,0.00374840219293501,0.122412241224122,20000,10000,TRUE
100,"lattice",1.2,3,3,"HHG_fast",0.892,0.00310380411753061,0.106855044849179,20000,10000,TRUE
100,"lattice",1.3,3,3,"B_n",0.8121,0.0039063229513188,16.9276305269455,20000,10000,TRUE
100,"lattice",1.3,3,3,"P_n",0.804,0.00396968512605219,16.7516811731464,20000,10000,TRUE
100,"lattice",1.3,3,3,"Hoeffding",0.0618,0.00240791943386817,0.0096558340612096,20000,10000,TRUE
100,"lattice",1.3,3,3,"dCov",0.0726,0.0025947878525999,0.233525378958741,5000,10000,FALSE
100,"lattice",1.3,3,3,"HHG",0.7295,0.00444218133353424,14295.877267984,5000,10000,FALSE
100,"lattice",1.3,3,3,"Genest",0.0734,0.00260791947728453,0.0575572380000051,20000,10000,TRUE
100,"lattice",1.3,3,3,"MIC",0.0699,0.00254978410850801,0.299775092341389,20000,10000,TRUE
100,"lattice",1.3,3,3,"BET",0.0079,0.000885301643509149,32,20000,10000,TRUE
100,"lattice",1.3,3,3,"BEAST",0.5596,0.00496435131714104,0.468986315076844,20000,10000,TRUE
100,"lattice",1.3,3,3,"xi",0.1506,0.00357658552253403,0.122412241224122,20000,10000,TRUE
100,"lattice",1.3,3,3,"HHG_fast",0.7974,0.00401936860713222,0.106855044849179,20000,10000,TRUE
100,"lattice",1.4,3,3,"B_n",0.7298,0.00444063013546501,16.9276305269455,20000,10000,TRUE
100,"lattice",1.4,3,3,"P_n",0.7215,0.00448260805781634,16.7516811731464,20000,10000,TRUE
100,"lattice",1.4,3,3,"Hoeffding",0.0528,0.00223633986683599,0.0096558340612096,20000,10000,TRUE
100,"lattice",1.4,3,3,"dCov",0.0629,0.0024278301011397,0.235026209764767,5000,10000,FALSE
100,"lattice",1.4,3,3,"HHG",0.6531,0.00475983602658747,14230.3946782894,5000,10000,FALSE
100,"lattice",1.4,3,3,"Genest",0.0663,0.00248805767618036,0.0575572380000051,20000,10000,TRUE
100,"lattice",1.4,3,3,"MIC",0.0641,0.00244930990280936,0.299775092341389,20000,10000,TRUE
100,"lattice",1.4,3,3,"BET",0.0097,0.000980097444135021,32,20000,10000,TRUE
100,"lattice",1.4,3,3,"BEAST",0.4708,0.00499146631762652,0.468986315076844,20000,10000,TRUE
100,"lattice",1.4,3,3,"xi",0.1242,0.00329809581425404,0.122412241224122,20000,10000,TRUE
100,"lattice",1.4,3,3,"HHG_fast",0.7169,0.00450504594871129,0.106855044849179,20000,10000,TRUE
100,"lattice",1.5,3,3,"B_n",0.6323,0.00482179126466503,16.9276305269455,20000,10000,TRUE
100,"lattice",1.5,3,3,"P_n",0.6243,0.0048430311789209,16.7516811731464,20000,10000,TRUE
100,"lattice",1.5,3,3,"Hoeffding",0.0474,0.00212492917529032,0.0096558340612096,20000,10000,TRUE
100,"lattice",1.5,3,3,"dCov",0.0601,0.00237672021912551,0.23199866485117,5000,10000,FALSE
100,"lattice",1.5,3,3,"HHG",0.5612,0.00496240425600333,14267.7994761923,5000,10000,FALSE
100,"lattice",1.5,3,3,"Genest",0.0587,0.00235062353429893,0.0575572380000051,20000,10000,TRUE
100,"lattice",1.5,3,3,"MIC",0.057,0.00231842619032826,0.299775092341389,20000,10000,TRUE
100,"lattice",1.5,3,3,"BET",0.011,0.00104302444841912,32,20000,10000,TRUE
100,"lattice",1.5,3,3,"BEAST",0.3889,0.00487500553845839,0.468986315076844,20000,10000,TRUE
100,"lattice",1.5,3,3,"xi",0.1199,0.00324844562829671,0.122412241224122,20000,10000,TRUE
100,"lattice",1.5,3,3,"HHG_fast",0.6173,0.00486045995765833,0.106855044849179,20000,10000,TRUE
100,"lattice",1.6,3,3,"B_n",0.5279,0.00499220983132721,16.9276305269455,20000,10000,TRUE
100,"lattice",1.6,3,3,"P_n",0.5174,0.00499697148280836,16.7516811731464,20000,10000,TRUE
100,"lattice",1.6,3,3,"Hoeffding",0.0483,0.00214399416976819,0.0096558340612096,20000,10000,TRUE
100,"lattice",1.6,3,3,"dCov",0.0654,0.00247230337944193,0.231092786748527,5000,10000,FALSE
100,"lattice",1.6,3,3,"HHG",0.5109,0.00499881175880829,13904.152670913,5000,10000,FALSE
100,"lattice",1.6,3,3,"Genest",0.0612,0.00239696808489391,0.0575572380000051,20000,10000,TRUE
100,"lattice",1.6,3,3,"MIC",0.0595,0.00236558132390328,0.299775092341389,20000,10000,TRUE
100,"lattice",1.6,3,3,"BET",0.0112,0.00105235735375394,32,20000,10000,TRUE
100,"lattice",1.6,3,3,"BEAST",0.3173,0.00465425300128818,0.468986315076844,20000,10000,TRUE
100,"lattice",1.6,3,3,"xi",0.1016,0.0030212156493703,0.122412241224122,20000,10000,TRUE
100,"lattice",1.6,3,3,"HHG_fast",0.516,0.00499743934430424,0.106855044849179,20000,10000,TRUE
100,"lattice",1.7,3,3,"B_n",0.4564,0.00498095412546632,16.9276305269455,20000,10000,TRUE
100,"lattice",1.7,3,3,"P_n",0.4504,0.00497533757648664,16.7516811731464,20000,10000,TRUE
100,"lattice",1.7,3,3,"Hoeffding",0.0427,0.00202179895142915,0.0096558340612096,20000,10000,TRUE
100,"lattice",1.7,3,3,"dCov",0.0553,0.00228564892317259,0.232324878665181,5000,10000,FALSE
100,"lattice",1.7,3,3,"HHG",0.4256,0.00494433655812385,13987.0853258125,5000,10000,FALSE
100,"lattice",1.7,3,3,"Genest",0.0543,0.00226608715631151,0.0575572380000051,20000,10000,TRUE
100,"lattice",1.7,3,3,"MIC",0.0516,0.00221218082443547,0.299775092341389,20000,10000,TRUE
100,"lattice",1.7,3,3,"BET",0.011,0.00104302444841912,32,20000,10000,TRUE
100,"lattice",1.7,3,3,"BEAST",0.2563,0.00436589406651146,0.468986315076844,20000,10000,TRUE
100,"lattice",1.7,3,3,"xi",0.0939,0.00291689543864706,0.122412241224122,20000,10000,TRUE
100,"lattice",1.7,3,3,"HHG_fast",0.4408,0.00496482990645198,0.106855044849179,20000,10000,TRUE
100,"lattice",1.8,3,3,"B_n",0.3748,0.00484071234427331,16.9276305269455,20000,10000,TRUE
100,"lattice",1.8,3,3,"P_n",0.369,0.00482533936630368,16.7516811731464,20000,10000,TRUE
100,"lattice",1.8,3,3,"Hoeffding",0.0396,0.00195017537672898,0.0096558340612096,20000,10000,TRUE
100,"lattice",1.8,3,3,"dCov",0.0636,0.00244039013274517,0.229506469073043,5000,10000,FALSE
100,"lattice",1.8,3,3,"HHG",0.376,0.00484380016103059,13874.0963302703,5000,10000,FALSE
100,"lattice",1.8,3,3,"Genest",0.0519,0.00221825133832936,0.0575572380000051,20000,10000,TRUE
100,"lattice",1.8,3,3,"MIC",0.0512,0.00220405444578849,0.299775092341389,20000,10000,TRUE
100,"lattice",1.8,3,3,"BET",0.0127,0.0011197638143823,32,20000,10000,TRUE
100,"lattice",1.8,3,3,"BEAST",0.2161,0.00411583272254838,0.468986315076844,20000,10000,TRUE
100,"lattice",1.8,3,3,"xi",0.0859,0.00280216327147438,0.122412241224122,20000,10000,TRUE
100,"lattice",1.8,3,3,"HHG_fast",0.3616,0.00480463775949863,0.106855044849179,20000,10000,TRUE
100,"lattice",1.9,3,3,"B_n",0.3239,0.00467962380966676,16.9276305269455,20000,10000,TRUE
100,"lattice",1.9,3,3,"P_n",0.3199,0.00466437552090309,16.7516811731464,20000,10000,TRUE
100,"lattice",1.9,3,3,"Hoeffding",0.0392,0.00194070502653031,0.0096558340612096,20000,10000,TRUE
100,"lattice",1.9,3,3,"dCov",0.0592,0.00235998644063901,0.229332525595758,5000,10000,FALSE
100,"lattice",1.9,3,3,"HHG",0.3306,0.00470429208276867,13812.6263983696,5000,10000,FALSE
100,"lattice",1.9,3,3,"Genest",0.0527,0.00223433905215838,0.0575572380000051,20000,10000,TRUE
100,"lattice",1.9,3,3,"MIC",0.0548,0.0022758945494025,0.299775092341389,20000,10000,TRUE
100,"lattice",1.9,3,3,"BET",0.0121,0.00109332474590123,32,20000,10000,TRUE
100,"lattice",1.9,3,3,"BEAST",0.1877,0.00390472419000369,0.468986315076844,20000,10000,TRUE
100,"lattice",1.9,3,3,"xi",0.0812,0.00273142014344187,0.122412241224122,20000,10000,TRUE
100,"lattice",1.9,3,3,"HHG_fast",0.3196,0.00466321605761517,0.106855044849179,20000,10000,TRUE
100,"lattice",2,3,3,"B_n",0.2617,0.00439560132405112,16.9276305269455,20000,10000,TRUE
100,"lattice",2,3,3,"P_n",0.2586,0.00437865321760013,16.7516811731464,20000,10000,TRUE
100,"lattice",2,3,3,"Hoeffding",0.0399,0.0019572427033968,0.0096558340612096,20000,10000,TRUE
100,"lattice",2,3,3,"dCov",0.044,0.00205095099892708,0.235147362070753,5000,10000,FALSE
100,"lattice",2,3,3,"HHG",0.2287,0.00419995607119884,14354.6829678725,5000,10000,FALSE
100,"lattice",2,3,3,"Genest",0.0486,0.00215030323442997,0.0575572380000051,20000,10000,TRUE
100,"lattice",2,3,3,"MIC",0.0517,0.00221420662992414,0.299775092341389,20000,10000,TRUE
100,"lattice",2,3,3,"BET",0.0121,0.00109332474590123,32,20000,10000,TRUE
100,"lattice",2,3,3,"BEAST",0.1515,0.00358535563089633,0.468986315076844,20000,10000,TRUE
100,"lattice",2,3,3,"xi",0.0678,0.00251402386623516,0.122412241224122,20000,10000,TRUE
100,"lattice",2,3,3,"HHG_fast",0.2598,0.00438524754147357,0.106855044849179,20000,10000,TRUE
100,"sine 8pi",0.1,3,3,"B_n",0.6074,0.00488329028422436,16.9276305269455,20000,10000,TRUE
100,"sine 8pi",0.1,3,3,"P_n",0.6023,0.00489422833549887,16.7516811731464,20000,10000,TRUE
100,"sine 8pi",0.1,3,3,"Hoeffding",0.7971,0.00402158662719082,0.0096558340612096,20000,10000,TRUE
100,"sine 8pi",0.1,3,3,"dCov",0.5626,0.00496065761769546,0.230914065649275,5000,10000,FALSE
100,"sine 8pi",0.1,3,3,"HHG",0.9999,9.99949998749882e-05,14567.1018574548,5000,10000,FALSE
100,"sine 8pi",0.1,3,3,"Genest",0.573,0.00494642294997102,0.0575572380000051,20000,10000,TRUE
100,"sine 8pi",0.1,3,3,"MIC",1,0,0.299775092341389,20000,10000,TRUE
100,"sine 8pi",0.1,3,3,"BET",0.0195,0.00138274184141509,32,20000,10000,TRUE
100,"sine 8pi",0.1,3,3,"BEAST",0.9667,0.0017941881172274,0.468986315076844,20000,10000,TRUE
100,"sine 8pi",0.1,3,3,"xi",1,0,0.122412241224122,20000,10000,TRUE
100,"sine 8pi",0.1,3,3,"HHG_fast",1,0,0.106855044849179,20000,10000,TRUE
100,"sine 8pi",0.2,3,3,"B_n",0.5015,0.00499997749994937,16.9276305269455,20000,10000,TRUE
100,"sine 8pi",0.2,3,3,"P_n",0.4958,0.00499982359688819,16.7516811731464,20000,10000,TRUE
100,"sine 8pi",0.2,3,3,"Hoeffding",0.5692,0.00495188206644706,0.0096558340612096,20000,10000,TRUE
100,"sine 8pi",0.2,3,3,"dCov",0.4781,0.00499520159753338,0.23122380194027,5000,10000,FALSE
100,"sine 8pi",0.2,3,3,"HHG",0.9199,0.00271447950811937,14345.8697717471,5000,10000,FALSE
100,"sine 8pi",0.2,3,3,"Genest",0.4855,0.0049978970577634,0.0575572380000051,20000,10000,TRUE
100,"sine 8pi",0.2,3,3,"MIC",1,0,0.299775092341389,20000,10000,TRUE
100,"sine 8pi",0.2,3,3,"BET",0.0185,0.00134750695731043,32,20000,10000,TRUE
100,"sine 8pi",0.2,3,3,"BEAST",0.924,0.0026499811320083,0.468986315076844,20000,10000,TRUE
100,"sine 8pi",0.2,3,3,"xi",1,0,0.122412241224122,20000,10000,TRUE
100,"sine 8pi",0.2,3,3,"HHG_fast",0.998,0.000446766158073774,0.106855044849179,20000,10000,TRUE
100,"sine 8pi",0.3,3,3,"B_n",0.3567,0.00479025166353502,16.9276305269455,20000,10000,TRUE
100,"sine 8pi",0.3,3,3,"P_n",0.3526,0.00477779488885825,16.7516811731464,20000,10000,TRUE
100,"sine 8pi",0.3,3,3,"Hoeffding",0.3876,0.00487202463047961,0.0096558340612096,20000,10000,TRUE
100,"sine 8pi",0.3,3,3,"dCov",0.366,0.00481709456000191,0.230962932079177,5000,10000,FALSE
100,"sine 8pi",0.3,3,3,"HHG",0.6124,0.00487202463047961,14024.2756813818,5000,10000,FALSE
100,"sine 8pi",0.3,3,3,"Genest",0.3605,0.00480145550848907,0.0575572380000051,20000,10000,TRUE
100,"sine 8pi",0.3,3,3,"MIC",0.9992,0.000282729552753161,0.299775092341389,20000,10000,TRUE
100,"sine 8pi",0.3,3,3,"BET",0.0174,0.001307564147566,32,20000,10000,TRUE
100,"sine 8pi",0.3,3,3,"BEAST",0.8107,0.00391746742168968,0.468986315076844,20000,10000,TRUE
100,"sine 8pi",0.3,3,3,"xi",0.9998,0.0001414072133945,0.122412241224122,20000,10000,TRUE
100,"sine 8pi",0.3,3,3,"HHG_fast",0.9137,0.00280806534824245,0.106855044849179,20000,10000,TRUE
100,"sine 8pi",0.4,3,3,"B_n",0.2508,0.00433473597811908,16.9276305269455,20000,10000,TRUE
100,"sine 8pi",0.4,3,3,"P_n",0.2474,0.00431501147159541,16.7516811731464,20000,10000,TRUE
100,"sine 8pi",0.4,3,3,"Hoeffding",0.2687,0.00443283554849489,0.0096558340612096,20000,10000,TRUE
100,"sine 8pi",0.4,3,3,"dCov",0.2632,0.00440370026227944,0.233235066724219,5000,10000,FALSE
100,"sine 8pi",0.4,3,3,"HHG",0.3545,0.00478361526462988,14026.8763838633,5000,10000,FALSE
100,"sine 8pi",0.4,3,3,"Genest",0.2618,0.00439614330976596,0.0575572380000051,20000,10000,TRUE
100,"sine 8pi",0.4,3,3,"MIC",0.9549,0.00207523468552354,0.299775092341389,20000,10000,TRUE
100,"sine 8pi",0.4,3,3,"BET",0.0133,0.00114556143440673,32,20000,10000,TRUE
100,"sine 8pi",0.4,3,3,"BEAST",0.6398,0.00480058288127598,0.468986315076844,20000,10000,TRUE
100,"sine 8pi",0.4,3,3,"xi",0.9789,0.00143717744207179,0.122412241224122,20000,10000,TRUE
100,"sine 8pi",0.4,3,3,"HHG_fast",0.671,0.00469849976056188,0.106855044849179,20000,10000,TRUE
100,"sine 8pi",0.5,3,3,"B_n",0.1939,0.00395351476537018,16.9276305269455,20000,10000,TRUE
100,"sine 8pi",0.5,3,3,"P_n",0.1916,0.00393559957312733,16.7516811731464,20000,10000,TRUE
100,"sine 8pi",0.5,3,3,"Hoeffding",0.2063,0.00404648378224848,0.0096558340612096,20000,10000,TRUE
100,"sine 8pi",0.5,3,3,"dCov",0.2024,0.00401788800242117,0.234027677720842,5000,10000,FALSE
100,"sine 8pi",0.5,3,3,"HHG",0.2457,0.00430501463412147,13932.9872850978,5000,10000,FALSE
100,"sine 8pi",0.5,3,3,"Genest",0.2045,0.00403335778229504,0.0575572380000051,20000,10000,TRUE
100,"sine 8pi",0.5,3,3,"MIC",0.7873,0.00409217191720974,0.299775092341389,20000,10000,TRUE
100,"sine 8pi",0.5,3,3,"BET",0.0115,0.00106619651096784,32,20000,10000,TRUE
100,"sine 8pi",0.5,3,3,"BEAST",0.4687,0.00499019348322287,0.468986315076844,20000,10000,TRUE
100,"sine 8pi",0.5,3,3,"xi",0.8552,0.00351899076440959,0.122412241224122,20000,10000,TRUE
100,"sine 8pi",0.5,3,3,"HHG_fast",0.4568,0.00498130264087618,0.106855044849179,20000,10000,TRUE
100,"sine 8pi",0.6,3,3,"B_n",0.1475,0.0035460365198345,16.9276305269455,20000,10000,TRUE
100,"sine 8pi",0.6,3,3,"P_n",0.1473,0.00354404726266454,16.7516811731464,20000,10000,TRUE
100,"sine 8pi",0.6,3,3,"Hoeffding",0.1599,0.00366513287617243,0.0096558340612096,20000,10000,TRUE
100,"sine 8pi",0.6,3,3,"dCov",0.1401,0.0034709075182148,0.238888034183728,5000,10000,FALSE
100,"sine 8pi",0.6,3,3,"HHG",0.1515,0.00358535563089633,14323.3311968917,5000,10000,FALSE
100,"sine 8pi",0.6,3,3,"Genest",0.1568,0.00363612101008754,0.0575572380000051,20000,10000,TRUE
100,"sine 8pi",0.6,3,3,"MIC",0.581,0.00493395378981198,0.299775092341389,20000,10000,TRUE
100,"sine 8pi",0.6,3,3,"BET",0.0121,0.00109332474590123,32,20000,10000,TRUE
100,"sine 8pi",0.6,3,3,"BEAST",0.3252,0.00468449527697488,0.468986315076844,20000,10000,TRUE
100,"sine 8pi",0.6,3,3,"xi",0.6375,0.00480722113075735,0.122412241224122,20000,10000,TRUE
100,"sine 8pi",0.6,3,3,"HHG_fast",0.3174,0.00465464542151172,0.106855044849179,20000,10000,TRUE
100,"sine 8pi",0.7,3,3,"B_n",0.1239,0.00329467433899012,16.9276305269455,20000,10000,TRUE
100,"sine 8pi",0.7,3,3,"P_n",0.1252,0.00330945554434563,16.7516811731464,20000,10000,TRUE
100,"sine 8pi",0.7,3,3,"Hoeffding",0.1291,0.003353105873664,0.0096558340612096,20000,10000,TRUE
100,"sine 8pi",0.7,3,3,"dCov",0.1191,0.00323906143813297,0.235703003992798,5000,10000,FALSE
100,"sine 8pi",0.7,3,3,"HHG",0.1268,0.0033274879413756,14121.5495503946,5000,10000,FALSE
100,"sine 8pi",0.7,3,3,"Genest",0.1265,0.00332412018434954,0.0575572380000051,20000,10000,TRUE
100,"sine 8pi",0.7,3,3,"MIC",0.4176,0.00493163502299187,0.299775092341389,20000,10000,TRUE
100,"sine 8pi",0.7,3,3,"BET",0.0143,0.00118724513054381,32,20000,10000,TRUE
100,"sine 8pi",0.7,3,3,"BEAST",0.2456,0.00430442377095936,0.468986315076844,20000,10000,TRUE
100,"sine 8pi",0.7,3,3,"xi",0.4501,0.0049750375877977,0.122412241224122,20000,10000,TRUE
100,"sine 8pi",0.7,3,3,"HHG_fast",0.2387,0.00426288998215999,0.106855044849179,20000,10000,TRUE
100,"sine 8pi",0.8,3,3,"B_n",0.1108,0.00313884309897771,16.9276305269455,20000,10000,TRUE
100,"sine 8pi",0.8,3,3,"P_n",0.1105,0.00313511961494295,16.7516811731464,20000,10000,TRUE
100,"sine 8pi",0.8,3,3,"Hoeffding",0.1119,0.00315243382166858,0.0096558340612096,20000,10000,TRUE
100,"sine 8pi",0.8,3,3,"dCov",0.1061,0.00307965566257009,0.236294996255623,5000,10000,FALSE
100,"sine 8pi",0.8,3,3,"HHG",0.0974,0.00296501669472534,14323.6886950103,5000,10000,FALSE
100,"sine 8pi",0.8,3,3,"Genest",0.1138,0.0031756819740018,0.0575572380000051,20000,10000,TRUE
100,"sine 8pi",0.8,3,3,"MIC",0.3081,0.00461708122085804,0.299775092341389,20000,10000,TRUE
100,"sine 8pi",0.8,3,3,"BET",0.0121,0.00109332474590123,32,20000,10000,TRUE
100,"sine 8pi",0.8,3,3,"BEAST",0.1801,0.00384270724880259,0.468986315076844,20000,10000,TRUE
100,"sine 8pi",0.8,3,3,"xi",0.334,0.00471639692986076,0.122412241224122,20000,10000,TRUE
100,"sine 8pi",0.8,3,3,"HHG_fast",0.1873,0.00390152162623764,0.106855044849179,20000,10000,TRUE
100,"sine 8pi",0.9,3,3,"B_n",0.0941,0.00291967789319301,16.9276305269455,20000,10000,TRUE
100,"sine 8pi",0.9,3,3,"P_n",0.0953,0.00293628864384958,16.7516811731464,20000,10000,TRUE
100,"sine 8pi",0.9,3,3,"Hoeffding",0.0939,0.00291689543864706,0.0096558340612096,20000,10000,TRUE
100,"sine 8pi",0.9,3,3,"dCov",0.0996,0.00299465924605789,0.233258361174243,5000,10000,FALSE
100,"sine 8pi",0.9,3,3,"HHG",0.0833,0.00276335140725895,14292.1954212,5000,10000,FALSE
100,"sine 8pi",0.9,3,3,"Genest",0.0976,0.00296773044598056,0.0575572380000051,20000,10000,TRUE
100,"sine 8pi",0.9,3,3,"MIC",0.2364,0.0042487061559962,0.299775092341389,20000,10000,TRUE
100,"sine 8pi",0.9,3,3,"BET",0.0129,0.00112843209809009,32,20000,10000,TRUE
100,"sine 8pi",0.9,3,3,"BEAST",0.1507,0.00357756215878914,0.468986315076844,20000,10000,TRUE
100,"sine 8pi",0.9,3,3,"xi",0.2528,0.00434617256905429,0.122412241224122,20000,10000,TRUE
100,"sine 8pi",0.9,3,3,"HHG_fast",0.1477,0.00354802353430752,0.106855044849179,20000,10000,TRUE
100,"sine 8pi",1,3,3,"B_n",0.0875,0.00282566363886433,16.9276305269455,20000,10000,TRUE
100,"sine 8pi",1,3,3,"P_n",0.0874,0.00282420325047614,16.7516811731464,20000,10000,TRUE
100,"sine 8pi",1,3,3,"Hoeffding",0.0888,0.00284454847032003,0.0096558340612096,20000,10000,TRUE
100,"sine 8pi",1,3,3,"dCov",0.0868,0.00281541755340127,0.234869452549236,5000,10000,FALSE
100,"sine 8pi",1,3,3,"HHG",0.0717,0.0025799052308176,14448.9792717895,5000,10000,FALSE
100,"sine 8pi",1,3,3,"Genest",0.0892,0.00285032208706314,0.0575572380000051,20000,10000,TRUE
100,"sine 8pi",1,3,3,"MIC",0.1921,0.00393951253329647,0.299775092341389,20000,10000,TRUE
100,"sine 8pi",1,3,3,"BET",0.0125,0.00111102430216445,32,20000,10000,TRUE
100,"sine 8pi",1,3,3,"BEAST",0.1286,0.00334756687759931,0.468986315076844,20000,10000,TRUE
100,"sine 8pi",1,3,3,"xi",0.1986,0.00398946161781261,0.122412241224122,20000,10000,TRUE
100,"sine 8pi",1,3,3,"HHG_fast",0.1283,0.00334423548811982,0.106855044849179,20000,10000,TRUE
100,"sine 8pi",1.1,3,3,"B_n",0.0766,0.00265955710598588,16.9276305269455,20000,10000,TRUE
100,"sine 8pi",1.1,3,3,"P_n",0.0769,0.0026643271195557,16.7516811731464,20000,10000,TRUE
100,"sine 8pi",1.1,3,3,"Hoeffding",0.0773,0.0026706686428683,0.0096558340612096,20000,10000,TRUE
100,"sine 8pi",1.1,3,3,"dCov",0.0774,0.0026722507367386,0.234462806671356,5000,10000,FALSE
100,"sine 8pi",1.1,3,3,"HHG",0.0829,0.00275731010225546,13952.5847806308,5000,10000,FALSE
100,"sine 8pi",1.1,3,3,"Genest",0.078,0.00268171586861845,0.0575572380000051,20000,10000,TRUE
100,"sine 8pi",1.1,3,3,"MIC",0.1559,0.00362760513286659,0.299775092341389,20000,10000,TRUE
100,"sine 8pi",1.1,3,3,"BET",0.0138,0.00116660018858219,32,20000,10000,TRUE
100,"sine 8pi",1.1,3,3,"BEAST",0.112,0.00315366453510832,0.468986315076844,20000,10000,TRUE
100,"sine 8pi",1.1,3,3,"xi",0.1538,0.00360756926475432,0.122412241224122,20000,10000,TRUE
100,"sine 8pi",1.1,3,3,"HHG_fast",0.1071,0.00309240343422394,0.106855044849179,20000,10000,TRUE
100,"sine 8pi",1.2,3,3,"B_n",0.0778,0.00267856603428028,16.9276305269455,20000,10000,TRUE
100,"sine 8pi",1.2,3,3,"P_n",0.0783,0.00268643090363404,16.7516811731464,20000,10000,TRUE
100,"sine 8pi",1.2,3,3,"Hoeffding",0.0792,0.00270050661913649,0.0096558340612096,20000,10000,TRUE
100,"sine 8pi",1.2,3,3,"dCov",0.0888,0.00284454847032003,0.23121705969068,5000,10000,FALSE
100,"sine 8pi",1.2,3,3,"HHG",0.0784,0.002688,14092.9213674588,5000,10000,FALSE
100,"sine 8pi",1.2,3,3,"Genest",0.0815,0.00273601443709641,0.0575572380000051,20000,10000,TRUE
100,"sine 8pi",1.2,3,3,"MIC",0.1387,0.00345633201530177,0.299775092341389,20000,10000,TRUE
100,"sine 8pi",1.2,3,3,"BET",0.0141,0.00117903307841638,32,20000,10000,TRUE
100,"sine 8pi",1.2,3,3,"BEAST",0.1027,0.00303566648365725,0.468986315076844,20000,10000,TRUE
100,"sine 8pi",1.2,3,3,"xi",0.1362,0.00343000816325559,0.122412241224122,20000,10000,TRUE
100,"sine 8pi",1.2,3,3,"HHG_fast",0.102,0.00302648310750283,0.106855044849179,20000,10000,TRUE
100,"sine 8pi",1.3,3,3,"B_n",0.0719,0.00258322259977726,16.9276305269455,20000,10000,TRUE
100,"sine 8pi",1.3,3,3,"P_n",0.0724,0.00259149069070294,16.7516811731464,20000,10000,TRUE
100,"sine 8pi",1.3,3,3,"Hoeffding",0.0717,0.0025799052308176,0.0096558340612096,20000,10000,TRUE
100,"sine 8pi",1.3,3,3,"dCov",0.0679,0.00251574223639863,0.235135724366055,5000,10000,FALSE
100,"sine 8pi",1.3,3,3,"HHG",0.0642,0.00245108873768373,14289.4906398884,5000,10000,FALSE
100,"sine 8pi",1.3,3,3,"Genest",0.0727,0.002596434285708,0.0575572380000051,20000,10000,TRUE
100,"sine 8pi",1.3,3,3,"MIC",0.1193,0.00324141188373215,0.299775092341389,20000,10000,TRUE
100,"sine 8pi",1.3,3,3,"BET",0.0121,0.00109332474590123,32,20000,10000,TRUE
100,"sine 8pi",1.3,3,3,"BEAST",0.09,0.00286181760425084,0.468986315076844,20000,10000,TRUE
100,"sine 8pi",1.3,3,3,"xi",0.1149,0.00318901222951559,0.122412241224122,20000,10000,TRUE
100,"sine 8pi",1.3,3,3,"HHG_fast",0.0935,0.0029113184298527,0.106855044849179,20000,10000,TRUE
100,"sine 8pi",1.4,3,3,"B_n",0.0711,0.00256991809207998,16.9276305269455,20000,10000,TRUE
100,"sine 8pi",1.4,3,3,"P_n",0.0722,0.00258818778298639,16.7516811731464,20000,10000,TRUE
100,"sine 8pi",1.4,3,3,"Hoeffding",0.0725,0.00259313998850814,0.0096558340612096,20000,10000,TRUE
100,"sine 8pi",1.4,3,3,"dCov",0.0723,0.00258983995644519,0.23398342084316,5000,10000,FALSE
100,"sine 8pi",1.4,3,3,"HHG",0.0612,0.00239696808489391,14246.4651833776,5000,10000,FALSE
100,"sine 8pi",1.4,3,3,"Genest",0.0731,0.00260300576257526,0.0575572380000051,20000,10000,TRUE
100,"sine 8pi",1.4,3,3,"MIC",0.106,0.00307837619533416,0.299775092341389,20000,10000,TRUE
100,"sine 8pi",1.4,3,3,"BET",0.0124,0.00110662730853707,32,20000,10000,TRUE
100,"sine 8pi",1.4,3,3,"BEAST",0.0805,0.00272065708974872,0.468986315076844,20000,10000,TRUE
100,"sine 8pi",1.4,3,3,"xi",0.1065,0.00308476498294441,0.122412241224122,20000,10000,TRUE
100,"sine 8pi",1.4,3,3,"HHG_fast",0.0865,0.00281100960510632,0.106855044849179,20000,10000,TRUE
100,"sine 8pi",1.5,3,3,"B_n",0.0639,0.00244574712511331,16.9276305269455,20000,10000,TRUE
100,"sine 8pi",1.5,3,3,"P_n",0.0644,0.00245464131799332,16.7516811731464,20000,10000,TRUE
100,"sine 8pi",1.5,3,3,"Hoeffding",0.0728,0.00259807929055293,0.0096558340612096,20000,10000,TRUE
100,"sine 8pi",1.5,3,3,"dCov",0.0823,0.00274821232804163,0.2304168887068,5000,10000,FALSE
100,"sine 8pi",1.5,3,3,"HHG",0.0664,0.00248979999196723,14107.9191938149,5000,10000,FALSE
100,"sine 8pi",1.5,3,3,"Genest",0.0738,0.00261445137648418,0.0575572380000051,20000,10000,TRUE
100,"sine 8pi",1.5,3,3,"MIC",0.0971,0.00296093887137171,0.299775092341389,20000,10000,TRUE
100,"sine 8pi",1.5,3,3,"BET",0.0142,0.00118314665194134,32,20000,10000,TRUE
100,"sine 8pi",1.5,3,3,"BEAST",0.0809,0.00272681480852661,0.468986315076844,20000,10000,TRUE
100,"sine 8pi",1.5,3,3,"xi",0.0972,0.00296229910711258,0.122412241224122,20000,10000,TRUE
100,"sine 8pi",1.5,3,3,"HHG_fast",0.0821,0.00274517012223286,0.106855044849179,20000,10000,TRUE
100,"sine 8pi",1.6,3,3,"B_n",0.0639,0.00244574712511331,16.9276305269455,20000,10000,TRUE
100,"sine 8pi",1.6,3,3,"P_n",0.0645,0.00245641507078914,16.7516811731464,20000,10000,TRUE
100,"sine 8pi",1.6,3,3,"Hoeffding",0.0652,0.00246878431621719,0.0096558340612096,20000,10000,TRUE
100,"sine 8pi",1.6,3,3,"dCov",0.0618,0.00240791943386817,0.236864980264613,5000,10000,FALSE
100,"sine 8pi",1.6,3,3,"HHG",0.0645,0.00245641507078914,14013.5253839804,5000,10000,FALSE
100,"sine 8pi",1.6,3,3,"Genest",0.0652,0.00246878431621719,0.0575572380000051,20000,10000,TRUE
100,"sine 8pi",1.6,3,3,"MIC",0.0871,0.00281981541949114,0.299775092341389,20000,10000,TRUE
100,"sine 8pi",1.6,3,3,"BET",0.0122,0.00109777775528565,32,20000,10000,TRUE
100,"sine 8pi",1.6,3,3,"BEAST",0.0721,0.00258653416756864,0.468986315076844,20000,10000,TRUE
100,"sine 8pi",1.6,3,3,"xi",0.0882,0.00283585542649833,0.122412241224122,20000,10000,TRUE
100,"sine 8pi",1.6,3,3,"HHG_fast",0.0769,0.0026643271195557,0.106855044849179,20000,10000,TRUE
100,"sine 8pi",1.7,3,3,"B_n",0.0656,0.00247581582513724,16.9276305269455,20000,10000,TRUE
100,"sine 8pi",1.7,3,3,"P_n",0.0654,0.00247230337944193,16.7516811731464,20000,10000,TRUE
100,"sine 8pi",1.7,3,3,"Hoeffding",0.0653,0.00247054467678688,0.0096558340612096,20000,10000,TRUE
100,"sine 8pi",1.7,3,3,"dCov",0.064,0.00244752936652454,0.234270426248992,5000,10000,FALSE
100,"sine 8pi",1.7,3,3,"HHG",0.0534,0.0022482980229498,14324.8037915927,5000,10000,FALSE
100,"sine 8pi",1.7,3,3,"Genest",0.0674,0.00250713461944109,0.0575572380000051,20000,10000,TRUE
100,"sine 8pi",1.7,3,3,"MIC",0.0861,0.00280511657511769,0.299775092341389,20000,10000,TRUE
100,"sine 8pi",1.7,3,3,"BET",0.0139,0.00117076000956644,32,20000,10000,TRUE
100,"sine 8pi",1.7,3,3,"BEAST",0.0693,0.0025396359975398,0.468986315076844,20000,10000,TRUE
100,"sine 8pi",1.7,3,3,"xi",0.0793,0.00270206421093208,0.122412241224122,20000,10000,TRUE
100,"sine 8pi",1.7,3,3,"HHG_fast",0.0748,0.00263068356135815,0.106855044849179,20000,10000,TRUE
100,"sine 8pi",1.8,3,3,"B_n",0.064,0.00244752936652454,16.9276305269455,20000,10000,TRUE
100,"sine 8pi",1.8,3,3,"P_n",0.0648,0.00246172622360814,16.7516811731464,20000,10000,TRUE
100,"sine 8pi",1.8,3,3,"Hoeffding",0.0622,0.00241518446500469,0.0096558340612096,20000,10000,TRUE
100,"sine 8pi",1.8,3,3,"dCov",0.0632,0.00243322337651108,0.233001219326462,5000,10000,FALSE
100,"sine 8pi",1.8,3,3,"HHG",0.0665,0.00249154068800812,13967.7762310931,5000,10000,FALSE
100,"sine 8pi",1.8,3,3,"Genest",0.0607,0.00238779207637516,0.0575572380000051,20000,10000,TRUE
100,"sine 8pi",1.8,3,3,"MIC",0.078,0.00268171586861845,0.299775092341389,20000,10000,TRUE
100,"sine 8pi",1.8,3,3,"BET",0.0134,0.00114980172203733,32,20000,10000,TRUE
100,"sine 8pi",1.8,3,3,"BEAST",0.0694,0.00254133114725334,0.468986315076844,20000,10000,TRUE
100,"sine 8pi",1.8,3,3,"xi",0.0801,0.00271447950811937,0.122412241224122,20000,10000,TRUE
100,"sine 8pi",1.8,3,3,"HHG_fast",0.0778,0.00267856603428028,0.106855044849179,20000,10000,TRUE
100,"sine 8pi",1.9,3,3,"B_n",0.0615,0.00240245187256686,16.9276305269455,20000,10000,TRUE
100,"sine 8pi",1.9,3,3,"P_n",0.0615,0.00240245187256686,16.7516811731464,20000,10000,TRUE
100,"sine 8pi",1.9,3,3,"Hoeffding",0.0614,0.00240062575175724,0.0096558340612096,20000,10000,TRUE
100,"sine 8pi",1.9,3,3,"dCov",0.0621,0.00241337087908179,0.23289696223527,5000,10000,FALSE
100,"sine 8pi",1.9,3,3,"HHG",0.055,0.0022798026230356,14157.9186458369,5000,10000,FALSE
100,"sine 8pi",1.9,3,3,"Genest",0.0619,0.00240973836754117,0.0575572380000051,20000,10000,TRUE
100,"sine 8pi",1.9,3,3,"MIC",0.0756,0.00264357031304257,0.299775092341389,20000,10000,TRUE
100,"sine 8pi",1.9,3,3,"BET",0.0109,0.00103832509360027,32,20000,10000,TRUE
100,"sine 8pi",1.9,3,3,"BEAST",0.0682,0.00252088793880252,0.468986315076844,20000,10000,TRUE
100,"sine 8pi",1.9,3,3,"xi",0.0763,0.0026547751317202,0.122412241224122,20000,10000,TRUE
100,"sine 8pi",1.9,3,3,"HHG_fast",0.0682,0.00252088793880252,0.106855044849179,20000,10000,TRUE
100,"sine 8pi",2,3,3,"B_n",0.0617,0.0024060987095296,16.9276305269455,20000,10000,TRUE
100,"sine 8pi",2,3,3,"P_n",0.0614,0.00240062575175724,16.7516811731464,20000,10000,TRUE
100,"sine 8pi",2,3,3,"Hoeffding",0.0639,0.00244574712511331,0.0096558340612096,20000,10000,TRUE
100,"sine 8pi",2,3,3,"dCov",0.0565,0.00230884711490389,0.237337302539166,5000,10000,FALSE
100,"sine 8pi",2,3,3,"HHG",0.062,0.00241155551460048,14040.9394155541,5000,10000,FALSE
100,"sine 8pi",2,3,3,"Genest",0.0643,0.00245286587484925,0.0575572380000051,20000,10000,TRUE
100,"sine 8pi",2,3,3,"MIC",0.0727,0.002596434285708,0.299775092341389,20000,10000,TRUE
100,"sine 8pi",2,3,3,"BET",0.0136,0.00115823313715331,32,20000,10000,TRUE
100,"sine 8pi",2,3,3,"BEAST",0.0699,0.00254978410850801,0.468986315076844,20000,10000,TRUE
100,"sine 8pi",2,3,3,"xi",0.0702,0.00255483776392944,0.122412241224122,20000,10000,TRUE
100,"sine 8pi",2,3,3,"HHG_fast",0.0706,0.00256155499648163,0.106855044849179,20000,10000,TRUE
100,"Clayton",0.1,3,3,"B_n",0.9948,0.000719232924719105,16.9276305269455,20000,10000,TRUE
100,"Clayton",0.1,3,3,"P_n",0.9945,0.00073957758213726,16.7516811731464,20000,10000,TRUE
100,"Clayton",0.1,3,3,"Hoeffding",0.9979,0.000457776146167534,0.0096558340612096,20000,10000,TRUE
100,"Clayton",0.1,3,3,"dCov",0.9987,0.00036032069049667,0.228246557873828,5000,10000,FALSE
100,"Clayton",0.1,3,3,"HHG",0.9964,0.000598919026246457,14409.8902152074,5000,10000,FALSE
100,"Clayton",0.1,3,3,"Genest",0.9982,0.000423882059068324,0.0575572380000051,20000,10000,TRUE
100,"Clayton",0.1,3,3,"MIC",0.8584,0.00348639412574081,0.299775092341389,20000,10000,TRUE
100,"Clayton",0.1,3,3,"BET",0.5349,0.00498780502826644,32,20000,10000,TRUE
100,"Clayton",0.1,3,3,"BEAST",0.8047,0.00396431469487477,0.468986315076844,20000,10000,TRUE
100,"Clayton",0.1,3,3,"xi",0.8309,0.00374840219293501,0.122412241224122,20000,10000,TRUE
100,"Clayton",0.1,3,3,"HHG_fast",0.9956,0.000661864034375638,0.106855044849179,20000,10000,TRUE
100,"Clayton",0.2,3,3,"B_n",0.9896,0.00101448706250992,16.9276305269455,20000,10000,TRUE
100,"Clayton",0.2,3,3,"P_n",0.9893,0.00102885907684192,16.7516811731464,20000,10000,TRUE
100,"Clayton",0.2,3,3,"Hoeffding",0.9976,0.000489309717867933,0.0096558340612096,20000,10000,TRUE
100,"Clayton",0.2,3,3,"dCov",0.9981,0.000435475602072035,0.22847647930009,5000,10000,FALSE
100,"Clayton",0.2,3,3,"HHG",0.995,0.000705336798983295,14526.8841802739,5000,10000,FALSE
100,"Clayton",0.2,3,3,"Genest",0.9981,0.000435475602072035,0.0575572380000051,20000,10000,TRUE
100,"Clayton",0.2,3,3,"MIC",0.839,0.00367530951077593,0.299775092341389,20000,10000,TRUE
100,"Clayton",0.2,3,3,"BET",0.5196,0.00499615692307598,32,20000,10000,TRUE
100,"Clayton",0.2,3,3,"BEAST",0.7739,0.00418304661700058,0.468986315076844,20000,10000,TRUE
100,"Clayton",0.2,3,3,"xi",0.8034,0.00397427276366381,0.122412241224122,20000,10000,TRUE
100,"Clayton",0.2,3,3,"HHG_fast",0.9932,0.000821812630713354,0.106855044849179,20000,10000,TRUE
100,"Clayton",0.3,3,3,"B_n",0.9837,0.00126626655961531,16.9276305269455,20000,10000,TRUE
100,"Clayton",0.3,3,3,"P_n",0.9831,0.00128896819200475,16.7516811731464,20000,10000,TRUE
100,"Clayton",0.3,3,3,"Hoeffding",0.9957,0.000654332484292196,0.0096558340612096,20000,10000,TRUE
100,"Clayton",0.3,3,3,"dCov",0.9966,0.00058210308365443,0.22971841568236,5000,10000,FALSE
100,"Clayton",0.3,3,3,"HHG",0.9935,0.000803601269287198,14262.53850871,5000,10000,FALSE
100,"Clayton",0.3,3,3,"Genest",0.9963,0.000607149899118829,0.0575572380000051,20000,10000,TRUE
100,"Clayton",0.3,3,3,"MIC",0.819,0.00385018181388879,0.299775092341389,20000,10000,TRUE
100,"Clayton",0.3,3,3,"BET",0.4939,0.00499962788615313,32,20000,10000,TRUE
100,"Clayton",0.3,3,3,"BEAST",0.7296,0.00444166455284503,0.468986315076844,20000,10000,TRUE
100,"Clayton",0.3,3,3,"xi",0.7675,0.00422426029027568,0.122412241224122,20000,10000,TRUE
100,"Clayton",0.3,3,3,"HHG_fast",0.9905,0.000970038659023441,0.106855044849179,20000,10000,TRUE
100,"Clayton",0.4,3,3,"B_n",0.9753,0.00155209245858615,16.9276305269455,20000,10000,TRUE
100,"Clayton",0.4,3,3,"P_n",0.9741,0.00158836991913093,16.7516811731464,20000,10000,TRUE
100,"Clayton",0.4,3,3,"Hoeffding",0.9936,0.000797435890840133,0.0096558340612096,20000,10000,TRUE
100,"Clayton",0.4,3,3,"dCov",0.9959,0.000638998435052856,0.228759759107718,5000,10000,FALSE
100,"Clayton",0.4,3,3,"HHG",0.9901,0.000990049998737438,14052.5844365364,5000,10000,FALSE
100,"Clayton",0.4,3,3,"Genest",0.9947,0.000726079196782277,0.0575572380000051,20000,10000,TRUE
100,"Clayton",0.4,3,3,"MIC",0.7876,0.00409006405817806,0.299775092341389,20000,10000,TRUE
100,"Clayton",0.4,3,3,"BET",0.4579,0.00498224437377373,32,20000,10000,TRUE
100,"Clayton",0.4,3,3,"BEAST",0.6766,0.00467773919751839,0.468986315076844,20000,10000,TRUE
100,"Clayton",0.4,3,3,"xi",0.7142,0.00451794599347978,0.122412241224122,20000,10000,TRUE
100,"Clayton",0.4,3,3,"HHG_fast",0.9859,0.00117903307841638,0.106855044849179,20000,10000,TRUE
100,"Clayton",0.5,3,3,"B_n",0.9557,0.00205760807735584,16.9276305269455,20000,10000,TRUE
100,"Clayton",0.5,3,3,"P_n",0.9539,0.00209701669044383,16.7516811731464,20000,10000,TRUE
100,"Clayton",0.5,3,3,"Hoeffding",0.9907,0.000959870303738999,0.0096558340612096,20000,10000,TRUE
100,"Clayton",0.5,3,3,"dCov",0.9923,0.000874111548945559,0.23578225495165,5000,10000,FALSE
100,"Clayton",0.5,3,3,"HHG",0.9789,0.00143717744207179,14337.8186331062,5000,10000,FALSE
100,"Clayton",0.5,3,3,"Genest",0.9916,0.000912657657613191,0.0575572380000051,20000,10000,TRUE
100,"Clayton",0.5,3,3,"MIC",0.7461,0.0043524107113185,0.299775092341389,20000,10000,TRUE
100,"Clayton",0.5,3,3,"BET",0.4164,0.00492961499510864,32,20000,10000,TRUE
100,"Clayton",0.5,3,3,"BEAST",0.6055,0.00488743030640847,0.468986315076844,20000,10000,TRUE
100,"Clayton",0.5,3,3,"xi",0.6541,0.00475660793002745,0.122412241224122,20000,10000,TRUE
100,"Clayton",0.5,3,3,"HHG_fast",0.9774,0.00148624493270793,0.106855044849179,20000,10000,TRUE
100,"Clayton",0.6,3,3,"B_n",0.9296,0.00255819936674216,16.9276305269455,20000,10000,TRUE
100,"Clayton",0.6,3,3,"P_n",0.9266,0.00260791947728453,16.7516811731464,20000,10000,TRUE
100,"Clayton",0.6,3,3,"Hoeffding",0.9827,0.00130386770801335,0.0096558340612096,20000,10000,TRUE
100,"Clayton",0.6,3,3,"dCov",0.987,0.00113274004078606,0.235141330373457,5000,10000,FALSE
100,"Clayton",0.6,3,3,"HHG",0.9624,0.00190226811990318,14342.1076944075,5000,10000,FALSE
100,"Clayton",0.6,3,3,"Genest",0.9854,0.00119945154133045,0.0575572380000051,20000,10000,TRUE
100,"Clayton",0.6,3,3,"MIC",0.6925,0.0046145828630549,0.299775092341389,20000,10000,TRUE
100,"Clayton",0.6,3,3,"BET",0.3565,0.00478965291018044,32,20000,10000,TRUE
100,"Clayton",0.6,3,3,"BEAST",0.5434,0.00498112878773476,0.468986315076844,20000,10000,TRUE
100,"Clayton",0.6,3,3,"xi",0.5904,0.00491759941434843,0.122412241224122,20000,10000,TRUE
100,"Clayton",0.6,3,3,"HHG_fast",0.9639,0.00186538977160271,0.106855044849179,20000,10000,TRUE
100,"Clayton",0.7,3,3,"B_n",0.892,0.00310380411753061,16.9276305269455,20000,10000,TRUE
100,"Clayton",0.7,3,3,"P_n",0.8885,0.003147502978553,16.7516811731464,20000,10000,TRUE
100,"Clayton",0.7,3,3,"Hoeffding",0.9738,0.00159729646590732,0.0096558340612096,20000,10000,TRUE
100,"Clayton",0.7,3,3,"dCov",0.9798,0.00140683900997946,0.233139465398008,5000,10000,FALSE
100,"Clayton",0.7,3,3,"HHG",0.9395,0.00238410884818626,14189.1762624512,5000,10000,FALSE
100,"Clayton",0.7,3,3,"Genest",0.9777,0.00147657407535145,0.0575572380000051,20000,10000,TRUE
100,"Clayton",0.7,3,3,"MIC",0.6477,0.00477686832558738,0.299775092341389,20000,10000,TRUE
100,"Clayton",0.7,3,3,"BET",0.3148,0.00464436174301701,32,20000,10000,TRUE
100,"Clayton",0.7,3,3,"BEAST",0.4794,0.00499575459765589,0.468986315076844,20000,10000,TRUE
100,"Clayton",0.7,3,3,"xi",0.5324,0.0049894913568419,0.122412241224122,20000,10000,TRUE
100,"Clayton",0.7,3,3,"HHG_fast",0.9394,0.00238595138257258,0.106855044849179,20000,10000,TRUE
100,"Clayton",0.8,3,3,"B_n",0.8435,0.00363328707921628,16.9276305269455,20000,10000,TRUE
100,"Clayton",0.8,3,3,"P_n",0.8386,0.0036789949714562,16.7516811731464,20000,10000,TRUE
100,"Clayton",0.8,3,3,"Hoeffding",0.9591,0.0019805855194866,0.0096558340612096,20000,10000,TRUE
100,"Clayton",0.8,3,3,"dCov",0.9653,0.00183018878807625,0.232743624637684,5000,10000,FALSE
100,"Clayton",0.8,3,3,"HHG",0.9071,0.00290292249293707,14093.5714092789,5000,10000,FALSE
100,"Clayton",0.8,3,3,"Genest",0.9626,0.0018973992726888,0.0575572380000051,20000,10000,TRUE
100,"Clayton",0.8,3,3,"MIC",0.5848,0.00492756491585854,0.299775092341389,20000,10000,TRUE
100,"Clayton",0.8,3,3,"BET",0.2587,0.00437920437979321,32,20000,10000,TRUE
100,"Clayton",0.8,3,3,"BEAST",0.4202,0.00493590883222128,0.468986315076844,20000,10000,TRUE
100,"Clayton",0.8,3,3,"xi",0.4669,0.00498903187001246,0.122412241224122,20000,10000,TRUE
100,"Clayton",0.8,3,3,"HHG_fast",0.9114,0.00284165515149182,0.106855044849179,20000,10000,TRUE
100,"Clayton",0.9,3,3,"B_n",0.7896,0.00407592737913717,16.9276305269455,20000,10000,TRUE
100,"Clayton",0.9,3,3,"P_n",0.7839,0.00411583272254838,16.7516811731464,20000,10000,TRUE
100,"Clayton",0.9,3,3,"Hoeffding",0.9365,0.00243860103337959,0.0096558340612096,20000,10000,TRUE
100,"Clayton",0.9,3,3,"dCov",0.9451,0.00227784964385273,0.232568563148564,5000,10000,FALSE
100,"Clayton",0.9,3,3,"HHG",0.861,0.00345946527659984,14262.5834222868,5000,10000,FALSE
100,"Clayton",0.9,3,3,"Genest",0.9406,0.00236371825732256,0.0575572380000051,20000,10000,TRUE
100,"Clayton",0.9,3,3,"MIC",0.5275,0.00499243177219279,0.299775092341389,20000,10000,TRUE
100,"Clayton",0.9,3,3,"BET",0.2216,0.00415323295758858,32,20000,10000,TRUE
100,"Clayton",0.9,3,3,"BEAST",0.3601,0.00480029155364547,0.468986315076844,20000,10000,TRUE
100,"Clayton",0.9,3,3,"xi",0.4111,0.00492033322042319,0.122412241224122,20000,10000,TRUE
100,"Clayton",0.9,3,3,"HHG_fast",0.8742,0.00331623823028443,0.106855044849179,20000,10000,TRUE
100,"Clayton",1,3,3,"B_n",0.7165,0.00450696960273752,16.9276305269455,20000,10000,TRUE
100,"Clayton",1,3,3,"P_n",0.7113,0.00453158151201101,16.7516811731464,20000,10000,TRUE
100,"Clayton",1,3,3,"Hoeffding",0.9017,0.00297719851538321,0.0096558340612096,20000,10000,TRUE
100,"Clayton",1,3,3,"dCov",0.9124,0.00282712291915297,0.235287972351608,5000,10000,FALSE
100,"Clayton",1,3,3,"HHG",0.812,0.00390712170273719,14135.4379592478,5000,10000,FALSE
100,"Clayton",1,3,3,"Genest",0.908,0.00289025950392002,0.0575572380000051,20000,10000,TRUE
100,"Clayton",1,3,3,"MIC",0.4658,0.00498828988732612,0.299775092341389,20000,10000,TRUE
100,"Clayton",1,3,3,"BET",0.1801,0.00384270724880259,32,20000,10000,TRUE
100,"Clayton",1,3,3,"BEAST",0.3022,0.00459211454560968,0.468986315076844,20000,10000,TRUE
100,"Clayton",1,3,3,"xi",0.3629,0.0048083634430022,0.122412241224122,20000,10000,TRUE
100,"Clayton",1,3,3,"HHG_fast",0.8199,0.00384270724880259,0.106855044849179,20000,10000,TRUE
100,"Clayton",1.1,3,3,"B_n",0.663,0.00472684884463212,16.9276305269455,20000,10000,TRUE
100,"Clayton",1.1,3,3,"P_n",0.6602,0.00473641172196844,16.7516811731464,20000,10000,TRUE
100,"Clayton",1.1,3,3,"Hoeffding",0.8714,0.00334756687759931,0.0096558340612096,20000,10000,TRUE
100,"Clayton",1.1,3,3,"dCov",0.8789,0.0032624345204157,0.236868546142923,5000,10000,FALSE
100,"Clayton",1.1,3,3,"HHG",0.7556,0.00429730892536248,14116.0116729938,5000,10000,FALSE
100,"Clayton",1.1,3,3,"Genest",0.878,0.00327285807819404,0.0575572380000051,20000,10000,TRUE
100,"Clayton",1.1,3,3,"MIC",0.4051,0.00490911387115842,0.299775092341389,20000,10000,TRUE
100,"Clayton",1.1,3,3,"BET",0.1477,0.00354802353430752,32,20000,10000,TRUE
100,"Clayton",1.1,3,3,"BEAST",0.2717,0.00444836048449314,0.468986315076844,20000,10000,TRUE
100,"Clayton",1.1,3,3,"xi",0.3132,0.00463794954694421,0.122412241224122,20000,10000,TRUE
100,"Clayton",1.1,3,3,"HHG_fast",0.7765,0.00416590626394786,0.106855044849179,20000,10000,TRUE
100,"Clayton",1.2,3,3,"B_n",0.5902,0.00491796665299796,16.9276305269455,20000,10000,TRUE
100,"Clayton",1.2,3,3,"P_n",0.5851,0.00492704769613609,16.7516811731464,20000,10000,TRUE
100,"Clayton",1.2,3,3,"Hoeffding",0.8345,0.00371631201596421,0.0096558340612096,20000,10000,TRUE
100,"Clayton",1.2,3,3,"dCov",0.8527,0.00354404726266454,0.232889409544378,5000,10000,FALSE
100,"Clayton",1.2,3,3,"HHG",0.6902,0.00462411029280228,14226.4243350321,5000,10000,FALSE
100,"Clayton",1.2,3,3,"Genest",0.8427,0.00364083383306627,0.0575572380000051,20000,10000,TRUE
100,"Clayton",1.2,3,3,"MIC",0.3616,0.00480463775949863,0.299775092341389,20000,10000,TRUE
100,"Clayton",1.2,3,3,"BET",0.1243,0.00329923491130898,32,20000,10000,TRUE
100,"Clayton",1.2,3,3,"BEAST",0.2366,0.00424994635260258,0.468986315076844,20000,10000,TRUE
100,"Clayton",1.2,3,3,"xi",0.2784,0.00448211378704289,0.122412241224122,20000,10000,TRUE
100,"Clayton",1.2,3,3,"HHG_fast",0.7173,0.00450311791984176,0.106855044849179,20000,10000,TRUE
100,"Clayton",1.3,3,3,"B_n",0.539,0.00498476679494638,16.9276305269455,20000,10000,TRUE
100,"Clayton",1.3,3,3,"P_n",0.5347,0.00498794456665268,16.7516811731464,20000,10000,TRUE
100,"Clayton",1.3,3,3,"Hoeffding",0.7891,0.00407947533391244,0.0096558340612096,20000,10000,TRUE
100,"Clayton",1.3,3,3,"dCov",0.8217,0.00382765084614571,0.230973419191347,5000,10000,FALSE
100,"Clayton",1.3,3,3,"HHG",0.6593,0.00473944627567398,13912.9589818386,5000,10000,FALSE
100,"Clayton",1.3,3,3,"Genest",0.7994,0.00400449297664511,0.0575572380000051,20000,10000,TRUE
100,"Clayton",1.3,3,3,"MIC",0.3188,0.0046601133033436,0.299775092341389,20000,10000,TRUE
100,"Clayton",1.3,3,3,"BET",0.1045,0.00305908074427597,32,20000,10000,TRUE
100,"Clayton",1.3,3,3,"BEAST",0.2065,0.00404793465856355,0.468986315076844,20000,10000,TRUE
100,"Clayton",1.3,3,3,"xi",0.2499,0.0043295495146724,0.122412241224122,20000,10000,TRUE
100,"Clayton",1.3,3,3,"HHG_fast",0.6712,0.00469777138651936,0.106855044849179,20000,10000,TRUE
100,"Clayton",1.4,3,3,"B_n",0.4899,0.00499897979591836,16.9276305269455,20000,10000,TRUE
100,"Clayton",1.4,3,3,"P_n",0.4847,0.00499765855176201,16.7516811731464,20000,10000,TRUE
100,"Clayton",1.4,3,3,"Hoeffding",0.7487,0.00433760659811376,0.0096558340612096,20000,10000,TRUE
100,"Clayton",1.4,3,3,"dCov",0.7762,0.00416789587201984,0.232935005361466,5000,10000,FALSE
100,"Clayton",1.4,3,3,"HHG",0.609,0.00487974384573617,13990.8078311162,5000,10000,FALSE
100,"Clayton",1.4,3,3,"Genest",0.76,0.00427083130081252,0.0575572380000051,20000,10000,TRUE
100,"Clayton",1.4,3,3,"MIC",0.2888,0.00453204766082618,0.299775092341389,20000,10000,TRUE
100,"Clayton",1.4,3,3,"BET",0.0952,0.00293490987936597,32,20000,10000,TRUE
100,"Clayton",1.4,3,3,"BEAST",0.189,0.00391508620594745,0.468986315076844,20000,10000,TRUE
100,"Clayton",1.4,3,3,"xi",0.2229,0.00416191770701921,0.122412241224122,20000,10000,TRUE
100,"Clayton",1.4,3,3,"HHG_fast",0.6206,0.00485237714939801,0.106855044849179,20000,10000,TRUE
100,"Clayton",1.5,3,3,"B_n",0.4403,0.00496423115900136,16.9276305269455,20000,10000,TRUE
100,"Clayton",1.5,3,3,"P_n",0.4365,0.00495951358502021,16.7516811731464,20000,10000,TRUE
100,"Clayton",1.5,3,3,"Hoeffding",0.7027,0.00457069699280099,0.0096558340612096,20000,10000,TRUE
100,"Clayton",1.5,3,3,"dCov",0.7222,0.00447914232861605,0.234434909534647,5000,10000,FALSE
100,"Clayton",1.5,3,3,"HHG",0.5653,0.00495717570800148,13962.1998285958,5000,10000,FALSE
100,"Clayton",1.5,3,3,"Genest",0.7139,0.00451936710170794,0.0575572380000051,20000,10000,TRUE
100,"Clayton",1.5,3,3,"MIC",0.2599,0.00438579513885453,0.299775092341389,20000,10000,TRUE
100,"Clayton",1.5,3,3,"BET",0.0826,0.00275276660834151,32,20000,10000,TRUE
100,"Clayton",1.5,3,3,"BEAST",0.1807,0.00384769424460936,0.468986315076844,20000,10000,TRUE
100,"Clayton",1.5,3,3,"xi",0.2011,0.00400822641576047,0.122412241224122,20000,10000,TRUE
100,"Clayton",1.5,3,3,"HHG_fast",0.5782,0.00493846899352421,0.106855044849179,20000,10000,TRUE
100,"Clayton",1.6,3,3,"B_n",0.3928,0.00488372972225122,16.9276305269455,20000,10000,TRUE
100,"Clayton",1.6,3,3,"P_n",0.3896,0.00487659553377149,16.7516811731464,20000,10000,TRUE
100,"Clayton",1.6,3,3,"Hoeffding",0.6485,0.00477438739525816,0.0096558340612096,20000,10000,TRUE
100,"Clayton",1.6,3,3,"dCov",0.6522,0.00476272149091252,0.23825900698094,5000,10000,FALSE
100,"Clayton",1.6,3,3,"HHG",0.4736,0.00499302553568475,14308.615557379,5000,10000,FALSE
100,"Clayton",1.6,3,3,"Genest",0.6616,0.00473165341080684,0.0575572380000051,20000,10000,TRUE
100,"Clayton",1.6,3,3,"MIC",0.2294,0.00420446952658715,0.299775092341389,20000,10000,TRUE
100,"Clayton",1.6,3,3,"BET",0.0719,0.00258322259977726,32,20000,10000,TRUE
100,"Clayton",1.6,3,3,"BEAST",0.1465,0.00353606773125176,0.468986315076844,20000,10000,TRUE
100,"Clayton",1.6,3,3,"xi",0.1748,0.00379795945212689,0.122412241224122,20000,10000,TRUE
100,"Clayton",1.6,3,3,"HHG_fast",0.5164,0.00499730967621579,0.106855044849179,20000,10000,TRUE
100,"Clayton",1.7,3,3,"B_n",0.3619,0.00480550091041506,16.9276305269455,20000,10000,TRUE
100,"Clayton",1.7,3,3,"P_n",0.3596,0.00479883152444426,16.7516811731464,20000,10000,TRUE
100,"Clayton",1.7,3,3,"Hoeffding",0.6155,0.00486476875092743,0.0096558340612096,20000,10000,TRUE
100,"Clayton",1.7,3,3,"dCov",0.6424,0.00479293480030764,0.232538399826428,5000,10000,FALSE
100,"Clayton",1.7,3,3,"HHG",0.444,0.00496854103334168,14258.7649159481,5000,10000,FALSE
100,"Clayton",1.7,3,3,"Genest",0.626,0.00483863617148469,0.0575572380000051,20000,10000,TRUE
100,"Clayton",1.7,3,3,"MIC",0.2114,0.00408301408275798,0.299775092341389,20000,10000,TRUE
100,"Clayton",1.7,3,3,"BET",0.0564,0.0023069252263565,32,20000,10000,TRUE
100,"Clayton",1.7,3,3,"BEAST",0.1412,0.00348227741571518,0.468986315076844,20000,10000,TRUE
100,"Clayton",1.7,3,3,"xi",0.1669,0.00372886564520633,0.122412241224122,20000,10000,TRUE
100,"Clayton",1.7,3,3,"HHG_fast",0.4775,0.00499493493451116,0.106855044849179,20000,10000,TRUE
100,"Clayton",1.8,3,3,"B_n",0.3271,0.00469154121797944,16.9276305269455,20000,10000,TRUE
100,"Clayton",1.8,3,3,"P_n",0.3265,0.00468932564448237,16.7516811731464,20000,10000,TRUE
100,"Clayton",1.8,3,3,"Hoeffding",0.576,0.00494190246767376,0.0096558340612096,20000,10000,TRUE
100,"Clayton",1.8,3,3,"dCov",0.6017,0.00489547862828549,0.232612577822959,5000,10000,FALSE
100,"Clayton",1.8,3,3,"HHG",0.4172,0.00493096501711379,14049.996375363,5000,10000,FALSE
100,"Clayton",1.8,3,3,"Genest",0.5839,0.00492910529406707,0.0575572380000051,20000,10000,TRUE
100,"Clayton",1.8,3,3,"MIC",0.1973,0.00397960689013375,0.299775092341389,20000,10000,TRUE
100,"Clayton",1.8,3,3,"BET",0.0569,0.00231651440746653,32,20000,10000,TRUE
100,"Clayton",1.8,3,3,"BEAST",0.1357,0.00342469721289343,0.468986315076844,20000,10000,TRUE
100,"Clayton",1.8,3,3,"xi",0.1532,0.00360180177133612,0.122412241224122,20000,10000,TRUE
100,"Clayton",1.8,3,3,"HHG_fast",0.4382,0.00496166060911062,0.106855044849179,20000,10000,TRUE
100,"Clayton",1.9,3,3,"B_n",0.2925,0.00454910705523622,16.9276305269455,20000,10000,TRUE
100,"Clayton",1.9,3,3,"P_n",0.2892,0.00453390957121996,16.7516811731464,20000,10000,TRUE
100,"Clayton",1.9,3,3,"Hoeffding",0.5287,0.00499175630414787,0.0096558340612096,20000,10000,TRUE
100,"Clayton",1.9,3,3,"dCov",0.5674,0.00495436413679899,0.231210436431352,5000,10000,FALSE
100,"Clayton",1.9,3,3,"HHG",0.3568,0.00479055069903242,14372.1672000741,5000,10000,FALSE
100,"Clayton",1.9,3,3,"Genest",0.5406,0.00498348913914739,0.0575572380000051,20000,10000,TRUE
100,"Clayton",1.9,3,3,"MIC",0.1731,0.00378333701908778,0.299775092341389,20000,10000,TRUE
100,"Clayton",1.9,3,3,"BET",0.0434,0.00203755834272298,32,20000,10000,TRUE
100,"Clayton",1.9,3,3,"BEAST",0.12,0.00324961536185438,0.468986315076844,20000,10000,TRUE
100,"Clayton",1.9,3,3,"xi",0.1396,0.00346571551054036,0.122412241224122,20000,10000,TRUE
100,"Clayton",1.9,3,3,"HHG_fast",0.401,0.00490101009996919,0.106855044849179,20000,10000,TRUE
100,"Clayton",2,3,3,"B_n",0.2734,0.00445704431209742,16.9276305269455,20000,10000,TRUE
100,"Clayton",2,3,3,"P_n",0.2715,0.00444733347074401,16.7516811731464,20000,10000,TRUE
100,"Clayton",2,3,3,"Hoeffding",0.4951,0.00499975989423492,0.0096558340612096,20000,10000,TRUE
100,"Clayton",2,3,3,"dCov",0.5161,0.00499740722775321,0.233552106633226,5000,10000,FALSE
100,"Clayton",2,3,3,"HHG",0.343,0.00474711491329207,14220.0121825162,5000,10000,FALSE
100,"Clayton",2,3,3,"Genest",0.5036,0.00499987039832034,0.0575572380000051,20000,10000,TRUE
100,"Clayton",2,3,3,"MIC",0.1639,0.00370184805198701,0.299775092341389,20000,10000,TRUE
100,"Clayton",2,3,3,"BET",0.0433,0.00203531594598971,32,20000,10000,TRUE
100,"Clayton",2,3,3,"BEAST",0.1149,0.00318901222951559,0.468986315076844,20000,10000,TRUE
100,"Clayton",2,3,3,"xi",0.1299,0.00336193381850387,0.122412241224122,20000,10000,TRUE
100,"Clayton",2,3,3,"HHG_fast",0.3739,0.00483837565718083,0.106855044849179,20000,10000,TRUE
200,"linear",0.1,4,4,"B_n",1,0,26.4583645071358,20000,10000,TRUE
200,"linear",0.1,4,4,"P_n",1,0,26.3022954057449,20000,10000,TRUE
200,"linear",0.1,4,4,"Hoeffding",1,0,0.00473650872972991,20000,10000,TRUE
200,"linear",0.1,4,4,"dCov",1,0,0.160682360741967,5000,10000,FALSE
200,"linear",0.1,4,4,"HHG",1,0,57466.3722822702,5000,10000,FALSE
200,"linear",0.1,4,4,"Genest",1,0,0.0582888632014119,20000,10000,TRUE
200,"linear",0.1,4,4,"MIC",1,0,0.26088792058916,20000,10000,TRUE
200,"linear",0.1,4,4,"BET",1,0,44,20000,10000,TRUE
200,"linear",0.1,4,4,"BEAST",1,0,0.332601664907329,20000,10000,TRUE
200,"linear",0.1,4,4,"xi",1,0,0.0877521938048451,20000,10000,TRUE
200,"linear",0.1,4,4,"HHG_fast",1,0,0.11336620243656,20000,10000,TRUE
200,"linear",0.2,4,4,"B_n",1,0,26.4583645071358,20000,10000,TRUE
200,"linear",0.2,4,4,"P_n",1,0,26.3022954057449,20000,10000,TRUE
200,"linear",0.2,4,4,"Hoeffding",1,0,0.00473650872972991,20000,10000,TRUE
200,"linear",0.2,4,4,"dCov",1,0,0.163113042599624,5000,10000,FALSE
200,"linear",0.2,4,4,"HHG",1,0,56892.696240695,5000,10000,FALSE
200,"linear",0.2,4,4,"Genest",1,0,0.0582888632014119,20000,10000,TRUE
200,"linear",0.2,4,4,"MIC",1,0,0.26088792058916,20000,10000,TRUE
200,"linear",0.2,4,4,"BET",1,0,44,20000,10000,TRUE
200,"linear",0.2,4,4,"BEAST",1,0,0.332601664907329,20000,10000,TRUE
200,"linear",0.2,4,4,"xi",1,0,0.0877521938048451,20000,10000,TRUE
200,"linear",0.2,4,4,"HHG_fast",1,0,0.11336620243656,20000,10000,TRUE
200,"linear",0.3,4,4,"B_n",1,0,26.4583645071358,20000,10000,TRUE
200,"linear",0.3,4,4,"P_n",1,0,26.3022954057449,20000,10000,TRUE
200,"linear",0.3,4,4,"Hoeffding",1,0,0.00473650872972991,20000,10000,TRUE
200,"linear",0.3,4,4,"dCov",1,0,0.166086767926454,5000,10000,FALSE
200,"linear",0.3,4,4,"HHG",1,0,57710.9613356194,5000,10000,FALSE
200,"linear",0.3,4,4,"Genest",1,0,0.0582888632014119,20000,10000,TRUE
200,"linear",0.3,4,4,"MIC",1,0,0.26088792058916,20000,10000,TRUE
200,"linear",0.3,4,4,"BET",1,0,44,20000,10000,TRUE
200,"linear",0.3,4,4,"BEAST",1,0,0.332601664907329,20000,10000,TRUE
200,"linear",0.3,4,4,"xi",1,0,0.0877521938048451,20000,10000,TRUE
200,"linear",0.3,4,4,"HHG_fast",1,0,0.11336620243656,20000,10000,TRUE
200,"linear",0.4,4,4,"B_n",1,0,26.4583645071358,20000,10000,TRUE
200,"linear",0.4,4,4,"P_n",1,0,26.3022954057449,20000,10000,TRUE
200,"linear",0.4,4,4,"Hoeffding",1,0,0.00473650872972991,20000,10000,TRUE
200,"linear",0.4,4,4,"dCov",1,0,0.166730292824567,5000,10000,FALSE
200,"linear",0.4,4,4,"HHG",1,0,56990.3831079642,5000,10000,FALSE
200,"linear",0.4,4,4,"Genest",1,0,0.0582888632014119,20000,10000,TRUE
200,"linear",0.4,4,4,"MIC",0.9999,9.99949998749882e-05,0.26088792058916,20000,10000,TRUE
200,"linear",0.4,4,4,"BET",0.9998,0.0001414072133945,44,20000,10000,TRUE
200,"linear",0.4,4,4,"BEAST",1,0,0.332601664907329,20000,10000,TRUE
200,"linear",0.4,4,4,"xi",0.9989,0.00033148001448051,0.0877521938048451,20000,10000,TRUE
200,"linear",0.4,4,4,"HHG_fast",1,0,0.11336620243656,20000,10000,TRUE
200,"linear",0.5,4,4,"B_n",0.9999,9.99949998749882e-05,26.4583645071358,20000,10000,TRUE
200,"linear",0.5,4,4,"P_n",0.9999,9.99949998749882e-05,26.3022954057449,20000,10000,TRUE
200,"linear",0.5,4,4,"Hoeffding",1,0,0.00473650872972991,20000,10000,TRUE
200,"linear",0.5,4,4,"dCov",1,0,0.167228860404573,5000,10000,FALSE
200,"linear",0.5,4,4,"HHG",1,0,56675.6496852584,5000,10000,FALSE
200,"linear",0.5,4,4,"Genest",1,0,0.0582888632014119,20000,10000,TRUE
200,"linear",0.5,4,4,"MIC",0.9957,0.000654332484292196,0.26088792058916,20000,10000,TRUE
200,"linear",0.5,4,4,"BET",0.9944,0.00074623320751626,44,20000,10000,TRUE
200,"linear",0.5,4,4,"BEAST",0.9971,0.000537735064878609,0.332601664907329,20000,10000,TRUE
200,"linear",0.5,4,4,"xi",0.9705,0.0016920328011005,0.0877521938048451,20000,10000,TRUE
200,"linear",0.5,4,4,"HHG_fast",1,0,0.11336620243656,20000,10000,TRUE
200,"linear",0.6,4,4,"B_n",0.9958,0.000646711682281987,26.4583645071358,20000,10000,TRUE
200,"linear",0.6,4,4,"P_n",0.9952,0.000691155554126568,26.3022954057449,20000,10000,TRUE
200,"linear",0.6,4,4,"Hoeffding",1,0,0.00473650872972991,20000,10000,TRUE
200,"linear",0.6,4,4,"dCov",1,0,0.166642389665426,5000,10000,FALSE
200,"linear",0.6,4,4,"HHG",0.9998,0.0001414072133945,57328.0685706123,5000,10000,FALSE
200,"linear",0.6,4,4,"Genest",1,0,0.0582888632014119,20000,10000,TRUE
200,"linear",0.6,4,4,"MIC",0.9464,0.0022522664140816,0.26088792058916,20000,10000,TRUE
200,"linear",0.6,4,4,"BET",0.9369,0.00243142735856945,44,20000,10000,TRUE
200,"linear",0.6,4,4,"BEAST",0.954,0.00209485083001153,0.332601664907329,20000,10000,TRUE
200,"linear",0.6,4,4,"xi",0.846,0.00360948749824681,0.0877521938048451,20000,10000,TRUE
200,"linear",0.6,4,4,"HHG_fast",0.9987,0.00036032069049667,0.11336620243656,20000,10000,TRUE
200,"linear",0.7,4,4,"B_n",0.9696,0.00171685293487823,26.4583645071358,20000,10000,TRUE
200,"linear",0.7,4,4,"P_n",0.9675,0.00177323856263053,26.3022954057449,20000,10000,TRUE
200,"linear",0.7,4,4,"Hoeffding",0.9998,0.0001414072133945,0.00473650872972991,20000,10000,TRUE
200,"linear",0.7,4,4,"dCov",0.9998,0.0001414072133945,0.166535415306137,5000,10000,FALSE
200,"linear",0.7,4,4,"HHG",0.9967,0.000573507628545599,57565.3412219413,5000,10000,FALSE
200,"linear",0.7,4,4,"Genest",0.9997,0.000173179098045915,0.0582888632014119,20000,10000,TRUE
200,"linear",0.7,4,4,"MIC",0.8362,0.00370093988062492,0.26088792058916,20000,10000,TRUE
200,"linear",0.7,4,4,"BET",0.8064,0.00395119020043328,44,20000,10000,TRUE
200,"linear",0.7,4,4,"BEAST",0.8349,0.00371270777196375,0.332601664907329,20000,10000,TRUE
200,"linear",0.7,4,4,"xi",0.6669,0.00471321960023082,0.0877521938048451,20000,10000,TRUE
200,"linear",0.7,4,4,"HHG_fast",0.9921,0.00088530164350915,0.11336620243656,20000,10000,TRUE
200,"linear",0.8,4,4,"B_n",0.8981,0.00302516759866292,26.4583645071358,20000,10000,TRUE
200,"linear",0.8,4,4,"P_n",0.8933,0.00308731452884218,26.3022954057449,20000,10000,TRUE
200,"linear",0.8,4,4,"Hoeffding",0.9962,0.000615269046840488,0.00473650872972991,20000,10000,TRUE
200,"linear",0.8,4,4,"dCov",0.9979,0.000457776146167534,0.162014779092012,5000,10000,FALSE
200,"linear",0.8,4,4,"HHG",0.9762,0.00152425588402998,57280.6534608322,5000,10000,FALSE
200,"linear",0.8,4,4,"Genest",0.9961,0.000623280835578956,0.0582888632014119,20000,10000,TRUE
200,"linear",0.8,4,4,"MIC",0.6925,0.0046145828630549,0.26088792058916,20000,10000,TRUE
200,"linear",0.8,4,4,"BET",0.6513,0.00476558821133341,44,20000,10000,TRUE
200,"linear",0.8,4,4,"BEAST",0.6861,0.0046407627605815,0.332601664907329,20000,10000,TRUE
200,"linear",0.8,4,4,"xi",0.5125,0.00499843725578305,0.0877521938048451,20000,10000,TRUE
200,"linear",0.8,4,4,"HHG_fast",0.9546,0.00208179826111946,0.11336620243656,20000,10000,TRUE
200,"linear",0.9,4,4,"B_n",0.7977,0.00401714712202578,26.4583645071358,20000,10000,TRUE
200,"linear",0.9,4,4,"P_n",0.7908,0.00406737458319246,26.3022954057449,20000,10000,TRUE
200,"linear",0.9,4,4,"Hoeffding",0.9869,0.00113703078234496,0.00473650872972991,20000,10000,TRUE
200,"linear",0.9,4,4,"dCov",0.9912,0.00093394646527518,0.165465014835475,5000,10000,FALSE
200,"linear",0.9,4,4,"HHG",0.9403,0.0023693017958884,56830.4640017733,5000,10000,FALSE
200,"linear",0.9,4,4,"Genest",0.9885,0.00106619651096784,0.0582888632014119,20000,10000,TRUE
200,"linear",0.9,4,4,"MIC",0.566,0.00495624858133649,0.26088792058916,20000,10000,TRUE
200,"linear",0.9,4,4,"BET",0.5008,0.0049999935999959,44,20000,10000,TRUE
200,"linear",0.9,4,4,"BEAST",0.5394,0.00498445222667446,0.332601664907329,20000,10000,TRUE
200,"linear",0.9,4,4,"xi",0.3896,0.00487659553377149,0.0877521938048451,20000,10000,TRUE
200,"linear",0.9,4,4,"HHG_fast",0.9025,0.00296637404923924,0.11336620243656,20000,10000,TRUE
200,"linear",1,4,4,"B_n",0.6794,0.00466707231570285,26.4583645071358,20000,10000,TRUE
200,"linear",1,4,4,"P_n",0.6722,0.00469411503906753,26.3022954057449,20000,10000,TRUE
200,"linear",1,4,4,"Hoeffding",0.9609,0.00193832891945614,0.00473650872972991,20000,10000,TRUE
200,"linear",1,4,4,"dCov",0.9693,0.00172503652135252,0.16723227606958,5000,10000,FALSE
200,"linear",1,4,4,"HHG",0.8718,0.00334312368900703,57322.2057255995,5000,10000,FALSE
200,"linear",1,4,4,"Genest",0.963,0.00188761754600873,0.0582888632014119,20000,10000,TRUE
200,"linear",1,4,4,"MIC",0.4565,0.00498104155774673,0.26088792058916,20000,10000,TRUE
200,"linear",1,4,4,"BET",0.3883,0.00487363427023407,44,20000,10000,TRUE
200,"linear",1,4,4,"BEAST",0.4281,0.00494803385194564,0.332601664907329,20000,10000,TRUE
200,"linear",1,4,4,"xi",0.3029,0.00459512339333777,0.0877521938048451,20000,10000,TRUE
200,"linear",1,4,4,"HHG_fast",0.8149,0.00388378668312254,0.11336620243656,20000,10000,TRUE
200,"linear",1.1,4,4,"B_n",0.5715,0.00494861344216741,26.4583645071358,20000,10000,TRUE
200,"linear",1.1,4,4,"P_n",0.5667,0.004955311392839,26.3022954057449,20000,10000,TRUE
200,"linear",1.1,4,4,"Hoeffding",0.9284,0.00257824436390347,0.00473650872972991,20000,10000,TRUE
200,"linear",1.1,4,4,"dCov",0.9384,0.00240427619045733,0.164805804782826,5000,10000,FALSE
200,"linear",1.1,4,4,"HHG",0.8119,0.00390792003500583,56614.1435527428,5000,10000,FALSE
200,"linear",1.1,4,4,"Genest",0.9307,0.00253963599753981,0.0582888632014119,20000,10000,TRUE
200,"linear",1.1,4,4,"MIC",0.3705,0.00482938660701336,0.26088792058916,20000,10000,TRUE
200,"linear",1.1,4,4,"BET",0.3012,0.00458779424124491,44,20000,10000,TRUE
200,"linear",1.1,4,4,"BEAST",0.3433,0.00474810604346617,0.332601664907329,20000,10000,TRUE
200,"linear",1.1,4,4,"xi",0.2453,0.00430264930014055,0.0877521938048451,20000,10000,TRUE
200,"linear",1.1,4,4,"HHG_fast",0.7233,0.00447366862876543,0.11336620243656,20000,10000,TRUE
200,"linear",1.2,4,4,"B_n",0.4868,0.00499825729629838,26.4583645071358,20000,10000,TRUE
200,"linear",1.2,4,4,"P_n",0.4804,0.00499615692307598,26.3022954057449,20000,10000,TRUE
200,"linear",1.2,4,4,"Hoeffding",0.8728,0.00333196878736881,0.00473650872972991,20000,10000,TRUE
200,"linear",1.2,4,4,"dCov",0.8813,0.00323435171247655,0.168157172342929,5000,10000,FALSE
200,"linear",1.2,4,4,"HHG",0.7102,0.00453669439129417,57866.1875797818,5000,10000,FALSE
200,"linear",1.2,4,4,"Genest",0.8752,0.00330491996877383,0.0582888632014119,20000,10000,TRUE
200,"linear",1.2,4,4,"MIC",0.3094,0.00462246297984094,0.26088792058916,20000,10000,TRUE
200,"linear",1.2,4,4,"BET",0.2345,0.00423685909607577,44,20000,10000,TRUE
200,"linear",1.2,4,4,"BEAST",0.2708,0.00444372996479309,0.332601664907329,20000,10000,TRUE
200,"linear",1.2,4,4,"xi",0.1973,0.00397960689013375,0.0877521938048451,20000,10000,TRUE
200,"linear",1.2,4,4,"HHG_fast",0.6393,0.00480203613064292,0.11336620243656,20000,10000,TRUE
200,"linear",1.3,4,4,"B_n",0.408,0.00491463121709045,26.4583645071358,20000,10000,TRUE
200,"linear",1.3,4,4,"P_n",0.4024,0.00490381728860283,26.3022954057449,20000,10000,TRUE
200,"linear",1.3,4,4,"Hoeffding",0.8275,0.00377814438580634,0.00473650872972991,20000,10000,TRUE
200,"linear",1.3,4,4,"dCov",0.8278,0.00377554181542199,0.169956348947576,5000,10000,FALSE
200,"linear",1.3,4,4,"HHG",0.6546,0.00475498517347846,56875.8374463692,5000,10000,FALSE
200,"linear",1.3,4,4,"Genest",0.8302,0.00375457001532799,0.0582888632014119,20000,10000,TRUE
200,"linear",1.3,4,4,"MIC",0.2609,0.00439125483204972,0.26088792058916,20000,10000,TRUE
200,"linear",1.3,4,4,"BET",0.1901,0.00392379905193933,44,20000,10000,TRUE
200,"linear",1.3,4,4,"BEAST",0.2329,0.00422679062646827,0.332601664907329,20000,10000,TRUE
200,"linear",1.3,4,4,"xi",0.1802,0.00384353951456207,0.0877521938048451,20000,10000,TRUE
200,"linear",1.3,4,4,"HHG_fast",0.5633,0.0049597692486647,0.11336620243656,20000,10000,TRUE
200,"linear",1.4,4,4,"B_n",0.3342,0.0047171003805304,26.4583645071358,20000,10000,TRUE
200,"linear",1.4,4,4,"P_n",0.3302,0.00470284977433896,26.3022954057449,20000,10000,TRUE
200,"linear",1.4,4,4,"Hoeffding",0.7609,0.00426533925966036,0.00473650872972991,20000,10000,TRUE
200,"linear",1.4,4,4,"dCov",0.7838,0.00411652231865685,0.166044609250607,5000,10000,FALSE
200,"linear",1.4,4,4,"HHG",0.5682,0.00495326922345232,57165.440445619,5000,10000,FALSE
200,"linear",1.4,4,4,"Genest",0.7651,0.0042393630417788,0.0582888632014119,20000,10000,TRUE
200,"linear",1.4,4,4,"MIC",0.2154,0.00411099549987591,0.26088792058916,20000,10000,TRUE
200,"linear",1.4,4,4,"BET",0.1553,0.00362190433335835,44,20000,10000,TRUE
200,"linear",1.4,4,4,"BEAST",0.1925,0.0039426355398388,0.332601664907329,20000,10000,TRUE
200,"linear",1.4,4,4,"xi",0.1425,0.00349562226220168,0.0877521938048451,20000,10000,TRUE
200,"linear",1.4,4,4,"HHG_fast",0.4769,0.00499466104956082,0.11336620243656,20000,10000,TRUE
200,"linear",1.5,4,4,"B_n",0.3079,0.00461624945166528,26.4583645071358,20000,10000,TRUE
200,"linear",1.5,4,4,"P_n",0.3044,0.00460152844172455,26.3022954057449,20000,10000,TRUE
200,"linear",1.5,4,4,"Hoeffding",0.708,0.00454682306671373,0.00473650872972991,20000,10000,TRUE
200,"linear",1.5,4,4,"dCov",0.737,0.00440262421744123,0.165205957466924,5000,10000,FALSE
200,"linear",1.5,4,4,"HHG",0.5234,0.00499452139849255,57202.5986924297,5000,10000,FALSE
200,"linear",1.5,4,4,"Genest",0.7121,0.00452784264302548,0.0582888632014119,20000,10000,TRUE
200,"linear",1.5,4,4,"MIC",0.1911,0.00393167636002762,0.26088792058916,20000,10000,TRUE
200,"linear",1.5,4,4,"BET",0.1291,0.003353105873664,44,20000,10000,TRUE
200,"linear",1.5,4,4,"BEAST",0.1712,0.00376683633836141,0.332601664907329,20000,10000,TRUE
200,"linear",1.5,4,4,"xi",0.1366,0.00343424576872419,0.0877521938048451,20000,10000,TRUE
200,"linear",1.5,4,4,"HHG_fast",0.4364,0.0049593854457987,0.11336620243656,20000,10000,TRUE
200,"linear",1.6,4,4,"B_n",0.2539,0.0043524107113185,26.4583645071358,20000,10000,TRUE
200,"linear",1.6,4,4,"P_n",0.2525,0.00434446486923303,26.3022954057449,20000,10000,TRUE
200,"linear",1.6,4,4,"Hoeffding",0.6457,0.0047830064812835,0.00473650872972991,20000,10000,TRUE
200,"linear",1.6,4,4,"dCov",0.6734,0.00468969551250398,0.165395925030904,5000,10000,FALSE
200,"linear",1.6,4,4,"HHG",0.4603,0.00498421418079119,56735.2200894044,5000,10000,FALSE
200,"linear",1.6,4,4,"Genest",0.65,0.00476969600708473,0.0582888632014119,20000,10000,TRUE
200,"linear",1.6,4,4,"MIC",0.1721,0.00377467336335212,0.26088792058916,20000,10000,TRUE
200,"linear",1.6,4,4,"BET",0.1136,0.00317324817812915,44,20000,10000,TRUE
200,"linear",1.6,4,4,"BEAST",0.1476,0.00354703030717247,0.332601664907329,20000,10000,TRUE
200,"linear",1.6,4,4,"xi",0.1197,0.00324610397245683,0.0877521938048451,20000,10000,TRUE
200,"linear",1.6,4,4,"HHG_fast",0.3744,0.00483967602221471,0.11336620243656,20000,10000,TRUE
200,"linear",1.7,4,4,"B_n",0.2342,0.00423497768589163,26.4583645071358,20000,10000,TRUE
200,"linear",1.7,4,4,"P_n",0.2332,0.00422868490195238,26.3022954057449,20000,10000,TRUE
200,"linear",1.7,4,4,"Hoeffding",0.6003,0.00489836615617902,0.00473650872972991,20000,10000,TRUE
200,"linear",1.7,4,4,"dCov",0.6106,0.00487614232770127,0.167291569187235,5000,10000,FALSE
200,"linear",1.7,4,4,"HHG",0.4152,0.00492756491585854,57150.6787431784,5000,10000,FALSE
200,"linear",1.7,4,4,"Genest",0.6033,0.00489212745132422,0.0582888632014119,20000,10000,TRUE
200,"linear",1.7,4,4,"MIC",0.1578,0.00364553370578301,0.26088792058916,20000,10000,TRUE
200,"linear",1.7,4,4,"BET",0.1025,0.00303304714767179,44,20000,10000,TRUE
200,"linear",1.7,4,4,"BEAST",0.1349,0.00341616729684013,0.332601664907329,20000,10000,TRUE
200,"linear",1.7,4,4,"xi",0.1117,0.00314996999985714,0.0877521938048451,20000,10000,TRUE
200,"linear",1.7,4,4,"HHG_fast",0.3415,0.00474212768701983,0.11336620243656,20000,10000,TRUE
200,"linear",1.8,4,4,"B_n",0.2032,0.00402380118793163,26.4583645071358,20000,10000,TRUE
200,"linear",1.8,4,4,"P_n",0.2013,0.00400971707231321,26.3022954057449,20000,10000,TRUE
200,"linear",1.8,4,4,"Hoeffding",0.5548,0.00496987887176338,0.00473650872972991,20000,10000,TRUE
200,"linear",1.8,4,4,"dCov",0.5911,0.00491630745580461,0.163493375723366,5000,10000,FALSE
200,"linear",1.8,4,4,"HHG",0.3906,0.00487884863466781,56383.853534261,5000,10000,FALSE
200,"linear",1.8,4,4,"Genest",0.5553,0.00496932500446489,0.0582888632014119,20000,10000,TRUE
200,"linear",1.8,4,4,"MIC",0.1437,0.00350785276201838,0.26088792058916,20000,10000,TRUE
200,"linear",1.8,4,4,"BET",0.0919,0.00288884734799193,44,20000,10000,TRUE
200,"linear",1.8,4,4,"BEAST",0.1241,0.00329695602033148,0.332601664907329,20000,10000,TRUE
200,"linear",1.8,4,4,"xi",0.1056,0.00307324974579028,0.0877521938048451,20000,10000,TRUE
200,"linear",1.8,4,4,"HHG_fast",0.2985,0.00457599989073426,0.11336620243656,20000,10000,TRUE
200,"linear",1.9,4,4,"B_n",0.1889,0.00391429163451064,26.4583645071358,20000,10000,TRUE
200,"linear",1.9,4,4,"P_n",0.1863,0.00389348571334222,26.3022954057449,20000,10000,TRUE
200,"linear",1.9,4,4,"Hoeffding",0.5051,0.00499973989323445,0.00473650872972991,20000,10000,TRUE
200,"linear",1.9,4,4,"dCov",0.5292,0.00499146631762652,0.165971543975268,5000,10000,FALSE
200,"linear",1.9,4,4,"HHG",0.3333,0.00471392734352154,57834.6265174418,5000,10000,FALSE
200,"linear",1.9,4,4,"Genest",0.5085,0.00499927744779183,0.0582888632014119,20000,10000,TRUE
200,"linear",1.9,4,4,"MIC",0.1254,0.00331171919099431,0.26088792058916,20000,10000,TRUE
200,"linear",1.9,4,4,"BET",0.0805,0.00272065708974872,44,20000,10000,TRUE
200,"linear",1.9,4,4,"BEAST",0.1152,0.00319263151647665,0.332601664907329,20000,10000,TRUE
200,"linear",1.9,4,4,"xi",0.0982,0.00297584878648093,0.0877521938048451,20000,10000,TRUE
200,"linear",1.9,4,4,"HHG_fast",0.2766,0.00447316934622422,0.11336620243656,20000,10000,TRUE
200,"linear",2,4,4,"B_n",0.1673,0.003732434996085,26.4583645071358,20000,10000,TRUE
200,"linear",2,4,4,"P_n",0.1669,0.00372886564520633,26.3022954057449,20000,10000,TRUE
200,"linear",2,4,4,"Hoeffding",0.4727,0.00499254153713317,0.00473650872972991,20000,10000,TRUE
200,"linear",2,4,4,"dCov",0.4761,0.00499428463345853,0.167917660438386,5000,10000,FALSE
200,"linear",2,4,4,"HHG",0.3142,0.00464196467026624,57135.6086305866,5000,10000,FALSE
200,"linear",2,4,4,"Genest",0.4776,0.00499497987983936,0.0582888632014119,20000,10000,TRUE
200,"linear",2,4,4,"MIC",0.1177,0.00322252556235013,0.26088792058916,20000,10000,TRUE
200,"linear",2,4,4,"BET",0.0676,0.00251058240255125,44,20000,10000,TRUE
200,"linear",2,4,4,"BEAST",0.1057,0.00307453264741164,0.332601664907329,20000,10000,TRUE
200,"linear",2,4,4,"xi",0.0883,0.00283730699784144,0.0877521938048451,20000,10000,TRUE
200,"linear",2,4,4,"HHG_fast",0.2458,0.00430560518394337,0.11336620243656,20000,10000,TRUE
200,"quadratic",0.1,4,4,"B_n",1,0,26.4583645071358,20000,10000,TRUE
200,"quadratic",0.1,4,4,"P_n",1,0,26.3022954057449,20000,10000,TRUE
200,"quadratic",0.1,4,4,"Hoeffding",1,0,0.00473650872972991,20000,10000,TRUE
200,"quadratic",0.1,4,4,"dCov",1,0,0.16180925909033,5000,10000,FALSE
200,"quadratic",0.1,4,4,"HHG",1,0,57702.1734111572,5000,10000,FALSE
200,"quadratic",0.1,4,4,"Genest",1,0,0.0582888632014119,20000,10000,TRUE
200,"quadratic",0.1,4,4,"MIC",1,0,0.26088792058916,20000,10000,TRUE
200,"quadratic",0.1,4,4,"BET",1,0,44,20000,10000,TRUE
200,"quadratic",0.1,4,4,"BEAST",1,0,0.332601664907329,20000,10000,TRUE
200,"quadratic",0.1,4,4,"xi",1,0,0.0877521938048451,20000,10000,TRUE
200,"quadratic",0.1,4,4,"HHG_fast",1,0,0.11336620243656,20000,10000,TRUE
200,"quadratic",0.2,4,4,"B_n",1,0,26.4583645071358,20000,10000,TRUE
200,"quadratic",0.2,4,4,"P_n",1,0,26.3022954057449,20000,10000,TRUE
200,"quadratic",0.2,4,4,"Hoeffding",1,0,0.00473650872972991,20000,10000,TRUE
200,"quadratic",0.2,4,4,"dCov",1,0,0.165453578668162,5000,10000,FALSE
200,"quadratic",0.2,4,4,"HHG",1,0,58632.5782979844,5000,10000,FALSE
200,"quadratic",0.2,4,4,"Genest",1,0,0.0582888632014119,20000,10000,TRUE
200,"quadratic",0.2,4,4,"MIC",1,0,0.26088792058916,20000,10000,TRUE
200,"quadratic",0.2,4,4,"BET",1,0,44,20000,10000,TRUE
200,"quadratic",0.2,4,4,"BEAST",1,0,0.332601664907329,20000,10000,TRUE
200,"quadratic",0.2,4,4,"xi",1,0,0.0877521938048451,20000,10000,TRUE
200,"quadratic",0.2,4,4,"HHG_fast",1,0,0.11336620243656,20000,10000,TRUE
200,"quadratic",0.3,4,4,"B_n",1,0,26.4583645071358,20000,10000,TRUE
200,"quadratic",0.3,4,4,"P_n",1,0,26.3022954057449,20000,10000,TRUE
200,"quadratic",0.3,4,4,"Hoeffding",1,0,0.00473650872972991,20000,10000,TRUE
200,"quadratic",0.3,4,4,"dCov",1,0,0.16683553902546,5000,10000,FALSE
200,"quadratic",0.3,4,4,"HHG",1,0,57205.8287586564,5000,10000,FALSE
200,"quadratic",0.3,4,4,"Genest",1,0,0.0582888632014119,20000,10000,TRUE
200,"quadratic",0.3,4,4,"MIC",1,0,0.26088792058916,20000,10000,TRUE
200,"quadratic",0.3,4,4,"BET",0.9999,9.99949998749882e-05,44,20000,10000,TRUE
200,"quadratic",0.3,4,4,"BEAST",1,0,0.332601664907329,20000,10000,TRUE
200,"quadratic",0.3,4,4,"xi",1,0,0.0877521938048451,20000,10000,TRUE
200,"quadratic",0.3,4,4,"HHG_fast",1,0,0.11336620243656,20000,10000,TRUE
200,"quadratic",0.4,4,4,"B_n",1,0,26.4583645071358,20000,10000,TRUE
200,"quadratic",0.4,4,4,"P_n",1,0,26.3022954057449,20000,10000,TRUE
200,"quadratic",0.4,4,4,"Hoeffding",1,0,0.00473650872972991,20000,10000,TRUE
200,"quadratic",0.4,4,4,"dCov",1,0,0.165791209168786,5000,10000,FALSE
200,"quadratic",0.4,4,4,"HHG",1,0,57277.5874958319,5000,10000,FALSE
200,"quadratic",0.4,4,4,"Genest",1,0,0.0582888632014119,20000,10000,TRUE
200,"quadratic",0.4,4,4,"MIC",0.9976,0.000489309717867933,0.26088792058916,20000,10000,TRUE
200,"quadratic",0.4,4,4,"BET",0.9997,0.000173179098045915,44,20000,10000,TRUE
200,"quadratic",0.4,4,4,"BEAST",1,0,0.332601664907329,20000,10000,TRUE
200,"quadratic",0.4,4,4,"xi",0.9956,0.000661864034375638,0.0877521938048451,20000,10000,TRUE
200,"quadratic",0.4,4,4,"HHG_fast",1,0,0.11336620243656,20000,10000,TRUE
200,"quadratic",0.5,4,4,"B_n",1,0,26.4583645071358,20000,10000,TRUE
200,"quadratic",0.5,4,4,"P_n",1,0,26.3022954057449,20000,10000,TRUE
200,"quadratic",0.5,4,4,"Hoeffding",0.9992,0.000282729552753161,0.00473650872972991,20000,10000,TRUE
200,"quadratic",0.5,4,4,"dCov",0.9996,0.000199959995999189,0.165423512908205,5000,10000,FALSE
200,"quadratic",0.5,4,4,"HHG",1,0,57255.3631279718,5000,10000,FALSE
200,"quadratic",0.5,4,4,"Genest",0.9993,0.000264482513599677,0.0582888632014119,20000,10000,TRUE
200,"quadratic",0.5,4,4,"MIC",0.9587,0.00198983190244804,0.26088792058916,20000,10000,TRUE
200,"quadratic",0.5,4,4,"BET",0.9896,0.00101448706250992,44,20000,10000,TRUE
200,"quadratic",0.5,4,4,"BEAST",0.9929,0.00083961836568765,0.332601664907329,20000,10000,TRUE
200,"quadratic",0.5,4,4,"xi",0.915,0.00278881695347687,0.0877521938048451,20000,10000,TRUE
200,"quadratic",0.5,4,4,"HHG_fast",1,0,0.11336620243656,20000,10000,TRUE
200,"quadratic",0.6,4,4,"B_n",0.9976,0.000489309717867933,26.4583645071358,20000,10000,TRUE
200,"quadratic",0.6,4,4,"P_n",0.9973,0.000518913287553907,26.3022954057449,20000,10000,TRUE
200,"quadratic",0.6,4,4,"Hoeffding",0.986,0.00117490425141796,0.00473650872972991,20000,10000,TRUE
200,"quadratic",0.6,4,4,"dCov",0.9907,0.000959870303738999,0.16645029166805,5000,10000,FALSE
200,"quadratic",0.6,4,4,"HHG",0.9981,0.000435475602072035,56526.0247301808,5000,10000,FALSE
200,"quadratic",0.6,4,4,"Genest",0.9873,0.0011197638143823,0.0582888632014119,20000,10000,TRUE
200,"quadratic",0.6,4,4,"MIC",0.8231,0.00381584053650044,0.26088792058916,20000,10000,TRUE
200,"quadratic",0.6,4,4,"BET",0.9243,0.00264517504146701,44,20000,10000,TRUE
200,"quadratic",0.6,4,4,"BEAST",0.9414,0.00234874519690834,0.332601664907329,20000,10000,TRUE
200,"quadratic",0.6,4,4,"xi",0.7149,0.00451462058206446,0.0877521938048451,20000,10000,TRUE
200,"quadratic",0.6,4,4,"HHG_fast",0.9985,0.00038700775186034,0.11336620243656,20000,10000,TRUE
200,"quadratic",0.7,4,4,"B_n",0.9731,0.00161791192590944,26.4583645071358,20000,10000,TRUE
200,"quadratic",0.7,4,4,"P_n",0.9718,0.00165543831053893,26.3022954057449,20000,10000,TRUE
200,"quadratic",0.7,4,4,"Hoeffding",0.925,0.00263391343821318,0.00473650872972991,20000,10000,TRUE
200,"quadratic",0.7,4,4,"dCov",0.9369,0.00243142735856945,0.165720359547731,5000,10000,FALSE
200,"quadratic",0.7,4,4,"HHG",0.9794,0.00142040980002251,56818.6114578703,5000,10000,FALSE
200,"quadratic",0.7,4,4,"Genest",0.9266,0.00260791947728453,0.0582888632014119,20000,10000,TRUE
200,"quadratic",0.7,4,4,"MIC",0.6468,0.00477964182758499,0.26088792058916,20000,10000,TRUE
200,"quadratic",0.7,4,4,"BET",0.7806,0.00413840114053725,44,20000,10000,TRUE
200,"quadratic",0.7,4,4,"BEAST",0.8164,0.00387157642311243,0.332601664907329,20000,10000,TRUE
200,"quadratic",0.7,4,4,"xi",0.5215,0.00499537536127166,0.0877521938048451,20000,10000,TRUE
200,"quadratic",0.7,4,4,"HHG_fast",0.9816,0.00134392856953039,0.11336620243656,20000,10000,TRUE
200,"quadratic",0.8,4,4,"B_n",0.9183,0.00273907119294114,26.4583645071358,20000,10000,TRUE
200,"quadratic",0.8,4,4,"P_n",0.915,0.00278881695347687,26.3022954057449,20000,10000,TRUE
200,"quadratic",0.8,4,4,"Hoeffding",0.8109,0.00391588036078734,0.00473650872972991,20000,10000,TRUE
200,"quadratic",0.8,4,4,"dCov",0.8399,0.00366698772836779,0.165095611553639,5000,10000,FALSE
200,"quadratic",0.8,4,4,"HHG",0.9242,0.00264677841913523,57048.9373621093,5000,10000,FALSE
200,"quadratic",0.8,4,4,"Genest",0.8127,0.00390152162623764,0.0582888632014119,20000,10000,TRUE
200,"quadratic",0.8,4,4,"MIC",0.501,0.00499998999999,0.26088792058916,20000,10000,TRUE
200,"quadratic",0.8,4,4,"BET",0.6311,0.00482506777154477,44,20000,10000,TRUE
200,"quadratic",0.8,4,4,"BEAST",0.6766,0.00467773919751839,0.332601664907329,20000,10000,TRUE
200,"quadratic",0.8,4,4,"xi",0.3775,0.00484761539315982,0.0877521938048451,20000,10000,TRUE
200,"quadratic",0.8,4,4,"HHG_fast",0.9339,0.00248456817173528,0.11336620243656,20000,10000,TRUE
200,"quadratic",0.9,4,4,"B_n",0.8289,0.00376596322339983,26.4583645071358,20000,10000,TRUE
200,"quadratic",0.9,4,4,"P_n",0.823,0.00381668704506932,26.3022954057449,20000,10000,TRUE
200,"quadratic",0.9,4,4,"Hoeffding",0.6677,0.00471037907179454,0.00473650872972991,20000,10000,TRUE
200,"quadratic",0.9,4,4,"dCov",0.6921,0.00461624945166528,0.166255696812289,5000,10000,FALSE
200,"quadratic",0.9,4,4,"HHG",0.8434,0.00363423224354196,57031.9441302967,5000,10000,FALSE
200,"quadratic",0.9,4,4,"Genest",0.667,0.0047128653704514,0.0582888632014119,20000,10000,TRUE
200,"quadratic",0.9,4,4,"MIC",0.3853,0.00486666117579599,0.26088792058916,20000,10000,TRUE
200,"quadratic",0.9,4,4,"BET",0.4885,0.0049986773250531,44,20000,10000,TRUE
200,"quadratic",0.9,4,4,"BEAST",0.5403,0.00498373263729105,0.332601664907329,20000,10000,TRUE
200,"quadratic",0.9,4,4,"xi",0.2891,0.0045334444961861,0.0877521938048451,20000,10000,TRUE
200,"quadratic",0.9,4,4,"HHG_fast",0.8576,0.003494599261718,0.11336620243656,20000,10000,TRUE
200,"quadratic",1,4,4,"B_n",0.7233,0.00447366862876543,26.4583645071358,20000,10000,TRUE
200,"quadratic",1,4,4,"P_n",0.7173,0.00450311791984176,26.3022954057449,20000,10000,TRUE
200,"quadratic",1,4,4,"Hoeffding",0.5455,0.00497925446226641,0.00473650872972991,20000,10000,TRUE
200,"quadratic",1,4,4,"dCov",0.5784,0.00493815188101784,0.165560278814693,5000,10000,FALSE
200,"quadratic",1,4,4,"HHG",0.7386,0.00439397360028483,57275.0643742953,5000,10000,FALSE
200,"quadratic",1,4,4,"Genest",0.5412,0.00498299668874062,0.0582888632014119,20000,10000,TRUE
200,"quadratic",1,4,4,"MIC",0.2966,0.00456758623344979,0.26088792058916,20000,10000,TRUE
200,"quadratic",1,4,4,"BET",0.3705,0.00482938660701336,44,20000,10000,TRUE
200,"quadratic",1,4,4,"BEAST",0.4222,0.00493910072786535,0.332601664907329,20000,10000,TRUE
200,"quadratic",1,4,4,"xi",0.2281,0.00419607423671222,0.0877521938048451,20000,10000,TRUE
200,"quadratic",1,4,4,"HHG_fast",0.7579,0.00428354514391993,0.11336620243656,20000,10000,TRUE
200,"quadratic",1.1,4,4,"B_n",0.6144,0.00486736725550888,26.4583645071358,20000,10000,TRUE
200,"quadratic",1.1,4,4,"P_n",0.6075,0.00488307024319741,26.3022954057449,20000,10000,TRUE
200,"quadratic",1.1,4,4,"Hoeffding",0.4296,0.00495019029937234,0.00473650872972991,20000,10000,TRUE
200,"quadratic",1.1,4,4,"dCov",0.4493,0.00497422868392678,0.166103782663494,5000,10000,FALSE
200,"quadratic",1.1,4,4,"HHG",0.6224,0.00484786798500124,57710.4926825477,5000,10000,FALSE
200,"quadratic",1.1,4,4,"Genest",0.4271,0.00494657042808449,0.0582888632014119,20000,10000,TRUE
200,"quadratic",1.1,4,4,"MIC",0.2408,0.00427569128913676,0.26088792058916,20000,10000,TRUE
200,"quadratic",1.1,4,4,"BET",0.2908,0.00454131434719069,44,20000,10000,TRUE
200,"quadratic",1.1,4,4,"BEAST",0.3384,0.00473165341080684,0.332601664907329,20000,10000,TRUE
200,"quadratic",1.1,4,4,"xi",0.1738,0.00378937409079653,0.0877521938048451,20000,10000,TRUE
200,"quadratic",1.1,4,4,"HHG_fast",0.6617,0.00473131176313715,0.11336620243656,20000,10000,TRUE
200,"quadratic",1.2,4,4,"B_n",0.5158,0.00499750297648736,26.4583645071358,20000,10000,TRUE
200,"quadratic",1.2,4,4,"P_n",0.5105,0.00499889737842257,26.3022954057449,20000,10000,TRUE
200,"quadratic",1.2,4,4,"Hoeffding",0.3396,0.00473573478987158,0.00473650872972991,20000,10000,TRUE
200,"quadratic",1.2,4,4,"dCov",0.3744,0.00483967602221471,0.164928053513659,5000,10000,FALSE
200,"quadratic",1.2,4,4,"HHG",0.538,0.004985539088203,57471.9430924386,5000,10000,FALSE
200,"quadratic",1.2,4,4,"Genest",0.3408,0.0047397822734805,0.0582888632014119,20000,10000,TRUE
200,"quadratic",1.2,4,4,"MIC",0.2011,0.00400822641576047,0.26088792058916,20000,10000,TRUE
200,"quadratic",1.2,4,4,"BET",0.2291,0.00420253720982932,44,20000,10000,TRUE
200,"quadratic",1.2,4,4,"BEAST",0.278,0.00448013392656961,0.332601664907329,20000,10000,TRUE
200,"quadratic",1.2,4,4,"xi",0.1469,0.00354006200510669,0.0877521938048451,20000,10000,TRUE
200,"quadratic",1.2,4,4,"HHG_fast",0.5713,0.00494890199943381,0.11336620243656,20000,10000,TRUE
200,"quadratic",1.3,4,4,"B_n",0.4386,0.0049621571921897,26.4583645071358,20000,10000,TRUE
200,"quadratic",1.3,4,4,"P_n",0.4343,0.00495664715306627,26.3022954057449,20000,10000,TRUE
200,"quadratic",1.3,4,4,"Hoeffding",0.2849,0.00451366802057927,0.00473650872972991,20000,10000,TRUE
200,"quadratic",1.3,4,4,"dCov",0.2989,0.00457775916797728,0.166128041370205,5000,10000,FALSE
200,"quadratic",1.3,4,4,"HHG",0.4487,0.00497361347513053,57889.1831643519,5000,10000,FALSE
200,"quadratic",1.3,4,4,"Genest",0.2792,0.00448606018684547,0.0582888632014119,20000,10000,TRUE
200,"quadratic",1.3,4,4,"MIC",0.1644,0.00370638152380459,0.26088792058916,20000,10000,TRUE
200,"quadratic",1.3,4,4,"BET",0.1834,0.00386994108482287,44,20000,10000,TRUE
200,"quadratic",1.3,4,4,"BEAST",0.2324,0.0042236268774597,0.332601664907329,20000,10000,TRUE
200,"quadratic",1.3,4,4,"xi",0.1295,0.00335752513021124,0.0877521938048451,20000,10000,TRUE
200,"quadratic",1.3,4,4,"HHG_fast",0.4885,0.0049986773250531,0.11336620243656,20000,10000,TRUE
200,"quadratic",1.4,4,4,"B_n",0.3721,0.00483364862190044,26.4583645071358,20000,10000,TRUE
200,"quadratic",1.4,4,4,"P_n",0.3677,0.00482179126466503,26.3022954057449,20000,10000,TRUE
200,"quadratic",1.4,4,4,"Hoeffding",0.2375,0.0042555111326373,0.00473650872972991,20000,10000,TRUE
200,"quadratic",1.4,4,4,"dCov",0.2533,0.00434901264656703,0.166197146002167,5000,10000,FALSE
200,"quadratic",1.4,4,4,"HHG",0.3963,0.00489128112052456,57580.1630715016,5000,10000,FALSE
200,"quadratic",1.4,4,4,"Genest",0.2339,0.00423309331340569,0.0582888632014119,20000,10000,TRUE
200,"quadratic",1.4,4,4,"MIC",0.1456,0.00352704749046564,0.26088792058916,20000,10000,TRUE
200,"quadratic",1.4,4,4,"BET",0.1533,0.00360276435532495,44,20000,10000,TRUE
200,"quadratic",1.4,4,4,"BEAST",0.1932,0.00394808510546569,0.332601664907329,20000,10000,TRUE
200,"quadratic",1.4,4,4,"xi",0.1198,0.00324727516542716,0.0877521938048451,20000,10000,TRUE
200,"quadratic",1.4,4,4,"HHG_fast",0.423,0.00494035423831126,0.11336620243656,20000,10000,TRUE
200,"quadratic",1.5,4,4,"B_n",0.3165,0.00465110470748617,26.4583645071358,20000,10000,TRUE
200,"quadratic",1.5,4,4,"P_n",0.3126,0.00463552844883946,26.3022954057449,20000,10000,TRUE
200,"quadratic",1.5,4,4,"Hoeffding",0.2003,0.00400224824317533,0.00473650872972991,20000,10000,TRUE
200,"quadratic",1.5,4,4,"dCov",0.2203,0.00414448923270407,0.164873734166318,5000,10000,FALSE
200,"quadratic",1.5,4,4,"HHG",0.3575,0.00479263758279301,56611.1533526099,5000,10000,FALSE
200,"quadratic",1.5,4,4,"Genest",0.1991,0.00399323415291415,0.0582888632014119,20000,10000,TRUE
200,"quadratic",1.5,4,4,"MIC",0.1293,0.00335531682557698,0.26088792058916,20000,10000,TRUE
200,"quadratic",1.5,4,4,"BET",0.1237,0.0032923898614836,44,20000,10000,TRUE
200,"quadratic",1.5,4,4,"BEAST",0.1658,0.00371901008334207,0.332601664907329,20000,10000,TRUE
200,"quadratic",1.5,4,4,"xi",0.1007,0.00300931071842042,0.0877521938048451,20000,10000,TRUE
200,"quadratic",1.5,4,4,"HHG_fast",0.363,0.00480864845876677,0.11336620243656,20000,10000,TRUE
200,"quadratic",1.6,4,4,"B_n",0.2795,0.0044875355151798,26.4583645071358,20000,10000,TRUE
200,"quadratic",1.6,4,4,"P_n",0.2778,0.00447914232861605,26.3022954057449,20000,10000,TRUE
200,"quadratic",1.6,4,4,"Hoeffding",0.1802,0.00384353951456207,0.00473650872972991,20000,10000,TRUE
200,"quadratic",1.6,4,4,"dCov",0.185,0.00388297566307078,0.16626088821774,5000,10000,FALSE
200,"quadratic",1.6,4,4,"HHG",0.2972,0.00457025338466042,57497.2710292263,5000,10000,FALSE
200,"quadratic",1.6,4,4,"Genest",0.1745,0.00379538864940074,0.0582888632014119,20000,10000,TRUE
200,"quadratic",1.6,4,4,"MIC",0.1211,0.0032624345204157,0.26088792058916,20000,10000,TRUE
200,"quadratic",1.6,4,4,"BET",0.1158,0.00319984937145485,44,20000,10000,TRUE
200,"quadratic",1.6,4,4,"BEAST",0.1523,0.00359311438726907,0.332601664907329,20000,10000,TRUE
200,"quadratic",1.6,4,4,"xi",0.0965,0.00295275718608896,0.0877521938048451,20000,10000,TRUE
200,"quadratic",1.6,4,4,"HHG_fast",0.3243,0.00468112710786622,0.11336620243656,20000,10000,TRUE
200,"quadratic",1.7,4,4,"B_n",0.2499,0.0043295495146724,26.4583645071358,20000,10000,TRUE
200,"quadratic",1.7,4,4,"P_n",0.2484,0.00432084991639376,26.3022954057449,20000,10000,TRUE
200,"quadratic",1.7,4,4,"Hoeffding",0.1596,0.00366234678860427,0.00473650872972991,20000,10000,TRUE
200,"quadratic",1.7,4,4,"dCov",0.165,0.00371180549059349,0.166450619940315,5000,10000,FALSE
200,"quadratic",1.7,4,4,"HHG",0.282,0.00449973332543163,57003.5561811493,5000,10000,FALSE
200,"quadratic",1.7,4,4,"Genest",0.1562,0.00363044845714686,0.0582888632014119,20000,10000,TRUE
200,"quadratic",1.7,4,4,"MIC",0.1079,0.00310254073301222,0.26088792058916,20000,10000,TRUE
200,"quadratic",1.7,4,4,"BET",0.0978,0.00297044037139277,44,20000,10000,TRUE
200,"quadratic",1.7,4,4,"BEAST",0.1417,0.00348742182708086,0.332601664907329,20000,10000,TRUE
200,"quadratic",1.7,4,4,"xi",0.0911,0.00287751264115381,0.0877521938048451,20000,10000,TRUE
200,"quadratic",1.7,4,4,"HHG_fast",0.2885,0.00453064840834069,0.11336620243656,20000,10000,TRUE
200,"quadratic",1.8,4,4,"B_n",0.2271,0.00418957742499169,26.4583645071358,20000,10000,TRUE
200,"quadratic",1.8,4,4,"P_n",0.2258,0.004181080721536,26.3022954057449,20000,10000,TRUE
200,"quadratic",1.8,4,4,"Hoeffding",0.1359,0.00342682345620547,0.00473650872972991,20000,10000,TRUE
200,"quadratic",1.8,4,4,"dCov",0.1526,0.00359601501665385,0.164927721145293,5000,10000,FALSE
200,"quadratic",1.8,4,4,"HHG",0.2219,0.00415524235153619,57840.792096495,5000,10000,FALSE
200,"quadratic",1.8,4,4,"Genest",0.1359,0.00342682345620547,0.0582888632014119,20000,10000,TRUE
200,"quadratic",1.8,4,4,"MIC",0.102,0.00302648310750283,0.26088792058916,20000,10000,TRUE
200,"quadratic",1.8,4,4,"BET",0.083,0.00275882221246676,44,20000,10000,TRUE
200,"quadratic",1.8,4,4,"BEAST",0.1261,0.00331962030961374,0.332601664907329,20000,10000,TRUE
200,"quadratic",1.8,4,4,"xi",0.0876,0.00282712291915297,0.0877521938048451,20000,10000,TRUE
200,"quadratic",1.8,4,4,"HHG_fast",0.2534,0.00434957974981492,0.11336620243656,20000,10000,TRUE
200,"quadratic",1.9,4,4,"B_n",0.2015,0.00401120617769768,26.4583645071358,20000,10000,TRUE
200,"quadratic",1.9,4,4,"P_n",0.2002,0.00400149921904278,26.3022954057449,20000,10000,TRUE
200,"quadratic",1.9,4,4,"Hoeffding",0.1226,0.00327977499228224,0.00473650872972991,20000,10000,TRUE
200,"quadratic",1.9,4,4,"dCov",0.1429,0.00349970841642557,0.163674399501891,5000,10000,FALSE
200,"quadratic",1.9,4,4,"HHG",0.2216,0.00415323295758858,56960.1420142319,5000,10000,FALSE
200,"quadratic",1.9,4,4,"Genest",0.1198,0.00324727516542716,0.0582888632014119,20000,10000,TRUE
200,"quadratic",1.9,4,4,"MIC",0.092,0.00289025950392002,0.26088792058916,20000,10000,TRUE
200,"quadratic",1.9,4,4,"BET",0.0822,0.00274669182836371,44,20000,10000,TRUE
200,"quadratic",1.9,4,4,"BEAST",0.1173,0.00321777423073776,0.332601664907329,20000,10000,TRUE
200,"quadratic",1.9,4,4,"xi",0.0803,0.00271757079024632,0.0877521938048451,20000,10000,TRUE
200,"quadratic",1.9,4,4,"HHG_fast",0.2357,0.00424435519248802,0.11336620243656,20000,10000,TRUE
200,"quadratic",2,4,4,"B_n",0.1828,0.00386502470884728,26.4583645071358,20000,10000,TRUE
200,"quadratic",2,4,4,"P_n",0.1804,0.00384520272547495,26.3022954057449,20000,10000,TRUE
200,"quadratic",2,4,4,"Hoeffding",0.1168,0.0032118181766719,0.00473650872972991,20000,10000,TRUE
200,"quadratic",2,4,4,"dCov",0.1209,0.00326011027420853,0.166030466109993,5000,10000,FALSE
200,"quadratic",2,4,4,"HHG",0.2013,0.00400971707231321,57124.2978006103,5000,10000,FALSE
200,"quadratic",2,4,4,"Genest",0.1157,0.00319864830827023,0.0582888632014119,20000,10000,TRUE
200,"quadratic",2,4,4,"MIC",0.0881,0.00283440275895999,0.26088792058916,20000,10000,TRUE
200,"quadratic",2,4,4,"BET",0.0697,0.00254640746935757,44,20000,10000,TRUE
200,"quadratic",2,4,4,"BEAST",0.109,0.00311639214477254,0.332601664907329,20000,10000,TRUE
200,"quadratic",2,4,4,"xi",0.0804,0.00271911456176455,0.0877521938048451,20000,10000,TRUE
200,"quadratic",2,4,4,"HHG_fast",0.2123,0.00408936070798358,0.11336620243656,20000,10000,TRUE
200,"cubic",0.1,4,4,"B_n",1,0,26.4583645071358,20000,10000,TRUE
200,"cubic",0.1,4,4,"P_n",1,0,26.3022954057449,20000,10000,TRUE
200,"cubic",0.1,4,4,"Hoeffding",1,0,0.00473650872972991,20000,10000,TRUE
200,"cubic",0.1,4,4,"dCov",1,0,0.166338767586191,5000,10000,FALSE
200,"cubic",0.1,4,4,"HHG",1,0,58747.6784727089,5000,10000,FALSE
200,"cubic",0.1,4,4,"Genest",1,0,0.0582888632014119,20000,10000,TRUE
200,"cubic",0.1,4,4,"MIC",1,0,0.26088792058916,20000,10000,TRUE
200,"cubic",0.1,4,4,"BET",0.91,0.00286181760425084,44,20000,10000,TRUE
200,"cubic",0.1,4,4,"BEAST",1,0,0.332601664907329,20000,10000,TRUE
200,"cubic",0.1,4,4,"xi",1,0,0.0877521938048451,20000,10000,TRUE
200,"cubic",0.1,4,4,"HHG_fast",1,0,0.11336620243656,20000,10000,TRUE
200,"cubic",0.2,4,4,"B_n",1,0,26.4583645071358,20000,10000,TRUE
200,"cubic",0.2,4,4,"P_n",1,0,26.3022954057449,20000,10000,TRUE
200,"cubic",0.2,4,4,"Hoeffding",1,0,0.00473650872972991,20000,10000,TRUE
200,"cubic",0.2,4,4,"dCov",1,0,0.165351099023109,5000,10000,FALSE
200,"cubic",0.2,4,4,"HHG",1,0,57144.2876553401,5000,10000,FALSE
200,"cubic",0.2,4,4,"Genest",1,0,0.0582888632014119,20000,10000,TRUE
200,"cubic",0.2,4,4,"MIC",1,0,0.26088792058916,20000,10000,TRUE
200,"cubic",0.2,4,4,"BET",0.9137,0.00280806534824245,44,20000,10000,TRUE
200,"cubic",0.2,4,4,"BEAST",1,0,0.332601664907329,20000,10000,TRUE
200,"cubic",0.2,4,4,"xi",1,0,0.0877521938048451,20000,10000,TRUE
200,"cubic",0.2,4,4,"HHG_fast",1,0,0.11336620243656,20000,10000,TRUE
200,"cubic",0.3,4,4,"B_n",1,0,26.4583645071358,20000,10000,TRUE
200,"cubic",0.3,4,4,"P_n",1,0,26.3022954057449,20000,10000,TRUE
200,"cubic",0.3,4,4,"Hoeffding",1,0,0.00473650872972991,20000,10000,TRUE
200,"cubic",0.3,4,4,"dCov",1,0,0.165974239709591,5000,10000,FALSE
200,"cubic",0.3,4,4,"HHG",1,0,57619.3509957904,5000,10000,FALSE
200,"cubic",0.3,4,4,"Genest",1,0,0.0582888632014119,20000,10000,TRUE
200,"cubic",0.3,4,4,"MIC",1,0,0.26088792058916,20000,10000,TRUE
200,"cubic",0.3,4,4,"BET",0.9264,0.00261118823526761,44,20000,10000,TRUE
200,"cubic",0.3,4,4,"BEAST",1,0,0.332601664907329,20000,10000,TRUE
200,"cubic",0.3,4,4,"xi",1,0,0.0877521938048451,20000,10000,TRUE
200,"cubic",0.3,4,4,"HHG_fast",1,0,0.11336620243656,20000,10000,TRUE
200,"cubic",0.4,4,4,"B_n",1,0,26.4583645071358,20000,10000,TRUE
200,"cubic",0.4,4,4,"P_n",1,0,26.3022954057449,20000,10000,TRUE
200,"cubic",0.4,4,4,"Hoeffding",1,0,0.00473650872972991,20000,10000,TRUE
200,"cubic",0.4,4,4,"dCov",1,0,0.167646196641428,5000,10000,FALSE
200,"cubic",0.4,4,4,"HHG",1,0,57325.8081510107,5000,10000,FALSE
200,"cubic",0.4,4,4,"Genest",1,0,0.0582888632014119,20000,10000,TRUE
200,"cubic",0.4,4,4,"MIC",1,0,0.26088792058916,20000,10000,TRUE
200,"cubic",0.4,4,4,"BET",0.9386,0.00240062575175724,44,20000,10000,TRUE
200,"cubic",0.4,4,4,"BEAST",1,0,0.332601664907329,20000,10000,TRUE
200,"cubic",0.4,4,4,"xi",1,0,0.0877521938048451,20000,10000,TRUE
200,"cubic",0.4,4,4,"HHG_fast",1,0,0.11336620243656,20000,10000,TRUE
200,"cubic",0.5,4,4,"B_n",1,0,26.4583645071358,20000,10000,TRUE
200,"cubic",0.5,4,4,"P_n",1,0,26.3022954057449,20000,10000,TRUE
200,"cubic",0.5,4,4,"Hoeffding",1,0,0.00473650872972991,20000,10000,TRUE
200,"cubic",0.5,4,4,"dCov",1,0,0.170188249265636,5000,10000,FALSE
200,"cubic",0.5,4,4,"HHG",1,0,57443.8023677845,5000,10000,FALSE
200,"cubic",0.5,4,4,"Genest",1,0,0.0582888632014119,20000,10000,TRUE
200,"cubic",0.5,4,4,"MIC",1,0,0.26088792058916,20000,10000,TRUE
200,"cubic",0.5,4,4,"BET",0.9518,0.00214188608473934,44,20000,10000,TRUE
200,"cubic",0.5,4,4,"BEAST",1,0,0.332601664907329,20000,10000,TRUE
200,"cubic",0.5,4,4,"xi",1,0,0.0877521938048451,20000,10000,TRUE
200,"cubic",0.5,4,4,"HHG_fast",1,0,0.11336620243656,20000,10000,TRUE
200,"cubic",0.6,4,4,"B_n",1,0,26.4583645071358,20000,10000,TRUE
200,"cubic",0.6,4,4,"P_n",1,0,26.3022954057449,20000,10000,TRUE
200,"cubic",0.6,4,4,"Hoeffding",1,0,0.00473650872972991,20000,10000,TRUE
200,"cubic",0.6,4,4,"dCov",1,0,0.164350059743906,5000,10000,FALSE
200,"cubic",0.6,4,4,"HHG",1,0,56905.141401433,5000,10000,FALSE
200,"cubic",0.6,4,4,"Genest",1,0,0.0582888632014119,20000,10000,TRUE
200,"cubic",0.6,4,4,"MIC",1,0,0.26088792058916,20000,10000,TRUE
200,"cubic",0.6,4,4,"BET",0.961,0.0019359493795035,44,20000,10000,TRUE
200,"cubic",0.6,4,4,"BEAST",1,0,0.332601664907329,20000,10000,TRUE
200,"cubic",0.6,4,4,"xi",1,0,0.0877521938048451,20000,10000,TRUE
200,"cubic",0.6,4,4,"HHG_fast",1,0,0.11336620243656,20000,10000,TRUE
200,"cubic",0.7,4,4,"B_n",1,0,26.4583645071358,20000,10000,TRUE
200,"cubic",0.7,4,4,"P_n",1,0,26.3022954057449,20000,10000,TRUE
200,"cubic",0.7,4,4,"Hoeffding",1,0,0.00473650872972991,20000,10000,TRUE
200,"cubic",0.7,4,4,"dCov",1,0,0.167993983639644,5000,10000,FALSE
200,"cubic",0.7,4,4,"HHG",1,0,57851.4538436255,5000,10000,FALSE
200,"cubic",0.7,4,4,"Genest",1,0,0.0582888632014119,20000,10000,TRUE
200,"cubic",0.7,4,4,"MIC",1,0,0.26088792058916,20000,10000,TRUE
200,"cubic",0.7,4,4,"BET",0.9672,0.00178112773264581,44,20000,10000,TRUE
200,"cubic",0.7,4,4,"BEAST",1,0,0.332601664907329,20000,10000,TRUE
200,"cubic",0.7,4,4,"xi",1,0,0.0877521938048451,20000,10000,TRUE
200,"cubic",0.7,4,4,"HHG_fast",1,0,0.11336620243656,20000,10000,TRUE
200,"cubic",0.8,4,4,"B_n",1,0,26.4583645071358,20000,10000,TRUE
200,"cubic",0.8,4,4,"P_n",1,0,26.3022954057449,20000,10000,TRUE
200,"cubic",0.8,4,4,"Hoeffding",1,0,0.00473650872972991,20000,10000,TRUE
200,"cubic",0.8,4,4,"dCov",1,0,0.166927203579492,5000,10000,FALSE
200,"cubic",0.8,4,4,"HHG",1,0,57187.5905132919,5000,10000,FALSE
200,"cubic",0.8,4,4,"Genest",1,0,0.0582888632014119,20000,10000,TRUE
200,"cubic",0.8,4,4,"MIC",1,0,0.26088792058916,20000,10000,TRUE
200,"cubic",0.8,4,4,"BET",0.971,0.0016780643611018,44,20000,10000,TRUE
200,"cubic",0.8,4,4,"BEAST",1,0,0.332601664907329,20000,10000,TRUE
200,"cubic",0.8,4,4,"xi",1,0,0.0877521938048451,20000,10000,TRUE
200,"cubic",0.8,4,4,"HHG_fast",1,0,0.11336620243656,20000,10000,TRUE
200,"cubic",0.9,4,4,"B_n",1,0,26.4583645071358,20000,10000,TRUE
200,"cubic",0.9,4,4,"P_n",1,0,26.3022954057449,20000,10000,TRUE
200,"cubic",0.9,4,4,"Hoeffding",1,0,0.00473650872972991,20000,10000,TRUE
200,"cubic",0.9,4,4,"dCov",1,0,0.165774933603201,5000,10000,FALSE
200,"cubic",0.9,4,4,"HHG",1,0,56577.0076101266,5000,10000,FALSE
200,"cubic",0.9,4,4,"Genest",1,0,0.0582888632014119,20000,10000,TRUE
200,"cubic",0.9,4,4,"MIC",1,0,0.26088792058916,20000,10000,TRUE
200,"cubic",0.9,4,4,"BET",0.9724,0.00163823807793617,44,20000,10000,TRUE
200,"cubic",0.9,4,4,"BEAST",1,0,0.332601664907329,20000,10000,TRUE
200,"cubic",0.9,4,4,"xi",1,0,0.0877521938048451,20000,10000,TRUE
200,"cubic",0.9,4,4,"HHG_fast",1,0,0.11336620243656,20000,10000,TRUE
200,"cubic",1,4,4,"B_n",1,0,26.4583645071358,20000,10000,TRUE
200,"cubic",1,4,4,"P_n",1,0,26.3022954057449,20000,10000,TRUE
200,"cubic",1,4,4,"Hoeffding",1,0,0.00473650872972991,20000,10000,TRUE
200,"cubic",1,4,4,"dCov",1,0,0.163560143717945,5000,10000,FALSE
200,"cubic",1,4,4,"HHG",1,0,56221.6190001512,5000,10000,FALSE
200,"cubic",1,4,4,"Genest",1,0,0.0582888632014119,20000,10000,TRUE
200,"cubic",1,4,4,"MIC",0.9999,9.99949998749882e-05,0.26088792058916,20000,10000,TRUE
200,"cubic",1,4,4,"BET",0.9678,0.00176530903810069,44,20000,10000,TRUE
200,"cubic",1,4,4,"BEAST",1,0,0.332601664907329,20000,10000,TRUE
200,"cubic",1,4,4,"xi",0.9991,0.000299864969611326,0.0877521938048451,20000,10000,TRUE
200,"cubic",1,4,4,"HHG_fast",1,0,0.11336620243656,20000,10000,TRUE
200,"cubic",1.1,4,4,"B_n",1,0,26.4583645071358,20000,10000,TRUE
200,"cubic",1.1,4,4,"P_n",1,0,26.3022954057449,20000,10000,TRUE
200,"cubic",1.1,4,4,"Hoeffding",0.9989,0.00033148001448051,0.00473650872972991,20000,10000,TRUE
200,"cubic",1.1,4,4,"dCov",0.999,0.000316069612585582,0.168928590923084,5000,10000,FALSE
200,"cubic",1.1,4,4,"HHG",1,0,56881.7471170278,5000,10000,FALSE
200,"cubic",1.1,4,4,"Genest",0.9992,0.000282729552753161,0.0582888632014119,20000,10000,TRUE
200,"cubic",1.1,4,4,"MIC",0.9982,0.000423882059068324,0.26088792058916,20000,10000,TRUE
200,"cubic",1.1,4,4,"BET",0.954,0.00209485083001153,44,20000,10000,TRUE
200,"cubic",1.1,4,4,"BEAST",0.9995,0.000223550889061069,0.332601664907329,20000,10000,TRUE
200,"cubic",1.1,4,4,"xi",0.9973,0.000518913287553907,0.0877521938048451,20000,10000,TRUE
200,"cubic",1.1,4,4,"HHG_fast",1,0,0.11336620243656,20000,10000,TRUE
200,"cubic",1.2,4,4,"B_n",1,0,26.4583645071358,20000,10000,TRUE
200,"cubic",1.2,4,4,"P_n",1,0,26.3022954057449,20000,10000,TRUE
200,"cubic",1.2,4,4,"Hoeffding",0.9939,0.000778639197574846,0.00473650872972991,20000,10000,TRUE
200,"cubic",1.2,4,4,"dCov",0.9978,0.00046852534616603,0.165341814951316,5000,10000,FALSE
200,"cubic",1.2,4,4,"HHG",1,0,56456.3229038516,5000,10000,FALSE
200,"cubic",1.2,4,4,"Genest",0.9947,0.000726079196782277,0.0582888632014119,20000,10000,TRUE
200,"cubic",1.2,4,4,"MIC",0.9919,0.000896347588829244,0.26088792058916,20000,10000,TRUE
200,"cubic",1.2,4,4,"BET",0.9287,0.00257325299960964,44,20000,10000,TRUE
200,"cubic",1.2,4,4,"BEAST",0.9977,0.00047903131421651,0.332601664907329,20000,10000,TRUE
200,"cubic",1.2,4,4,"xi",0.9881,0.00108436110221642,0.0877521938048451,20000,10000,TRUE
200,"cubic",1.2,4,4,"HHG_fast",1,0,0.11336620243656,20000,10000,TRUE
200,"cubic",1.3,4,4,"B_n",1,0,26.4583645071358,20000,10000,TRUE
200,"cubic",1.3,4,4,"P_n",1,0,26.3022954057449,20000,10000,TRUE
200,"cubic",1.3,4,4,"Hoeffding",0.9819,0.00133313127635653,0.00473650872972991,20000,10000,TRUE
200,"cubic",1.3,4,4,"dCov",0.9919,0.000896347588829244,0.165005025795696,5000,10000,FALSE
200,"cubic",1.3,4,4,"HHG",0.9997,0.000173179098045915,57908.1608347834,5000,10000,FALSE
200,"cubic",1.3,4,4,"Genest",0.9852,0.00120751645951515,0.0582888632014119,20000,10000,TRUE
200,"cubic",1.3,4,4,"MIC",0.9831,0.00128896819200475,0.26088792058916,20000,10000,TRUE
200,"cubic",1.3,4,4,"BET",0.8848,0.00319263151647665,44,20000,10000,TRUE
200,"cubic",1.3,4,4,"BEAST",0.9928,0.000845467917782809,0.332601664907329,20000,10000,TRUE
200,"cubic",1.3,4,4,"xi",0.9695,0.00171958570591872,0.0877521938048451,20000,10000,TRUE
200,"cubic",1.3,4,4,"HHG_fast",1,0,0.11336620243656,20000,10000,TRUE
200,"cubic",1.4,4,4,"B_n",1,0,26.4583645071358,20000,10000,TRUE
200,"cubic",1.4,4,4,"P_n",1,0,26.3022954057449,20000,10000,TRUE
200,"cubic",1.4,4,4,"Hoeffding",0.9603,0.00195253450673733,0.00473650872972991,20000,10000,TRUE
200,"cubic",1.4,4,4,"dCov",0.9796,0.00141364210463611,0.166017267530435,5000,10000,FALSE
200,"cubic",1.4,4,4,"HHG",0.9982,0.000423882059068324,57538.4518178672,5000,10000,FALSE
200,"cubic",1.4,4,4,"Genest",0.9618,0.00191678793819243,0.0582888632014119,20000,10000,TRUE
200,"cubic",1.4,4,4,"MIC",0.9602,0.00195489027825093,0.26088792058916,20000,10000,TRUE
200,"cubic",1.4,4,4,"BET",0.8326,0.00373332613094543,44,20000,10000,TRUE
200,"cubic",1.4,4,4,"BEAST",0.9812,0.00135818113666771,0.332601664907329,20000,10000,TRUE
200,"cubic",1.4,4,4,"xi",0.9343,0.00247756957520874,0.0877521938048451,20000,10000,TRUE
200,"cubic",1.4,4,4,"HHG_fast",0.9998,0.0001414072133945,0.11336620243656,20000,10000,TRUE
200,"cubic",1.5,4,4,"B_n",1,0,26.4583645071358,20000,10000,TRUE
200,"cubic",1.5,4,4,"P_n",0.9999,9.99949998749882e-05,26.3022954057449,20000,10000,TRUE
200,"cubic",1.5,4,4,"Hoeffding",0.9237,0.0026547751317202,0.00473650872972991,20000,10000,TRUE
200,"cubic",1.5,4,4,"dCov",0.954,0.00209485083001153,0.166163995481325,5000,10000,FALSE
200,"cubic",1.5,4,4,"HHG",0.9951,0.00069828289396204,57503.949171898,5000,10000,FALSE
200,"cubic",1.5,4,4,"Genest",0.9278,0.00258818778298639,0.0582888632014119,20000,10000,TRUE
200,"cubic",1.5,4,4,"MIC",0.9335,0.00249154068800812,0.26088792058916,20000,10000,TRUE
200,"cubic",1.5,4,4,"BET",0.7824,0.00412613911544436,44,20000,10000,TRUE
200,"cubic",1.5,4,4,"BEAST",0.9642,0.00185791173094956,0.332601664907329,20000,10000,TRUE
200,"cubic",1.5,4,4,"xi",0.8932,0.00308858802691456,0.0877521938048451,20000,10000,TRUE
200,"cubic",1.5,4,4,"HHG_fast",0.9995,0.000223550889061069,0.11336620243656,20000,10000,TRUE
200,"cubic",1.6,4,4,"B_n",0.9998,0.0001414072133945,26.4583645071358,20000,10000,TRUE
200,"cubic",1.6,4,4,"P_n",0.9997,0.000173179098045915,26.3022954057449,20000,10000,TRUE
200,"cubic",1.6,4,4,"Hoeffding",0.8835,0.00320823549634375,0.00473650872972991,20000,10000,TRUE
200,"cubic",1.6,4,4,"dCov",0.9371,0.0024278301011397,0.164719859592776,5000,10000,FALSE
200,"cubic",1.6,4,4,"HHG",0.9914,0.000923365583070977,56448.4617739843,5000,10000,FALSE
200,"cubic",1.6,4,4,"Genest",0.8877,0.00315735189676412,0.0582888632014119,20000,10000,TRUE
200,"cubic",1.6,4,4,"MIC",0.8919,0.00310506666595099,0.26088792058916,20000,10000,TRUE
200,"cubic",1.6,4,4,"BET",0.719,0.00449487485921466,44,20000,10000,TRUE
200,"cubic",1.6,4,4,"BEAST",0.9391,0.00239146795922504,0.332601664907329,20000,10000,TRUE
200,"cubic",1.6,4,4,"xi",0.8346,0.00371541168647567,0.0877521938048451,20000,10000,TRUE
200,"cubic",1.6,4,4,"HHG_fast",0.9984,0.000399679871897503,0.11336620243656,20000,10000,TRUE
200,"cubic",1.7,4,4,"B_n",0.9992,0.000282729552753161,26.4583645071358,20000,10000,TRUE
200,"cubic",1.7,4,4,"P_n",0.9992,0.000282729552753161,26.3022954057449,20000,10000,TRUE
200,"cubic",1.7,4,4,"Hoeffding",0.8204,0.00383853930551714,0.00473650872972991,20000,10000,TRUE
200,"cubic",1.7,4,4,"dCov",0.8803,0.00324610397245683,0.165087184280054,5000,10000,FALSE
200,"cubic",1.7,4,4,"HHG",0.9781,0.00146357063375841,56607.8612334626,5000,10000,FALSE
200,"cubic",1.7,4,4,"Genest",0.8232,0.00381499357797625,0.0582888632014119,20000,10000,TRUE
200,"cubic",1.7,4,4,"MIC",0.841,0.00365676086174636,0.26088792058916,20000,10000,TRUE
200,"cubic",1.7,4,4,"BET",0.6669,0.00471321960023082,44,20000,10000,TRUE
200,"cubic",1.7,4,4,"BEAST",0.904,0.00294591242232351,0.332601664907329,20000,10000,TRUE
200,"cubic",1.7,4,4,"xi",0.7584,0.00428053080820592,0.0877521938048451,20000,10000,TRUE
200,"cubic",1.7,4,4,"HHG_fast",0.9961,0.000623280835578956,0.11336620243656,20000,10000,TRUE
200,"cubic",1.8,4,4,"B_n",0.9973,0.000518913287553907,26.4583645071358,20000,10000,TRUE
200,"cubic",1.8,4,4,"P_n",0.9972,0.000528408932551298,26.3022954057449,20000,10000,TRUE
200,"cubic",1.8,4,4,"Hoeffding",0.7565,0.00429194303317274,0.00473650872972991,20000,10000,TRUE
200,"cubic",1.8,4,4,"dCov",0.8119,0.00390792003500583,0.166968063973536,5000,10000,FALSE
200,"cubic",1.8,4,4,"HHG",0.9542,0.00209051094232965,57465.0455350628,5000,10000,FALSE
200,"cubic",1.8,4,4,"Genest",0.7619,0.00425920638147531,0.0582888632014119,20000,10000,TRUE
200,"cubic",1.8,4,4,"MIC",0.7889,0.00408089193681969,0.26088792058916,20000,10000,TRUE
200,"cubic",1.8,4,4,"BET",0.6006,0.00489775091240867,44,20000,10000,TRUE
200,"cubic",1.8,4,4,"BEAST",0.8607,0.00346259310344141,0.332601664907329,20000,10000,TRUE
200,"cubic",1.8,4,4,"xi",0.6975,0.00459340559933477,0.0877521938048451,20000,10000,TRUE
200,"cubic",1.8,4,4,"HHG_fast",0.9924,0.000868460707228603,0.11336620243656,20000,10000,TRUE
200,"cubic",1.9,4,4,"B_n",0.9935,0.000803601269287198,26.4583645071358,20000,10000,TRUE
200,"cubic",1.9,4,4,"P_n",0.9924,0.000868460707228603,26.3022954057449,20000,10000,TRUE
200,"cubic",1.9,4,4,"Hoeffding",0.6942,0.00460745439478244,0.00473650872972991,20000,10000,TRUE
200,"cubic",1.9,4,4,"dCov",0.7727,0.00419087950196614,0.165647298835884,5000,10000,FALSE
200,"cubic",1.9,4,4,"HHG",0.9356,0.00245464131799332,56506.071371724,5000,10000,FALSE
200,"cubic",1.9,4,4,"Genest",0.7001,0.00458213912927139,0.0582888632014119,20000,10000,TRUE
200,"cubic",1.9,4,4,"MIC",0.7333,0.00442234225269822,0.26088792058916,20000,10000,TRUE
200,"cubic",1.9,4,4,"BET",0.5405,0.00498357050717656,44,20000,10000,TRUE
200,"cubic",1.9,4,4,"BEAST",0.8161,0.00387402620022116,0.332601664907329,20000,10000,TRUE
200,"cubic",1.9,4,4,"xi",0.641,0.00479707202364109,0.0877521938048451,20000,10000,TRUE
200,"cubic",1.9,4,4,"HHG_fast",0.9837,0.00126626655961531,0.11336620243656,20000,10000,TRUE
200,"cubic",2,4,4,"B_n",0.9881,0.00108436110221642,26.4583645071358,20000,10000,TRUE
200,"cubic",2,4,4,"P_n",0.9876,0.00110662730853707,26.3022954057449,20000,10000,TRUE
200,"cubic",2,4,4,"Hoeffding",0.631,0.00482533936630368,0.00473650872972991,20000,10000,TRUE
200,"cubic",2,4,4,"dCov",0.7065,0.00455365512528123,0.165987420828128,5000,10000,FALSE
200,"cubic",2,4,4,"HHG",0.8961,0.00305130775242354,57099.6771300014,5000,10000,FALSE
200,"cubic",2,4,4,"Genest",0.6365,0.0048100701658084,0.0582888632014119,20000,10000,TRUE
200,"cubic",2,4,4,"MIC",0.6832,0.00465228717944196,0.26088792058916,20000,10000,TRUE
200,"cubic",2,4,4,"BET",0.492,0.00499935995903476,44,20000,10000,TRUE
200,"cubic",2,4,4,"BEAST",0.7552,0.00429968556989927,0.332601664907329,20000,10000,TRUE
200,"cubic",2,4,4,"xi",0.5693,0.00495174221865396,0.0877521938048451,20000,10000,TRUE
200,"cubic",2,4,4,"HHG_fast",0.972,0.0016497272501841,0.11336620243656,20000,10000,TRUE
200,"sine",0.1,4,4,"B_n",1,0,26.4583645071358,20000,10000,TRUE
200,"sine",0.1,4,4,"P_n",1,0,26.3022954057449,20000,10000,TRUE
200,"sine",0.1,4,4,"Hoeffding",1,0,0.00473650872972991,20000,10000,TRUE
200,"sine",0.1,4,4,"dCov",1,0,0.162292703205096,5000,10000,FALSE
200,"sine",0.1,4,4,"HHG",1,0,59108.7918633999,5000,10000,FALSE
200,"sine",0.1,4,4,"Genest",1,0,0.0582888632014119,20000,10000,TRUE
200,"sine",0.1,4,4,"MIC",1,0,0.26088792058916,20000,10000,TRUE
200,"sine",0.1,4,4,"BET",0.0019,0.000435475602072033,44,20000,10000,TRUE
200,"sine",0.1,4,4,"BEAST",1,0,0.332601664907329,20000,10000,TRUE
200,"sine",0.1,4,4,"xi",1,0,0.0877521938048451,20000,10000,TRUE
200,"sine",0.1,4,4,"HHG_fast",1,0,0.11336620243656,20000,10000,TRUE
200,"sine",0.2,4,4,"B_n",1,0,26.4583645071358,20000,10000,TRUE
200,"sine",0.2,4,4,"P_n",1,0,26.3022954057449,20000,10000,TRUE
200,"sine",0.2,4,4,"Hoeffding",1,0,0.00473650872972991,20000,10000,TRUE
200,"sine",0.2,4,4,"dCov",1,0,0.163190537171674,5000,10000,FALSE
200,"sine",0.2,4,4,"HHG",1,0,58249.9349274955,5000,10000,FALSE
200,"sine",0.2,4,4,"Genest",1,0,0.0582888632014119,20000,10000,TRUE
200,"sine",0.2,4,4,"MIC",1,0,0.26088792058916,20000,10000,TRUE
200,"sine",0.2,4,4,"BET",0.0012,0.000346202253025598,44,20000,10000,TRUE
200,"sine",0.2,4,4,"BEAST",1,0,0.332601664907329,20000,10000,TRUE
200,"sine",0.2,4,4,"xi",1,0,0.0877521938048451,20000,10000,TRUE
200,"sine",0.2,4,4,"HHG_fast",1,0,0.11336620243656,20000,10000,TRUE
200,"sine",0.3,4,4,"B_n",0.999,0.000316069612585582,26.4583645071358,20000,10000,TRUE
200,"sine",0.3,4,4,"P_n",0.999,0.000316069612585582,26.3022954057449,20000,10000,TRUE
200,"sine",0.3,4,4,"Hoeffding",1,0,0.00473650872972991,20000,10000,TRUE
200,"sine",0.3,4,4,"dCov",1,0,0.165234287515304,5000,10000,FALSE
200,"sine",0.3,4,4,"HHG",1,0,58680.2551108504,5000,10000,FALSE
200,"sine",0.3,4,4,"Genest",1,0,0.0582888632014119,20000,10000,TRUE
200,"sine",0.3,4,4,"MIC",1,0,0.26088792058916,20000,10000,TRUE
200,"sine",0.3,4,4,"BET",0.0015,0.000387007751860347,44,20000,10000,TRUE
200,"sine",0.3,4,4,"BEAST",1,0,0.332601664907329,20000,10000,TRUE
200,"sine",0.3,4,4,"xi",1,0,0.0877521938048451,20000,10000,TRUE
200,"sine",0.3,4,4,"HHG_fast",1,0,0.11336620243656,20000,10000,TRUE
200,"sine",0.4,4,4,"B_n",0.9705,0.0016920328011005,26.4583645071358,20000,10000,TRUE
200,"sine",0.4,4,4,"P_n",0.9687,0.00174127281033157,26.3022954057449,20000,10000,TRUE
200,"sine",0.4,4,4,"Hoeffding",1,0,0.00473650872972991,20000,10000,TRUE
200,"sine",0.4,4,4,"dCov",1,0,0.165992869021349,5000,10000,FALSE
200,"sine",0.4,4,4,"HHG",1,0,57499.5358446754,5000,10000,FALSE
200,"sine",0.4,4,4,"Genest",1,0,0.0582888632014119,20000,10000,TRUE
200,"sine",0.4,4,4,"MIC",1,0,0.26088792058916,20000,10000,TRUE
200,"sine",0.4,4,4,"BET",0.0027,0.000518913287553903,44,20000,10000,TRUE
200,"sine",0.4,4,4,"BEAST",1,0,0.332601664907329,20000,10000,TRUE
200,"sine",0.4,4,4,"xi",0.9999,9.99949998749882e-05,0.0877521938048451,20000,10000,TRUE
200,"sine",0.4,4,4,"HHG_fast",1,0,0.11336620243656,20000,10000,TRUE
200,"sine",0.5,4,4,"B_n",0.8687,0.00337728159915634,26.4583645071358,20000,10000,TRUE
200,"sine",0.5,4,4,"P_n",0.8629,0.00343952889215951,26.3022954057449,20000,10000,TRUE
200,"sine",0.5,4,4,"Hoeffding",0.997,0.000546900356555013,0.00473650872972991,20000,10000,TRUE
200,"sine",0.5,4,4,"dCov",0.9977,0.00047903131421651,0.165484322426007,5000,10000,FALSE
200,"sine",0.5,4,4,"HHG",0.9989,0.00033148001448051,56736.7876024324,5000,10000,FALSE
200,"sine",0.5,4,4,"Genest",0.996,0.00063118935352238,0.0582888632014119,20000,10000,TRUE
200,"sine",0.5,4,4,"MIC",0.9965,0.000590571756859397,0.26088792058916,20000,10000,TRUE
200,"sine",0.5,4,4,"BET",0.0041,0.000638998435052857,44,20000,10000,TRUE
200,"sine",0.5,4,4,"BEAST",0.9995,0.000223550889061069,0.332601664907329,20000,10000,TRUE
200,"sine",0.5,4,4,"xi",0.9898,0.00100478654449589,0.0877521938048451,20000,10000,TRUE
200,"sine",0.5,4,4,"HHG_fast",1,0,0.11336620243656,20000,10000,TRUE
200,"sine",0.6,4,4,"B_n",0.7153,0.00451271437163931,26.4583645071358,20000,10000,TRUE
200,"sine",0.6,4,4,"P_n",0.7094,0.00454039249404718,26.3022954057449,20000,10000,TRUE
200,"sine",0.6,4,4,"Hoeffding",0.9567,0.00203531594598971,0.00473650872972991,20000,10000,TRUE
200,"sine",0.6,4,4,"dCov",0.958,0.0020058913230781,0.167456900700267,5000,10000,FALSE
200,"sine",0.6,4,4,"HHG",0.9682,0.00175467261903752,58059.0685407869,5000,10000,FALSE
200,"sine",0.6,4,4,"Genest",0.9521,0.00213554653426237,0.0582888632014119,20000,10000,TRUE
200,"sine",0.6,4,4,"MIC",0.9558,0.00205539193342778,0.26088792058916,20000,10000,TRUE
200,"sine",0.6,4,4,"BET",0.0062,0.000784956049725079,44,20000,10000,TRUE
200,"sine",0.6,4,4,"BEAST",0.9832,0.00128521437900453,0.332601664907329,20000,10000,TRUE
200,"sine",0.6,4,4,"xi",0.9141,0.00280216327147438,0.0877521938048451,20000,10000,TRUE
200,"sine",0.6,4,4,"HHG_fast",0.9992,0.000282729552753161,0.11336620243656,20000,10000,TRUE
200,"sine",0.7,4,4,"B_n",0.5671,0.00495477133680254,26.4583645071358,20000,10000,TRUE
200,"sine",0.7,4,4,"P_n",0.5606,0.00496314053800615,26.3022954057449,20000,10000,TRUE
200,"sine",0.7,4,4,"Hoeffding",0.8627,0.00344163783684455,0.00473650872972991,20000,10000,TRUE
200,"sine",0.7,4,4,"dCov",0.8796,0.00325428701868781,0.164948001773979,5000,10000,FALSE
200,"sine",0.7,4,4,"HHG",0.9058,0.00292106761304835,56159.2096930113,5000,10000,FALSE
200,"sine",0.7,4,4,"Genest",0.8543,0.00352805201208826,0.0582888632014119,20000,10000,TRUE
200,"sine",0.7,4,4,"MIC",0.8429,0.0036389502607208,0.26088792058916,20000,10000,TRUE
200,"sine",0.7,4,4,"BET",0.0067,0.000815788575551288,44,20000,10000,TRUE
200,"sine",0.7,4,4,"BEAST",0.9193,0.0027237384235642,0.332601664907329,20000,10000,TRUE
200,"sine",0.7,4,4,"xi",0.7529,0.00431325387613574,0.0877521938048451,20000,10000,TRUE
200,"sine",0.7,4,4,"HHG_fast",0.9888,0.00105235735375394,0.11336620243656,20000,10000,TRUE
200,"sine",0.8,4,4,"B_n",0.4377,0.00496103527502073,26.4583645071358,20000,10000,TRUE
200,"sine",0.8,4,4,"P_n",0.4334,0.00495544589315634,26.3022954057449,20000,10000,TRUE
200,"sine",0.8,4,4,"Hoeffding",0.7323,0.0044276033020134,0.00473650872972991,20000,10000,TRUE
200,"sine",0.8,4,4,"dCov",0.7206,0.00448704401583047,0.169295160915457,5000,10000,FALSE
200,"sine",0.8,4,4,"HHG",0.7328,0.00442497638411777,58056.6404728253,5000,10000,FALSE
200,"sine",0.8,4,4,"Genest",0.7268,0.00445602692990067,0.0582888632014119,20000,10000,TRUE
200,"sine",0.8,4,4,"MIC",0.6929,0.00461291220380358,0.26088792058916,20000,10000,TRUE
200,"sine",0.8,4,4,"BET",0.0084,0.000912657657613193,44,20000,10000,TRUE
200,"sine",0.8,4,4,"BEAST",0.8041,0.0039689191223808,0.332601664907329,20000,10000,TRUE
200,"sine",0.8,4,4,"xi",0.5681,0.00495340680744071,0.0877521938048451,20000,10000,TRUE
200,"sine",0.8,4,4,"HHG_fast",0.9506,0.0021670173049609,0.11336620243656,20000,10000,TRUE
200,"sine",0.9,4,4,"B_n",0.3461,0.00475725540621901,26.4583645071358,20000,10000,TRUE
200,"sine",0.9,4,4,"P_n",0.3427,0.00474612167985609,26.3022954057449,20000,10000,TRUE
200,"sine",0.9,4,4,"Hoeffding",0.5975,0.00490401621122932,0.00473650872972991,20000,10000,TRUE
200,"sine",0.9,4,4,"dCov",0.6203,0.00485312177881413,0.165981739858253,5000,10000,FALSE
200,"sine",0.9,4,4,"HHG",0.6304,0.00482696426338543,56354.7624009613,5000,10000,FALSE
200,"sine",0.9,4,4,"Genest",0.5962,0.00490658292501003,0.0582888632014119,20000,10000,TRUE
200,"sine",0.9,4,4,"MIC",0.5478,0.00497709915513043,0.26088792058916,20000,10000,TRUE
200,"sine",0.9,4,4,"BET",0.0142,0.00118314665194134,44,20000,10000,TRUE
200,"sine",0.9,4,4,"BEAST",0.6681,0.00470895306835819,0.332601664907329,20000,10000,TRUE
200,"sine",0.9,4,4,"xi",0.434,0.00495624858133649,0.0877521938048451,20000,10000,TRUE
200,"sine",0.9,4,4,"HHG_fast",0.8694,0.00336962371786525,0.11336620243656,20000,10000,TRUE
200,"sine",1,4,4,"B_n",0.2813,0.00449633528554088,26.4583645071358,20000,10000,TRUE
200,"sine",1,4,4,"P_n",0.2784,0.00448211378704289,26.3022954057449,20000,10000,TRUE
200,"sine",1,4,4,"Hoeffding",0.5098,0.00499903950774546,0.00473650872972991,20000,10000,TRUE
200,"sine",1,4,4,"dCov",0.5441,0.00498051392930489,0.164320276802061,5000,10000,FALSE
200,"sine",1,4,4,"HHG",0.5088,0.00499922554002117,56713.4457297594,5000,10000,FALSE
200,"sine",1,4,4,"Genest",0.5095,0.00499909741853467,0.0582888632014119,20000,10000,TRUE
200,"sine",1,4,4,"MIC",0.4382,0.00496166060911062,0.26088792058916,20000,10000,TRUE
200,"sine",1,4,4,"BET",0.0168,0.00128521437900453,44,20000,10000,TRUE
200,"sine",1,4,4,"BEAST",0.5429,0.00498156190366034,0.332601664907329,20000,10000,TRUE
200,"sine",1,4,4,"xi",0.3392,0.00473437810065905,0.0877521938048451,20000,10000,TRUE
200,"sine",1,4,4,"HHG_fast",0.7729,0.00418957742499169,0.11336620243656,20000,10000,TRUE
200,"sine",1.1,4,4,"B_n",0.2324,0.0042236268774597,26.4583645071358,20000,10000,TRUE
200,"sine",1.1,4,4,"P_n",0.2301,0.00420896650022307,26.3022954057449,20000,10000,TRUE
200,"sine",1.1,4,4,"Hoeffding",0.4167,0.00493012281794277,0.00473650872972991,20000,10000,TRUE
200,"sine",1.1,4,4,"dCov",0.43,0.00495075751779463,0.166298139088181,5000,10000,FALSE
200,"sine",1.1,4,4,"HHG",0.3773,0.00484710955106237,57950.002548683,5000,10000,FALSE
200,"sine",1.1,4,4,"Genest",0.4151,0.00492739271826389,0.0582888632014119,20000,10000,TRUE
200,"sine",1.1,4,4,"MIC",0.3433,0.00474810604346617,0.26088792058916,20000,10000,TRUE
200,"sine",1.1,4,4,"BET",0.0175,0.00131124940419434,44,20000,10000,TRUE
200,"sine",1.1,4,4,"BEAST",0.4338,0.00495598184016043,0.332601664907329,20000,10000,TRUE
200,"sine",1.1,4,4,"xi",0.2596,0.00438415145723776,0.0877521938048451,20000,10000,TRUE
200,"sine",1.1,4,4,"HHG_fast",0.6603,0.00473607337358703,0.11336620243656,20000,10000,TRUE
200,"sine",1.2,4,4,"B_n",0.1931,0.00394730781672775,26.4583645071358,20000,10000,TRUE
200,"sine",1.2,4,4,"P_n",0.1907,0.00392853038679861,26.3022954057449,20000,10000,TRUE
200,"sine",1.2,4,4,"Hoeffding",0.3629,0.0048083634430022,0.00473650872972991,20000,10000,TRUE
200,"sine",1.2,4,4,"dCov",0.3855,0.00486713211244569,0.164667710630866,5000,10000,FALSE
200,"sine",1.2,4,4,"HHG",0.331,0.00470573054902212,57353.4816628573,5000,10000,FALSE
200,"sine",1.2,4,4,"Genest",0.3615,0.00480434959177619,0.0582888632014119,20000,10000,TRUE
200,"sine",1.2,4,4,"MIC",0.2795,0.0044875355151798,0.26088792058916,20000,10000,TRUE
200,"sine",1.2,4,4,"BET",0.02,0.0014,44,20000,10000,TRUE
200,"sine",1.2,4,4,"BEAST",0.363,0.00480864845876677,0.332601664907329,20000,10000,TRUE
200,"sine",1.2,4,4,"xi",0.2179,0.00412819076594094,0.0877521938048451,20000,10000,TRUE
200,"sine",1.2,4,4,"HHG_fast",0.575,0.0049434299833213,0.11336620243656,20000,10000,TRUE
200,"sine",1.3,4,4,"B_n",0.1678,0.00373688586927672,26.4583645071358,20000,10000,TRUE
200,"sine",1.3,4,4,"P_n",0.1668,0.00372797210289991,26.3022954057449,20000,10000,TRUE
200,"sine",1.3,4,4,"Hoeffding",0.3087,0.00461957043457506,0.00473650872972991,20000,10000,TRUE
200,"sine",1.3,4,4,"dCov",0.3005,0.00458475462811261,0.168187520106823,5000,10000,FALSE
200,"sine",1.3,4,4,"HHG",0.2544,0.00435523409244555,58126.4878193872,5000,10000,FALSE
200,"sine",1.3,4,4,"Genest",0.3055,0.00460618877164191,0.0582888632014119,20000,10000,TRUE
200,"sine",1.3,4,4,"MIC",0.239,0.00426472742388069,0.26088792058916,20000,10000,TRUE
200,"sine",1.3,4,4,"BET",0.0218,0.00146029996918441,44,20000,10000,TRUE
200,"sine",1.3,4,4,"BEAST",0.2959,0.0045644626189728,0.332601664907329,20000,10000,TRUE
200,"sine",1.3,4,4,"xi",0.1855,0.0038870264984947,0.0877521938048451,20000,10000,TRUE
200,"sine",1.3,4,4,"HHG_fast",0.4824,0.00499690143989253,0.11336620243656,20000,10000,TRUE
200,"sine",1.4,4,4,"B_n",0.1544,0.00361331758914159,26.4583645071358,20000,10000,TRUE
200,"sine",1.4,4,4,"P_n",0.1532,0.00360180177133612,26.3022954057449,20000,10000,TRUE
200,"sine",1.4,4,4,"Hoeffding",0.2631,0.00440316238628557,0.00473650872972991,20000,10000,TRUE
200,"sine",1.4,4,4,"dCov",0.2682,0.00443022301921698,0.16703445079653,5000,10000,FALSE
200,"sine",1.4,4,4,"HHG",0.2179,0.00412819076594094,58288.0335240505,5000,10000,FALSE
200,"sine",1.4,4,4,"Genest",0.2656,0.004416521708313,0.0582888632014119,20000,10000,TRUE
200,"sine",1.4,4,4,"MIC",0.2007,0.00400524044222067,0.26088792058916,20000,10000,TRUE
200,"sine",1.4,4,4,"BET",0.0215,0.00145043958853859,44,20000,10000,TRUE
200,"sine",1.4,4,4,"BEAST",0.2575,0.00437257075414452,0.332601664907329,20000,10000,TRUE
200,"sine",1.4,4,4,"xi",0.1595,0.00366141707539581,0.0877521938048451,20000,10000,TRUE
200,"sine",1.4,4,4,"HHG_fast",0.4219,0.00493862723841353,0.11336620243656,20000,10000,TRUE
200,"sine",1.5,4,4,"B_n",0.1385,0.00345424014799203,26.4583645071358,20000,10000,TRUE
200,"sine",1.5,4,4,"P_n",0.1377,0.00344584837159153,26.3022954057449,20000,10000,TRUE
200,"sine",1.5,4,4,"Hoeffding",0.2345,0.00423685909607577,0.00473650872972991,20000,10000,TRUE
200,"sine",1.5,4,4,"dCov",0.2361,0.00424684341599735,0.167103379561811,5000,10000,FALSE
200,"sine",1.5,4,4,"HHG",0.2033,0.00402453860709523,57486.8046721302,5000,10000,FALSE
200,"sine",1.5,4,4,"Genest",0.2364,0.0042487061559962,0.0582888632014119,20000,10000,TRUE
200,"sine",1.5,4,4,"MIC",0.1711,0.00376596322339983,0.26088792058916,20000,10000,TRUE
200,"sine",1.5,4,4,"BET",0.0223,0.00147657407535145,44,20000,10000,TRUE
200,"sine",1.5,4,4,"BEAST",0.2217,0.00415390310431045,0.332601664907329,20000,10000,TRUE
200,"sine",1.5,4,4,"xi",0.137,0.00343847349851646,0.0877521938048451,20000,10000,TRUE
200,"sine",1.5,4,4,"HHG_fast",0.3637,0.00481063727587105,0.11336620243656,20000,10000,TRUE
200,"sine",1.6,4,4,"B_n",0.1224,0.00327747219667841,26.4583645071358,20000,10000,TRUE
200,"sine",1.6,4,4,"P_n",0.123,0.00328437208610718,26.3022954057449,20000,10000,TRUE
200,"sine",1.6,4,4,"Hoeffding",0.2105,0.00407663770771944,0.00473650872972991,20000,10000,TRUE
200,"sine",1.6,4,4,"dCov",0.2186,0.0041329655212692,0.165450437232681,5000,10000,FALSE
200,"sine",1.6,4,4,"HHG",0.1845,0.00387891415218228,57036.7440638988,5000,10000,FALSE
200,"sine",1.6,4,4,"Genest",0.2105,0.00407663770771944,0.0582888632014119,20000,10000,TRUE
200,"sine",1.6,4,4,"MIC",0.1495,0.00356580636041836,0.26088792058916,20000,10000,TRUE
200,"sine",1.6,4,4,"BET",0.0228,0.00149265401215419,44,20000,10000,TRUE
200,"sine",1.6,4,4,"BEAST",0.192,0.00393873076002918,0.332601664907329,20000,10000,TRUE
200,"sine",1.6,4,4,"xi",0.1216,0.00326823254986545,0.0877521938048451,20000,10000,TRUE
200,"sine",1.6,4,4,"HHG_fast",0.3176,0.00465542951831515,0.11336620243656,20000,10000,TRUE
200,"sine",1.7,4,4,"B_n",0.1136,0.00317324817812915,26.4583645071358,20000,10000,TRUE
200,"sine",1.7,4,4,"P_n",0.1128,0.00316348162630985,26.3022954057449,20000,10000,TRUE
200,"sine",1.7,4,4,"Hoeffding",0.1813,0.00385266544096422,0.00473650872972991,20000,10000,TRUE
200,"sine",1.7,4,4,"dCov",0.1859,0.00389025950291237,0.166914984755192,5000,10000,FALSE
200,"sine",1.7,4,4,"HHG",0.1552,0.0036209523609128,57462.1107935883,5000,10000,FALSE
200,"sine",1.7,4,4,"Genest",0.1794,0.00383686903607616,0.0582888632014119,20000,10000,TRUE
200,"sine",1.7,4,4,"MIC",0.1302,0.00336523342429615,0.26088792058916,20000,10000,TRUE
200,"sine",1.7,4,4,"BET",0.0228,0.00149265401215419,44,20000,10000,TRUE
200,"sine",1.7,4,4,"BEAST",0.1655,0.00371631201596421,0.332601664907329,20000,10000,TRUE
200,"sine",1.7,4,4,"xi",0.1128,0.00316348162630985,0.0877521938048451,20000,10000,TRUE
200,"sine",1.7,4,4,"HHG_fast",0.2718,0.00444887356529718,0.11336620243656,20000,10000,TRUE
200,"sine",1.8,4,4,"B_n",0.1088,0.00311388117949288,26.4583645071358,20000,10000,TRUE
200,"sine",1.8,4,4,"P_n",0.1086,0.00311136690218303,26.3022954057449,20000,10000,TRUE
200,"sine",1.8,4,4,"Hoeffding",0.1699,0.00375544924077,0.00473650872972991,20000,10000,TRUE
200,"sine",1.8,4,4,"dCov",0.1757,0.00380564725112562,0.165756469738129,5000,10000,FALSE
200,"sine",1.8,4,4,"HHG",0.1595,0.00366141707539581,56435.3234012082,5000,10000,FALSE
200,"sine",1.8,4,4,"Genest",0.1679,0.00373777460529658,0.0582888632014119,20000,10000,TRUE
200,"sine",1.8,4,4,"MIC",0.1238,0.00329353245012099,0.26088792058916,20000,10000,TRUE
200,"sine",1.8,4,4,"BET",0.024,0.00153049011757672,44,20000,10000,TRUE
200,"sine",1.8,4,4,"BEAST",0.1525,0.00359504867839088,0.332601664907329,20000,10000,TRUE
200,"sine",1.8,4,4,"xi",0.1035,0.00304610817273451,0.0877521938048451,20000,10000,TRUE
200,"sine",1.8,4,4,"HHG_fast",0.2455,0.00430383259432799,0.11336620243656,20000,10000,TRUE
200,"sine",1.9,4,4,"B_n",0.0962,0.0029486532519101,26.4583645071358,20000,10000,TRUE
200,"sine",1.9,4,4,"P_n",0.0958,0.00294316768125773,26.3022954057449,20000,10000,TRUE
200,"sine",1.9,4,4,"Hoeffding",0.1645,0.00370728674369815,0.00473650872972991,20000,10000,TRUE
200,"sine",1.9,4,4,"dCov",0.1635,0.00369821240601456,0.167268011414783,5000,10000,FALSE
200,"sine",1.9,4,4,"HHG",0.1292,0.00335421168085737,57695.9073280688,5000,10000,FALSE
200,"sine",1.9,4,4,"Genest",0.1658,0.00371901008334207,0.0582888632014119,20000,10000,TRUE
200,"sine",1.9,4,4,"MIC",0.1129,0.00316470519954071,0.26088792058916,20000,10000,TRUE
200,"sine",1.9,4,4,"BET",0.0228,0.00149265401215419,44,20000,10000,TRUE
200,"sine",1.9,4,4,"BEAST",0.1388,0.00345737704047447,0.332601664907329,20000,10000,TRUE
200,"sine",1.9,4,4,"xi",0.0951,0.00293353012597451,0.0877521938048451,20000,10000,TRUE
200,"sine",1.9,4,4,"HHG_fast",0.224,0.00416922055065452,0.11336620243656,20000,10000,TRUE
200,"sine",2,4,4,"B_n",0.0891,0.00284888030636599,26.4583645071358,20000,10000,TRUE
200,"sine",2,4,4,"P_n",0.0887,0.00284310235482298,26.3022954057449,20000,10000,TRUE
200,"sine",2,4,4,"Hoeffding",0.1479,0.00355000830984943,0.00473650872972991,20000,10000,TRUE
200,"sine",2,4,4,"dCov",0.1482,0.00355298128337316,0.166873936535915,5000,10000,FALSE
200,"sine",2,4,4,"HHG",0.1174,0.00321896318711476,57618.8996215155,5000,10000,FALSE
200,"sine",2,4,4,"Genest",0.1484,0.00355496047798003,0.0582888632014119,20000,10000,TRUE
200,"sine",2,4,4,"MIC",0.102,0.00302648310750283,0.26088792058916,20000,10000,TRUE
200,"sine",2,4,4,"BET",0.0224,0.0014798053926108,44,20000,10000,TRUE
200,"sine",2,4,4,"BEAST",0.1289,0.00335089226923218,0.332601664907329,20000,10000,TRUE
200,"sine",2,4,4,"xi",0.0879,0.00283149412854768,0.0877521938048451,20000,10000,TRUE
200,"sine",2,4,4,"HHG_fast",0.2004,0.00400299687734078,0.11336620243656,20000,10000,TRUE
200,"fourth root",0.1,4,4,"B_n",1,0,26.4583645071358,20000,10000,TRUE
200,"fourth root",0.1,4,4,"P_n",1,0,26.3022954057449,20000,10000,TRUE
200,"fourth root",0.1,4,4,"Hoeffding",1,0,0.00473650872972991,20000,10000,TRUE
200,"fourth root",0.1,4,4,"dCov",1,0,0.164684844080999,5000,10000,FALSE
200,"fourth root",0.1,4,4,"HHG",1,0,58046.7386274319,5000,10000,FALSE
200,"fourth root",0.1,4,4,"Genest",1,0,0.0582888632014119,20000,10000,TRUE
200,"fourth root",0.1,4,4,"MIC",1,0,0.26088792058916,20000,10000,TRUE
200,"fourth root",0.1,4,4,"BET",1,0,44,20000,10000,TRUE
200,"fourth root",0.1,4,4,"BEAST",1,0,0.332601664907329,20000,10000,TRUE
200,"fourth root",0.1,4,4,"xi",1,0,0.0877521938048451,20000,10000,TRUE
200,"fourth root",0.1,4,4,"HHG_fast",1,0,0.11336620243656,20000,10000,TRUE
200,"fourth root",0.2,4,4,"B_n",1,0,26.4583645071358,20000,10000,TRUE
200,"fourth root",0.2,4,4,"P_n",1,0,26.3022954057449,20000,10000,TRUE
200,"fourth root",0.2,4,4,"Hoeffding",1,0,0.00473650872972991,20000,10000,TRUE
200,"fourth root",0.2,4,4,"dCov",1,0,0.166073545695853,5000,10000,FALSE
200,"fourth root",0.2,4,4,"HHG",1,0,57568.2431894822,5000,10000,FALSE
200,"fourth root",0.2,4,4,"Genest",1,0,0.0582888632014119,20000,10000,TRUE
200,"fourth root",0.2,4,4,"MIC",1,0,0.26088792058916,20000,10000,TRUE
200,"fourth root",0.2,4,4,"BET",1,0,44,20000,10000,TRUE
200,"fourth root",0.2,4,4,"BEAST",1,0,0.332601664907329,20000,10000,TRUE
200,"fourth root",0.2,4,4,"xi",1,0,0.0877521938048451,20000,10000,TRUE
200,"fourth root",0.2,4,4,"HHG_fast",1,0,0.11336620243656,20000,10000,TRUE
200,"fourth root",0.3,4,4,"B_n",1,0,26.4583645071358,20000,10000,TRUE
200,"fourth root",0.3,4,4,"P_n",1,0,26.3022954057449,20000,10000,TRUE
200,"fourth root",0.3,4,4,"Hoeffding",1,0,0.00473650872972991,20000,10000,TRUE
200,"fourth root",0.3,4,4,"dCov",1,0,0.165051960745726,5000,10000,FALSE
200,"fourth root",0.3,4,4,"HHG",1,0,56927.8655564302,5000,10000,FALSE
200,"fourth root",0.3,4,4,"Genest",1,0,0.0582888632014119,20000,10000,TRUE
200,"fourth root",0.3,4,4,"MIC",1,0,0.26088792058916,20000,10000,TRUE
200,"fourth root",0.3,4,4,"BET",1,0,44,20000,10000,TRUE
200,"fourth root",0.3,4,4,"BEAST",1,0,0.332601664907329,20000,10000,TRUE
200,"fourth root",0.3,4,4,"xi",1,0,0.0877521938048451,20000,10000,TRUE
200,"fourth root",0.3,4,4,"HHG_fast",1,0,0.11336620243656,20000,10000,TRUE
200,"fourth root",0.4,4,4,"B_n",1,0,26.4583645071358,20000,10000,TRUE
200,"fourth root",0.4,4,4,"P_n",1,0,26.3022954057449,20000,10000,TRUE
200,"fourth root",0.4,4,4,"Hoeffding",1,0,0.00473650872972991,20000,10000,TRUE
200,"fourth root",0.4,4,4,"dCov",1,0,0.167565919128137,5000,10000,FALSE
200,"fourth root",0.4,4,4,"HHG",1,0,57881.7430423671,5000,10000,FALSE
200,"fourth root",0.4,4,4,"Genest",1,0,0.0582888632014119,20000,10000,TRUE
200,"fourth root",0.4,4,4,"MIC",1,0,0.26088792058916,20000,10000,TRUE
200,"fourth root",0.4,4,4,"BET",0.9995,0.000223550889061069,44,20000,10000,TRUE
200,"fourth root",0.4,4,4,"BEAST",1,0,0.332601664907329,20000,10000,TRUE
200,"fourth root",0.4,4,4,"xi",0.9999,9.99949998749882e-05,0.0877521938048451,20000,10000,TRUE
200,"fourth root",0.4,4,4,"HHG_fast",1,0,0.11336620243656,20000,10000,TRUE
200,"fourth root",0.5,4,4,"B_n",1,0,26.4583645071358,20000,10000,TRUE
200,"fourth root",0.5,4,4,"P_n",1,0,26.3022954057449,20000,10000,TRUE
200,"fourth root",0.5,4,4,"Hoeffding",1,0,0.00473650872972991,20000,10000,TRUE
200,"fourth root",0.5,4,4,"dCov",1,0,0.166316938724112,5000,10000,FALSE
200,"fourth root",0.5,4,4,"HHG",1,0,57125.3392578256,5000,10000,FALSE
200,"fourth root",0.5,4,4,"Genest",1,0,0.0582888632014119,20000,10000,TRUE
200,"fourth root",0.5,4,4,"MIC",0.9957,0.000654332484292196,0.26088792058916,20000,10000,TRUE
200,"fourth root",0.5,4,4,"BET",0.9909,0.000949588858401361,44,20000,10000,TRUE
200,"fourth root",0.5,4,4,"BEAST",0.9984,0.000399679871897503,0.332601664907329,20000,10000,TRUE
200,"fourth root",0.5,4,4,"xi",0.9865,0.0011540255629751,0.0877521938048451,20000,10000,TRUE
200,"fourth root",0.5,4,4,"HHG_fast",1,0,0.11336620243656,20000,10000,TRUE
200,"fourth root",0.6,4,4,"B_n",0.9999,9.99949998749882e-05,26.4583645071358,20000,10000,TRUE
200,"fourth root",0.6,4,4,"P_n",0.9999,9.99949998749882e-05,26.3022954057449,20000,10000,TRUE
200,"fourth root",0.6,4,4,"Hoeffding",1,0,0.00473650872972991,20000,10000,TRUE
200,"fourth root",0.6,4,4,"dCov",1,0,0.166878121516171,5000,10000,FALSE
200,"fourth root",0.6,4,4,"HHG",1,0,57696.7590731501,5000,10000,FALSE
200,"fourth root",0.6,4,4,"Genest",1,0,0.0582888632014119,20000,10000,TRUE
200,"fourth root",0.6,4,4,"MIC",0.9626,0.0018973992726888,0.26088792058916,20000,10000,TRUE
200,"fourth root",0.6,4,4,"BET",0.931,0.00253454137863243,44,20000,10000,TRUE
200,"fourth root",0.6,4,4,"BEAST",0.9777,0.00147657407535145,0.332601664907329,20000,10000,TRUE
200,"fourth root",0.6,4,4,"xi",0.9045,0.0029390432116592,0.0877521938048451,20000,10000,TRUE
200,"fourth root",0.6,4,4,"HHG_fast",0.9999,9.99949998749882e-05,0.11336620243656,20000,10000,TRUE
200,"fourth root",0.7,4,4,"B_n",0.9916,0.000912657657613191,26.4583645071358,20000,10000,TRUE
200,"fourth root",0.7,4,4,"P_n",0.9907,0.000959870303738999,26.3022954057449,20000,10000,TRUE
200,"fourth root",0.7,4,4,"Hoeffding",1,0,0.00473650872972991,20000,10000,TRUE
200,"fourth root",0.7,4,4,"dCov",0.9999,9.99949998749882e-05,0.165294261444944,5000,10000,FALSE
200,"fourth root",0.7,4,4,"HHG",0.9978,0.00046852534616603,56894.7880195344,5000,10000,FALSE
200,"fourth root",0.7,4,4,"Genest",1,0,0.0582888632014119,20000,10000,TRUE
200,"fourth root",0.7,4,4,"MIC",0.8754,0.00330264802847654,0.26088792058916,20000,10000,TRUE
200,"fourth root",0.7,4,4,"BET",0.8095,0.00392695492716685,44,20000,10000,TRUE
200,"fourth root",0.7,4,4,"BEAST",0.9015,0.00297989513238302,0.332601664907329,20000,10000,TRUE
200,"fourth root",0.7,4,4,"xi",0.7667,0.00422931566568399,0.0877521938048451,20000,10000,TRUE
200,"fourth root",0.7,4,4,"HHG_fast",0.9971,0.000537735064878609,0.11336620243656,20000,10000,TRUE
200,"fourth root",0.8,4,4,"B_n",0.9638,0.00186787472813355,26.4583645071358,20000,10000,TRUE
200,"fourth root",0.8,4,4,"P_n",0.9619,0.0019143769221342,26.3022954057449,20000,10000,TRUE
200,"fourth root",0.8,4,4,"Hoeffding",0.9985,0.00038700775186034,0.00473650872972991,20000,10000,TRUE
200,"fourth root",0.8,4,4,"dCov",0.9989,0.00033148001448051,0.167676100254787,5000,10000,FALSE
200,"fourth root",0.8,4,4,"HHG",0.9894,0.00102409179276079,57225.8604911292,5000,10000,FALSE
200,"fourth root",0.8,4,4,"Genest",0.9988,0.000346202253025595,0.0582888632014119,20000,10000,TRUE
200,"fourth root",0.8,4,4,"MIC",0.7379,0.00439776750181271,0.26088792058916,20000,10000,TRUE
200,"fourth root",0.8,4,4,"BET",0.6559,0.00475073878465234,44,20000,10000,TRUE
200,"fourth root",0.8,4,4,"BEAST",0.7736,0.00418500943846009,0.332601664907329,20000,10000,TRUE
200,"fourth root",0.8,4,4,"xi",0.6038,0.00489106900380684,0.0877521938048451,20000,10000,TRUE
200,"fourth root",0.8,4,4,"HHG_fast",0.9828,0.00130015999015506,0.11336620243656,20000,10000,TRUE
200,"fourth root",0.9,4,4,"B_n",0.8994,0.00300798337761365,26.4583645071358,20000,10000,TRUE
200,"fourth root",0.9,4,4,"P_n",0.8952,0.00306295543552302,26.3022954057449,20000,10000,TRUE
200,"fourth root",0.9,4,4,"Hoeffding",0.9919,0.000896347588829244,0.00473650872972991,20000,10000,TRUE
200,"fourth root",0.9,4,4,"dCov",0.9951,0.00069828289396204,0.166719084641806,5000,10000,FALSE
200,"fourth root",0.9,4,4,"HHG",0.9627,0.00189495936631897,57600.5485042972,5000,10000,FALSE
200,"fourth root",0.9,4,4,"Genest",0.993,0.000833726573883789,0.0582888632014119,20000,10000,TRUE
200,"fourth root",0.9,4,4,"MIC",0.622,0.00484887615845156,0.26088792058916,20000,10000,TRUE
200,"fourth root",0.9,4,4,"BET",0.5224,0.00499497987983936,44,20000,10000,TRUE
200,"fourth root",0.9,4,4,"BEAST",0.638,0.00480578817677184,0.332601664907329,20000,10000,TRUE
200,"fourth root",0.9,4,4,"xi",0.4766,0.00499452139849255,0.0877521938048451,20000,10000,TRUE
200,"fourth root",0.9,4,4,"HHG_fast",0.9457,0.00226608715631151,0.11336620243656,20000,10000,TRUE
200,"fourth root",1,4,4,"B_n",0.8139,0.00389187345631895,26.4583645071358,20000,10000,TRUE
200,"fourth root",1,4,4,"P_n",0.8104,0.00391984489489061,26.3022954057449,20000,10000,TRUE
200,"fourth root",1,4,4,"Hoeffding",0.9748,0.00156732128167775,0.00473650872972991,20000,10000,TRUE
200,"fourth root",1,4,4,"dCov",0.9832,0.00128521437900453,0.165233507625388,5000,10000,FALSE
200,"fourth root",1,4,4,"HHG",0.9231,0.0026643271195557,57129.219607414,5000,10000,FALSE
200,"fourth root",1,4,4,"Genest",0.9767,0.00150854598869242,0.0582888632014119,20000,10000,TRUE
200,"fourth root",1,4,4,"MIC",0.5146,0.00499786794543433,0.26088792058916,20000,10000,TRUE
200,"fourth root",1,4,4,"BET",0.4047,0.004908338924728,44,20000,10000,TRUE
200,"fourth root",1,4,4,"BEAST",0.5206,0.00499575459765589,0.332601664907329,20000,10000,TRUE
200,"fourth root",1,4,4,"xi",0.3731,0.00483628359383525,0.0877521938048451,20000,10000,TRUE
200,"fourth root",1,4,4,"HHG_fast",0.8832,0.0032118181766719,0.11336620243656,20000,10000,TRUE
200,"fourth root",1.1,4,4,"B_n",0.7161,0.00450888888751985,26.4583645071358,20000,10000,TRUE
200,"fourth root",1.1,4,4,"P_n",0.7096,0.00453946957253818,26.3022954057449,20000,10000,TRUE
200,"fourth root",1.1,4,4,"Hoeffding",0.9449,0.00228175349238256,0.00473650872972991,20000,10000,TRUE
200,"fourth root",1.1,4,4,"dCov",0.9597,0.00196661918021766,0.163396983705364,5000,10000,FALSE
200,"fourth root",1.1,4,4,"HHG",0.8615,0.00345424014799203,56906.0796512257,5000,10000,FALSE
200,"fourth root",1.1,4,4,"Genest",0.9463,0.00225424732449658,0.0582888632014119,20000,10000,TRUE
200,"fourth root",1.1,4,4,"MIC",0.416,0.0049289349762398,0.26088792058916,20000,10000,TRUE
200,"fourth root",1.1,4,4,"BET",0.3112,0.00462984405784903,44,20000,10000,TRUE
200,"fourth root",1.1,4,4,"BEAST",0.4224,0.00493941535001866,0.332601664907329,20000,10000,TRUE
200,"fourth root",1.1,4,4,"xi",0.2931,0.0045518390788779,0.0877521938048451,20000,10000,TRUE
200,"fourth root",1.1,4,4,"HHG_fast",0.8091,0.00393010419709198,0.11336620243656,20000,10000,TRUE
200,"fourth root",1.2,4,4,"B_n",0.621,0.00485138124661421,26.4583645071358,20000,10000,TRUE
200,"fourth root",1.2,4,4,"P_n",0.6136,0.00486924059787561,26.3022954057449,20000,10000,TRUE
200,"fourth root",1.2,4,4,"Hoeffding",0.9069,0.00290572521068321,0.00473650872972991,20000,10000,TRUE
200,"fourth root",1.2,4,4,"dCov",0.9167,0.00276335140725895,0.168045956911678,5000,10000,FALSE
200,"fourth root",1.2,4,4,"HHG",0.7816,0.00413160307870928,57494.3879696006,5000,10000,FALSE
200,"fourth root",1.2,4,4,"Genest",0.9091,0.00287466850262774,0.0582888632014119,20000,10000,TRUE
200,"fourth root",1.2,4,4,"MIC",0.3448,0.00475303019136214,0.26088792058916,20000,10000,TRUE
200,"fourth root",1.2,4,4,"BET",0.2547,0.00435692448867317,44,20000,10000,TRUE
200,"fourth root",1.2,4,4,"BEAST",0.3471,0.00476047886246751,0.332601664907329,20000,10000,TRUE
200,"fourth root",1.2,4,4,"xi",0.2511,0.00433645926995746,0.0877521938048451,20000,10000,TRUE
200,"fourth root",1.2,4,4,"HHG_fast",0.728,0.00444989887525548,0.11336620243656,20000,10000,TRUE
200,"fourth root",1.3,4,4,"B_n",0.5349,0.00498780502826644,26.4583645071358,20000,10000,TRUE
200,"fourth root",1.3,4,4,"P_n",0.5312,0.00499025610565229,26.3022954057449,20000,10000,TRUE
200,"fourth root",1.3,4,4,"Hoeffding",0.8592,0.00347815123305471,0.00473650872972991,20000,10000,TRUE
200,"fourth root",1.3,4,4,"dCov",0.8819,0.00322726494109176,0.164487618649938,5000,10000,FALSE
200,"fourth root",1.3,4,4,"HHG",0.723,0.00447516480143469,56629.374576533,5000,10000,FALSE
200,"fourth root",1.3,4,4,"Genest",0.8623,0.00344584837159153,0.0582888632014119,20000,10000,TRUE
200,"fourth root",1.3,4,4,"MIC",0.2997,0.00458126521825576,0.26088792058916,20000,10000,TRUE
200,"fourth root",1.3,4,4,"BET",0.1977,0.00398264623083698,44,20000,10000,TRUE
200,"fourth root",1.3,4,4,"BEAST",0.2869,0.00452314481306977,0.332601664907329,20000,10000,TRUE
200,"fourth root",1.3,4,4,"xi",0.2032,0.00402380118793163,0.0877521938048451,20000,10000,TRUE
200,"fourth root",1.3,4,4,"HHG_fast",0.65,0.00476969600708473,0.11336620243656,20000,10000,TRUE
200,"fourth root",1.4,4,4,"B_n",0.4558,0.00498042528304562,26.4583645071358,20000,10000,TRUE
200,"fourth root",1.4,4,4,"P_n",0.4517,0.00497661642082249,26.3022954057449,20000,10000,TRUE
200,"fourth root",1.4,4,4,"Hoeffding",0.8074,0.0039434152710563,0.00473650872972991,20000,10000,TRUE
200,"fourth root",1.4,4,4,"dCov",0.8235,0.00381244999967213,0.166981287760703,5000,10000,FALSE
200,"fourth root",1.4,4,4,"HHG",0.6475,0.00477748626371652,56942.3863298233,5000,10000,FALSE
200,"fourth root",1.4,4,4,"Genest",0.8101,0.00392221863235593,0.0582888632014119,20000,10000,TRUE
200,"fourth root",1.4,4,4,"MIC",0.2471,0.00431325387613574,0.26088792058916,20000,10000,TRUE
200,"fourth root",1.4,4,4,"BET",0.1648,0.0037099994609164,44,20000,10000,TRUE
200,"fourth root",1.4,4,4,"BEAST",0.2354,0.0042424855921971,0.332601664907329,20000,10000,TRUE
200,"fourth root",1.4,4,4,"xi",0.1721,0.00377467336335212,0.0877521938048451,20000,10000,TRUE
200,"fourth root",1.4,4,4,"HHG_fast",0.5712,0.00494904596866911,0.11336620243656,20000,10000,TRUE
200,"fourth root",1.5,4,4,"B_n",0.4058,0.00491046189273474,26.4583645071358,20000,10000,TRUE
200,"fourth root",1.5,4,4,"P_n",0.401,0.00490101009996919,26.3022954057449,20000,10000,TRUE
200,"fourth root",1.5,4,4,"Hoeffding",0.7538,0.00430796425240507,0.00473650872972991,20000,10000,TRUE
200,"fourth root",1.5,4,4,"dCov",0.7707,0.00420382575756893,0.167221054532874,5000,10000,FALSE
200,"fourth root",1.5,4,4,"HHG",0.5921,0.00491444391564295,56444.0541896705,5000,10000,FALSE
200,"fourth root",1.5,4,4,"Genest",0.7578,0.00428414705629954,0.0582888632014119,20000,10000,TRUE
200,"fourth root",1.5,4,4,"MIC",0.2248,0.00417450547969457,0.26088792058916,20000,10000,TRUE
200,"fourth root",1.5,4,4,"BET",0.1435,0.00350582016081829,44,20000,10000,TRUE
200,"fourth root",1.5,4,4,"BEAST",0.2079,0.00405804866900337,0.332601664907329,20000,10000,TRUE
200,"fourth root",1.5,4,4,"xi",0.1621,0.00368542521291641,0.0877521938048451,20000,10000,TRUE
200,"fourth root",1.5,4,4,"HHG_fast",0.5089,0.00499920783724782,0.11336620243656,20000,10000,TRUE
200,"fourth root",1.6,4,4,"B_n",0.3402,0.00473776276316153,26.4583645071358,20000,10000,TRUE
200,"fourth root",1.6,4,4,"P_n",0.3358,0.00472269372286622,26.3022954057449,20000,10000,TRUE
200,"fourth root",1.6,4,4,"Hoeffding",0.6965,0.00459769235595423,0.00473650872972991,20000,10000,TRUE
200,"fourth root",1.6,4,4,"dCov",0.6966,0.00459726483901026,0.169878172202716,5000,10000,FALSE
200,"fourth root",1.6,4,4,"HHG",0.4925,0.00499943746835581,58157.3503211258,5000,10000,FALSE
200,"fourth root",1.6,4,4,"Genest",0.703,0.00456936538263247,0.0582888632014119,20000,10000,TRUE
200,"fourth root",1.6,4,4,"MIC",0.1955,0.00396585110663525,0.26088792058916,20000,10000,TRUE
200,"fourth root",1.6,4,4,"BET",0.1203,0.00325312019452095,44,20000,10000,TRUE
200,"fourth root",1.6,4,4,"BEAST",0.1823,0.00386091582399824,0.332601664907329,20000,10000,TRUE
200,"fourth root",1.6,4,4,"xi",0.1413,0.00348330747996785,0.0877521938048451,20000,10000,TRUE
200,"fourth root",1.6,4,4,"HHG_fast",0.4503,0.00497523778326222,0.11336620243656,20000,10000,TRUE
200,"fourth root",1.7,4,4,"B_n",0.3053,0.00460534374395658,26.4583645071358,20000,10000,TRUE
200,"fourth root",1.7,4,4,"P_n",0.301,0.00458692707594093,26.3022954057449,20000,10000,TRUE
200,"fourth root",1.7,4,4,"Hoeffding",0.6448,0.00478573881443607,0.00473650872972991,20000,10000,TRUE
200,"fourth root",1.7,4,4,"dCov",0.6706,0.0046999536167924,0.165738150421813,5000,10000,FALSE
200,"fourth root",1.7,4,4,"HHG",0.4634,0.00498658640755377,57391.7412388442,5000,10000,FALSE
200,"fourth root",1.7,4,4,"Genest",0.6492,0.00477220452202124,0.0582888632014119,20000,10000,TRUE
200,"fourth root",1.7,4,4,"MIC",0.1778,0.00382344295105864,0.26088792058916,20000,10000,TRUE
200,"fourth root",1.7,4,4,"BET",0.1099,0.00312765071579293,44,20000,10000,TRUE
200,"fourth root",1.7,4,4,"BEAST",0.1696,0.00375281014707645,0.332601664907329,20000,10000,TRUE
200,"fourth root",1.7,4,4,"xi",0.1281,0.00334201122080702,0.0877521938048451,20000,10000,TRUE
200,"fourth root",1.7,4,4,"HHG_fast",0.4006,0.00490020040406512,0.11336620243656,20000,10000,TRUE
200,"fourth root",1.8,4,4,"B_n",0.269,0.00443439962114377,26.4583645071358,20000,10000,TRUE
200,"fourth root",1.8,4,4,"P_n",0.2665,0.00442128657745684,26.3022954057449,20000,10000,TRUE
200,"fourth root",1.8,4,4,"Hoeffding",0.5987,0.00490161514197106,0.00473650872972991,20000,10000,TRUE
200,"fourth root",1.8,4,4,"dCov",0.6022,0.00489443725059378,0.168554484536522,5000,10000,FALSE
200,"fourth root",1.8,4,4,"HHG",0.4153,0.00492773690450292,57443.8486863384,5000,10000,FALSE
200,"fourth root",1.8,4,4,"Genest",0.5986,0.00490181639803043,0.0582888632014119,20000,10000,TRUE
200,"fourth root",1.8,4,4,"MIC",0.1628,0.00369183098204671,0.26088792058916,20000,10000,TRUE
200,"fourth root",1.8,4,4,"BET",0.0951,0.00293353012597451,44,20000,10000,TRUE
200,"fourth root",1.8,4,4,"BEAST",0.1478,0.00354901620170999,0.332601664907329,20000,10000,TRUE
200,"fourth root",1.8,4,4,"xi",0.1193,0.00324141188373215,0.0877521938048451,20000,10000,TRUE
200,"fourth root",1.8,4,4,"HHG_fast",0.3533,0.0047799488490987,0.11336620243656,20000,10000,TRUE
200,"fourth root",1.9,4,4,"B_n",0.2474,0.00431501147159541,26.4583645071358,20000,10000,TRUE
200,"fourth root",1.9,4,4,"P_n",0.2449,0.0043002789444407,26.3022954057449,20000,10000,TRUE
200,"fourth root",1.9,4,4,"Hoeffding",0.5527,0.00497214953516082,0.00473650872972991,20000,10000,TRUE
200,"fourth root",1.9,4,4,"dCov",0.5773,0.00493988572742326,0.166056411223066,5000,10000,FALSE
200,"fourth root",1.9,4,4,"HHG",0.3807,0.00485558966552982,57533.5568105983,5000,10000,FALSE
200,"fourth root",1.9,4,4,"Genest",0.5563,0.0049682019886474,0.0582888632014119,20000,10000,TRUE
200,"fourth root",1.9,4,4,"MIC",0.1423,0.00349357567543627,0.26088792058916,20000,10000,TRUE
200,"fourth root",1.9,4,4,"BET",0.0859,0.00280216327147438,44,20000,10000,TRUE
200,"fourth root",1.9,4,4,"BEAST",0.1322,0.00338708074896363,0.332601664907329,20000,10000,TRUE
200,"fourth root",1.9,4,4,"xi",0.1164,0.00320703975653561,0.0877521938048451,20000,10000,TRUE
200,"fourth root",1.9,4,4,"HHG_fast",0.3331,0.00471321960023082,0.11336620243656,20000,10000,TRUE
200,"fourth root",2,4,4,"B_n",0.2202,0.00414381418502326,26.4583645071358,20000,10000,TRUE
200,"fourth root",2,4,4,"P_n",0.2192,0.00413704435557561,26.3022954057449,20000,10000,TRUE
200,"fourth root",2,4,4,"Hoeffding",0.5052,0.00499972959268799,0.00473650872972991,20000,10000,TRUE
200,"fourth root",2,4,4,"dCov",0.525,0.00499374608885955,0.166491595995488,5000,10000,FALSE
200,"fourth root",2,4,4,"HHG",0.3494,0.00476780494567469,57211.25826069,5000,10000,FALSE
200,"fourth root",2,4,4,"Genest",0.5096,0.00499907831504969,0.0582888632014119,20000,10000,TRUE
200,"fourth root",2,4,4,"MIC",0.1361,0.00342894721452518,0.26088792058916,20000,10000,TRUE
200,"fourth root",2,4,4,"BET",0.075,0.00263391343821318,44,20000,10000,TRUE
200,"fourth root",2,4,4,"BEAST",0.1212,0.00326359556317875,0.332601664907329,20000,10000,TRUE
200,"fourth root",2,4,4,"xi",0.106,0.00307837619533416,0.0877521938048451,20000,10000,TRUE
200,"fourth root",2,4,4,"HHG_fast",0.2995,0.00458039026721523,0.11336620243656,20000,10000,TRUE
200,"circle",0.1,4,4,"B_n",1,0,26.4583645071358,20000,10000,TRUE
200,"circle",0.1,4,4,"P_n",1,0,26.3022954057449,20000,10000,TRUE
200,"circle",0.1,4,4,"Hoeffding",1,0,0.00473650872972991,20000,10000,TRUE
200,"circle",0.1,4,4,"dCov",0.929,0.00256824843035093,0.156380423958249,5000,10000,FALSE
200,"circle",0.1,4,4,"HHG",1,0,61205.3880760275,5000,10000,FALSE
200,"circle",0.1,4,4,"Genest",1,0,0.0582888632014119,20000,10000,TRUE
200,"circle",0.1,4,4,"MIC",1,0,0.26088792058916,20000,10000,TRUE
200,"circle",0.1,4,4,"BET",4e-04,0.0001999599959992,44,20000,10000,TRUE
200,"circle",0.1,4,4,"BEAST",1,0,0.332601664907329,20000,10000,TRUE
200,"circle",0.1,4,4,"xi",0.9942,0.000759365524632244,0.0877521938048451,20000,10000,TRUE
200,"circle",0.1,4,4,"HHG_fast",1,0,0.11336620243656,20000,10000,TRUE
200,"circle",0.2,4,4,"B_n",1,0,26.4583645071358,20000,10000,TRUE
200,"circle",0.2,4,4,"P_n",1,0,26.3022954057449,20000,10000,TRUE
200,"circle",0.2,4,4,"Hoeffding",1,0,0.00473650872972991,20000,10000,TRUE
200,"circle",0.2,4,4,"dCov",0.8033,0.00397503597467998,0.156210058010841,5000,10000,FALSE
200,"circle",0.2,4,4,"HHG",1,0,60151.3706421084,5000,10000,FALSE
200,"circle",0.2,4,4,"Genest",1,0,0.0582888632014119,20000,10000,TRUE
200,"circle",0.2,4,4,"MIC",1,0,0.26088792058916,20000,10000,TRUE
200,"circle",0.2,4,4,"BET",2e-04,0.000141407213394508,44,20000,10000,TRUE
200,"circle",0.2,4,4,"BEAST",1,0,0.332601664907329,20000,10000,TRUE
200,"circle",0.2,4,4,"xi",0.9468,0.00224432083267968,0.0877521938048451,20000,10000,TRUE
200,"circle",0.2,4,4,"HHG_fast",1,0,0.11336620243656,20000,10000,TRUE
200,"circle",0.3,4,4,"B_n",1,0,26.4583645071358,20000,10000,TRUE
200,"circle",0.3,4,4,"P_n",1,0,26.3022954057449,20000,10000,TRUE
200,"circle",0.3,4,4,"Hoeffding",1,0,0.00473650872972991,20000,10000,TRUE
200,"circle",0.3,4,4,"dCov",0.6433,0.00479025166353502,0.155899553255477,5000,10000,FALSE
200,"circle",0.3,4,4,"HHG",1,0,59551.6054246461,5000,10000,FALSE
200,"circle",0.3,4,4,"Genest",1,0,0.0582888632014119,20000,10000,TRUE
200,"circle",0.3,4,4,"MIC",0.9998,0.0001414072133945,0.26088792058916,20000,10000,TRUE
200,"circle",0.3,4,4,"BET",2e-04,0.000141407213394508,44,20000,10000,TRUE
200,"circle",0.3,4,4,"BEAST",1,0,0.332601664907329,20000,10000,TRUE
200,"circle",0.3,4,4,"xi",0.8289,0.00376596322339983,0.0877521938048451,20000,10000,TRUE
200,"circle",0.3,4,4,"HHG_fast",1,0,0.11336620243656,20000,10000,TRUE
200,"circle",0.4,4,4,"B_n",1,0,26.4583645071358,20000,10000,TRUE
200,"circle",0.4,4,4,"P_n",1,0,26.3022954057449,20000,10000,TRUE
200,"circle",0.4,4,4,"Hoeffding",0.9994,0.000244875478560032,0.00473650872972991,20000,10000,TRUE
200,"circle",0.4,4,4,"dCov",0.4078,0.00491425640356708,0.15947473992853,5000,10000,FALSE
200,"circle",0.4,4,4,"HHG",1,0,59356.3450661124,5000,10000,FALSE
200,"circle",0.4,4,4,"Genest",0.9835,0.00127388186265446,0.0582888632014119,20000,10000,TRUE
200,"circle",0.4,4,4,"MIC",0.9349,0.00246702229418382,0.26088792058916,20000,10000,TRUE
200,"circle",0.4,4,4,"BET",4e-04,0.0001999599959992,44,20000,10000,TRUE
200,"circle",0.4,4,4,"BEAST",1,0,0.332601664907329,20000,10000,TRUE
200,"circle",0.4,4,4,"xi",0.6482,0.00477531946575305,0.0877521938048451,20000,10000,TRUE
200,"circle",0.4,4,4,"HHG_fast",1,0,0.11336620243656,20000,10000,TRUE
200,"circle",0.5,4,4,"B_n",1,0,26.4583645071358,20000,10000,TRUE
200,"circle",0.5,4,4,"P_n",1,0,26.3022954057449,20000,10000,TRUE
200,"circle",0.5,4,4,"Hoeffding",0.962,0.0019119623427254,0.00473650872972991,20000,10000,TRUE
200,"circle",0.5,4,4,"dCov",0.3302,0.00470284977433896,0.159255673117912,5000,10000,FALSE
200,"circle",0.5,4,4,"HHG",1,0,59512.5627154594,5000,10000,FALSE
200,"circle",0.5,4,4,"Genest",0.8077,0.00394107485338708,0.0582888632014119,20000,10000,TRUE
200,"circle",0.5,4,4,"MIC",0.5706,0.00494990545364252,0.26088792058916,20000,10000,TRUE
200,"circle",0.5,4,4,"BET",6e-04,0.000244875478560022,44,20000,10000,TRUE
200,"circle",0.5,4,4,"BEAST",1,0,0.332601664907329,20000,10000,TRUE
200,"circle",0.5,4,4,"xi",0.4825,0.00499693656153448,0.0877521938048451,20000,10000,TRUE
200,"circle",0.5,4,4,"HHG_fast",1,0,0.11336620243656,20000,10000,TRUE
200,"circle",0.6,4,4,"B_n",1,0,26.4583645071358,20000,10000,TRUE
200,"circle",0.6,4,4,"P_n",1,0,26.3022954057449,20000,10000,TRUE
200,"circle",0.6,4,4,"Hoeffding",0.7617,0.00426043554111548,0.00473650872972991,20000,10000,TRUE
200,"circle",0.6,4,4,"dCov",0.2407,0.00427508491143743,0.160142805898904,5000,10000,FALSE
200,"circle",0.6,4,4,"HHG",0.9989,0.00033148001448051,59855.9488727399,5000,10000,FALSE
200,"circle",0.6,4,4,"Genest",0.5099,0.00499901980392157,0.0582888632014119,20000,10000,TRUE
200,"circle",0.6,4,4,"MIC",0.2353,0.00424186173749216,0.26088792058916,20000,10000,TRUE
200,"circle",0.6,4,4,"BET",0.0022,0.000468525346166032,44,20000,10000,TRUE
200,"circle",0.6,4,4,"BEAST",0.9982,0.000423882059068324,0.332601664907329,20000,10000,TRUE
200,"circle",0.6,4,4,"xi",0.3524,0.00477717740930772,0.0877521938048451,20000,10000,TRUE
200,"circle",0.6,4,4,"HHG_fast",1,0,0.11336620243656,20000,10000,TRUE
200,"circle",0.7,4,4,"B_n",0.9998,0.0001414072133945,26.4583645071358,20000,10000,TRUE
200,"circle",0.7,4,4,"P_n",0.9998,0.0001414072133945,26.3022954057449,20000,10000,TRUE
200,"circle",0.7,4,4,"Hoeffding",0.4855,0.0049978970577634,0.00473650872972991,20000,10000,TRUE
200,"circle",0.7,4,4,"dCov",0.1824,0.00386173846861747,0.161234758763352,5000,10000,FALSE
200,"circle",0.7,4,4,"HHG",0.9948,0.000719232924719105,59003.155446082,5000,10000,FALSE
200,"circle",0.7,4,4,"Genest",0.312,0.00463309831538248,0.0582888632014119,20000,10000,TRUE
200,"circle",0.7,4,4,"MIC",0.1117,0.00314996999985714,0.26088792058916,20000,10000,TRUE
200,"circle",0.7,4,4,"BET",0.0046,0.000676671264352196,44,20000,10000,TRUE
200,"circle",0.7,4,4,"BEAST",0.987,0.00113274004078606,0.332601664907329,20000,10000,TRUE
200,"circle",0.7,4,4,"xi",0.2588,0.00437975524430304,0.0877521938048451,20000,10000,TRUE
200,"circle",0.7,4,4,"HHG_fast",0.9996,0.000199959995999189,0.11336620243656,20000,10000,TRUE
200,"circle",0.8,4,4,"B_n",0.9959,0.000638998435052856,26.4583645071358,20000,10000,TRUE
200,"circle",0.8,4,4,"P_n",0.9952,0.000691155554126568,26.3022954057449,20000,10000,TRUE
200,"circle",0.8,4,4,"Hoeffding",0.268,0.00442917599560008,0.00473650872972991,20000,10000,TRUE
200,"circle",0.8,4,4,"dCov",0.14,0.00346987031457949,0.162349560753387,5000,10000,FALSE
200,"circle",0.8,4,4,"HHG",0.9701,0.00170311449996763,58971.7837016958,5000,10000,FALSE
200,"circle",0.8,4,4,"Genest",0.1901,0.00392379905193933,0.0582888632014119,20000,10000,TRUE
200,"circle",0.8,4,4,"MIC",0.071,0.00256824843035093,0.26088792058916,20000,10000,TRUE
200,"circle",0.8,4,4,"BET",0.0093,0.000959870303739,44,20000,10000,TRUE
200,"circle",0.8,4,4,"BEAST",0.9395,0.00238410884818626,0.332601664907329,20000,10000,TRUE
200,"circle",0.8,4,4,"xi",0.1999,0.00399924980465087,0.0877521938048451,20000,10000,TRUE
200,"circle",0.8,4,4,"HHG_fast",0.9955,0.000669309345519689,0.11336620243656,20000,10000,TRUE
200,"circle",0.9,4,4,"B_n",0.976,0.00153049011757672,26.4583645071358,20000,10000,TRUE
200,"circle",0.9,4,4,"P_n",0.9729,0.0016237484411078,26.3022954057449,20000,10000,TRUE
200,"circle",0.9,4,4,"Hoeffding",0.1549,0.00361809328237955,0.00473650872972991,20000,10000,TRUE
200,"circle",0.9,4,4,"dCov",0.122,0.00327285807819404,0.161301443350545,5000,10000,FALSE
200,"circle",0.9,4,4,"HHG",0.9306,0.00254133114725334,58510.9214832652,5000,10000,FALSE
200,"circle",0.9,4,4,"Genest",0.1291,0.003353105873664,0.0582888632014119,20000,10000,TRUE
200,"circle",0.9,4,4,"MIC",0.0627,0.00242422585581459,0.26088792058916,20000,10000,TRUE
200,"circle",0.9,4,4,"BET",0.0099,0.000990049998737437,44,20000,10000,TRUE
200,"circle",0.9,4,4,"BEAST",0.8317,0.00374132476537389,0.332601664907329,20000,10000,TRUE
200,"circle",0.9,4,4,"xi",0.1542,0.00361140360524824,0.0877521938048451,20000,10000,TRUE
200,"circle",0.9,4,4,"HHG_fast",0.9753,0.00155209245858615,0.11336620243656,20000,10000,TRUE
200,"circle",1,4,4,"B_n",0.9118,0.00283585542649832,26.4583645071358,20000,10000,TRUE
200,"circle",1,4,4,"P_n",0.9067,0.00290852385240348,26.3022954057449,20000,10000,TRUE
200,"circle",1,4,4,"Hoeffding",0.1013,0.00301725554105051,0.00473650872972991,20000,10000,TRUE
200,"circle",1,4,4,"dCov",0.1035,0.00304610817273451,0.161320072604913,5000,10000,FALSE
200,"circle",1,4,4,"HHG",0.8593,0.00347711820334023,57758.2089172216,5000,10000,FALSE
200,"circle",1,4,4,"Genest",0.0972,0.00296229910711258,0.0582888632014119,20000,10000,TRUE
200,"circle",1,4,4,"MIC",0.053,0.00224033479640879,0.26088792058916,20000,10000,TRUE
200,"circle",1,4,4,"BET",0.0132,0.00114130451677017,44,20000,10000,TRUE
200,"circle",1,4,4,"BEAST",0.6991,0.0045864931047588,0.332601664907329,20000,10000,TRUE
200,"circle",1,4,4,"xi",0.1253,0.00331058771217438,0.0877521938048451,20000,10000,TRUE
200,"circle",1,4,4,"HHG_fast",0.9156,0.00277986762274753,0.11336620243656,20000,10000,TRUE
200,"circle",1.1,4,4,"B_n",0.8064,0.00395119020043328,26.4583645071358,20000,10000,TRUE
200,"circle",1.1,4,4,"P_n",0.7985,0.00401120617769768,26.3022954057449,20000,10000,TRUE
200,"circle",1.1,4,4,"Hoeffding",0.0806,0.00272219837631279,0.00473650872972991,20000,10000,TRUE
200,"circle",1.1,4,4,"dCov",0.0756,0.00264357031304257,0.165746166623137,5000,10000,FALSE
200,"circle",1.1,4,4,"HHG",0.7537,0.00430855323745686,58150.0867548639,5000,10000,FALSE
200,"circle",1.1,4,4,"Genest",0.0864,0.00280953804031908,0.0582888632014119,20000,10000,TRUE
200,"circle",1.1,4,4,"MIC",0.0531,0.0022423289232403,0.26088792058916,20000,10000,TRUE
200,"circle",1.1,4,4,"BET",0.0129,0.00112843209809009,44,20000,10000,TRUE
200,"circle",1.1,4,4,"BEAST",0.5579,0.00496636275356523,0.332601664907329,20000,10000,TRUE
200,"circle",1.1,4,4,"xi",0.1062,0.00308093427388511,0.0877521938048451,20000,10000,TRUE
200,"circle",1.1,4,4,"HHG_fast",0.8223,0.00382260003139225,0.11336620243656,20000,10000,TRUE
200,"circle",1.2,4,4,"B_n",0.6673,0.00471180124793056,26.4583645071358,20000,10000,TRUE
200,"circle",1.2,4,4,"P_n",0.6589,0.00474078885840743,26.3022954057449,20000,10000,TRUE
200,"circle",1.2,4,4,"Hoeffding",0.0633,0.00243501765907354,0.00473650872972991,20000,10000,TRUE
200,"circle",1.2,4,4,"dCov",0.0754,0.00264035679407159,0.16348164002254,5000,10000,FALSE
200,"circle",1.2,4,4,"HHG",0.6448,0.00478573881443607,57588.7621923571,5000,10000,FALSE
200,"circle",1.2,4,4,"Genest",0.0729,0.00259972286984594,0.0582888632014119,20000,10000,TRUE
200,"circle",1.2,4,4,"MIC",0.0529,0.00223833844625874,0.26088792058916,20000,10000,TRUE
200,"circle",1.2,4,4,"BET",0.016,0.00125475097130865,44,20000,10000,TRUE
200,"circle",1.2,4,4,"BEAST",0.431,0.00495216114438939,0.332601664907329,20000,10000,TRUE
200,"circle",1.2,4,4,"xi",0.0913,0.00288035258258429,0.0877521938048451,20000,10000,TRUE
200,"circle",1.2,4,4,"HHG_fast",0.7051,0.00455997796047306,0.11336620243656,20000,10000,TRUE
200,"circle",1.3,4,4,"B_n",0.5307,0.0049905662003424,26.4583645071358,20000,10000,TRUE
200,"circle",1.3,4,4,"P_n",0.5217,0.00499528888053534,26.3022954057449,20000,10000,TRUE
200,"circle",1.3,4,4,"Hoeffding",0.0549,0.00227784964385273,0.00473650872972991,20000,10000,TRUE
200,"circle",1.3,4,4,"dCov",0.0623,0.0024169962763728,0.163879851037663,5000,10000,FALSE
200,"circle",1.3,4,4,"HHG",0.5379,0.00498561520777527,57582.2928940514,5000,10000,FALSE
200,"circle",1.3,4,4,"Genest",0.0624,0.00241880631717382,0.0582888632014119,20000,10000,TRUE
200,"circle",1.3,4,4,"MIC",0.0533,0.00224631053062572,0.26088792058916,20000,10000,TRUE
200,"circle",1.3,4,4,"BET",0.0187,0.00135463316067487,44,20000,10000,TRUE
200,"circle",1.3,4,4,"BEAST",0.3337,0.00471533996653476,0.332601664907329,20000,10000,TRUE
200,"circle",1.3,4,4,"xi",0.0785,0.00268956780914704,0.0877521938048451,20000,10000,TRUE
200,"circle",1.3,4,4,"HHG_fast",0.5826,0.00493130043700442,0.11336620243656,20000,10000,TRUE
200,"circle",1.4,4,4,"B_n",0.417,0.00493062876314979,26.4583645071358,20000,10000,TRUE
200,"circle",1.4,4,4,"P_n",0.4114,0.00492087431255869,26.3022954057449,20000,10000,TRUE
200,"circle",1.4,4,4,"Hoeffding",0.0531,0.0022423289232403,0.00473650872972991,20000,10000,TRUE
200,"circle",1.4,4,4,"dCov",0.0698,0.00254809654448178,0.163542207998714,5000,10000,FALSE
200,"circle",1.4,4,4,"HHG",0.4507,0.00497563573827506,57161.2201688906,5000,10000,FALSE
200,"circle",1.4,4,4,"Genest",0.0652,0.00246878431621719,0.0582888632014119,20000,10000,TRUE
200,"circle",1.4,4,4,"MIC",0.0501,0.00218151300706643,0.26088792058916,20000,10000,TRUE
200,"circle",1.4,4,4,"BET",0.0197,0.00138967298311509,44,20000,10000,TRUE
200,"circle",1.4,4,4,"BEAST",0.2652,0.00441439644798697,0.332601664907329,20000,10000,TRUE
200,"circle",1.4,4,4,"xi",0.0723,0.00258983995644519,0.0877521938048451,20000,10000,TRUE
200,"circle",1.4,4,4,"HHG_fast",0.471,0.00499158291526846,0.11336620243656,20000,10000,TRUE
200,"circle",1.5,4,4,"B_n",0.3229,0.00467584847915328,26.4583645071358,20000,10000,TRUE
200,"circle",1.5,4,4,"P_n",0.3163,0.00465031515061076,26.3022954057449,20000,10000,TRUE
200,"circle",1.5,4,4,"Hoeffding",0.0482,0.00214188608473934,0.00473650872972991,20000,10000,TRUE
200,"circle",1.5,4,4,"dCov",0.0517,0.00221420662992414,0.166528760665868,5000,10000,FALSE
200,"circle",1.5,4,4,"HHG",0.3838,0.00486310147950873,56407.1390349008,5000,10000,FALSE
200,"circle",1.5,4,4,"Genest",0.0556,0.00229147637997864,0.0582888632014119,20000,10000,TRUE
200,"circle",1.5,4,4,"MIC",0.0547,0.00227393733422889,0.26088792058916,20000,10000,TRUE
200,"circle",1.5,4,4,"BET",0.022,0.00146683332386471,44,20000,10000,TRUE
200,"circle",1.5,4,4,"BEAST",0.2066,0.00404865953125229,0.332601664907329,20000,10000,TRUE
200,"circle",1.5,4,4,"xi",0.068,0.00251745903640953,0.0877521938048451,20000,10000,TRUE
200,"circle",1.5,4,4,"HHG_fast",0.3753,0.00484200278810329,0.11336620243656,20000,10000,TRUE
200,"circle",1.6,4,4,"B_n",0.2483,0.00432026746857182,26.4583645071358,20000,10000,TRUE
200,"circle",1.6,4,4,"P_n",0.2444,0.00429730892536248,26.3022954057449,20000,10000,TRUE
200,"circle",1.6,4,4,"Hoeffding",0.049,0.0021586801523153,0.00473650872972991,20000,10000,TRUE
200,"circle",1.6,4,4,"dCov",0.0536,0.0022522664140816,0.16536766353997,5000,10000,FALSE
200,"circle",1.6,4,4,"HHG",0.2918,0.00454590761014784,57503.7387313757,5000,10000,FALSE
200,"circle",1.6,4,4,"Genest",0.0563,0.00230500130151807,0.0582888632014119,20000,10000,TRUE
200,"circle",1.6,4,4,"MIC",0.0471,0.00211852755469453,0.26088792058916,20000,10000,TRUE
200,"circle",1.6,4,4,"BET",0.0201,0.00140342402715644,44,20000,10000,TRUE
200,"circle",1.6,4,4,"BEAST",0.1655,0.00371631201596421,0.332601664907329,20000,10000,TRUE
200,"circle",1.6,4,4,"xi",0.0649,0.00246349325146224,0.0877521938048451,20000,10000,TRUE
200,"circle",1.6,4,4,"HHG_fast",0.3076,0.00461499989165764,0.11336620243656,20000,10000,TRUE
200,"circle",1.7,4,4,"B_n",0.1982,0.00398643650394685,26.4583645071358,20000,10000,TRUE
200,"circle",1.7,4,4,"P_n",0.1966,0.00397427276366381,26.3022954057449,20000,10000,TRUE
200,"circle",1.7,4,4,"Hoeffding",0.0408,0.00197826590730367,0.00473650872972991,20000,10000,TRUE
200,"circle",1.7,4,4,"dCov",0.0507,0.00219384388687983,0.164732719483661,5000,10000,FALSE
200,"circle",1.7,4,4,"HHG",0.2372,0.00425365913067796,57211.2448346618,5000,10000,FALSE
200,"circle",1.7,4,4,"Genest",0.0498,0.00217531514958178,0.0582888632014119,20000,10000,TRUE
200,"circle",1.7,4,4,"MIC",0.0506,0.00219179469841498,0.26088792058916,20000,10000,TRUE
200,"circle",1.7,4,4,"BET",0.0221,0.00147008809259854,44,20000,10000,TRUE
200,"circle",1.7,4,4,"BEAST",0.1435,0.00350582016081829,0.332601664907329,20000,10000,TRUE
200,"circle",1.7,4,4,"xi",0.0628,0.0024260288539092,0.0877521938048451,20000,10000,TRUE
200,"circle",1.7,4,4,"HHG_fast",0.2504,0.0043324339579502,0.11336620243656,20000,10000,TRUE
200,"circle",1.8,4,4,"B_n",0.1688,0.00374575172695682,26.4583645071358,20000,10000,TRUE
200,"circle",1.8,4,4,"P_n",0.1667,0.00372707807806598,26.3022954057449,20000,10000,TRUE
200,"circle",1.8,4,4,"Hoeffding",0.0495,0.00216909543358516,0.00473650872972991,20000,10000,TRUE
200,"circle",1.8,4,4,"dCov",0.0575,0.00232795511125107,0.164889460933296,5000,10000,FALSE
200,"circle",1.8,4,4,"HHG",0.2142,0.00410266206261252,56899.4427569428,5000,10000,FALSE
200,"circle",1.8,4,4,"Genest",0.0548,0.0022758945494025,0.0582888632014119,20000,10000,TRUE
200,"circle",1.8,4,4,"MIC",0.0521,0.00222228688517032,0.26088792058916,20000,10000,TRUE
200,"circle",1.8,4,4,"BET",0.0204,0.00141364210463611,44,20000,10000,TRUE
200,"circle",1.8,4,4,"BEAST",0.1245,0.00330151101770083,0.332601664907329,20000,10000,TRUE
200,"circle",1.8,4,4,"xi",0.0552,0.00228370225730063,0.0877521938048451,20000,10000,TRUE
200,"circle",1.8,4,4,"HHG_fast",0.2203,0.00414448923270407,0.11336620243656,20000,10000,TRUE
200,"circle",1.9,4,4,"B_n",0.132,0.0033849076796864,26.4583645071358,20000,10000,TRUE
200,"circle",1.9,4,4,"P_n",0.1305,0.00336852712620813,26.3022954057449,20000,10000,TRUE
200,"circle",1.9,4,4,"Hoeffding",0.0474,0.00212492917529032,0.00473650872972991,20000,10000,TRUE
200,"circle",1.9,4,4,"dCov",0.0514,0.00220812227922278,0.16640924946683,5000,10000,FALSE
200,"circle",1.9,4,4,"HHG",0.1574,0.00364177484202415,57729.1317447122,5000,10000,FALSE
200,"circle",1.9,4,4,"Genest",0.0526,0.00223233599621562,0.0582888632014119,20000,10000,TRUE
200,"circle",1.9,4,4,"MIC",0.0486,0.00215030323442997,0.26088792058916,20000,10000,TRUE
200,"circle",1.9,4,4,"BET",0.0234,0.00151170235165525,44,20000,10000,TRUE
200,"circle",1.9,4,4,"BEAST",0.1106,0.00313636158629709,0.332601664907329,20000,10000,TRUE
200,"circle",1.9,4,4,"xi",0.0546,0.00227197799285116,0.0877521938048451,20000,10000,TRUE
200,"circle",1.9,4,4,"HHG_fast",0.1776,0.00382175666415328,0.11336620243656,20000,10000,TRUE
200,"circle",2,4,4,"B_n",0.1124,0.00315857942752751,26.4583645071358,20000,10000,TRUE
200,"circle",2,4,4,"P_n",0.1111,0.00314255930731625,26.3022954057449,20000,10000,TRUE
200,"circle",2,4,4,"Hoeffding",0.044,0.00205095099892708,0.00473650872972991,20000,10000,TRUE
200,"circle",2,4,4,"dCov",0.0504,0.00218768919181862,0.164776182355073,5000,10000,FALSE
200,"circle",2,4,4,"HHG",0.1508,0.00357853824906204,56865.3326809105,5000,10000,FALSE
200,"circle",2,4,4,"Genest",0.0482,0.00214188608473934,0.0582888632014119,20000,10000,TRUE
200,"circle",2,4,4,"MIC",0.0543,0.00226608715631151,0.26088792058916,20000,10000,TRUE
200,"circle",2,4,4,"BET",0.0206,0.00142040980002251,44,20000,10000,TRUE
200,"circle",2,4,4,"BEAST",0.0984,0.00297854729692177,0.332601664907329,20000,10000,TRUE
200,"circle",2,4,4,"xi",0.0541,0.00226214919932351,0.0877521938048451,20000,10000,TRUE
200,"circle",2,4,4,"HHG_fast",0.1515,0.00358535563089633,0.11336620243656,20000,10000,TRUE
200,"two curves",0.1,4,4,"B_n",1,0,26.4583645071358,20000,10000,TRUE
200,"two curves",0.1,4,4,"P_n",1,0,26.3022954057449,20000,10000,TRUE
200,"two curves",0.1,4,4,"Hoeffding",1,0,0.00473650872972991,20000,10000,TRUE
200,"two curves",0.1,4,4,"dCov",1,0,0.164174376374511,5000,10000,FALSE
200,"two curves",0.1,4,4,"HHG",1,0,57821.101320883,5000,10000,FALSE
200,"two curves",0.1,4,4,"Genest",1,0,0.0582888632014119,20000,10000,TRUE
200,"two curves",0.1,4,4,"MIC",1,0,0.26088792058916,20000,10000,TRUE
200,"two curves",0.1,4,4,"BET",0.9995,0.000223550889061069,44,20000,10000,TRUE
200,"two curves",0.1,4,4,"BEAST",1,0,0.332601664907329,20000,10000,TRUE
200,"two curves",0.1,4,4,"xi",1,0,0.0877521938048451,20000,10000,TRUE
200,"two curves",0.1,4,4,"HHG_fast",1,0,0.11336620243656,20000,10000,TRUE
200,"two curves",0.2,4,4,"B_n",1,0,26.4583645071358,20000,10000,TRUE
200,"two curves",0.2,4,4,"P_n",1,0,26.3022954057449,20000,10000,TRUE
200,"two curves",0.2,4,4,"Hoeffding",1,0,0.00473650872972991,20000,10000,TRUE
200,"two curves",0.2,4,4,"dCov",1,0,0.16469752427473,5000,10000,FALSE
200,"two curves",0.2,4,4,"HHG",1,0,58156.1384693098,5000,10000,FALSE
200,"two curves",0.2,4,4,"Genest",1,0,0.0582888632014119,20000,10000,TRUE
200,"two curves",0.2,4,4,"MIC",1,0,0.26088792058916,20000,10000,TRUE
200,"two curves",0.2,4,4,"BET",0.9974,0.000509238647394328,44,20000,10000,TRUE
200,"two curves",0.2,4,4,"BEAST",1,0,0.332601664907329,20000,10000,TRUE
200,"two curves",0.2,4,4,"xi",1,0,0.0877521938048451,20000,10000,TRUE
200,"two curves",0.2,4,4,"HHG_fast",1,0,0.11336620243656,20000,10000,TRUE
200,"two curves",0.3,4,4,"B_n",1,0,26.4583645071358,20000,10000,TRUE
200,"two curves",0.3,4,4,"P_n",1,0,26.3022954057449,20000,10000,TRUE
200,"two curves",0.3,4,4,"Hoeffding",1,0,0.00473650872972991,20000,10000,TRUE
200,"two curves",0.3,4,4,"dCov",1,0,0.165120896222156,5000,10000,FALSE
200,"two curves",0.3,4,4,"HHG",1,0,57763.0858235675,5000,10000,FALSE
200,"two curves",0.3,4,4,"Genest",1,0,0.0582888632014119,20000,10000,TRUE
200,"two curves",0.3,4,4,"MIC",0.9999,9.99949998749882e-05,0.26088792058916,20000,10000,TRUE
200,"two curves",0.3,4,4,"BET",0.9943,0.000752828665766656,44,20000,10000,TRUE
200,"two curves",0.3,4,4,"BEAST",1,0,0.332601664907329,20000,10000,TRUE
200,"two curves",0.3,4,4,"xi",0.9992,0.000282729552753161,0.0877521938048451,20000,10000,TRUE
200,"two curves",0.3,4,4,"HHG_fast",1,0,0.11336620243656,20000,10000,TRUE
200,"two curves",0.4,4,4,"B_n",1,0,26.4583645071358,20000,10000,TRUE
200,"two curves",0.4,4,4,"P_n",1,0,26.3022954057449,20000,10000,TRUE
200,"two curves",0.4,4,4,"Hoeffding",1,0,0.00473650872972991,20000,10000,TRUE
200,"two curves",0.4,4,4,"dCov",1,0,0.165454169553438,5000,10000,FALSE
200,"two curves",0.4,4,4,"HHG",1,0,56680.2904317545,5000,10000,FALSE
200,"two curves",0.4,4,4,"Genest",1,0,0.0582888632014119,20000,10000,TRUE
200,"two curves",0.4,4,4,"MIC",0.9991,0.000299864969611326,0.26088792058916,20000,10000,TRUE
200,"two curves",0.4,4,4,"BET",0.987,0.00113274004078606,44,20000,10000,TRUE
200,"two curves",0.4,4,4,"BEAST",0.9994,0.000244875478560032,0.332601664907329,20000,10000,TRUE
200,"two curves",0.4,4,4,"xi",0.9907,0.000959870303738999,0.0877521938048451,20000,10000,TRUE
200,"two curves",0.4,4,4,"HHG_fast",1,0,0.11336620243656,20000,10000,TRUE
200,"two curves",0.5,4,4,"B_n",0.9998,0.0001414072133945,26.4583645071358,20000,10000,TRUE
200,"two curves",0.5,4,4,"P_n",0.9998,0.0001414072133945,26.3022954057449,20000,10000,TRUE
200,"two curves",0.5,4,4,"Hoeffding",1,0,0.00473650872972991,20000,10000,TRUE
200,"two curves",0.5,4,4,"dCov",1,0,0.166641970693322,5000,10000,FALSE
200,"two curves",0.5,4,4,"HHG",1,0,58224.4876839346,5000,10000,FALSE
200,"two curves",0.5,4,4,"Genest",1,0,0.0582888632014119,20000,10000,TRUE
200,"two curves",0.5,4,4,"MIC",0.9891,0.00103832509360027,0.26088792058916,20000,10000,TRUE
200,"two curves",0.5,4,4,"BET",0.961,0.0019359493795035,44,20000,10000,TRUE
200,"two curves",0.5,4,4,"BEAST",0.9919,0.000896347588829244,0.332601664907329,20000,10000,TRUE
200,"two curves",0.5,4,4,"xi",0.9543,0.00208833689810816,0.0877521938048451,20000,10000,TRUE
200,"two curves",0.5,4,4,"HHG_fast",1,0,0.11336620243656,20000,10000,TRUE
200,"two curves",0.6,4,4,"B_n",0.9994,0.000244875478560032,26.4583645071358,20000,10000,TRUE
200,"two curves",0.6,4,4,"P_n",0.9994,0.000244875478560032,26.3022954057449,20000,10000,TRUE
200,"two curves",0.6,4,4,"Hoeffding",1,0,0.00473650872972991,20000,10000,TRUE
200,"two curves",0.6,4,4,"dCov",1,0,0.166606127181855,5000,10000,FALSE
200,"two curves",0.6,4,4,"HHG",1,0,57363.7297526382,5000,10000,FALSE
200,"two curves",0.6,4,4,"Genest",1,0,0.0582888632014119,20000,10000,TRUE
200,"two curves",0.6,4,4,"MIC",0.9556,0.00205982135147687,0.26088792058916,20000,10000,TRUE
200,"two curves",0.6,4,4,"BET",0.9038,0.0029486532519101,44,20000,10000,TRUE
200,"two curves",0.6,4,4,"BEAST",0.9641,0.00186040828852164,0.332601664907329,20000,10000,TRUE
200,"two curves",0.6,4,4,"xi",0.8615,0.00345424014799203,0.0877521938048451,20000,10000,TRUE
200,"two curves",0.6,4,4,"HHG_fast",0.9998,0.0001414072133945,0.11336620243656,20000,10000,TRUE
200,"two curves",0.7,4,4,"B_n",0.9923,0.000874111548945559,26.4583645071358,20000,10000,TRUE
200,"two curves",0.7,4,4,"P_n",0.9914,0.000923365583070977,26.3022954057449,20000,10000,TRUE
200,"two curves",0.7,4,4,"Hoeffding",1,0,0.00473650872972991,20000,10000,TRUE
200,"two curves",0.7,4,4,"dCov",1,0,0.166392823926212,5000,10000,FALSE
200,"two curves",0.7,4,4,"HHG",0.9997,0.000173179098045915,57095.8432253576,5000,10000,FALSE
200,"two curves",0.7,4,4,"Genest",1,0,0.0582888632014119,20000,10000,TRUE
200,"two curves",0.7,4,4,"MIC",0.8871,0.00316470519954071,0.26088792058916,20000,10000,TRUE
200,"two curves",0.7,4,4,"BET",0.8198,0.00384353951456207,44,20000,10000,TRUE
200,"two curves",0.7,4,4,"BEAST",0.8971,0.00303828224495355,0.332601664907329,20000,10000,TRUE
200,"two curves",0.7,4,4,"xi",0.7428,0.00437090562698395,0.0877521938048451,20000,10000,TRUE
200,"two curves",0.7,4,4,"HHG_fast",0.9974,0.000509238647394328,0.11336620243656,20000,10000,TRUE
200,"two curves",0.8,4,4,"B_n",0.9698,0.0017113725485703,26.4583645071358,20000,10000,TRUE
200,"two curves",0.8,4,4,"P_n",0.9679,0.00176265680153568,26.3022954057449,20000,10000,TRUE
200,"two curves",0.8,4,4,"Hoeffding",0.9984,0.000399679871897503,0.00473650872972991,20000,10000,TRUE
200,"two curves",0.8,4,4,"dCov",0.9992,0.000282729552753161,0.16476915764404,5000,10000,FALSE
200,"two curves",0.8,4,4,"HHG",0.9946,0.000732860150369766,57329.4388926873,5000,10000,FALSE
200,"two curves",0.8,4,4,"Genest",0.9986,0.000373903730925483,0.0582888632014119,20000,10000,TRUE
200,"two curves",0.8,4,4,"MIC",0.7909,0.00406665943988429,0.26088792058916,20000,10000,TRUE
200,"two curves",0.8,4,4,"BET",0.7098,0.00453854558201193,44,20000,10000,TRUE
200,"two curves",0.8,4,4,"BEAST",0.7879,0.0040879529106877,0.332601664907329,20000,10000,TRUE
200,"two curves",0.8,4,4,"xi",0.6201,0.00485361710479926,0.0877521938048451,20000,10000,TRUE
200,"two curves",0.8,4,4,"HHG_fast",0.9871,0.00112843209809009,0.11336620243656,20000,10000,TRUE
200,"two curves",0.9,4,4,"B_n",0.9116,0.00283875747467092,26.4583645071358,20000,10000,TRUE
200,"two curves",0.9,4,4,"P_n",0.9081,0.00288884734799193,26.3022954057449,20000,10000,TRUE
200,"two curves",0.9,4,4,"Hoeffding",0.9952,0.000691155554126568,0.00473650872972991,20000,10000,TRUE
200,"two curves",0.9,4,4,"dCov",0.9965,0.000590571756859397,0.168069046559352,5000,10000,FALSE
200,"two curves",0.9,4,4,"HHG",0.9812,0.00135818113666771,57453.5149345813,5000,10000,FALSE
200,"two curves",0.9,4,4,"Genest",0.995,0.000705336798983295,0.0582888632014119,20000,10000,TRUE
200,"two curves",0.9,4,4,"MIC",0.6812,0.0046601133033436,0.26088792058916,20000,10000,TRUE
200,"two curves",0.9,4,4,"BET",0.5913,0.00491593643164759,44,20000,10000,TRUE
200,"two curves",0.9,4,4,"BEAST",0.67,0.0047021271782035,0.332601664907329,20000,10000,TRUE
200,"two curves",0.9,4,4,"xi",0.4997,0.00499999909999992,0.0877521938048451,20000,10000,TRUE
200,"two curves",0.9,4,4,"HHG_fast",0.9581,0.00200360649829252,0.11336620243656,20000,10000,TRUE
200,"two curves",1,4,4,"B_n",0.8347,0.00371451086954931,26.4583645071358,20000,10000,TRUE
200,"two curves",1,4,4,"P_n",0.8294,0.00376159062100064,26.3022954057449,20000,10000,TRUE
200,"two curves",1,4,4,"Hoeffding",0.9852,0.00120751645951515,0.00473650872972991,20000,10000,TRUE
200,"two curves",1,4,4,"dCov",0.9895,0.00101930123123638,0.163964252857379,5000,10000,FALSE
200,"two curves",1,4,4,"HHG",0.9546,0.00208179826111946,56329.1715727116,5000,10000,FALSE
200,"two curves",1,4,4,"Genest",0.9855,0.00119539742345381,0.0582888632014119,20000,10000,TRUE
200,"two curves",1,4,4,"MIC",0.5777,0.00493925814267689,0.26088792058916,20000,10000,TRUE
200,"two curves",1,4,4,"BET",0.4877,0.00499848687104408,44,20000,10000,TRUE
200,"two curves",1,4,4,"BEAST",0.5617,0.00496178506185022,0.332601664907329,20000,10000,TRUE
200,"two curves",1,4,4,"xi",0.4124,0.00492266431924827,0.0877521938048451,20000,10000,TRUE
200,"two curves",1,4,4,"HHG_fast",0.9123,0.00282858109305708,0.11336620243656,20000,10000,TRUE
200,"two curves",1.1,4,4,"B_n",0.7518,0.00431968471071674,26.4583645071358,20000,10000,TRUE
200,"two curves",1.1,4,4,"P_n",0.7457,0.00435467002194196,26.3022954057449,20000,10000,TRUE
200,"two curves",1.1,4,4,"Hoeffding",0.9692,0.00172775461220626,0.00473650872972991,20000,10000,TRUE
200,"two curves",1.1,4,4,"dCov",0.979,0.00143384099536873,0.165540188307915,5000,10000,FALSE
200,"two curves",1.1,4,4,"HHG",0.9136,0.00280953804031908,56872.2968338479,5000,10000,FALSE
200,"two curves",1.1,4,4,"Genest",0.9701,0.00170311449996763,0.0582888632014119,20000,10000,TRUE
200,"two curves",1.1,4,4,"MIC",0.4914,0.00499926034529109,0.26088792058916,20000,10000,TRUE
200,"two curves",1.1,4,4,"BET",0.41,0.00491833305094318,44,20000,10000,TRUE
200,"two curves",1.1,4,4,"BEAST",0.4732,0.00499281243388934,0.332601664907329,20000,10000,TRUE
200,"two curves",1.1,4,4,"xi",0.3374,0.00472822630592065,0.0877521938048451,20000,10000,TRUE
200,"two curves",1.1,4,4,"HHG_fast",0.8538,0.00353306609052251,0.11336620243656,20000,10000,TRUE
200,"two curves",1.2,4,4,"B_n",0.6591,0.004740118036505,26.4583645071358,20000,10000,TRUE
200,"two curves",1.2,4,4,"P_n",0.6533,0.00475919226339933,26.3022954057449,20000,10000,TRUE
200,"two curves",1.2,4,4,"Hoeffding",0.9465,0.00225028331549607,0.00473650872972991,20000,10000,TRUE
200,"two curves",1.2,4,4,"dCov",0.9595,0.00197128765024286,0.165957583003167,5000,10000,FALSE
200,"two curves",1.2,4,4,"HHG",0.8546,0.00352503673739721,57516.9772662537,5000,10000,FALSE
200,"two curves",1.2,4,4,"Genest",0.9475,0.00223033069296909,0.0582888632014119,20000,10000,TRUE
200,"two curves",1.2,4,4,"MIC",0.4091,0.00491667763840584,0.26088792058916,20000,10000,TRUE
200,"two curves",1.2,4,4,"BET",0.3243,0.00468112710786622,44,20000,10000,TRUE
200,"two curves",1.2,4,4,"BEAST",0.3868,0.0048701720708821,0.332601664907329,20000,10000,TRUE
200,"two curves",1.2,4,4,"xi",0.2835,0.00450696960273752,0.0877521938048451,20000,10000,TRUE
200,"two curves",1.2,4,4,"HHG_fast",0.7846,0.00411099549987591,0.11336620243656,20000,10000,TRUE
200,"two curves",1.3,4,4,"B_n",0.5731,0.00494627526528801,26.4583645071358,20000,10000,TRUE
200,"two curves",1.3,4,4,"P_n",0.569,0.00495216114438939,26.3022954057449,20000,10000,TRUE
200,"two curves",1.3,4,4,"Hoeffding",0.904,0.00294591242232351,0.00473650872972991,20000,10000,TRUE
200,"two curves",1.3,4,4,"dCov",0.9223,0.00267698916695604,0.165557980789574,5000,10000,FALSE
200,"two curves",1.3,4,4,"HHG",0.7911,0.00406522803788422,56766.0175053439,5000,10000,FALSE
200,"two curves",1.3,4,4,"Genest",0.9063,0.00291410895472355,0.0582888632014119,20000,10000,TRUE
200,"two curves",1.3,4,4,"MIC",0.3544,0.00478331098717196,0.26088792058916,20000,10000,TRUE
200,"two curves",1.3,4,4,"BET",0.2767,0.00447366862876543,44,20000,10000,TRUE
200,"two curves",1.3,4,4,"BEAST",0.325,0.0046837484987988,0.332601664907329,20000,10000,TRUE
200,"two curves",1.3,4,4,"xi",0.2416,0.00428053080820592,0.0877521938048451,20000,10000,TRUE
200,"two curves",1.3,4,4,"HHG_fast",0.7002,0.00458170230372948,0.11336620243656,20000,10000,TRUE
200,"two curves",1.4,4,4,"B_n",0.4953,0.0049997790951201,26.4583645071358,20000,10000,TRUE
200,"two curves",1.4,4,4,"P_n",0.491,0.00499918993437937,26.3022954057449,20000,10000,TRUE
200,"two curves",1.4,4,4,"Hoeffding",0.8652,0.0034150982416323,0.00473650872972991,20000,10000,TRUE
200,"two curves",1.4,4,4,"dCov",0.886,0.00317811264746862,0.165900228728999,5000,10000,FALSE
200,"two curves",1.4,4,4,"HHG",0.7397,0.0043879825660547,56368.4945901524,5000,10000,FALSE
200,"two curves",1.4,4,4,"Genest",0.8667,0.00339898676078622,0.0582888632014119,20000,10000,TRUE
200,"two curves",1.4,4,4,"MIC",0.304,0.00459982608366882,0.26088792058916,20000,10000,TRUE
200,"two curves",1.4,4,4,"BET",0.2265,0.00418566302991533,44,20000,10000,TRUE
200,"two curves",1.4,4,4,"BEAST",0.2745,0.00446261974629253,0.332601664907329,20000,10000,TRUE
200,"two curves",1.4,4,4,"xi",0.1962,0.00397121593469809,0.0877521938048451,20000,10000,TRUE
200,"two curves",1.4,4,4,"HHG_fast",0.6377,0.00480664862456161,0.11336620243656,20000,10000,TRUE
200,"two curves",1.5,4,4,"B_n",0.4482,0.00497309521324497,26.4583645071358,20000,10000,TRUE
200,"two curves",1.5,4,4,"P_n",0.4435,0.00496797493955032,26.3022954057449,20000,10000,TRUE
200,"two curves",1.5,4,4,"Hoeffding",0.8263,0.00378851303284019,0.00473650872972991,20000,10000,TRUE
200,"two curves",1.5,4,4,"dCov",0.8613,0.00345633201530177,0.163276534705017,5000,10000,FALSE
200,"two curves",1.5,4,4,"HHG",0.6739,0.00468784374739602,57202.56663736,5000,10000,FALSE
200,"two curves",1.5,4,4,"Genest",0.8294,0.00376159062100064,0.0582888632014119,20000,10000,TRUE
200,"two curves",1.5,4,4,"MIC",0.2723,0.00445143471253932,0.26088792058916,20000,10000,TRUE
200,"two curves",1.5,4,4,"BET",0.1991,0.00399323415291415,44,20000,10000,TRUE
200,"two curves",1.5,4,4,"BEAST",0.2482,0.00431968471071674,0.332601664907329,20000,10000,TRUE
200,"two curves",1.5,4,4,"xi",0.1826,0.00386338245582805,0.0877521938048451,20000,10000,TRUE
200,"two curves",1.5,4,4,"HHG_fast",0.5803,0.00493509787136993,0.11336620243656,20000,10000,TRUE
200,"two curves",1.6,4,4,"B_n",0.3833,0.00486190405088377,26.4583645071358,20000,10000,TRUE
200,"two curves",1.6,4,4,"P_n",0.3797,0.00485312177881413,26.3022954057449,20000,10000,TRUE
200,"two curves",1.6,4,4,"Hoeffding",0.7706,0.00420446952658715,0.00473650872972991,20000,10000,TRUE
200,"two curves",1.6,4,4,"dCov",0.7931,0.00405083188987151,0.166617946200605,5000,10000,FALSE
200,"two curves",1.6,4,4,"HHG",0.5922,0.00491425640356708,57445.4607813258,5000,10000,FALSE
200,"two curves",1.6,4,4,"Genest",0.7742,0.004181080721536,0.0582888632014119,20000,10000,TRUE
200,"two curves",1.6,4,4,"MIC",0.2254,0.0041784547382974,0.26088792058916,20000,10000,TRUE
200,"two curves",1.6,4,4,"BET",0.1611,0.00367623163035193,44,20000,10000,TRUE
200,"two curves",1.6,4,4,"BEAST",0.2068,0.00405010814670423,0.332601664907329,20000,10000,TRUE
200,"two curves",1.6,4,4,"xi",0.1547,0.00361618459152737,0.0877521938048451,20000,10000,TRUE
200,"two curves",1.6,4,4,"HHG_fast",0.5088,0.00499922554002117,0.11336620243656,20000,10000,TRUE
200,"two curves",1.7,4,4,"B_n",0.3338,0.00471569252602415,26.4583645071358,20000,10000,TRUE
200,"two curves",1.7,4,4,"P_n",0.3311,0.00470608956565852,26.3022954057449,20000,10000,TRUE
200,"two curves",1.7,4,4,"Hoeffding",0.7233,0.00447366862876543,0.00473650872972991,20000,10000,TRUE
200,"two curves",1.7,4,4,"dCov",0.7529,0.00431325387613574,0.16497010926837,5000,10000,FALSE
200,"two curves",1.7,4,4,"HHG",0.5445,0.00498015813001957,57098.9489139165,5000,10000,FALSE
200,"two curves",1.7,4,4,"Genest",0.7264,0.0044580605648645,0.0582888632014119,20000,10000,TRUE
200,"two curves",1.7,4,4,"MIC",0.2079,0.00405804866900337,0.26088792058916,20000,10000,TRUE
200,"two curves",1.7,4,4,"BET",0.1399,0.00346883251253213,44,20000,10000,TRUE
200,"two curves",1.7,4,4,"BEAST",0.1825,0.00386256067913502,0.332601664907329,20000,10000,TRUE
200,"two curves",1.7,4,4,"xi",0.147,0.00354105916358369,0.0877521938048451,20000,10000,TRUE
200,"two curves",1.7,4,4,"HHG_fast",0.454,0.0049787950349457,0.11336620243656,20000,10000,TRUE
200,"two curves",1.8,4,4,"B_n",0.2937,0.00455456155957958,26.4583645071358,20000,10000,TRUE
200,"two curves",1.8,4,4,"P_n",0.2912,0.00454315485098186,26.3022954057449,20000,10000,TRUE
200,"two curves",1.8,4,4,"Hoeffding",0.6815,0.00465894569618492,0.00473650872972991,20000,10000,TRUE
200,"two curves",1.8,4,4,"dCov",0.7072,0.00455047426099742,0.165694325317397,5000,10000,FALSE
200,"two curves",1.8,4,4,"HHG",0.5207,0.00499571326238806,56328.1709323929,5000,10000,FALSE
200,"two curves",1.8,4,4,"Genest",0.6845,0.00464714697421977,0.0582888632014119,20000,10000,TRUE
200,"two curves",1.8,4,4,"MIC",0.1879,0.0039063229513188,0.26088792058916,20000,10000,TRUE
200,"two curves",1.8,4,4,"BET",0.1245,0.00330151101770083,44,20000,10000,TRUE
200,"two curves",1.8,4,4,"BEAST",0.1611,0.00367623163035193,0.332601664907329,20000,10000,TRUE
200,"two curves",1.8,4,4,"xi",0.1277,0.00333755464374743,0.0877521938048451,20000,10000,TRUE
200,"two curves",1.8,4,4,"HHG_fast",0.4115,0.00492105425696568,0.11336620243656,20000,10000,TRUE
200,"two curves",1.9,4,4,"B_n",0.2625,0.00439992897669951,26.4583645071358,20000,10000,TRUE
200,"two curves",1.9,4,4,"P_n",0.2614,0.00439397360028483,26.3022954057449,20000,10000,TRUE
200,"two curves",1.9,4,4,"Hoeffding",0.633,0.00481986514334167,0.00473650872972991,20000,10000,TRUE
200,"two curves",1.9,4,4,"dCov",0.664,0.00472338861412016,0.165410326396041,5000,10000,FALSE
200,"two curves",1.9,4,4,"HHG",0.4518,0.0049767133733017,57252.4102451992,5000,10000,FALSE
200,"two curves",1.9,4,4,"Genest",0.6347,0.0048151418463011,0.0582888632014119,20000,10000,TRUE
200,"two curves",1.9,4,4,"MIC",0.175,0.00379967103839267,0.26088792058916,20000,10000,TRUE
200,"two curves",1.9,4,4,"BET",0.1067,0.00308731452884218,44,20000,10000,TRUE
200,"two curves",1.9,4,4,"BEAST",0.1484,0.00355496047798003,0.332601664907329,20000,10000,TRUE
200,"two curves",1.9,4,4,"xi",0.1235,0.00329010258198738,0.0877521938048451,20000,10000,TRUE
200,"two curves",1.9,4,4,"HHG_fast",0.3762,0.00484431171581681,0.11336620243656,20000,10000,TRUE
200,"two curves",2,4,4,"B_n",0.2373,0.00425427678930274,26.4583645071358,20000,10000,TRUE
200,"two curves",2,4,4,"P_n",0.2362,0.00424746465553276,26.3022954057449,20000,10000,TRUE
200,"two curves",2,4,4,"Hoeffding",0.5881,0.00492177193701618,0.00473650872972991,20000,10000,TRUE
200,"two curves",2,4,4,"dCov",0.6146,0.00486689675255188,0.166056067046239,5000,10000,FALSE
200,"two curves",2,4,4,"HHG",0.4002,0.0048993873086336,57935.0049820939,5000,10000,FALSE
200,"two curves",2,4,4,"Genest",0.5953,0.004908338924728,0.0582888632014119,20000,10000,TRUE
200,"two curves",2,4,4,"MIC",0.1604,0.00366976620508718,0.26088792058916,20000,10000,TRUE
200,"two curves",2,4,4,"BET",0.0996,0.00299465924605789,44,20000,10000,TRUE
200,"two curves",2,4,4,"BEAST",0.1365,0.00343318729462871,0.332601664907329,20000,10000,TRUE
200,"two curves",2,4,4,"xi",0.1103,0.00313263323738991,0.0877521938048451,20000,10000,TRUE
200,"two curves",2,4,4,"HHG_fast",0.3385,0.00473199482248237,0.11336620243656,20000,10000,TRUE
200,"X",0.1,4,4,"B_n",1,0,26.4583645071358,20000,10000,TRUE
200,"X",0.1,4,4,"P_n",1,0,26.3022954057449,20000,10000,TRUE
200,"X",0.1,4,4,"Hoeffding",1,0,0.00473650872972991,20000,10000,TRUE
200,"X",0.1,4,4,"dCov",1,0,0.162503009597351,5000,10000,FALSE
200,"X",0.1,4,4,"HHG",1,0,57608.3936351176,5000,10000,FALSE
200,"X",0.1,4,4,"Genest",1,0,0.0582888632014119,20000,10000,TRUE
200,"X",0.1,4,4,"MIC",1,0,0.26088792058916,20000,10000,TRUE
200,"X",0.1,4,4,"BET",1,0,44,20000,10000,TRUE
200,"X",0.1,4,4,"BEAST",1,0,0.332601664907329,20000,10000,TRUE
200,"X",0.1,4,4,"xi",0.9992,0.000282729552753161,0.0877521938048451,20000,10000,TRUE
200,"X",0.1,4,4,"HHG_fast",1,0,0.11336620243656,20000,10000,TRUE
200,"X",0.2,4,4,"B_n",1,0,26.4583645071358,20000,10000,TRUE
200,"X",0.2,4,4,"P_n",1,0,26.3022954057449,20000,10000,TRUE
200,"X",0.2,4,4,"Hoeffding",1,0,0.00473650872972991,20000,10000,TRUE
200,"X",0.2,4,4,"dCov",1,0,0.164493817922542,5000,10000,FALSE
200,"X",0.2,4,4,"HHG",1,0,58760.9271342007,5000,10000,FALSE
200,"X",0.2,4,4,"Genest",1,0,0.0582888632014119,20000,10000,TRUE
200,"X",0.2,4,4,"MIC",1,0,0.26088792058916,20000,10000,TRUE
200,"X",0.2,4,4,"BET",1,0,44,20000,10000,TRUE
200,"X",0.2,4,4,"BEAST",1,0,0.332601664907329,20000,10000,TRUE
200,"X",0.2,4,4,"xi",0.998,0.000446766158073774,0.0877521938048451,20000,10000,TRUE
200,"X",0.2,4,4,"HHG_fast",1,0,0.11336620243656,20000,10000,TRUE
200,"X",0.3,4,4,"B_n",1,0,26.4583645071358,20000,10000,TRUE
200,"X",0.3,4,4,"P_n",1,0,26.3022954057449,20000,10000,TRUE
200,"X",0.3,4,4,"Hoeffding",1,0,0.00473650872972991,20000,10000,TRUE
200,"X",0.3,4,4,"dCov",1,0,0.164900532749755,5000,10000,FALSE
200,"X",0.3,4,4,"HHG",1,0,58675.1449475257,5000,10000,FALSE
200,"X",0.3,4,4,"Genest",1,0,0.0582888632014119,20000,10000,TRUE
200,"X",0.3,4,4,"MIC",1,0,0.26088792058916,20000,10000,TRUE
200,"X",0.3,4,4,"BET",1,0,44,20000,10000,TRUE
200,"X",0.3,4,4,"BEAST",1,0,0.332601664907329,20000,10000,TRUE
200,"X",0.3,4,4,"xi",0.9921,0.00088530164350915,0.0877521938048451,20000,10000,TRUE
200,"X",0.3,4,4,"HHG_fast",1,0,0.11336620243656,20000,10000,TRUE
200,"X",0.4,4,4,"B_n",1,0,26.4583645071358,20000,10000,TRUE
200,"X",0.4,4,4,"P_n",1,0,26.3022954057449,20000,10000,TRUE
200,"X",0.4,4,4,"Hoeffding",1,0,0.00473650872972991,20000,10000,TRUE
200,"X",0.4,4,4,"dCov",1,0,0.165461395918509,5000,10000,FALSE
200,"X",0.4,4,4,"HHG",1,0,58172.8615994579,5000,10000,FALSE
200,"X",0.4,4,4,"Genest",1,0,0.0582888632014119,20000,10000,TRUE
200,"X",0.4,4,4,"MIC",1,0,0.26088792058916,20000,10000,TRUE
200,"X",0.4,4,4,"BET",1,0,44,20000,10000,TRUE
200,"X",0.4,4,4,"BEAST",1,0,0.332601664907329,20000,10000,TRUE
200,"X",0.4,4,4,"xi",0.967,0.00178636502428815,0.0877521938048451,20000,10000,TRUE
200,"X",0.4,4,4,"HHG_fast",1,0,0.11336620243656,20000,10000,TRUE
200,"X",0.5,4,4,"B_n",1,0,26.4583645071358,20000,10000,TRUE
200,"X",0.5,4,4,"P_n",1,0,26.3022954057449,20000,10000,TRUE
200,"X",0.5,4,4,"Hoeffding",1,0,0.00473650872972991,20000,10000,TRUE
200,"X",0.5,4,4,"dCov",1,0,0.163936625922717,5000,10000,FALSE
200,"X",0.5,4,4,"HHG",1,0,57764.0678294955,5000,10000,FALSE
200,"X",0.5,4,4,"Genest",1,0,0.0582888632014119,20000,10000,TRUE
200,"X",0.5,4,4,"MIC",1,0,0.26088792058916,20000,10000,TRUE
200,"X",0.5,4,4,"BET",1,0,44,20000,10000,TRUE
200,"X",0.5,4,4,"BEAST",1,0,0.332601664907329,20000,10000,TRUE
200,"X",0.5,4,4,"xi",0.9024,0.00296773044598056,0.0877521938048451,20000,10000,TRUE
200,"X",0.5,4,4,"HHG_fast",1,0,0.11336620243656,20000,10000,TRUE
200,"X",0.6,4,4,"B_n",1,0,26.4583645071358,20000,10000,TRUE
200,"X",0.6,4,4,"P_n",1,0,26.3022954057449,20000,10000,TRUE
200,"X",0.6,4,4,"Hoeffding",1,0,0.00473650872972991,20000,10000,TRUE
200,"X",0.6,4,4,"dCov",0.9997,0.000173179098045915,0.16452690817473,5000,10000,FALSE
200,"X",0.6,4,4,"HHG",1,0,57822.1340126443,5000,10000,FALSE
200,"X",0.6,4,4,"Genest",1,0,0.0582888632014119,20000,10000,TRUE
200,"X",0.6,4,4,"MIC",0.9936,0.000797435890840133,0.26088792058916,20000,10000,TRUE
200,"X",0.6,4,4,"BET",1,0,44,20000,10000,TRUE
200,"X",0.6,4,4,"BEAST",1,0,0.332601664907329,20000,10000,TRUE
200,"X",0.6,4,4,"xi",0.7989,0.00400822641576047,0.0877521938048451,20000,10000,TRUE
200,"X",0.6,4,4,"HHG_fast",1,0,0.11336620243656,20000,10000,TRUE
200,"X",0.7,4,4,"B_n",1,0,26.4583645071358,20000,10000,TRUE
200,"X",0.7,4,4,"P_n",1,0,26.3022954057449,20000,10000,TRUE
200,"X",0.7,4,4,"Hoeffding",0.9906,0.000964968393264772,0.00473650872972991,20000,10000,TRUE
200,"X",0.7,4,4,"dCov",0.9964,0.000598919026246457,0.163994626929084,5000,10000,FALSE
200,"X",0.7,4,4,"HHG",1,0,57959.2702893057,5000,10000,FALSE
200,"X",0.7,4,4,"Genest",0.9974,0.000509238647394328,0.0582888632014119,20000,10000,TRUE
200,"X",0.7,4,4,"MIC",0.837,0.00369365672471062,0.26088792058916,20000,10000,TRUE
200,"X",0.7,4,4,"BET",1,0,44,20000,10000,TRUE
200,"X",0.7,4,4,"BEAST",1,0,0.332601664907329,20000,10000,TRUE
200,"X",0.7,4,4,"xi",0.6772,0.00467546960208277,0.0877521938048451,20000,10000,TRUE
200,"X",0.7,4,4,"HHG_fast",1,0,0.11336620243656,20000,10000,TRUE
200,"X",0.8,4,4,"B_n",1,0,26.4583645071358,20000,10000,TRUE
200,"X",0.8,4,4,"P_n",1,0,26.3022954057449,20000,10000,TRUE
200,"X",0.8,4,4,"Hoeffding",0.9029,0.00296093887137171,0.00473650872972991,20000,10000,TRUE
200,"X",0.8,4,4,"dCov",0.9714,0.00166679452842874,0.163242588775304,5000,10000,FALSE
200,"X",0.8,4,4,"HHG",1,0,57225.9958034999,5000,10000,FALSE
200,"X",0.8,4,4,"Genest",0.9492,0.00219589070766284,0.0582888632014119,20000,10000,TRUE
200,"X",0.8,4,4,"MIC",0.4526,0.00497748169258311,0.26088792058916,20000,10000,TRUE
200,"X",0.8,4,4,"BET",1,0,44,20000,10000,TRUE
200,"X",0.8,4,4,"BEAST",1,0,0.332601664907329,20000,10000,TRUE
200,"X",0.8,4,4,"xi",0.5433,0.00498121581544105,0.0877521938048451,20000,10000,TRUE
200,"X",0.8,4,4,"HHG_fast",1,0,0.11336620243656,20000,10000,TRUE
200,"X",0.9,4,4,"B_n",1,0,26.4583645071358,20000,10000,TRUE
200,"X",0.9,4,4,"P_n",1,0,26.3022954057449,20000,10000,TRUE
200,"X",0.9,4,4,"Hoeffding",0.6977,0.00459254515492227,0.00473650872972991,20000,10000,TRUE
200,"X",0.9,4,4,"dCov",0.8904,0.00312390524824297,0.16338374597089,5000,10000,FALSE
200,"X",0.9,4,4,"HHG",1,0,57695.8878034005,5000,10000,FALSE
200,"X",0.9,4,4,"Genest",0.7778,0.00415724860935691,0.0582888632014119,20000,10000,TRUE
200,"X",0.9,4,4,"MIC",0.1721,0.00377467336335212,0.26088792058916,20000,10000,TRUE
200,"X",0.9,4,4,"BET",0.9996,0.000199959995999189,44,20000,10000,TRUE
200,"X",0.9,4,4,"BEAST",0.9998,0.0001414072133945,0.332601664907329,20000,10000,TRUE
200,"X",0.9,4,4,"xi",0.4237,0.00494144017468592,0.0877521938048451,20000,10000,TRUE
200,"X",0.9,4,4,"HHG_fast",1,0,0.11336620243656,20000,10000,TRUE
200,"X",1,4,4,"B_n",0.9999,9.99949998749882e-05,26.4583645071358,20000,10000,TRUE
200,"X",1,4,4,"P_n",0.9999,9.99949998749882e-05,26.3022954057449,20000,10000,TRUE
200,"X",1,4,4,"Hoeffding",0.4969,0.00499990389907646,0.00473650872972991,20000,10000,TRUE
200,"X",1,4,4,"dCov",0.778,0.0041559114523772,0.162254264958315,5000,10000,FALSE
200,"X",1,4,4,"HHG",1,0,57008.5350527106,5000,10000,FALSE
200,"X",1,4,4,"Genest",0.5563,0.0049682019886474,0.0582888632014119,20000,10000,TRUE
200,"X",1,4,4,"MIC",0.0852,0.00279179082310978,0.26088792058916,20000,10000,TRUE
200,"X",1,4,4,"BET",0.9981,0.000435475602072035,44,20000,10000,TRUE
200,"X",1,4,4,"BEAST",0.998,0.000446766158073774,0.332601664907329,20000,10000,TRUE
200,"X",1,4,4,"xi",0.3346,0.00471850442407337,0.0877521938048451,20000,10000,TRUE
200,"X",1,4,4,"HHG_fast",0.9998,0.0001414072133945,0.11336620243656,20000,10000,TRUE
200,"X",1.1,4,4,"B_n",1,0,26.4583645071358,20000,10000,TRUE
200,"X",1.1,4,4,"P_n",0.9999,9.99949998749882e-05,26.3022954057449,20000,10000,TRUE
200,"X",1.1,4,4,"Hoeffding",0.3571,0.00479144644131602,0.00473650872972991,20000,10000,TRUE
200,"X",1.1,4,4,"dCov",0.5644,0.00495835295234214,0.165420635635924,5000,10000,FALSE
200,"X",1.1,4,4,"HHG",0.9999,9.99949998749882e-05,57749.8271716609,5000,10000,FALSE
200,"X",1.1,4,4,"Genest",0.3924,0.0048828499874561,0.0582888632014119,20000,10000,TRUE
200,"X",1.1,4,4,"MIC",0.0621,0.00241337087908179,0.26088792058916,20000,10000,TRUE
200,"X",1.1,4,4,"BET",0.9838,0.00126244049364713,44,20000,10000,TRUE
200,"X",1.1,4,4,"BEAST",0.9811,0.00136171913403609,0.332601664907329,20000,10000,TRUE
200,"X",1.1,4,4,"xi",0.2625,0.00439992897669951,0.0877521938048451,20000,10000,TRUE
200,"X",1.1,4,4,"HHG_fast",0.9996,0.000199959995999189,0.11336620243656,20000,10000,TRUE
200,"X",1.2,4,4,"B_n",0.9978,0.00046852534616603,26.4583645071358,20000,10000,TRUE
200,"X",1.2,4,4,"P_n",0.9976,0.000489309717867933,26.3022954057449,20000,10000,TRUE
200,"X",1.2,4,4,"Hoeffding",0.2662,0.00441970089485703,0.00473650872972991,20000,10000,TRUE
200,"X",1.2,4,4,"dCov",0.4303,0.00495118076826124,0.165221086266458,5000,10000,FALSE
200,"X",1.2,4,4,"HHG",0.9979,0.000457776146167534,57090.8406926362,5000,10000,FALSE
200,"X",1.2,4,4,"Genest",0.284,0.00450936802667513,0.0582888632014119,20000,10000,TRUE
200,"X",1.2,4,4,"MIC",0.0571,0.00232033596705305,0.26088792058916,20000,10000,TRUE
200,"X",1.2,4,4,"BET",0.9362,0.00244396317484532,44,20000,10000,TRUE
200,"X",1.2,4,4,"BEAST",0.9291,0.00256657729281625,0.332601664907329,20000,10000,TRUE
200,"X",1.2,4,4,"xi",0.2094,0.00406880375540527,0.0877521938048451,20000,10000,TRUE
200,"X",1.2,4,4,"HHG_fast",0.9945,0.00073957758213726,0.11336620243656,20000,10000,TRUE
200,"X",1.3,4,4,"B_n",0.9897,0.00100964894889263,26.4583645071358,20000,10000,TRUE
200,"X",1.3,4,4,"P_n",0.9891,0.00103832509360027,26.3022954057449,20000,10000,TRUE
200,"X",1.3,4,4,"Hoeffding",0.2136,0.00409847581425095,0.00473650872972991,20000,10000,TRUE
200,"X",1.3,4,4,"dCov",0.3612,0.0048034837357901,0.163465695144336,5000,10000,FALSE
200,"X",1.3,4,4,"HHG",0.992,0.000890842298052804,56933.208115623,5000,10000,FALSE
200,"X",1.3,4,4,"Genest",0.214,0.00410126809657696,0.0582888632014119,20000,10000,TRUE
200,"X",1.3,4,4,"MIC",0.0531,0.0022423289232403,0.26088792058916,20000,10000,TRUE
200,"X",1.3,4,4,"BET",0.8536,0.00353506775041158,44,20000,10000,TRUE
200,"X",1.3,4,4,"BEAST",0.8431,0.00363706461311866,0.332601664907329,20000,10000,TRUE
200,"X",1.3,4,4,"xi",0.1708,0.00376334106878449,0.0877521938048451,20000,10000,TRUE
200,"X",1.3,4,4,"HHG_fast",0.9795,0.00141703034547606,0.11336620243656,20000,10000,TRUE
200,"X",1.4,4,4,"B_n",0.9654,0.00182764438554113,26.4583645071358,20000,10000,TRUE
200,"X",1.4,4,4,"P_n",0.964,0.0018629009635512,26.3022954057449,20000,10000,TRUE
200,"X",1.4,4,4,"Hoeffding",0.1758,0.00380649917903577,0.00473650872972991,20000,10000,TRUE
200,"X",1.4,4,4,"dCov",0.2493,0.00432607801594007,0.166206670300451,5000,10000,FALSE
200,"X",1.4,4,4,"HHG",0.966,0.00181229136730273,58086.3600902777,5000,10000,FALSE
200,"X",1.4,4,4,"Genest",0.1732,0.00378420084033604,0.0582888632014119,20000,10000,TRUE
200,"X",1.4,4,4,"MIC",0.0529,0.00223833844625874,0.26088792058916,20000,10000,TRUE
200,"X",1.4,4,4,"BET",0.7168,0.0045055272721403,44,20000,10000,TRUE
200,"X",1.4,4,4,"BEAST",0.7116,0.0045301814533195,0.332601664907329,20000,10000,TRUE
200,"X",1.4,4,4,"xi",0.1428,0.00349868775400149,0.0877521938048451,20000,10000,TRUE
200,"X",1.4,4,4,"HHG_fast",0.9347,0.00247054467678688,0.11336620243656,20000,10000,TRUE
200,"X",1.5,4,4,"B_n",0.9175,0.00275124971603815,26.4583645071358,20000,10000,TRUE
200,"X",1.5,4,4,"P_n",0.9138,0.00280659152710187,26.3022954057449,20000,10000,TRUE
200,"X",1.5,4,4,"Hoeffding",0.1476,0.00354703030717247,0.00473650872972991,20000,10000,TRUE
200,"X",1.5,4,4,"dCov",0.2049,0.00403628529715133,0.165665331807917,5000,10000,FALSE
200,"X",1.5,4,4,"HHG",0.9211,0.00269582621843471,57445.2211373735,5000,10000,FALSE
200,"X",1.5,4,4,"Genest",0.1415,0.00348536583445698,0.0582888632014119,20000,10000,TRUE
200,"X",1.5,4,4,"MIC",0.0554,0.00228759349535707,0.26088792058916,20000,10000,TRUE
200,"X",1.5,4,4,"BET",0.5913,0.00491593643164759,44,20000,10000,TRUE
200,"X",1.5,4,4,"BEAST",0.5854,0.00492652859526868,0.332601664907329,20000,10000,TRUE
200,"X",1.5,4,4,"xi",0.1295,0.00335752513021124,0.0877521938048451,20000,10000,TRUE
200,"X",1.5,4,4,"HHG_fast",0.8627,0.00344163783684455,0.11336620243656,20000,10000,TRUE
200,"X",1.6,4,4,"B_n",0.8488,0.00358243715925346,26.4583645071358,20000,10000,TRUE
200,"X",1.6,4,4,"P_n",0.8449,0.00361999986187845,26.3022954057449,20000,10000,TRUE
200,"X",1.6,4,4,"Hoeffding",0.1335,0.00340114319016415,0.00473650872972991,20000,10000,TRUE
200,"X",1.6,4,4,"dCov",0.1755,0.00380394203425867,0.166438662629431,5000,10000,FALSE
200,"X",1.6,4,4,"HHG",0.8662,0.00340437307003801,56573.7265002367,5000,10000,FALSE
200,"X",1.6,4,4,"Genest",0.1262,0.00332074630166172,0.0582888632014119,20000,10000,TRUE
200,"X",1.6,4,4,"MIC",0.0522,0.00222430123859157,0.26088792058916,20000,10000,TRUE
200,"X",1.6,4,4,"BET",0.4607,0.00498453117153459,44,20000,10000,TRUE
200,"X",1.6,4,4,"BEAST",0.4854,0.00499786794543433,0.332601664907329,20000,10000,TRUE
200,"X",1.6,4,4,"xi",0.1112,0.00314379643106865,0.0877521938048451,20000,10000,TRUE
200,"X",1.6,4,4,"HHG_fast",0.775,0.00417582327212252,0.11336620243656,20000,10000,TRUE
200,"X",1.7,4,4,"B_n",0.7693,0.00421280797093815,26.4583645071358,20000,10000,TRUE
200,"X",1.7,4,4,"P_n",0.7644,0.0042437323195508,26.3022954057449,20000,10000,TRUE
200,"X",1.7,4,4,"Hoeffding",0.118,0.00322608121410482,0.00473650872972991,20000,10000,TRUE
200,"X",1.7,4,4,"dCov",0.1613,0.0036780743603141,0.164411777795294,5000,10000,FALSE
200,"X",1.7,4,4,"HHG",0.7829,0.00412271257790305,56770.385828609,5000,10000,FALSE
200,"X",1.7,4,4,"Genest",0.11,0.0031288975694324,0.0582888632014119,20000,10000,TRUE
200,"X",1.7,4,4,"MIC",0.0496,0.00217117111255654,0.26088792058916,20000,10000,TRUE
200,"X",1.7,4,4,"BET",0.3568,0.00479055069903242,44,20000,10000,TRUE
200,"X",1.7,4,4,"BEAST",0.3878,0.00487248560798285,0.332601664907329,20000,10000,TRUE
200,"X",1.7,4,4,"xi",0.1011,0.00301461092016864,0.0877521938048451,20000,10000,TRUE
200,"X",1.7,4,4,"HHG_fast",0.6693,0.00470465205939823,0.11336620243656,20000,10000,TRUE
200,"X",1.8,4,4,"B_n",0.6846,0.00464674983187174,26.4583645071358,20000,10000,TRUE
200,"X",1.8,4,4,"P_n",0.68,0.00466476151587624,26.3022954057449,20000,10000,TRUE
200,"X",1.8,4,4,"Hoeffding",0.1029,0.00303828224495355,0.00473650872972991,20000,10000,TRUE
200,"X",1.8,4,4,"dCov",0.126,0.00331849363416596,0.16618337996256,5000,10000,FALSE
200,"X",1.8,4,4,"HHG",0.6751,0.0046833747447754,57637.9325922177,5000,10000,FALSE
200,"X",1.8,4,4,"Genest",0.0966,0.00295412322017887,0.0582888632014119,20000,10000,TRUE
200,"X",1.8,4,4,"MIC",0.052,0.00222027025382047,0.26088792058916,20000,10000,TRUE
200,"X",1.8,4,4,"BET",0.2791,0.00448556785702769,44,20000,10000,TRUE
200,"X",1.8,4,4,"BEAST",0.3114,0.00463065913234822,0.332601664907329,20000,10000,TRUE
200,"X",1.8,4,4,"xi",0.0943,0.00292245632987047,0.0877521938048451,20000,10000,TRUE
200,"X",1.8,4,4,"HHG_fast",0.5794,0.00493655385871561,0.11336620243656,20000,10000,TRUE
200,"X",1.9,4,4,"B_n",0.5931,0.00491255931261903,26.4583645071358,20000,10000,TRUE
200,"X",1.9,4,4,"P_n",0.5874,0.00492301980495712,26.3022954057449,20000,10000,TRUE
200,"X",1.9,4,4,"Hoeffding",0.0983,0.00297719851538321,0.00473650872972991,20000,10000,TRUE
200,"X",1.9,4,4,"dCov",0.1149,0.00318901222951559,0.166431496022018,5000,10000,FALSE
200,"X",1.9,4,4,"HHG",0.5938,0.00491122754512556,57269.9741957901,5000,10000,FALSE
200,"X",1.9,4,4,"Genest",0.0891,0.00284888030636599,0.0582888632014119,20000,10000,TRUE
200,"X",1.9,4,4,"MIC",0.0513,0.00220608952674183,0.26088792058916,20000,10000,TRUE
200,"X",1.9,4,4,"BET",0.2078,0.00405732867783718,44,20000,10000,TRUE
200,"X",1.9,4,4,"BEAST",0.2493,0.00432607801594007,0.332601664907329,20000,10000,TRUE
200,"X",1.9,4,4,"xi",0.084,0.00277387815161373,0.0877521938048451,20000,10000,TRUE
200,"X",1.9,4,4,"HHG_fast",0.4871,0.00499833562298491,0.11336620243656,20000,10000,TRUE
200,"X",2,4,4,"B_n",0.5218,0.00499524533932018,26.4583645071358,20000,10000,TRUE
200,"X",2,4,4,"P_n",0.5185,0.0049965763278469,26.3022954057449,20000,10000,TRUE
200,"X",2,4,4,"Hoeffding",0.0913,0.00288035258258429,0.00473650872972991,20000,10000,TRUE
200,"X",2,4,4,"dCov",0.0962,0.0029486532519101,0.168338570910636,5000,10000,FALSE
200,"X",2,4,4,"HHG",0.5087,0.00499924304270156,57788.5569679658,5000,10000,FALSE
200,"X",2,4,4,"Genest",0.0824,0.00274973162326799,0.0582888632014119,20000,10000,TRUE
200,"X",2,4,4,"MIC",0.0486,0.00215030323442997,0.26088792058916,20000,10000,TRUE
200,"X",2,4,4,"BET",0.1662,0.0037226007038091,44,20000,10000,TRUE
200,"X",2,4,4,"BEAST",0.208,0.00405876828606906,0.332601664907329,20000,10000,TRUE
200,"X",2,4,4,"xi",0.0828,0.00275579679947561,0.0877521938048451,20000,10000,TRUE
200,"X",2,4,4,"HHG_fast",0.4211,0.00493735546623899,0.11336620243656,20000,10000,TRUE
200,"diamond",0.1,4,4,"B_n",1,0,26.4583645071358,20000,10000,TRUE
200,"diamond",0.1,4,4,"P_n",1,0,26.3022954057449,20000,10000,TRUE
200,"diamond",0.1,4,4,"Hoeffding",0.9997,0.000173179098045915,0.00473650872972991,20000,10000,TRUE
200,"diamond",0.1,4,4,"dCov",0.9985,0.00038700775186034,0.169405528132599,5000,10000,FALSE
200,"diamond",0.1,4,4,"HHG",1,0,56584.600978519,5000,10000,FALSE
200,"diamond",0.1,4,4,"Genest",0.9607,0.00194307771331977,0.0582888632014119,20000,10000,TRUE
200,"diamond",0.1,4,4,"MIC",0.7197,0.00449145755852151,0.26088792058916,20000,10000,TRUE
200,"diamond",0.1,4,4,"BET",0.0012,0.000346202253025598,44,20000,10000,TRUE
200,"diamond",0.1,4,4,"BEAST",1,0,0.332601664907329,20000,10000,TRUE
200,"diamond",0.1,4,4,"xi",0.6205,0.00485262557797323,0.0877521938048451,20000,10000,TRUE
200,"diamond",0.1,4,4,"HHG_fast",1,0,0.11336620243656,20000,10000,TRUE
200,"diamond",0.2,4,4,"B_n",1,0,26.4583645071358,20000,10000,TRUE
200,"diamond",0.2,4,4,"P_n",1,0,26.3022954057449,20000,10000,TRUE
200,"diamond",0.2,4,4,"Hoeffding",0.9993,0.000264482513599677,0.00473650872972991,20000,10000,TRUE
200,"diamond",0.2,4,4,"dCov",0.998,0.000446766158073774,0.168475726161742,5000,10000,FALSE
200,"diamond",0.2,4,4,"HHG",1,0,57502.2106080804,5000,10000,FALSE
200,"diamond",0.2,4,4,"Genest",0.9379,0.00241337087908179,0.0582888632014119,20000,10000,TRUE
200,"diamond",0.2,4,4,"MIC",0.601,0.00489692760820497,0.26088792058916,20000,10000,TRUE
200,"diamond",0.2,4,4,"BET",0.0011,0.000331480014480511,44,20000,10000,TRUE
200,"diamond",0.2,4,4,"BEAST",1,0,0.332601664907329,20000,10000,TRUE
200,"diamond",0.2,4,4,"xi",0.5765,0.00494113094341771,0.0877521938048451,20000,10000,TRUE
200,"diamond",0.2,4,4,"HHG_fast",1,0,0.11336620243656,20000,10000,TRUE
200,"diamond",0.3,4,4,"B_n",1,0,26.4583645071358,20000,10000,TRUE
200,"diamond",0.3,4,4,"P_n",1,0,26.3022954057449,20000,10000,TRUE
200,"diamond",0.3,4,4,"Hoeffding",0.9971,0.000537735064878609,0.00473650872972991,20000,10000,TRUE
200,"diamond",0.3,4,4,"dCov",0.9961,0.000623280835578956,0.1674464467767,5000,10000,FALSE
200,"diamond",0.3,4,4,"HHG",1,0,56751.9442003058,5000,10000,FALSE
200,"diamond",0.3,4,4,"Genest",0.8872,0.00316348162630985,0.0582888632014119,20000,10000,TRUE
200,"diamond",0.3,4,4,"MIC",0.445,0.0049696579359147,0.26088792058916,20000,10000,TRUE
200,"diamond",0.3,4,4,"BET",1e-04,9.99949998749937e-05,44,20000,10000,TRUE
200,"diamond",0.3,4,4,"BEAST",1,0,0.332601664907329,20000,10000,TRUE
200,"diamond",0.3,4,4,"xi",0.5221,0.00499511351222372,0.0877521938048451,20000,10000,TRUE
200,"diamond",0.3,4,4,"HHG_fast",1,0,0.11336620243656,20000,10000,TRUE
200,"diamond",0.4,4,4,"B_n",1,0,26.4583645071358,20000,10000,TRUE
200,"diamond",0.4,4,4,"P_n",1,0,26.3022954057449,20000,10000,TRUE
200,"diamond",0.4,4,4,"Hoeffding",0.9893,0.00102885907684192,0.00473650872972991,20000,10000,TRUE
200,"diamond",0.4,4,4,"dCov",0.9902,0.000985086798206129,0.167466274473266,5000,10000,FALSE
200,"diamond",0.4,4,4,"HHG",1,0,57139.6517752794,5000,10000,FALSE
200,"diamond",0.4,4,4,"Genest",0.8092,0.00392931749798868,0.0582888632014119,20000,10000,TRUE
200,"diamond",0.4,4,4,"MIC",0.3001,0.00458301200085708,0.26088792058916,20000,10000,TRUE
200,"diamond",0.4,4,4,"BET",2e-04,0.000141407213394508,44,20000,10000,TRUE
200,"diamond",0.4,4,4,"BEAST",1,0,0.332601664907329,20000,10000,TRUE
200,"diamond",0.4,4,4,"xi",0.4697,0.00499081065559494,0.0877521938048451,20000,10000,TRUE
200,"diamond",0.4,4,4,"HHG_fast",1,0,0.11336620243656,20000,10000,TRUE
200,"diamond",0.5,4,4,"B_n",1,0,26.4583645071358,20000,10000,TRUE
200,"diamond",0.5,4,4,"P_n",1,0,26.3022954057449,20000,10000,TRUE
200,"diamond",0.5,4,4,"Hoeffding",0.9539,0.00209701669044383,0.00473650872972991,20000,10000,TRUE
200,"diamond",0.5,4,4,"dCov",0.9707,0.00168646108760327,0.167334950464718,5000,10000,FALSE
200,"diamond",0.5,4,4,"HHG",1,0,58001.724322732,5000,10000,FALSE
200,"diamond",0.5,4,4,"Genest",0.6959,0.00460025205831159,0.0582888632014119,20000,10000,TRUE
200,"diamond",0.5,4,4,"MIC",0.2153,0.00411030303019133,0.26088792058916,20000,10000,TRUE
200,"diamond",0.5,4,4,"BET",7e-04,0.000264482513599671,44,20000,10000,TRUE
200,"diamond",0.5,4,4,"BEAST",1,0,0.332601664907329,20000,10000,TRUE
200,"diamond",0.5,4,4,"xi",0.4265,0.00494568246049016,0.0877521938048451,20000,10000,TRUE
200,"diamond",0.5,4,4,"HHG_fast",1,0,0.11336620243656,20000,10000,TRUE
200,"diamond",0.6,4,4,"B_n",1,0,26.4583645071358,20000,10000,TRUE
200,"diamond",0.6,4,4,"P_n",1,0,26.3022954057449,20000,10000,TRUE
200,"diamond",0.6,4,4,"Hoeffding",0.877,0.00328437208610718,0.00473650872972991,20000,10000,TRUE
200,"diamond",0.6,4,4,"dCov",0.911,0.00284743744444018,0.168566660605142,5000,10000,FALSE
200,"diamond",0.6,4,4,"HHG",1,0,56605.0627341458,5000,10000,FALSE
200,"diamond",0.6,4,4,"Genest",0.5637,0.00495925710162319,0.0582888632014119,20000,10000,TRUE
200,"diamond",0.6,4,4,"MIC",0.1471,0.00354205575901905,0.26088792058916,20000,10000,TRUE
200,"diamond",0.6,4,4,"BET",3e-04,0.000173179098045925,44,20000,10000,TRUE
200,"diamond",0.6,4,4,"BEAST",0.999,0.000316069612585582,0.332601664907329,20000,10000,TRUE
200,"diamond",0.6,4,4,"xi",0.36,0.0048,0.0877521938048451,20000,10000,TRUE
200,"diamond",0.6,4,4,"HHG_fast",1,0,0.11336620243656,20000,10000,TRUE
200,"diamond",0.7,4,4,"B_n",1,0,26.4583645071358,20000,10000,TRUE
200,"diamond",0.7,4,4,"P_n",1,0,26.3022954057449,20000,10000,TRUE
200,"diamond",0.7,4,4,"Hoeffding",0.7422,0.00437423318994312,0.00473650872972991,20000,10000,TRUE
200,"diamond",0.7,4,4,"dCov",0.8186,0.00385349244192849,0.1684276355291,5000,10000,FALSE
200,"diamond",0.7,4,4,"HHG",1,0,57202.867156919,5000,10000,FALSE
200,"diamond",0.7,4,4,"Genest",0.443,0.00496740374843841,0.0582888632014119,20000,10000,TRUE
200,"diamond",0.7,4,4,"MIC",0.1115,0.003147502978553,0.26088792058916,20000,10000,TRUE
200,"diamond",0.7,4,4,"BET",0.0015,0.000387007751860347,44,20000,10000,TRUE
200,"diamond",0.7,4,4,"BEAST",0.9988,0.000346202253025595,0.332601664907329,20000,10000,TRUE
200,"diamond",0.7,4,4,"xi",0.3086,0.00461915620000017,0.0877521938048451,20000,10000,TRUE
200,"diamond",0.7,4,4,"HHG_fast",1,0,0.11336620243656,20000,10000,TRUE
200,"diamond",0.8,4,4,"B_n",1,0,26.4583645071358,20000,10000,TRUE
200,"diamond",0.8,4,4,"P_n",1,0,26.3022954057449,20000,10000,TRUE
200,"diamond",0.8,4,4,"Hoeffding",0.5788,0.00493751516453367,0.00473650872972991,20000,10000,TRUE
200,"diamond",0.8,4,4,"dCov",0.7566,0.00429134524362699,0.164755432603675,5000,10000,FALSE
200,"diamond",0.8,4,4,"HHG",0.9999,9.99949998749882e-05,57162.5261556949,5000,10000,FALSE
200,"diamond",0.8,4,4,"Genest",0.331,0.00470573054902212,0.0582888632014119,20000,10000,TRUE
200,"diamond",0.8,4,4,"MIC",0.0849,0.0027873282906755,0.26088792058916,20000,10000,TRUE
200,"diamond",0.8,4,4,"BET",7e-04,0.000264482513599671,44,20000,10000,TRUE
200,"diamond",0.8,4,4,"BEAST",0.9929,0.00083961836568765,0.332601664907329,20000,10000,TRUE
200,"diamond",0.8,4,4,"xi",0.2691,0.00443492040514821,0.0877521938048451,20000,10000,TRUE
200,"diamond",0.8,4,4,"HHG_fast",1,0,0.11336620243656,20000,10000,TRUE
200,"diamond",0.9,4,4,"B_n",0.9997,0.000173179098045915,26.4583645071358,20000,10000,TRUE
200,"diamond",0.9,4,4,"P_n",0.9997,0.000173179098045915,26.3022954057449,20000,10000,TRUE
200,"diamond",0.9,4,4,"Hoeffding",0.4287,0.00494890199943381,0.00473650872972991,20000,10000,TRUE
200,"diamond",0.9,4,4,"dCov",0.5751,0.00494327816332441,0.166838587370299,5000,10000,FALSE
200,"diamond",0.9,4,4,"HHG",0.9999,9.99949998749882e-05,57126.3496483123,5000,10000,FALSE
200,"diamond",0.9,4,4,"Genest",0.2519,0.0043410412345427,0.0582888632014119,20000,10000,TRUE
200,"diamond",0.9,4,4,"MIC",0.0719,0.00258322259977726,0.26088792058916,20000,10000,TRUE
200,"diamond",0.9,4,4,"BET",0.0024,0.000489309717867937,44,20000,10000,TRUE
200,"diamond",0.9,4,4,"BEAST",0.9801,0.00139656686198692,0.332601664907329,20000,10000,TRUE
200,"diamond",0.9,4,4,"xi",0.2335,0.00423057620189023,0.0877521938048451,20000,10000,TRUE
200,"diamond",0.9,4,4,"HHG_fast",0.9997,0.000173179098045915,0.11336620243656,20000,10000,TRUE
200,"diamond",1,4,4,"B_n",0.9991,0.000299864969611326,26.4583645071358,20000,10000,TRUE
200,"diamond",1,4,4,"P_n",0.999,0.000316069612585582,26.3022954057449,20000,10000,TRUE
200,"diamond",1,4,4,"Hoeffding",0.2962,0.00456580288667831,0.00473650872972991,20000,10000,TRUE
200,"diamond",1,4,4,"dCov",0.4397,0.00496350591819935,0.166484196515761,5000,10000,FALSE
200,"diamond",1,4,4,"HHG",0.9995,0.000223550889061069,56834.4381516462,5000,10000,FALSE
200,"diamond",1,4,4,"Genest",0.1933,0.00394886198796565,0.0582888632014119,20000,10000,TRUE
200,"diamond",1,4,4,"MIC",0.0637,0.00244217751197574,0.26088792058916,20000,10000,TRUE
200,"diamond",1,4,4,"BET",0.0051,0.000712319450808414,44,20000,10000,TRUE
200,"diamond",1,4,4,"BEAST",0.9482,0.00221623013245466,0.332601664907329,20000,10000,TRUE
200,"diamond",1,4,4,"xi",0.1974,0.00398036731973319,0.0877521938048451,20000,10000,TRUE
200,"diamond",1,4,4,"HHG_fast",0.9976,0.000489309717867933,0.11336620243656,20000,10000,TRUE
200,"diamond",1.1,4,4,"B_n",0.9955,0.000669309345519689,26.4583645071358,20000,10000,TRUE
200,"diamond",1.1,4,4,"P_n",0.9953,0.000683952483729684,26.3022954057449,20000,10000,TRUE
200,"diamond",1.1,4,4,"Hoeffding",0.2129,0.00409357533215159,0.00473650872972991,20000,10000,TRUE
200,"diamond",1.1,4,4,"dCov",0.3348,0.00471920501779696,0.166475606408022,5000,10000,FALSE
200,"diamond",1.1,4,4,"HHG",0.9976,0.000489309717867933,56935.1958257961,5000,10000,FALSE
200,"diamond",1.1,4,4,"Genest",0.1553,0.00362190433335835,0.0582888632014119,20000,10000,TRUE
200,"diamond",1.1,4,4,"MIC",0.0598,0.00237115921017548,0.26088792058916,20000,10000,TRUE
200,"diamond",1.1,4,4,"BET",0.0077,0.000874111548945557,44,20000,10000,TRUE
200,"diamond",1.1,4,4,"BEAST",0.906,0.00291828716887149,0.332601664907329,20000,10000,TRUE
200,"diamond",1.1,4,4,"xi",0.1745,0.00379538864940074,0.0877521938048451,20000,10000,TRUE
200,"diamond",1.1,4,4,"HHG_fast",0.9929,0.00083961836568765,0.11336620243656,20000,10000,TRUE
200,"diamond",1.2,4,4,"B_n",0.987,0.00113274004078606,26.4583645071358,20000,10000,TRUE
200,"diamond",1.2,4,4,"P_n",0.9854,0.00119945154133045,26.3022954057449,20000,10000,TRUE
200,"diamond",1.2,4,4,"Hoeffding",0.1573,0.00364083383306627,0.00473650872972991,20000,10000,TRUE
200,"diamond",1.2,4,4,"dCov",0.2274,0.00419153003090757,0.16818180633958,5000,10000,FALSE
200,"diamond",1.2,4,4,"HHG",0.9894,0.00102409179276079,57724.7318525142,5000,10000,FALSE
200,"diamond",1.2,4,4,"Genest",0.1296,0.00335862829143089,0.0582888632014119,20000,10000,TRUE
200,"diamond",1.2,4,4,"MIC",0.0561,0.00230114732253283,0.26088792058916,20000,10000,TRUE
200,"diamond",1.2,4,4,"BET",0.0103,0.00100964894889263,44,20000,10000,TRUE
200,"diamond",1.2,4,4,"BEAST",0.8387,0.0036780743603141,0.332601664907329,20000,10000,TRUE
200,"diamond",1.2,4,4,"xi",0.1526,0.00359601501665385,0.0877521938048451,20000,10000,TRUE
200,"diamond",1.2,4,4,"HHG_fast",0.9772,0.00149265401215419,0.11336620243656,20000,10000,TRUE
200,"diamond",1.3,4,4,"B_n",0.9664,0.00180197225283854,26.4583645071358,20000,10000,TRUE
200,"diamond",1.3,4,4,"P_n",0.9634,0.00187777634450964,26.3022954057449,20000,10000,TRUE
200,"diamond",1.3,4,4,"Hoeffding",0.1187,0.00323435171247655,0.00473650872972991,20000,10000,TRUE
200,"diamond",1.3,4,4,"dCov",0.1864,0.00389429120636863,0.16685280829821,5000,10000,FALSE
200,"diamond",1.3,4,4,"HHG",0.9771,0.00149584725156013,56841.9334190675,5000,10000,FALSE
200,"diamond",1.3,4,4,"Genest",0.11,0.0031288975694324,0.0582888632014119,20000,10000,TRUE
200,"diamond",1.3,4,4,"MIC",0.0527,0.00223433905215838,0.26088792058916,20000,10000,TRUE
200,"diamond",1.3,4,4,"BET",0.0098,0.000985086798206128,44,20000,10000,TRUE
200,"diamond",1.3,4,4,"BEAST",0.7502,0.00432897170237921,0.332601664907329,20000,10000,TRUE
200,"diamond",1.3,4,4,"xi",0.1274,0.00333420515265633,0.0877521938048451,20000,10000,TRUE
200,"diamond",1.3,4,4,"HHG_fast",0.9534,0.00210780549387271,0.11336620243656,20000,10000,TRUE
200,"diamond",1.4,4,4,"B_n",0.9231,0.0026643271195557,26.4583645071358,20000,10000,TRUE
200,"diamond",1.4,4,4,"P_n",0.9177,0.00274821232804163,26.3022954057449,20000,10000,TRUE
200,"diamond",1.4,4,4,"Hoeffding",0.0952,0.00293490987936597,0.00473650872972991,20000,10000,TRUE
200,"diamond",1.4,4,4,"dCov",0.1342,0.00340867070864875,0.167804534959874,5000,10000,FALSE
200,"diamond",1.4,4,4,"HHG",0.938,0.00241155551460048,57583.320166302,5000,10000,FALSE
200,"diamond",1.4,4,4,"Genest",0.091,0.00287609109730551,0.0582888632014119,20000,10000,TRUE
200,"diamond",1.4,4,4,"MIC",0.0583,0.00234309858947506,0.26088792058916,20000,10000,TRUE
200,"diamond",1.4,4,4,"BET",0.0139,0.00117076000956644,44,20000,10000,TRUE
200,"diamond",1.4,4,4,"BEAST",0.6593,0.00473944627567398,0.332601664907329,20000,10000,TRUE
200,"diamond",1.4,4,4,"xi",0.1201,0.00325078436688747,0.0877521938048451,20000,10000,TRUE
200,"diamond",1.4,4,4,"HHG_fast",0.9054,0.00292661647641094,0.11336620243656,20000,10000,TRUE
200,"diamond",1.5,4,4,"B_n",0.8721,0.00333978427447043,26.4583645071358,20000,10000,TRUE
200,"diamond",1.5,4,4,"P_n",0.8651,0.00341616729684013,26.3022954057449,20000,10000,TRUE
200,"diamond",1.5,4,4,"Hoeffding",0.0808,0.00272527723360395,0.00473650872972991,20000,10000,TRUE
200,"diamond",1.5,4,4,"dCov",0.1328,0.00339358453556118,0.165303721893899,5000,10000,FALSE
200,"diamond",1.5,4,4,"HHG",0.8869,0.00316714998066085,57972.9379605976,5000,10000,FALSE
200,"diamond",1.5,4,4,"Genest",0.0839,0.00277237786024921,0.0582888632014119,20000,10000,TRUE
200,"diamond",1.5,4,4,"MIC",0.0592,0.00235998644063901,0.26088792058916,20000,10000,TRUE
200,"diamond",1.5,4,4,"BET",0.0162,0.00126244049364713,44,20000,10000,TRUE
200,"diamond",1.5,4,4,"BEAST",0.5707,0.00494976272158575,0.332601664907329,20000,10000,TRUE
200,"diamond",1.5,4,4,"xi",0.1063,0.00308221203034444,0.0877521938048451,20000,10000,TRUE
200,"diamond",1.5,4,4,"HHG_fast",0.8479,0.00359117794045352,0.11336620243656,20000,10000,TRUE
200,"diamond",1.6,4,4,"B_n",0.7952,0.00403555398923122,26.4583645071358,20000,10000,TRUE
200,"diamond",1.6,4,4,"P_n",0.7875,0.00409076704298839,26.3022954057449,20000,10000,TRUE
200,"diamond",1.6,4,4,"Hoeffding",0.0703,0.00255651931344162,0.00473650872972991,20000,10000,TRUE
200,"diamond",1.6,4,4,"dCov",0.1188,0.00323553025020629,0.163715422492466,5000,10000,FALSE
200,"diamond",1.6,4,4,"HHG",0.846,0.00360948749824681,56428.6149155051,5000,10000,FALSE
200,"diamond",1.6,4,4,"Genest",0.0802,0.00271602577307359,0.0582888632014119,20000,10000,TRUE
200,"diamond",1.6,4,4,"MIC",0.056,0.00229921725811199,0.26088792058916,20000,10000,TRUE
200,"diamond",1.6,4,4,"BET",0.0155,0.00123530360640613,44,20000,10000,TRUE
200,"diamond",1.6,4,4,"BEAST",0.4782,0.00499524533932018,0.332601664907329,20000,10000,TRUE
200,"diamond",1.6,4,4,"xi",0.103,0.00303958878797774,0.0877521938048451,20000,10000,TRUE
200,"diamond",1.6,4,4,"HHG_fast",0.7682,0.0042198194274163,0.11336620243656,20000,10000,TRUE
200,"diamond",1.7,4,4,"B_n",0.7121,0.00452784264302548,26.4583645071358,20000,10000,TRUE
200,"diamond",1.7,4,4,"P_n",0.7039,0.004565356393536,26.3022954057449,20000,10000,TRUE
200,"diamond",1.7,4,4,"Hoeffding",0.0625,0.00242061459137964,0.00473650872972991,20000,10000,TRUE
200,"diamond",1.7,4,4,"dCov",0.089,0.00284743744444018,0.166200293500641,5000,10000,FALSE
200,"diamond",1.7,4,4,"HHG",0.75,0.00433012701892219,57320.7487146587,5000,10000,FALSE
200,"diamond",1.7,4,4,"Genest",0.0681,0.002519174269478,0.0582888632014119,20000,10000,TRUE
200,"diamond",1.7,4,4,"MIC",0.0537,0.00225424732449658,0.26088792058916,20000,10000,TRUE
200,"diamond",1.7,4,4,"BET",0.0188,0.00135818113666771,44,20000,10000,TRUE
200,"diamond",1.7,4,4,"BEAST",0.4082,0.00491500518819665,0.332601664907329,20000,10000,TRUE
200,"diamond",1.7,4,4,"xi",0.0878,0.00283003816228686,0.0877521938048451,20000,10000,TRUE
200,"diamond",1.7,4,4,"HHG_fast",0.6954,0.00460237808094902,0.11336620243656,20000,10000,TRUE
200,"diamond",1.8,4,4,"B_n",0.6354,0.00481317816001029,26.4583645071358,20000,10000,TRUE
200,"diamond",1.8,4,4,"P_n",0.6245,0.00484251742381997,26.3022954057449,20000,10000,TRUE
200,"diamond",1.8,4,4,"Hoeffding",0.0621,0.00241337087908179,0.00473650872972991,20000,10000,TRUE
200,"diamond",1.8,4,4,"dCov",0.0812,0.00273142014344187,0.166496219036671,5000,10000,FALSE
200,"diamond",1.8,4,4,"HHG",0.6824,0.00465542951831515,57022.1678349931,5000,10000,FALSE
200,"diamond",1.8,4,4,"Genest",0.0674,0.00250713461944109,0.0582888632014119,20000,10000,TRUE
200,"diamond",1.8,4,4,"MIC",0.0509,0.00219793516737869,0.26088792058916,20000,10000,TRUE
200,"diamond",1.8,4,4,"BET",0.0204,0.00141364210463611,44,20000,10000,TRUE
200,"diamond",1.8,4,4,"BEAST",0.3486,0.00476527061141338,0.332601664907329,20000,10000,TRUE
200,"diamond",1.8,4,4,"xi",0.0859,0.00280216327147438,0.0877521938048451,20000,10000,TRUE
200,"diamond",1.8,4,4,"HHG_fast",0.6215,0.00485013144151785,0.11336620243656,20000,10000,TRUE
200,"diamond",1.9,4,4,"B_n",0.5519,0.0049729909511279,26.4583645071358,20000,10000,TRUE
200,"diamond",1.9,4,4,"P_n",0.5444,0.0049802473834138,26.3022954057449,20000,10000,TRUE
200,"diamond",1.9,4,4,"Hoeffding",0.0542,0.00226411925480969,0.00473650872972991,20000,10000,TRUE
200,"diamond",1.9,4,4,"dCov",0.0792,0.00270050661913649,0.164991781731714,5000,10000,FALSE
200,"diamond",1.9,4,4,"HHG",0.5915,0.0049155645657442,57156.5238239844,5000,10000,FALSE
200,"diamond",1.9,4,4,"Genest",0.0625,0.00242061459137964,0.0582888632014119,20000,10000,TRUE
200,"diamond",1.9,4,4,"MIC",0.0598,0.00237115921017548,0.26088792058916,20000,10000,TRUE
200,"diamond",1.9,4,4,"BET",0.023,0.00149903302165096,44,20000,10000,TRUE
200,"diamond",1.9,4,4,"BEAST",0.3022,0.00459211454560968,0.332601664907329,20000,10000,TRUE
200,"diamond",1.9,4,4,"xi",0.0811,0.00272988626136695,0.0877521938048451,20000,10000,TRUE
200,"diamond",1.9,4,4,"HHG_fast",0.5437,0.00498086649088289,0.11336620243656,20000,10000,TRUE
200,"diamond",2,4,4,"B_n",0.4797,0.00499587740041727,26.4583645071358,20000,10000,TRUE
200,"diamond",2,4,4,"P_n",0.4719,0.00499209765529482,26.3022954057449,20000,10000,TRUE
200,"diamond",2,4,4,"Hoeffding",0.0527,0.00223433905215838,0.00473650872972991,20000,10000,TRUE
200,"diamond",2,4,4,"dCov",0.0615,0.00240245187256686,0.167636280667149,5000,10000,FALSE
200,"diamond",2,4,4,"HHG",0.5096,0.00499907831504969,57398.4756216087,5000,10000,FALSE
200,"diamond",2,4,4,"Genest",0.058,0.00233743449106066,0.0582888632014119,20000,10000,TRUE
200,"diamond",2,4,4,"MIC",0.0539,0.00225820260384227,0.26088792058916,20000,10000,TRUE
200,"diamond",2,4,4,"BET",0.0229,0.00149584725156013,44,20000,10000,TRUE
200,"diamond",2,4,4,"BEAST",0.2594,0.00438305418629521,0.332601664907329,20000,10000,TRUE
200,"diamond",2,4,4,"xi",0.0763,0.0026547751317202,0.0877521938048451,20000,10000,TRUE
200,"diamond",2,4,4,"HHG_fast",0.4733,0.00499286601061955,0.11336620243656,20000,10000,TRUE
200,"heteroscedastic",0.1,4,4,"B_n",1,0,26.4583645071358,20000,10000,TRUE
200,"heteroscedastic",0.1,4,4,"P_n",1,0,26.3022954057449,20000,10000,TRUE
200,"heteroscedastic",0.1,4,4,"Hoeffding",1,0,0.00473650872972991,20000,10000,TRUE
200,"heteroscedastic",0.1,4,4,"dCov",1,0,0.17409491783501,5000,10000,FALSE
200,"heteroscedastic",0.1,4,4,"HHG",1,0,55699.2764432951,5000,10000,FALSE
200,"heteroscedastic",0.1,4,4,"Genest",1,0,0.0582888632014119,20000,10000,TRUE
200,"heteroscedastic",0.1,4,4,"MIC",0.9999,9.99949998749882e-05,0.26088792058916,20000,10000,TRUE
200,"heteroscedastic",0.1,4,4,"BET",1,0,44,20000,10000,TRUE
200,"heteroscedastic",0.1,4,4,"BEAST",1,0,0.332601664907329,20000,10000,TRUE
200,"heteroscedastic",0.1,4,4,"xi",0.9999,9.99949998749882e-05,0.0877521938048451,20000,10000,TRUE
200,"heteroscedastic",0.1,4,4,"HHG_fast",1,0,0.11336620243656,20000,10000,TRUE
200,"heteroscedastic",0.2,4,4,"B_n",1,0,26.4583645071358,20000,10000,TRUE
200,"heteroscedastic",0.2,4,4,"P_n",1,0,26.3022954057449,20000,10000,TRUE
200,"heteroscedastic",0.2,4,4,"Hoeffding",1,0,0.00473650872972991,20000,10000,TRUE
200,"heteroscedastic",0.2,4,4,"dCov",1,0,0.174178288386657,5000,10000,FALSE
200,"heteroscedastic",0.2,4,4,"HHG",1,0,56130.0350877756,5000,10000,FALSE
200,"heteroscedastic",0.2,4,4,"Genest",1,0,0.0582888632014119,20000,10000,TRUE
200,"heteroscedastic",0.2,4,4,"MIC",0.9997,0.000173179098045915,0.26088792058916,20000,10000,TRUE
200,"heteroscedastic",0.2,4,4,"BET",0.9998,0.0001414072133945,44,20000,10000,TRUE
200,"heteroscedastic",0.2,4,4,"BEAST",1,0,0.332601664907329,20000,10000,TRUE
200,"heteroscedastic",0.2,4,4,"xi",0.999,0.000316069612585582,0.0877521938048451,20000,10000,TRUE
200,"heteroscedastic",0.2,4,4,"HHG_fast",1,0,0.11336620243656,20000,10000,TRUE
200,"heteroscedastic",0.3,4,4,"B_n",1,0,26.4583645071358,20000,10000,TRUE
200,"heteroscedastic",0.3,4,4,"P_n",1,0,26.3022954057449,20000,10000,TRUE
200,"heteroscedastic",0.3,4,4,"Hoeffding",0.9999,9.99949998749882e-05,0.00473650872972991,20000,10000,TRUE
200,"heteroscedastic",0.3,4,4,"dCov",1,0,0.173883230519214,5000,10000,FALSE
200,"heteroscedastic",0.3,4,4,"HHG",1,0,56377.0178554148,5000,10000,FALSE
200,"heteroscedastic",0.3,4,4,"Genest",0.9999,9.99949998749882e-05,0.0582888632014119,20000,10000,TRUE
200,"heteroscedastic",0.3,4,4,"MIC",0.9987,0.00036032069049667,0.26088792058916,20000,10000,TRUE
200,"heteroscedastic",0.3,4,4,"BET",0.9982,0.000423882059068324,44,20000,10000,TRUE
200,"heteroscedastic",0.3,4,4,"BEAST",0.9996,0.000199959995999189,0.332601664907329,20000,10000,TRUE
200,"heteroscedastic",0.3,4,4,"xi",0.9896,0.00101448706250992,0.0877521938048451,20000,10000,TRUE
200,"heteroscedastic",0.3,4,4,"HHG_fast",1,0,0.11336620243656,20000,10000,TRUE
200,"heteroscedastic",0.4,4,4,"B_n",1,0,26.4583645071358,20000,10000,TRUE
200,"heteroscedastic",0.4,4,4,"P_n",1,0,26.3022954057449,20000,10000,TRUE
200,"heteroscedastic",0.4,4,4,"Hoeffding",0.9997,0.000173179098045915,0.00473650872972991,20000,10000,TRUE
200,"heteroscedastic",0.4,4,4,"dCov",1,0,0.172299244822012,5000,10000,FALSE
200,"heteroscedastic",0.4,4,4,"HHG",1,0,56363.1620456211,5000,10000,FALSE
200,"heteroscedastic",0.4,4,4,"Genest",0.9998,0.0001414072133945,0.0582888632014119,20000,10000,TRUE
200,"heteroscedastic",0.4,4,4,"MIC",0.9912,0.00093394646527518,0.26088792058916,20000,10000,TRUE
200,"heteroscedastic",0.4,4,4,"BET",0.9803,0.00138967298311509,44,20000,10000,TRUE
200,"heteroscedastic",0.4,4,4,"BEAST",0.9938,0.000784956049725078,0.332601664907329,20000,10000,TRUE
200,"heteroscedastic",0.4,4,4,"xi",0.9558,0.00205539193342778,0.0877521938048451,20000,10000,TRUE
200,"heteroscedastic",0.4,4,4,"HHG_fast",1,0,0.11336620243656,20000,10000,TRUE
200,"heteroscedastic",0.5,4,4,"B_n",0.9997,0.000173179098045915,26.4583645071358,20000,10000,TRUE
200,"heteroscedastic",0.5,4,4,"P_n",0.9997,0.000173179098045915,26.3022954057449,20000,10000,TRUE
200,"heteroscedastic",0.5,4,4,"Hoeffding",0.9929,0.00083961836568765,0.00473650872972991,20000,10000,TRUE
200,"heteroscedastic",0.5,4,4,"dCov",0.9999,9.99949998749882e-05,0.171984743737447,5000,10000,FALSE
200,"heteroscedastic",0.5,4,4,"HHG",1,0,55606.9743002666,5000,10000,FALSE
200,"heteroscedastic",0.5,4,4,"Genest",0.9923,0.000874111548945559,0.0582888632014119,20000,10000,TRUE
200,"heteroscedastic",0.5,4,4,"MIC",0.9691,0.00173046785581241,0.26088792058916,20000,10000,TRUE
200,"heteroscedastic",0.5,4,4,"BET",0.9255,0.0026258284407021,44,20000,10000,TRUE
200,"heteroscedastic",0.5,4,4,"BEAST",0.9632,0.00188270443777031,0.332601664907329,20000,10000,TRUE
200,"heteroscedastic",0.5,4,4,"xi",0.8887,0.00314503275022693,0.0877521938048451,20000,10000,TRUE
200,"heteroscedastic",0.5,4,4,"HHG_fast",0.9998,0.0001414072133945,0.11336620243656,20000,10000,TRUE
200,"heteroscedastic",0.6,4,4,"B_n",0.9977,0.00047903131421651,26.4583645071358,20000,10000,TRUE
200,"heteroscedastic",0.6,4,4,"P_n",0.9977,0.00047903131421651,26.3022954057449,20000,10000,TRUE
200,"heteroscedastic",0.6,4,4,"Hoeffding",0.957,0.00202857092555326,0.00473650872972991,20000,10000,TRUE
200,"heteroscedastic",0.6,4,4,"dCov",0.9991,0.000299864969611326,0.172199197108892,5000,10000,FALSE
200,"heteroscedastic",0.6,4,4,"HHG",1,0,56592.224355001,5000,10000,FALSE
200,"heteroscedastic",0.6,4,4,"Genest",0.9568,0.00203307058411655,0.0582888632014119,20000,10000,TRUE
200,"heteroscedastic",0.6,4,4,"MIC",0.8995,0.00300665511823355,0.26088792058916,20000,10000,TRUE
200,"heteroscedastic",0.6,4,4,"BET",0.8055,0.00395815297834735,44,20000,10000,TRUE
200,"heteroscedastic",0.6,4,4,"BEAST",0.8851,0.00318901222951559,0.332601664907329,20000,10000,TRUE
200,"heteroscedastic",0.6,4,4,"xi",0.7647,0.00424186173749216,0.0877521938048451,20000,10000,TRUE
200,"heteroscedastic",0.6,4,4,"HHG_fast",0.9957,0.000654332484292196,0.11336620243656,20000,10000,TRUE
200,"heteroscedastic",0.7,4,4,"B_n",0.9912,0.00093394646527518,26.4583645071358,20000,10000,TRUE
200,"heteroscedastic",0.7,4,4,"P_n",0.9901,0.000990049998737438,26.3022954057449,20000,10000,TRUE
200,"heteroscedastic",0.7,4,4,"Hoeffding",0.8702,0.00336083263492843,0.00473650872972991,20000,10000,TRUE
200,"heteroscedastic",0.7,4,4,"dCov",0.9931,0.000827791640450664,0.172731670523845,5000,10000,FALSE
200,"heteroscedastic",0.7,4,4,"HHG",0.9985,0.00038700775186034,57359.4683546562,5000,10000,FALSE
200,"heteroscedastic",0.7,4,4,"Genest",0.8708,0.00335421168085737,0.0582888632014119,20000,10000,TRUE
200,"heteroscedastic",0.7,4,4,"MIC",0.7873,0.00409217191720974,0.26088792058916,20000,10000,TRUE
200,"heteroscedastic",0.7,4,4,"BET",0.6514,0.00476527061141338,44,20000,10000,TRUE
200,"heteroscedastic",0.7,4,4,"BEAST",0.7627,0.00425427678930274,0.332601664907329,20000,10000,TRUE
200,"heteroscedastic",0.7,4,4,"xi",0.6328,0.00482041657950846,0.0877521938048451,20000,10000,TRUE
200,"heteroscedastic",0.7,4,4,"HHG_fast",0.9816,0.00134392856953039,0.11336620243656,20000,10000,TRUE
200,"heteroscedastic",0.8,4,4,"B_n",0.9742,0.00158538197290117,26.4583645071358,20000,10000,TRUE
200,"heteroscedastic",0.8,4,4,"P_n",0.9725,0.00163535164414263,26.3022954057449,20000,10000,TRUE
200,"heteroscedastic",0.8,4,4,"Hoeffding",0.742,0.0043753399867896,0.00473650872972991,20000,10000,TRUE
200,"heteroscedastic",0.8,4,4,"dCov",0.9763,0.00152112819972546,0.171946794186089,5000,10000,FALSE
200,"heteroscedastic",0.8,4,4,"HHG",0.995,0.000705336798983295,57266.879172941,5000,10000,FALSE
200,"heteroscedastic",0.8,4,4,"Genest",0.7378,0.00439830831115783,0.0582888632014119,20000,10000,TRUE
200,"heteroscedastic",0.8,4,4,"MIC",0.6473,0.00477810328477734,0.26088792058916,20000,10000,TRUE
200,"heteroscedastic",0.8,4,4,"BET",0.5013,0.00499998309997144,44,20000,10000,TRUE
200,"heteroscedastic",0.8,4,4,"BEAST",0.6301,0.00482777371052124,0.332601664907329,20000,10000,TRUE
200,"heteroscedastic",0.8,4,4,"xi",0.5099,0.00499901980392157,0.0877521938048451,20000,10000,TRUE
200,"heteroscedastic",0.8,4,4,"HHG_fast",0.9497,0.0021856328602947,0.11336620243656,20000,10000,TRUE
200,"heteroscedastic",0.9,4,4,"B_n",0.9376,0.00241880631717382,26.4583645071358,20000,10000,TRUE
200,"heteroscedastic",0.9,4,4,"P_n",0.9347,0.00247054467678688,26.3022954057449,20000,10000,TRUE
200,"heteroscedastic",0.9,4,4,"Hoeffding",0.5945,0.00490988543654534,0.00473650872972991,20000,10000,TRUE
200,"heteroscedastic",0.9,4,4,"dCov",0.9402,0.00237115921017548,0.170496797413085,5000,10000,FALSE
200,"heteroscedastic",0.9,4,4,"HHG",0.9807,0.00137577287369682,57489.5038958056,5000,10000,FALSE
200,"heteroscedastic",0.9,4,4,"Genest",0.5944,0.00491007779979096,0.0582888632014119,20000,10000,TRUE
200,"heteroscedastic",0.9,4,4,"MIC",0.5197,0.00499611759269135,0.26088792058916,20000,10000,TRUE
200,"heteroscedastic",0.9,4,4,"BET",0.3811,0.00485657070369618,44,20000,10000,TRUE
200,"heteroscedastic",0.9,4,4,"BEAST",0.5111,0.00499876774815554,0.332601664907329,20000,10000,TRUE
200,"heteroscedastic",0.9,4,4,"xi",0.3965,0.00489170471308316,0.0877521938048451,20000,10000,TRUE
200,"heteroscedastic",0.9,4,4,"HHG_fast",0.8882,0.00315120231023018,0.11336620243656,20000,10000,TRUE
200,"heteroscedastic",1,4,4,"B_n",0.8743,0.00331510950045394,26.4583645071358,20000,10000,TRUE
200,"heteroscedastic",1,4,4,"P_n",0.8708,0.00335421168085737,26.3022954057449,20000,10000,TRUE
200,"heteroscedastic",1,4,4,"Hoeffding",0.4711,0.00499164091256573,0.00473650872972991,20000,10000,TRUE
200,"heteroscedastic",1,4,4,"dCov",0.8675,0.00339033552911802,0.170484666100627,5000,10000,FALSE
200,"heteroscedastic",1,4,4,"HHG",0.9515,0.00214820273717357,56625.7883319697,5000,10000,FALSE
200,"heteroscedastic",1,4,4,"Genest",0.4702,0.00499111169981198,0.0582888632014119,20000,10000,TRUE
200,"heteroscedastic",1,4,4,"MIC",0.3928,0.00488372972225122,0.26088792058916,20000,10000,TRUE
200,"heteroscedastic",1,4,4,"BET",0.2828,0.00450360033750776,44,20000,10000,TRUE
200,"heteroscedastic",1,4,4,"BEAST",0.4026,0.00490421492188097,0.332601664907329,20000,10000,TRUE
200,"heteroscedastic",1,4,4,"xi",0.3033,0.00459683706476529,0.0877521938048451,20000,10000,TRUE
200,"heteroscedastic",1,4,4,"HHG_fast",0.7988,0.00400897193804097,0.11336620243656,20000,10000,TRUE
200,"heteroscedastic",1.1,4,4,"B_n",0.8091,0.00393010419709198,26.4583645071358,20000,10000,TRUE
200,"heteroscedastic",1.1,4,4,"P_n",0.8034,0.00397427276366381,26.3022954057449,20000,10000,TRUE
200,"heteroscedastic",1.1,4,4,"Hoeffding",0.3671,0.00482014097304218,0.00473650872972991,20000,10000,TRUE
200,"heteroscedastic",1.1,4,4,"dCov",0.7758,0.00417054384942779,0.170668133802421,5000,10000,FALSE
200,"heteroscedastic",1.1,4,4,"HHG",0.9052,0.0029293849183745,56862.0575067042,5000,10000,FALSE
200,"heteroscedastic",1.1,4,4,"Genest",0.3643,0.00481233321788922,0.0582888632014119,20000,10000,TRUE
200,"heteroscedastic",1.1,4,4,"MIC",0.3139,0.0046407627605815,0.26088792058916,20000,10000,TRUE
200,"heteroscedastic",1.1,4,4,"BET",0.2192,0.00413704435557561,44,20000,10000,TRUE
200,"heteroscedastic",1.1,4,4,"BEAST",0.3271,0.00469154121797944,0.332601664907329,20000,10000,TRUE
200,"heteroscedastic",1.1,4,4,"xi",0.2488,0.0043231766098553,0.0877521938048451,20000,10000,TRUE
200,"heteroscedastic",1.1,4,4,"HHG_fast",0.7047,0.00456177498349053,0.11336620243656,20000,10000,TRUE
200,"heteroscedastic",1.2,4,4,"B_n",0.7222,0.00447914232861605,26.4583645071358,20000,10000,TRUE
200,"heteroscedastic",1.2,4,4,"P_n",0.7168,0.0045055272721403,26.3022954057449,20000,10000,TRUE
200,"heteroscedastic",1.2,4,4,"Hoeffding",0.2887,0.00453158151201101,0.00473650872972991,20000,10000,TRUE
200,"heteroscedastic",1.2,4,4,"dCov",0.6673,0.00471180124793056,0.171894493182931,5000,10000,FALSE
200,"heteroscedastic",1.2,4,4,"HHG",0.8428,0.00363989230609918,57114.229672992,5000,10000,FALSE
200,"heteroscedastic",1.2,4,4,"Genest",0.287,0.00452361581038885,0.0582888632014119,20000,10000,TRUE
200,"heteroscedastic",1.2,4,4,"MIC",0.2444,0.00429730892536248,0.26088792058916,20000,10000,TRUE
200,"heteroscedastic",1.2,4,4,"BET",0.1698,0.00375457001532799,44,20000,10000,TRUE
200,"heteroscedastic",1.2,4,4,"BEAST",0.2633,0.00440423784553014,0.332601664907329,20000,10000,TRUE
200,"heteroscedastic",1.2,4,4,"xi",0.1959,0.0039689191223808,0.0877521938048451,20000,10000,TRUE
200,"heteroscedastic",1.2,4,4,"HHG_fast",0.6073,0.00488351011056596,0.11336620243656,20000,10000,TRUE
200,"heteroscedastic",1.3,4,4,"B_n",0.6377,0.00480664862456161,26.4583645071358,20000,10000,TRUE
200,"heteroscedastic",1.3,4,4,"P_n",0.6328,0.00482041657950846,26.3022954057449,20000,10000,TRUE
200,"heteroscedastic",1.3,4,4,"Hoeffding",0.2235,0.00416590626394786,0.00473650872972991,20000,10000,TRUE
200,"heteroscedastic",1.3,4,4,"dCov",0.5764,0.00494128566265906,0.169817376355128,5000,10000,FALSE
200,"heteroscedastic",1.3,4,4,"HHG",0.7791,0.00414853215005018,56380.2269441002,5000,10000,FALSE
200,"heteroscedastic",1.3,4,4,"Genest",0.2208,0.00414785920686804,0.0582888632014119,20000,10000,TRUE
200,"heteroscedastic",1.3,4,4,"MIC",0.1953,0.00396431469487476,0.26088792058916,20000,10000,TRUE
200,"heteroscedastic",1.3,4,4,"BET",0.1285,0.00334645708175079,44,20000,10000,TRUE
200,"heteroscedastic",1.3,4,4,"BEAST",0.2156,0.00411237935993264,0.332601664907329,20000,10000,TRUE
200,"heteroscedastic",1.3,4,4,"xi",0.1638,0.00370093988062492,0.0877521938048451,20000,10000,TRUE
200,"heteroscedastic",1.3,4,4,"HHG_fast",0.5143,0.00499795468166729,0.11336620243656,20000,10000,TRUE
200,"heteroscedastic",1.4,4,4,"B_n",0.5585,0.00496565957351085,26.4583645071358,20000,10000,TRUE
200,"heteroscedastic",1.4,4,4,"P_n",0.5536,0.00497118738331196,26.3022954057449,20000,10000,TRUE
200,"heteroscedastic",1.4,4,4,"Hoeffding",0.1881,0.00390792003500583,0.00473650872972991,20000,10000,TRUE
200,"heteroscedastic",1.4,4,4,"dCov",0.4677,0.00498955619268888,0.171097276635801,5000,10000,FALSE
200,"heteroscedastic",1.4,4,4,"HHG",0.6901,0.00462452148875967,56830.9243571037,5000,10000,FALSE
200,"heteroscedastic",1.4,4,4,"Genest",0.1864,0.00389429120636863,0.0582888632014119,20000,10000,TRUE
200,"heteroscedastic",1.4,4,4,"MIC",0.1503,0.00357365233339786,0.26088792058916,20000,10000,TRUE
200,"heteroscedastic",1.4,4,4,"BET",0.1133,0.0031695916140727,44,20000,10000,TRUE
200,"heteroscedastic",1.4,4,4,"BEAST",0.1786,0.00383017023120383,0.332601664907329,20000,10000,TRUE
200,"heteroscedastic",1.4,4,4,"xi",0.1405,0.00347505035934733,0.0877521938048451,20000,10000,TRUE
200,"heteroscedastic",1.4,4,4,"HHG_fast",0.4316,0.00495299343831586,0.11336620243656,20000,10000,TRUE
200,"heteroscedastic",1.5,4,4,"B_n",0.4963,0.00499986309812579,26.4583645071358,20000,10000,TRUE
200,"heteroscedastic",1.5,4,4,"P_n",0.4928,0.00499948157312336,26.3022954057449,20000,10000,TRUE
200,"heteroscedastic",1.5,4,4,"Hoeffding",0.1567,0.0036351768870304,0.00473650872972991,20000,10000,TRUE
200,"heteroscedastic",1.5,4,4,"dCov",0.4266,0.00494583097163662,0.16858374495626,5000,10000,FALSE
200,"heteroscedastic",1.5,4,4,"HHG",0.6249,0.00484148727149003,56570.9267619807,5000,10000,FALSE
200,"heteroscedastic",1.5,4,4,"Genest",0.1531,0.00360083865231421,0.0582888632014119,20000,10000,TRUE
200,"heteroscedastic",1.5,4,4,"MIC",0.1291,0.003353105873664,0.26088792058916,20000,10000,TRUE
200,"heteroscedastic",1.5,4,4,"BET",0.0966,0.00295412322017887,44,20000,10000,TRUE
200,"heteroscedastic",1.5,4,4,"BEAST",0.1574,0.00364177484202415,0.332601664907329,20000,10000,TRUE
200,"heteroscedastic",1.5,4,4,"xi",0.114,0.00317811264746862,0.0877521938048451,20000,10000,TRUE
200,"heteroscedastic",1.5,4,4,"HHG_fast",0.3754,0.00484226021605613,0.11336620243656,20000,10000,TRUE
200,"heteroscedastic",1.6,4,4,"B_n",0.4238,0.00494159447951772,26.4583645071358,20000,10000,TRUE
200,"heteroscedastic",1.6,4,4,"P_n",0.4189,0.0049337895171967,26.3022954057449,20000,10000,TRUE
200,"heteroscedastic",1.6,4,4,"Hoeffding",0.1301,0.00336413421254266,0.00473650872972991,20000,10000,TRUE
200,"heteroscedastic",1.6,4,4,"dCov",0.3479,0.00476304094040771,0.16892105832766,5000,10000,FALSE
200,"heteroscedastic",1.6,4,4,"HHG",0.5391,0.004984688455661,56579.7562186828,5000,10000,FALSE
200,"heteroscedastic",1.6,4,4,"Genest",0.1283,0.00334423548811982,0.0582888632014119,20000,10000,TRUE
200,"heteroscedastic",1.6,4,4,"MIC",0.1216,0.00326823254986545,0.26088792058916,20000,10000,TRUE
200,"heteroscedastic",1.6,4,4,"BET",0.0822,0.00274669182836371,44,20000,10000,TRUE
200,"heteroscedastic",1.6,4,4,"BEAST",0.1358,0.00342576064546255,0.332601664907329,20000,10000,TRUE
200,"heteroscedastic",1.6,4,4,"xi",0.1066,0.00308604018120309,0.0877521938048451,20000,10000,TRUE
200,"heteroscedastic",1.6,4,4,"HHG_fast",0.3106,0.00462739278644033,0.11336620243656,20000,10000,TRUE
200,"heteroscedastic",1.7,4,4,"B_n",0.3732,0.00483654587489874,26.4583645071358,20000,10000,TRUE
200,"heteroscedastic",1.7,4,4,"P_n",0.3699,0.00482777371052124,26.3022954057449,20000,10000,TRUE
200,"heteroscedastic",1.7,4,4,"Hoeffding",0.1179,0.00322489674253301,0.00473650872972991,20000,10000,TRUE
200,"heteroscedastic",1.7,4,4,"dCov",0.3039,0.00459939985215463,0.168543967728025,5000,10000,FALSE
200,"heteroscedastic",1.7,4,4,"HHG",0.476,0.00499423667841243,56469.805234578,5000,10000,FALSE
200,"heteroscedastic",1.7,4,4,"Genest",0.1143,0.00318175281880915,0.0582888632014119,20000,10000,TRUE
200,"heteroscedastic",1.7,4,4,"MIC",0.0991,0.00298796234916038,0.26088792058916,20000,10000,TRUE
200,"heteroscedastic",1.7,4,4,"BET",0.0707,0.00256323057878139,44,20000,10000,TRUE
200,"heteroscedastic",1.7,4,4,"BEAST",0.1211,0.0032624345204157,0.332601664907329,20000,10000,TRUE
200,"heteroscedastic",1.7,4,4,"xi",0.0959,0.00294454054140879,0.0877521938048451,20000,10000,TRUE
200,"heteroscedastic",1.7,4,4,"HHG_fast",0.2676,0.00442707849489932,0.11336620243656,20000,10000,TRUE
200,"heteroscedastic",1.8,4,4,"B_n",0.3211,0.00466899121866812,26.4583645071358,20000,10000,TRUE
200,"heteroscedastic",1.8,4,4,"P_n",0.3167,0.00465189327048676,26.3022954057449,20000,10000,TRUE
200,"heteroscedastic",1.8,4,4,"Hoeffding",0.1023,0.00303042422772786,0.00473650872972991,20000,10000,TRUE
200,"heteroscedastic",1.8,4,4,"dCov",0.2665,0.00442128657745684,0.167130167372591,5000,10000,FALSE
200,"heteroscedastic",1.8,4,4,"HHG",0.4305,0.00495146190533664,55765.8586804727,5000,10000,FALSE
200,"heteroscedastic",1.8,4,4,"Genest",0.1017,0.00302253387077796,0.0582888632014119,20000,10000,TRUE
200,"heteroscedastic",1.8,4,4,"MIC",0.092,0.00289025950392002,0.26088792058916,20000,10000,TRUE
200,"heteroscedastic",1.8,4,4,"BET",0.0637,0.00244217751197574,44,20000,10000,TRUE
200,"heteroscedastic",1.8,4,4,"BEAST",0.1058,0.00307581468882636,0.332601664907329,20000,10000,TRUE
200,"heteroscedastic",1.8,4,4,"xi",0.0951,0.00293353012597451,0.0877521938048451,20000,10000,TRUE
200,"heteroscedastic",1.8,4,4,"HHG_fast",0.2292,0.00420318165203456,0.11336620243656,20000,10000,TRUE
200,"heteroscedastic",1.9,4,4,"B_n",0.2783,0.00448161923862347,26.4583645071358,20000,10000,TRUE
200,"heteroscedastic",1.9,4,4,"P_n",0.2748,0.00446413440657873,26.3022954057449,20000,10000,TRUE
200,"heteroscedastic",1.9,4,4,"Hoeffding",0.0956,0.0029404190177592,0.00473650872972991,20000,10000,TRUE
200,"heteroscedastic",1.9,4,4,"dCov",0.2047,0.00403482230091983,0.170464503808941,5000,10000,FALSE
200,"heteroscedastic",1.9,4,4,"HHG",0.371,0.00483072458333116,56006.1586348543,5000,10000,FALSE
200,"heteroscedastic",1.9,4,4,"Genest",0.0948,0.0029293849183745,0.0582888632014119,20000,10000,TRUE
200,"heteroscedastic",1.9,4,4,"MIC",0.0866,0.00281248004437365,0.26088792058916,20000,10000,TRUE
200,"heteroscedastic",1.9,4,4,"BET",0.0533,0.00224631053062572,44,20000,10000,TRUE
200,"heteroscedastic",1.9,4,4,"BEAST",0.0982,0.00297584878648093,0.332601664907329,20000,10000,TRUE
200,"heteroscedastic",1.9,4,4,"xi",0.0802,0.00271602577307359,0.0877521938048451,20000,10000,TRUE
200,"heteroscedastic",1.9,4,4,"HHG_fast",0.1986,0.00398946161781261,0.11336620243656,20000,10000,TRUE
200,"heteroscedastic",2,4,4,"B_n",0.2462,0.00430796425240507,26.4583645071358,20000,10000,TRUE
200,"heteroscedastic",2,4,4,"P_n",0.2447,0.00429909188085112,26.3022954057449,20000,10000,TRUE
200,"heteroscedastic",2,4,4,"Hoeffding",0.0887,0.00284310235482298,0.00473650872972991,20000,10000,TRUE
200,"heteroscedastic",2,4,4,"dCov",0.1715,0.0037694528780713,0.170976780462332,5000,10000,FALSE
200,"heteroscedastic",2,4,4,"HHG",0.3091,0.00462122483763774,57034.0820655526,5000,10000,FALSE
200,"heteroscedastic",2,4,4,"Genest",0.0848,0.00278583847342232,0.0582888632014119,20000,10000,TRUE
200,"heteroscedastic",2,4,4,"MIC",0.0807,0.0027237384235642,0.26088792058916,20000,10000,TRUE
200,"heteroscedastic",2,4,4,"BET",0.0526,0.00223233599621562,44,20000,10000,TRUE
200,"heteroscedastic",2,4,4,"BEAST",0.0911,0.00287751264115381,0.332601664907329,20000,10000,TRUE
200,"heteroscedastic",2,4,4,"xi",0.0766,0.00265955710598588,0.0877521938048451,20000,10000,TRUE
200,"heteroscedastic",2,4,4,"HHG_fast",0.1814,0.00385349244192849,0.11336620243656,20000,10000,TRUE
200,"lattice",0.1,4,4,"B_n",1,0,26.4583645071358,20000,10000,TRUE
200,"lattice",0.1,4,4,"P_n",1,0,26.3022954057449,20000,10000,TRUE
200,"lattice",0.1,4,4,"Hoeffding",1,0,0.00473650872972991,20000,10000,TRUE
200,"lattice",0.1,4,4,"dCov",1,0,0.16463209890112,5000,10000,FALSE
200,"lattice",0.1,4,4,"HHG",1,0,57951.199349401,5000,10000,FALSE
200,"lattice",0.1,4,4,"Genest",1,0,0.0582888632014119,20000,10000,TRUE
200,"lattice",0.1,4,4,"MIC",1,0,0.26088792058916,20000,10000,TRUE
200,"lattice",0.1,4,4,"BET",0,0,44,20000,10000,TRUE
200,"lattice",0.1,4,4,"BEAST",1,0,0.332601664907329,20000,10000,TRUE
200,"lattice",0.1,4,4,"xi",0.9049,0.00293353012597451,0.0877521938048451,20000,10000,TRUE
200,"lattice",0.1,4,4,"HHG_fast",1,0,0.11336620243656,20000,10000,TRUE
200,"lattice",0.2,4,4,"B_n",1,0,26.4583645071358,20000,10000,TRUE
200,"lattice",0.2,4,4,"P_n",1,0,26.3022954057449,20000,10000,TRUE
200,"lattice",0.2,4,4,"Hoeffding",1,0,0.00473650872972991,20000,10000,TRUE
200,"lattice",0.2,4,4,"dCov",1,0,0.164395445849974,5000,10000,FALSE
200,"lattice",0.2,4,4,"HHG",1,0,58369.0441215677,5000,10000,FALSE
200,"lattice",0.2,4,4,"Genest",1,0,0.0582888632014119,20000,10000,TRUE
200,"lattice",0.2,4,4,"MIC",1,0,0.26088792058916,20000,10000,TRUE
200,"lattice",0.2,4,4,"BET",0,0,44,20000,10000,TRUE
200,"lattice",0.2,4,4,"BEAST",1,0,0.332601664907329,20000,10000,TRUE
200,"lattice",0.2,4,4,"xi",0.8809,0.00323906143813297,0.0877521938048451,20000,10000,TRUE
200,"lattice",0.2,4,4,"HHG_fast",1,0,0.11336620243656,20000,10000,TRUE
200,"lattice",0.3,4,4,"B_n",1,0,26.4583645071358,20000,10000,TRUE
200,"lattice",0.3,4,4,"P_n",1,0,26.3022954057449,20000,10000,TRUE
200,"lattice",0.3,4,4,"Hoeffding",1,0,0.00473650872972991,20000,10000,TRUE
200,"lattice",0.3,4,4,"dCov",1,0,0.16341097187591,5000,10000,FALSE
200,"lattice",0.3,4,4,"HHG",1,0,58026.8275743327,5000,10000,FALSE
200,"lattice",0.3,4,4,"Genest",1,0,0.0582888632014119,20000,10000,TRUE
200,"lattice",0.3,4,4,"MIC",1,0,0.26088792058916,20000,10000,TRUE
200,"lattice",0.3,4,4,"BET",0,0,44,20000,10000,TRUE
200,"lattice",0.3,4,4,"BEAST",1,0,0.332601664907329,20000,10000,TRUE
200,"lattice",0.3,4,4,"xi",0.8504,0.00356678903216885,0.0877521938048451,20000,10000,TRUE
200,"lattice",0.3,4,4,"HHG_fast",1,0,0.11336620243656,20000,10000,TRUE
200,"lattice",0.4,4,4,"B_n",1,0,26.4583645071358,20000,10000,TRUE
200,"lattice",0.4,4,4,"P_n",1,0,26.3022954057449,20000,10000,TRUE
200,"lattice",0.4,4,4,"Hoeffding",1,0,0.00473650872972991,20000,10000,TRUE
200,"lattice",0.4,4,4,"dCov",1,0,0.16074398059437,5000,10000,FALSE
200,"lattice",0.4,4,4,"HHG",1,0,57475.1388621322,5000,10000,FALSE
200,"lattice",0.4,4,4,"Genest",1,0,0.0582888632014119,20000,10000,TRUE
200,"lattice",0.4,4,4,"MIC",1,0,0.26088792058916,20000,10000,TRUE
200,"lattice",0.4,4,4,"BET",0,0,44,20000,10000,TRUE
200,"lattice",0.4,4,4,"BEAST",1,0,0.332601664907329,20000,10000,TRUE
200,"lattice",0.4,4,4,"xi",0.8029,0.00397808484072424,0.0877521938048451,20000,10000,TRUE
200,"lattice",0.4,4,4,"HHG_fast",1,0,0.11336620243656,20000,10000,TRUE
200,"lattice",0.5,4,4,"B_n",1,0,26.4583645071358,20000,10000,TRUE
200,"lattice",0.5,4,4,"P_n",1,0,26.3022954057449,20000,10000,TRUE
200,"lattice",0.5,4,4,"Hoeffding",0.9998,0.0001414072133945,0.00473650872972991,20000,10000,TRUE
200,"lattice",0.5,4,4,"dCov",0.9994,0.000244875478560032,0.161930738277267,5000,10000,FALSE
200,"lattice",0.5,4,4,"HHG",1,0,57828.2389313897,5000,10000,FALSE
200,"lattice",0.5,4,4,"Genest",0.9999,9.99949998749882e-05,0.0582888632014119,20000,10000,TRUE
200,"lattice",0.5,4,4,"MIC",1,0,0.26088792058916,20000,10000,TRUE
200,"lattice",0.5,4,4,"BET",1e-04,9.99949998749937e-05,44,20000,10000,TRUE
200,"lattice",0.5,4,4,"BEAST",1,0,0.332601664907329,20000,10000,TRUE
200,"lattice",0.5,4,4,"xi",0.7403,0.00438469964763837,0.0877521938048451,20000,10000,TRUE
200,"lattice",0.5,4,4,"HHG_fast",1,0,0.11336620243656,20000,10000,TRUE
200,"lattice",0.6,4,4,"B_n",1,0,26.4583645071358,20000,10000,TRUE
200,"lattice",0.6,4,4,"P_n",1,0,26.3022954057449,20000,10000,TRUE
200,"lattice",0.6,4,4,"Hoeffding",0.9974,0.000509238647394328,0.00473650872972991,20000,10000,TRUE
200,"lattice",0.6,4,4,"dCov",0.9955,0.000669309345519689,0.161105894131211,5000,10000,FALSE
200,"lattice",0.6,4,4,"HHG",1,0,57454.795287508,5000,10000,FALSE
200,"lattice",0.6,4,4,"Genest",0.9971,0.000537735064878609,0.0582888632014119,20000,10000,TRUE
200,"lattice",0.6,4,4,"MIC",0.9965,0.000590571756859397,0.26088792058916,20000,10000,TRUE
200,"lattice",0.6,4,4,"BET",0,0,44,20000,10000,TRUE
200,"lattice",0.6,4,4,"BEAST",1,0,0.332601664907329,20000,10000,TRUE
200,"lattice",0.6,4,4,"xi",0.6724,0.00469338087097137,0.0877521938048451,20000,10000,TRUE
200,"lattice",0.6,4,4,"HHG_fast",1,0,0.11336620243656,20000,10000,TRUE
200,"lattice",0.7,4,4,"B_n",1,0,26.4583645071358,20000,10000,TRUE
200,"lattice",0.7,4,4,"P_n",1,0,26.3022954057449,20000,10000,TRUE
200,"lattice",0.7,4,4,"Hoeffding",0.9826,0.001307564147566,0.00473650872972991,20000,10000,TRUE
200,"lattice",0.7,4,4,"dCov",0.9695,0.00171958570591872,0.163399199472057,5000,10000,FALSE
200,"lattice",0.7,4,4,"HHG",1,0,57521.765870643,5000,10000,FALSE
200,"lattice",0.7,4,4,"Genest",0.9742,0.00158538197290117,0.0582888632014119,20000,10000,TRUE
200,"lattice",0.7,4,4,"MIC",0.9396,0.00238226446894546,0.26088792058916,20000,10000,TRUE
200,"lattice",0.7,4,4,"BET",0,0,44,20000,10000,TRUE
200,"lattice",0.7,4,4,"BEAST",1,0,0.332601664907329,20000,10000,TRUE
200,"lattice",0.7,4,4,"xi",0.5863,0.00492495999983756,0.0877521938048451,20000,10000,TRUE
200,"lattice",0.7,4,4,"HHG_fast",1,0,0.11336620243656,20000,10000,TRUE
200,"lattice",0.8,4,4,"B_n",1,0,26.4583645071358,20000,10000,TRUE
200,"lattice",0.8,4,4,"P_n",1,0,26.3022954057449,20000,10000,TRUE
200,"lattice",0.8,4,4,"Hoeffding",0.9315,0.00252601959612351,0.00473650872972991,20000,10000,TRUE
200,"lattice",0.8,4,4,"dCov",0.9132,0.00281541755340127,0.162322108332806,5000,10000,FALSE
200,"lattice",0.8,4,4,"HHG",1,0,57354.184575396,5000,10000,FALSE
200,"lattice",0.8,4,4,"Genest",0.8832,0.0032118181766719,0.0582888632014119,20000,10000,TRUE
200,"lattice",0.8,4,4,"MIC",0.7389,0.00439234322429384,0.26088792058916,20000,10000,TRUE
200,"lattice",0.8,4,4,"BET",0,0,44,20000,10000,TRUE
200,"lattice",0.8,4,4,"BEAST",1,0,0.332601664907329,20000,10000,TRUE
200,"lattice",0.8,4,4,"xi",0.5035,0.00499987749849934,0.0877521938048451,20000,10000,TRUE
200,"lattice",0.8,4,4,"HHG_fast",1,0,0.11336620243656,20000,10000,TRUE
200,"lattice",0.9,4,4,"B_n",1,0,26.4583645071358,20000,10000,TRUE
200,"lattice",0.9,4,4,"P_n",1,0,26.3022954057449,20000,10000,TRUE
200,"lattice",0.9,4,4,"Hoeffding",0.8186,0.00385349244192849,0.00473650872972991,20000,10000,TRUE
200,"lattice",0.9,4,4,"dCov",0.7821,0.00412819076594093,0.163526421587849,5000,10000,FALSE
200,"lattice",0.9,4,4,"HHG",1,0,57611.7516600701,5000,10000,FALSE
200,"lattice",0.9,4,4,"Genest",0.7181,0.00449924871506344,0.0582888632014119,20000,10000,TRUE
200,"lattice",0.9,4,4,"MIC",0.4316,0.00495299343831586,0.26088792058916,20000,10000,TRUE
200,"lattice",0.9,4,4,"BET",0,0,44,20000,10000,TRUE
200,"lattice",0.9,4,4,"BEAST",1,0,0.332601664907329,20000,10000,TRUE
200,"lattice",0.9,4,4,"xi",0.4266,0.00494583097163662,0.0877521938048451,20000,10000,TRUE
200,"lattice",0.9,4,4,"HHG_fast",1,0,0.11336620243656,20000,10000,TRUE
200,"lattice",1,4,4,"B_n",0.9999,9.99949998749882e-05,26.4583645071358,20000,10000,TRUE
200,"lattice",1,4,4,"P_n",0.9999,9.99949998749882e-05,26.3022954057449,20000,10000,TRUE
200,"lattice",1,4,4,"Hoeffding",0.6632,0.00472615869390777,0.00473650872972991,20000,10000,TRUE
200,"lattice",1,4,4,"dCov",0.5769,0.00494050999391763,0.166678339960059,5000,10000,FALSE
200,"lattice",1,4,4,"HHG",1,0,58133.8721730942,5000,10000,FALSE
200,"lattice",1,4,4,"Genest",0.5477,0.00497719509362452,0.0582888632014119,20000,10000,TRUE
200,"lattice",1,4,4,"MIC",0.2077,0.00405660831237131,0.26088792058916,20000,10000,TRUE
200,"lattice",1,4,4,"BET",1e-04,9.99949998749937e-05,44,20000,10000,TRUE
200,"lattice",1,4,4,"BEAST",0.9999,9.99949998749882e-05,0.332601664907329,20000,10000,TRUE
200,"lattice",1,4,4,"xi",0.3502,0.00477032451726295,0.0877521938048451,20000,10000,TRUE
200,"lattice",1,4,4,"HHG_fast",1,0,0.11336620243656,20000,10000,TRUE
200,"lattice",1.1,4,4,"B_n",0.9996,0.000199959995999189,26.4583645071358,20000,10000,TRUE
200,"lattice",1.1,4,4,"P_n",0.9995,0.000223550889061069,26.3022954057449,20000,10000,TRUE
200,"lattice",1.1,4,4,"Hoeffding",0.4811,0.00499642662309775,0.00473650872972991,20000,10000,TRUE
200,"lattice",1.1,4,4,"dCov",0.4332,0.00495517668706172,0.166413513008616,5000,10000,FALSE
200,"lattice",1.1,4,4,"HHG",0.9997,0.000173179098045915,58316.9960622455,5000,10000,FALSE
200,"lattice",1.1,4,4,"Genest",0.3776,0.00484786798500124,0.0582888632014119,20000,10000,TRUE
200,"lattice",1.1,4,4,"MIC",0.109,0.00311639214477254,0.26088792058916,20000,10000,TRUE
200,"lattice",1.1,4,4,"BET",4e-04,0.0001999599959992,44,20000,10000,TRUE
200,"lattice",1.1,4,4,"BEAST",0.9983,0.000411959949509662,0.332601664907329,20000,10000,TRUE
200,"lattice",1.1,4,4,"xi",0.2946,0.00455862742500415,0.0877521938048451,20000,10000,TRUE
200,"lattice",1.1,4,4,"HHG_fast",1,0,0.11336620243656,20000,10000,TRUE
200,"lattice",1.2,4,4,"B_n",0.9986,0.000373903730925483,26.4583645071358,20000,10000,TRUE
200,"lattice",1.2,4,4,"P_n",0.9985,0.00038700775186034,26.3022954057449,20000,10000,TRUE
200,"lattice",1.2,4,4,"Hoeffding",0.3387,0.00473267693805525,0.00473650872972991,20000,10000,TRUE
200,"lattice",1.2,4,4,"dCov",0.3457,0.00475595952463854,0.165173645602374,5000,10000,FALSE
200,"lattice",1.2,4,4,"HHG",0.9983,0.000411959949509662,58585.318823281,5000,10000,FALSE
200,"lattice",1.2,4,4,"Genest",0.2681,0.0044296996512179,0.0582888632014119,20000,10000,TRUE
200,"lattice",1.2,4,4,"MIC",0.0686,0.00252772704222588,0.26088792058916,20000,10000,TRUE
200,"lattice",1.2,4,4,"BET",0.0011,0.000331480014480511,44,20000,10000,TRUE
200,"lattice",1.2,4,4,"BEAST",0.99,0.00099498743710662,0.332601664907329,20000,10000,TRUE
200,"lattice",1.2,4,4,"xi",0.2497,0.00432839358191928,0.0877521938048451,20000,10000,TRUE
200,"lattice",1.2,4,4,"HHG_fast",0.9994,0.000244875478560032,0.11336620243656,20000,10000,TRUE
200,"lattice",1.3,4,4,"B_n",0.9953,0.000683952483729684,26.4583645071358,20000,10000,TRUE
200,"lattice",1.3,4,4,"P_n",0.9948,0.000719232924719105,26.3022954057449,20000,10000,TRUE
200,"lattice",1.3,4,4,"Hoeffding",0.2391,0.00426533925966036,0.00473650872972991,20000,10000,TRUE
200,"lattice",1.3,4,4,"dCov",0.2264,0.00418500943846009,0.16734864405726,5000,10000,FALSE
200,"lattice",1.3,4,4,"HHG",0.9949,0.000712319450808413,57735.3094419259,5000,10000,FALSE
200,"lattice",1.3,4,4,"Genest",0.1941,0.00395506245209858,0.0582888632014119,20000,10000,TRUE
200,"lattice",1.3,4,4,"MIC",0.065,0.00246525860712421,0.26088792058916,20000,10000,TRUE
200,"lattice",1.3,4,4,"BET",8e-04,0.000282729552753157,44,20000,10000,TRUE
200,"lattice",1.3,4,4,"BEAST",0.9688,0.00173857872988254,0.332601664907329,20000,10000,TRUE
200,"lattice",1.3,4,4,"xi",0.2113,0.00408230706831321,0.0877521938048451,20000,10000,TRUE
200,"lattice",1.3,4,4,"HHG_fast",0.9969,0.000555912762940373,0.11336620243656,20000,10000,TRUE
200,"lattice",1.4,4,4,"B_n",0.9792,0.00142714259974258,26.4583645071358,20000,10000,TRUE
200,"lattice",1.4,4,4,"P_n",0.978,0.00146683332386471,26.3022954057449,20000,10000,TRUE
200,"lattice",1.4,4,4,"Hoeffding",0.1677,0.00373599665417409,0.00473650872972991,20000,10000,TRUE
200,"lattice",1.4,4,4,"dCov",0.1872,0.00390071993355073,0.16616098870013,5000,10000,FALSE
200,"lattice",1.4,4,4,"HHG",0.9842,0.00124701082593537,57277.1917886369,5000,10000,FALSE
200,"lattice",1.4,4,4,"Genest",0.1483,0.00355397115914015,0.0582888632014119,20000,10000,TRUE
200,"lattice",1.4,4,4,"MIC",0.0559,0.00229728513685176,0.26088792058916,20000,10000,TRUE
200,"lattice",1.4,4,4,"BET",0.0027,0.000518913287553903,44,20000,10000,TRUE
200,"lattice",1.4,4,4,"BEAST",0.9268,0.00260464508138825,0.332601664907329,20000,10000,TRUE
200,"lattice",1.4,4,4,"xi",0.1726,0.00377901098172525,0.0877521938048451,20000,10000,TRUE
200,"lattice",1.4,4,4,"HHG_fast",0.9864,0.00115823313715331,0.11336620243656,20000,10000,TRUE
200,"lattice",1.5,4,4,"B_n",0.9432,0.00231460061349685,26.4583645071358,20000,10000,TRUE
200,"lattice",1.5,4,4,"P_n",0.9395,0.00238410884818626,26.3022954057449,20000,10000,TRUE
200,"lattice",1.5,4,4,"Hoeffding",0.1235,0.00329010258198738,0.00473650872972991,20000,10000,TRUE
200,"lattice",1.5,4,4,"dCov",0.1483,0.00355397115914015,0.165692565825608,5000,10000,FALSE
200,"lattice",1.5,4,4,"HHG",0.9497,0.0021856328602947,57675.6087425766,5000,10000,FALSE
200,"lattice",1.5,4,4,"Genest",0.1218,0.00327054674328315,0.0582888632014119,20000,10000,TRUE
200,"lattice",1.5,4,4,"MIC",0.0585,0.0023468649300716,0.26088792058916,20000,10000,TRUE
200,"lattice",1.5,4,4,"BET",0.004,0.00063118935352238,44,20000,10000,TRUE
200,"lattice",1.5,4,4,"BEAST",0.8572,0.00349868775400149,0.332601664907329,20000,10000,TRUE
200,"lattice",1.5,4,4,"xi",0.1493,0.00356383936226087,0.0877521938048451,20000,10000,TRUE
200,"lattice",1.5,4,4,"HHG_fast",0.96,0.00195959179422654,0.11336620243656,20000,10000,TRUE
200,"lattice",1.6,4,4,"B_n",0.8921,0.00310254073301222,26.4583645071358,20000,10000,TRUE
200,"lattice",1.6,4,4,"P_n",0.8865,0.00317203010704501,26.3022954057449,20000,10000,TRUE
200,"lattice",1.6,4,4,"Hoeffding",0.1019,0.00302516759866292,0.00473650872972991,20000,10000,TRUE
200,"lattice",1.6,4,4,"dCov",0.1311,0.00337509688749819,0.164910766996532,5000,10000,FALSE
200,"lattice",1.6,4,4,"HHG",0.9151,0.0027873282906755,57013.1329746181,5000,10000,FALSE
200,"lattice",1.6,4,4,"Genest",0.1045,0.00305908074427597,0.0582888632014119,20000,10000,TRUE
200,"lattice",1.6,4,4,"MIC",0.0526,0.00223233599621562,0.26088792058916,20000,10000,TRUE
200,"lattice",1.6,4,4,"BET",0.0054,0.000732860150369769,44,20000,10000,TRUE
200,"lattice",1.6,4,4,"BEAST",0.7687,0.00421663740437804,0.332601664907329,20000,10000,TRUE
200,"lattice",1.6,4,4,"xi",0.1266,0.00332524344973417,0.0877521938048451,20000,10000,TRUE
200,"lattice",1.6,4,4,"HHG_fast",0.9139,0.00280511657511769,0.11336620243656,20000,10000,TRUE
200,"lattice",1.7,4,4,"B_n",0.8174,0.00386338245582805,26.4583645071358,20000,10000,TRUE
200,"lattice",1.7,4,4,"P_n",0.809,0.00393089048435593,26.3022954057449,20000,10000,TRUE
200,"lattice",1.7,4,4,"Hoeffding",0.0752,0.00263713784243448,0.00473650872972991,20000,10000,TRUE
200,"lattice",1.7,4,4,"dCov",0.095,0.00293214938227915,0.165816123916605,5000,10000,FALSE
200,"lattice",1.7,4,4,"HHG",0.8334,0.00372618357035721,58141.2645495313,5000,10000,FALSE
200,"lattice",1.7,4,4,"Genest",0.0816,0.00273754342431312,0.0582888632014119,20000,10000,TRUE
200,"lattice",1.7,4,4,"MIC",0.0527,0.00223433905215838,0.26088792058916,20000,10000,TRUE
200,"lattice",1.7,4,4,"BET",0.0101,0.000999899494949367,44,20000,10000,TRUE
200,"lattice",1.7,4,4,"BEAST",0.6674,0.00471144606251626,0.332601664907329,20000,10000,TRUE
200,"lattice",1.7,4,4,"xi",0.1144,0.00318296465578869,0.0877521938048451,20000,10000,TRUE
200,"lattice",1.7,4,4,"HHG_fast",0.846,0.00360948749824681,0.11336620243656,20000,10000,TRUE
200,"lattice",1.8,4,4,"B_n",0.7378,0.00439830831115783,26.4583645071358,20000,10000,TRUE
200,"lattice",1.8,4,4,"P_n",0.7305,0.00443700067613247,26.3022954057449,20000,10000,TRUE
200,"lattice",1.8,4,4,"Hoeffding",0.0729,0.00259972286984594,0.00473650872972991,20000,10000,TRUE
200,"lattice",1.8,4,4,"dCov",0.1003,0.00300399583887861,0.164290657617736,5000,10000,FALSE
200,"lattice",1.8,4,4,"HHG",0.7772,0.00416125173475482,57075.9892758109,5000,10000,FALSE
200,"lattice",1.8,4,4,"Genest",0.0802,0.00271602577307359,0.0582888632014119,20000,10000,TRUE
200,"lattice",1.8,4,4,"MIC",0.056,0.00229921725811199,0.26088792058916,20000,10000,TRUE
200,"lattice",1.8,4,4,"BET",0.0103,0.00100964894889263,44,20000,10000,TRUE
200,"lattice",1.8,4,4,"BEAST",0.5807,0.00493444535890307,0.332601664907329,20000,10000,TRUE
200,"lattice",1.8,4,4,"xi",0.1098,0.00312640304503434,0.0877521938048451,20000,10000,TRUE
200,"lattice",1.8,4,4,"HHG_fast",0.7764,0.00416656981220764,0.11336620243656,20000,10000,TRUE
200,"lattice",1.9,4,4,"B_n",0.6455,0.00478361526462988,26.4583645071358,20000,10000,TRUE
200,"lattice",1.9,4,4,"P_n",0.6362,0.00481092049404269,26.3022954057449,20000,10000,TRUE
200,"lattice",1.9,4,4,"Hoeffding",0.0621,0.00241337087908179,0.00473650872972991,20000,10000,TRUE
200,"lattice",1.9,4,4,"dCov",0.0791,0.00269894775792345,0.165711883884276,5000,10000,FALSE
200,"lattice",1.9,4,4,"HHG",0.6921,0.00461624945166528,57429.949420674,5000,10000,FALSE
200,"lattice",1.9,4,4,"Genest",0.0709,0.00256657729281625,0.0582888632014119,20000,10000,TRUE
200,"lattice",1.9,4,4,"MIC",0.0537,0.00225424732449658,0.26088792058916,20000,10000,TRUE
200,"lattice",1.9,4,4,"BET",0.014,0.00117490425141796,44,20000,10000,TRUE
200,"lattice",1.9,4,4,"BEAST",0.4868,0.00499825729629838,0.332601664907329,20000,10000,TRUE
200,"lattice",1.9,4,4,"xi",0.0892,0.00285032208706314,0.0877521938048451,20000,10000,TRUE
200,"lattice",1.9,4,4,"HHG_fast",0.698,0.00459125255240877,0.11336620243656,20000,10000,TRUE
200,"lattice",2,4,4,"B_n",0.5552,0.00496943618532324,26.4583645071358,20000,10000,TRUE
200,"lattice",2,4,4,"P_n",0.5469,0.00497795530313401,26.3022954057449,20000,10000,TRUE
200,"lattice",2,4,4,"Hoeffding",0.0588,0.00235249994686504,0.00473650872972991,20000,10000,TRUE
200,"lattice",2,4,4,"dCov",0.0823,0.00274821232804163,0.164052869527874,5000,10000,FALSE
200,"lattice",2,4,4,"HHG",0.6198,0.00485435845400811,56507.6321435093,5000,10000,FALSE
200,"lattice",2,4,4,"Genest",0.0667,0.00249501723440941,0.0582888632014119,20000,10000,TRUE
200,"lattice",2,4,4,"MIC",0.0526,0.00223233599621562,0.26088792058916,20000,10000,TRUE
200,"lattice",2,4,4,"BET",0.0147,0.0012034911715505,44,20000,10000,TRUE
200,"lattice",2,4,4,"BEAST",0.4036,0.00490619037543388,0.332601664907329,20000,10000,TRUE
200,"lattice",2,4,4,"xi",0.0852,0.00279179082310978,0.0877521938048451,20000,10000,TRUE
200,"lattice",2,4,4,"HHG_fast",0.6023,0.00489422833549887,0.11336620243656,20000,10000,TRUE
200,"sine 8pi",0.1,4,4,"B_n",0.9111,0.00284599349964121,26.4583645071358,20000,10000,TRUE
200,"sine 8pi",0.1,4,4,"P_n",0.9067,0.00290852385240348,26.3022954057449,20000,10000,TRUE
200,"sine 8pi",0.1,4,4,"Hoeffding",1,0,0.00473650872972991,20000,10000,TRUE
200,"sine 8pi",0.1,4,4,"dCov",0.9929,0.00083961836568765,0.158128325546268,5000,10000,FALSE
200,"sine 8pi",0.1,4,4,"HHG",1,0,57477.6754435734,5000,10000,FALSE
200,"sine 8pi",0.1,4,4,"Genest",0.9753,0.00155209245858615,0.0582888632014119,20000,10000,TRUE
200,"sine 8pi",0.1,4,4,"MIC",1,0,0.26088792058916,20000,10000,TRUE
200,"sine 8pi",0.1,4,4,"BET",0.0036,0.000598919026246453,44,20000,10000,TRUE
200,"sine 8pi",0.1,4,4,"BEAST",0.9996,0.000199959995999189,0.332601664907329,20000,10000,TRUE
200,"sine 8pi",0.1,4,4,"xi",1,0,0.0877521938048451,20000,10000,TRUE
200,"sine 8pi",0.1,4,4,"HHG_fast",1,0,0.11336620243656,20000,10000,TRUE
200,"sine 8pi",0.2,4,4,"B_n",0.795,0.00403701622488689,26.4583645071358,20000,10000,TRUE
200,"sine 8pi",0.2,4,4,"P_n",0.7873,0.00409217191720974,26.3022954057449,20000,10000,TRUE
200,"sine 8pi",0.2,4,4,"Hoeffding",0.9868,0.00114130451677017,0.00473650872972991,20000,10000,TRUE
200,"sine 8pi",0.2,4,4,"dCov",0.9126,0.00282420325047614,0.163868166789143,5000,10000,FALSE
200,"sine 8pi",0.2,4,4,"HHG",1,0,58552.9800788826,5000,10000,FALSE
200,"sine 8pi",0.2,4,4,"Genest",0.9035,0.00295275718608896,0.0582888632014119,20000,10000,TRUE
200,"sine 8pi",0.2,4,4,"MIC",1,0,0.26088792058916,20000,10000,TRUE
200,"sine 8pi",0.2,4,4,"BET",0.0051,0.000712319450808414,44,20000,10000,TRUE
200,"sine 8pi",0.2,4,4,"BEAST",0.9987,0.00036032069049667,0.332601664907329,20000,10000,TRUE
200,"sine 8pi",0.2,4,4,"xi",1,0,0.0877521938048451,20000,10000,TRUE
200,"sine 8pi",0.2,4,4,"HHG_fast",1,0,0.11336620243656,20000,10000,TRUE
200,"sine 8pi",0.3,4,4,"B_n",0.6135,0.0048694737908731,26.4583645071358,20000,10000,TRUE
200,"sine 8pi",0.3,4,4,"P_n",0.6046,0.00488936437586728,26.3022954057449,20000,10000,TRUE
200,"sine 8pi",0.3,4,4,"Hoeffding",0.8103,0.00392063655545882,0.00473650872972991,20000,10000,TRUE
200,"sine 8pi",0.3,4,4,"dCov",0.7631,0.00425180420527568,0.16291383128256,5000,10000,FALSE
200,"sine 8pi",0.3,4,4,"HHG",0.995,0.000705336798983295,56942.5346972178,5000,10000,FALSE
200,"sine 8pi",0.3,4,4,"Genest",0.7389,0.00439234322429384,0.0582888632014119,20000,10000,TRUE
200,"sine 8pi",0.3,4,4,"MIC",1,0,0.26088792058916,20000,10000,TRUE
200,"sine 8pi",0.3,4,4,"BET",0.0067,0.000815788575551288,44,20000,10000,TRUE
200,"sine 8pi",0.3,4,4,"BEAST",0.9933,0.000815788575551291,0.332601664907329,20000,10000,TRUE
200,"sine 8pi",0.3,4,4,"xi",1,0,0.0877521938048451,20000,10000,TRUE
200,"sine 8pi",0.3,4,4,"HHG_fast",1,0,0.11336620243656,20000,10000,TRUE
200,"sine 8pi",0.4,4,4,"B_n",0.429,0.00494933328843391,26.4583645071358,20000,10000,TRUE
200,"sine 8pi",0.4,4,4,"P_n",0.4256,0.00494433655812385,26.3022954057449,20000,10000,TRUE
200,"sine 8pi",0.4,4,4,"Hoeffding",0.579,0.00493719556023458,0.00473650872972991,20000,10000,TRUE
200,"sine 8pi",0.4,4,4,"dCov",0.5278,0.00499226561793341,0.167623260134505,5000,10000,FALSE
200,"sine 8pi",0.4,4,4,"HHG",0.822,0.0038251274488571,57789.3693759994,5000,10000,FALSE
200,"sine 8pi",0.4,4,4,"Genest",0.5466,0.00497823703734565,0.0582888632014119,20000,10000,TRUE
200,"sine 8pi",0.4,4,4,"MIC",1,0,0.26088792058916,20000,10000,TRUE
200,"sine 8pi",0.4,4,4,"BET",0.0055,0.000739577582137263,44,20000,10000,TRUE
200,"sine 8pi",0.4,4,4,"BEAST",0.976,0.00153049011757672,0.332601664907329,20000,10000,TRUE
200,"sine 8pi",0.4,4,4,"xi",1,0,0.0877521938048451,20000,10000,TRUE
200,"sine 8pi",0.4,4,4,"HHG_fast",0.9994,0.000244875478560032,0.11336620243656,20000,10000,TRUE
200,"sine 8pi",0.5,4,4,"B_n",0.3052,0.00460492084622526,26.4583645071358,20000,10000,TRUE
200,"sine 8pi",0.5,4,4,"P_n",0.3015,0.00458909304765114,26.3022954057449,20000,10000,TRUE
200,"sine 8pi",0.5,4,4,"Hoeffding",0.4117,0.00492141351646049,0.00473650872972991,20000,10000,TRUE
200,"sine 8pi",0.5,4,4,"dCov",0.4084,0.00491537831707794,0.165308820161074,5000,10000,FALSE
200,"sine 8pi",0.5,4,4,"HHG",0.5599,0.00496399022964389,57199.7806906452,5000,10000,FALSE
200,"sine 8pi",0.5,4,4,"Genest",0.3982,0.00489527077902745,0.0582888632014119,20000,10000,TRUE
200,"sine 8pi",0.5,4,4,"MIC",0.9924,0.000868460707228603,0.26088792058916,20000,10000,TRUE
200,"sine 8pi",0.5,4,4,"BET",0.0064,0.000797435890840135,44,20000,10000,TRUE
200,"sine 8pi",0.5,4,4,"BEAST",0.9293,0.00256323057878139,0.332601664907329,20000,10000,TRUE
200,"sine 8pi",0.5,4,4,"xi",0.9878,0.00109777775528565,0.0877521938048451,20000,10000,TRUE
200,"sine 8pi",0.5,4,4,"HHG_fast",0.9725,0.00163535164414263,0.11336620243656,20000,10000,TRUE
200,"sine 8pi",0.6,4,4,"B_n",0.2291,0.00420253720982932,26.4583645071358,20000,10000,TRUE
200,"sine 8pi",0.6,4,4,"P_n",0.227,0.00418892587664189,26.3022954057449,20000,10000,TRUE
200,"sine 8pi",0.6,4,4,"Hoeffding",0.2995,0.00458039026721523,0.00473650872972991,20000,10000,TRUE
200,"sine 8pi",0.6,4,4,"dCov",0.3078,0.00461583318589396,0.165130940091669,5000,10000,FALSE
200,"sine 8pi",0.6,4,4,"HHG",0.3792,0.00485187963577004,56790.5365344191,5000,10000,FALSE
200,"sine 8pi",0.6,4,4,"Genest",0.2946,0.00455862742500415,0.0582888632014119,20000,10000,TRUE
200,"sine 8pi",0.6,4,4,"MIC",0.9354,0.00245818713689581,0.26088792058916,20000,10000,TRUE
200,"sine 8pi",0.6,4,4,"BET",0.0078,0.000879724957017817,44,20000,10000,TRUE
200,"sine 8pi",0.6,4,4,"BEAST",0.8435,0.00363328707921628,0.332601664907329,20000,10000,TRUE
200,"sine 8pi",0.6,4,4,"xi",0.9021,0.00297179390267899,0.0877521938048451,20000,10000,TRUE
200,"sine 8pi",0.6,4,4,"HHG_fast",0.8543,0.00352805201208826,0.11336620243656,20000,10000,TRUE
200,"sine 8pi",0.7,4,4,"B_n",0.1875,0.003903123748999,26.4583645071358,20000,10000,TRUE
200,"sine 8pi",0.7,4,4,"P_n",0.1856,0.00388783538746177,26.3022954057449,20000,10000,TRUE
200,"sine 8pi",0.7,4,4,"Hoeffding",0.2394,0.0042671728345592,0.00473650872972991,20000,10000,TRUE
200,"sine 8pi",0.7,4,4,"dCov",0.2313,0.00421663740437804,0.167294516016928,5000,10000,FALSE
200,"sine 8pi",0.7,4,4,"HHG",0.2672,0.00442497638411777,57165.4558229244,5000,10000,FALSE
200,"sine 8pi",0.7,4,4,"Genest",0.2334,0.00422994609894736,0.0582888632014119,20000,10000,TRUE
200,"sine 8pi",0.7,4,4,"MIC",0.7995,0.00400374512175788,0.26088792058916,20000,10000,TRUE
200,"sine 8pi",0.7,4,4,"BET",0.01,0.00099498743710662,44,20000,10000,TRUE
200,"sine 8pi",0.7,4,4,"BEAST",0.7136,0.00452078577240727,0.332601664907329,20000,10000,TRUE
200,"sine 8pi",0.7,4,4,"xi",0.7424,0.00437312519829927,0.0877521938048451,20000,10000,TRUE
200,"sine 8pi",0.7,4,4,"HHG_fast",0.6836,0.00465071005331444,0.11336620243656,20000,10000,TRUE
200,"sine 8pi",0.8,4,4,"B_n",0.1584,0.00365115652910143,26.4583645071358,20000,10000,TRUE
200,"sine 8pi",0.8,4,4,"P_n",0.1582,0.00364928431339626,26.3022954057449,20000,10000,TRUE
200,"sine 8pi",0.8,4,4,"Hoeffding",0.185,0.00388297566307078,0.00473650872972991,20000,10000,TRUE
200,"sine 8pi",0.8,4,4,"dCov",0.1871,0.00389991781964697,0.166152291060079,5000,10000,FALSE
200,"sine 8pi",0.8,4,4,"HHG",0.2047,0.00403482230091983,56780.6685900864,5000,10000,FALSE
200,"sine 8pi",0.8,4,4,"Genest",0.1827,0.00386420379897334,0.0582888632014119,20000,10000,TRUE
200,"sine 8pi",0.8,4,4,"MIC",0.6331,0.0048195890903686,0.26088792058916,20000,10000,TRUE
200,"sine 8pi",0.8,4,4,"BET",0.0126,0.00111540306616039,44,20000,10000,TRUE
200,"sine 8pi",0.8,4,4,"BEAST",0.5849,0.00492739271826389,0.332601664907329,20000,10000,TRUE
200,"sine 8pi",0.8,4,4,"xi",0.5602,0.00496362730268903,0.0877521938048451,20000,10000,TRUE
200,"sine 8pi",0.8,4,4,"HHG_fast",0.5246,0.00499394473337461,0.11336620243656,20000,10000,TRUE
200,"sine 8pi",0.9,4,4,"B_n",0.1268,0.0033274879413756,26.4583645071358,20000,10000,TRUE
200,"sine 8pi",0.9,4,4,"P_n",0.1261,0.00331962030961374,26.3022954057449,20000,10000,TRUE
200,"sine 8pi",0.9,4,4,"Hoeffding",0.1559,0.00362760513286659,0.00473650872972991,20000,10000,TRUE
200,"sine 8pi",0.9,4,4,"dCov",0.1693,0.00375016679629053,0.164703328231265,5000,10000,FALSE
200,"sine 8pi",0.9,4,4,"HHG",0.159,0.00365676086174636,57477.1247610791,5000,10000,FALSE
200,"sine 8pi",0.9,4,4,"Genest",0.1571,0.0036389502607208,0.0582888632014119,20000,10000,TRUE
200,"sine 8pi",0.9,4,4,"MIC",0.4871,0.00499833562298491,0.26088792058916,20000,10000,TRUE
200,"sine 8pi",0.9,4,4,"BET",0.0137,0.00116242462121206,44,20000,10000,TRUE
200,"sine 8pi",0.9,4,4,"BEAST",0.4578,0.00498215977262873,0.332601664907329,20000,10000,TRUE
200,"sine 8pi",0.9,4,4,"xi",0.421,0.00493719556023458,0.0877521938048451,20000,10000,TRUE
200,"sine 8pi",0.9,4,4,"HHG_fast",0.4,0.00489897948556636,0.11336620243656,20000,10000,TRUE
200,"sine 8pi",1,4,4,"B_n",0.1107,0.00313760274732159,26.4583645071358,20000,10000,TRUE
200,"sine 8pi",1,4,4,"P_n",0.1108,0.00313884309897771,26.3022954057449,20000,10000,TRUE
200,"sine 8pi",1,4,4,"Hoeffding",0.1343,0.00340974353874305,0.00473650872972991,20000,10000,TRUE
200,"sine 8pi",1,4,4,"dCov",0.1312,0.00337618956813743,0.167438787543074,5000,10000,FALSE
200,"sine 8pi",1,4,4,"HHG",0.1278,0.00333866979499321,57368.4622748809,5000,10000,FALSE
200,"sine 8pi",1,4,4,"Genest",0.1363,0.00343106849246703,0.0582888632014119,20000,10000,TRUE
200,"sine 8pi",1,4,4,"MIC",0.3807,0.00485558966552982,0.26088792058916,20000,10000,TRUE
200,"sine 8pi",1,4,4,"BET",0.0168,0.00128521437900453,44,20000,10000,TRUE
200,"sine 8pi",1,4,4,"BEAST",0.3691,0.00482561073854906,0.332601664907329,20000,10000,TRUE
200,"sine 8pi",1,4,4,"xi",0.3165,0.00465110470748617,0.0877521938048451,20000,10000,TRUE
200,"sine 8pi",1,4,4,"HHG_fast",0.3123,0.00463431451241713,0.11336620243656,20000,10000,TRUE
200,"sine 8pi",1.1,4,4,"B_n",0.0992,0.0029893035978301,26.4583645071358,20000,10000,TRUE
200,"sine 8pi",1.1,4,4,"P_n",0.099,0.00298662016332844,26.3022954057449,20000,10000,TRUE
200,"sine 8pi",1.1,4,4,"Hoeffding",0.1194,0.00324258600502747,0.00473650872972991,20000,10000,TRUE
200,"sine 8pi",1.1,4,4,"dCov",0.1341,0.00340759724732839,0.163155249235198,5000,10000,FALSE
200,"sine 8pi",1.1,4,4,"HHG",0.1179,0.00322489674253301,57145.8144380713,5000,10000,FALSE
200,"sine 8pi",1.1,4,4,"Genest",0.1209,0.00326011027420853,0.0582888632014119,20000,10000,TRUE
200,"sine 8pi",1.1,4,4,"MIC",0.3014,0.00458866037095795,0.26088792058916,20000,10000,TRUE
200,"sine 8pi",1.1,4,4,"BET",0.0194,0.00137926212157081,44,20000,10000,TRUE
200,"sine 8pi",1.1,4,4,"BEAST",0.2971,0.00456980951462969,0.332601664907329,20000,10000,TRUE
200,"sine 8pi",1.1,4,4,"xi",0.2616,0.00439505904397199,0.0877521938048451,20000,10000,TRUE
200,"sine 8pi",1.1,4,4,"HHG_fast",0.2585,0.0043781017576114,0.11336620243656,20000,10000,TRUE
200,"sine 8pi",1.2,4,4,"B_n",0.09,0.00286181760425084,26.4583645071358,20000,10000,TRUE
200,"sine 8pi",1.2,4,4,"P_n",0.0901,0.00286324972714571,26.3022954057449,20000,10000,TRUE
200,"sine 8pi",1.2,4,4,"Hoeffding",0.1068,0.00308858802691456,0.00473650872972991,20000,10000,TRUE
200,"sine 8pi",1.2,4,4,"dCov",0.1175,0.0032201513939565,0.164649762267622,5000,10000,FALSE
200,"sine 8pi",1.2,4,4,"HHG",0.1088,0.00311388117949288,57046.0464116078,5000,10000,FALSE
200,"sine 8pi",1.2,4,4,"Genest",0.1089,0.00311513707563568,0.0582888632014119,20000,10000,TRUE
200,"sine 8pi",1.2,4,4,"MIC",0.2396,0.00426839360884162,0.26088792058916,20000,10000,TRUE
200,"sine 8pi",1.2,4,4,"BET",0.0181,0.00133313127635653,44,20000,10000,TRUE
200,"sine 8pi",1.2,4,4,"BEAST",0.2401,0.00427143992115071,0.332601664907329,20000,10000,TRUE
200,"sine 8pi",1.2,4,4,"xi",0.2084,0.00406164301730223,0.0877521938048451,20000,10000,TRUE
200,"sine 8pi",1.2,4,4,"HHG_fast",0.214,0.00410126809657696,0.11336620243656,20000,10000,TRUE
200,"sine 8pi",1.3,4,4,"B_n",0.0843,0.00277837200532974,26.4583645071358,20000,10000,TRUE
200,"sine 8pi",1.3,4,4,"P_n",0.0843,0.00277837200532974,26.3022954057449,20000,10000,TRUE
200,"sine 8pi",1.3,4,4,"Hoeffding",0.098,0.00297314648142334,0.00473650872972991,20000,10000,TRUE
200,"sine 8pi",1.3,4,4,"dCov",0.1017,0.00302253387077796,0.165727877620834,5000,10000,FALSE
200,"sine 8pi",1.3,4,4,"HHG",0.095,0.00293214938227915,57018.6542682902,5000,10000,FALSE
200,"sine 8pi",1.3,4,4,"Genest",0.0979,0.00297179390267899,0.0582888632014119,20000,10000,TRUE
200,"sine 8pi",1.3,4,4,"MIC",0.2053,0.00403920672904965,0.26088792058916,20000,10000,TRUE
200,"sine 8pi",1.3,4,4,"BET",0.0191,0.00136876550219532,44,20000,10000,TRUE
200,"sine 8pi",1.3,4,4,"BEAST",0.2061,0.00404503139666431,0.332601664907329,20000,10000,TRUE
200,"sine 8pi",1.3,4,4,"xi",0.1737,0.00378851303284019,0.0877521938048451,20000,10000,TRUE
200,"sine 8pi",1.3,4,4,"HHG_fast",0.1828,0.00386502470884728,0.11336620243656,20000,10000,TRUE
200,"sine 8pi",1.4,4,4,"B_n",0.0776,0.00267541099646391,26.4583645071358,20000,10000,TRUE
200,"sine 8pi",1.4,4,4,"P_n",0.0779,0.0026801416007368,26.3022954057449,20000,10000,TRUE
200,"sine 8pi",1.4,4,4,"Hoeffding",0.0886,0.00284165515149182,0.00473650872972991,20000,10000,TRUE
200,"sine 8pi",1.4,4,4,"dCov",0.0978,0.00297044037139277,0.163774585778561,5000,10000,FALSE
200,"sine 8pi",1.4,4,4,"HHG",0.0892,0.00285032208706314,56355.9555244519,5000,10000,FALSE
200,"sine 8pi",1.4,4,4,"Genest",0.0891,0.00284888030636599,0.0582888632014119,20000,10000,TRUE
200,"sine 8pi",1.4,4,4,"MIC",0.1724,0.00377727732632911,0.26088792058916,20000,10000,TRUE
200,"sine 8pi",1.4,4,4,"BET",0.0221,0.00147008809259854,44,20000,10000,TRUE
200,"sine 8pi",1.4,4,4,"BEAST",0.174,0.00379109482867417,0.332601664907329,20000,10000,TRUE
200,"sine 8pi",1.4,4,4,"xi",0.1433,0.0035037852388524,0.0877521938048451,20000,10000,TRUE
200,"sine 8pi",1.4,4,4,"HHG_fast",0.1541,0.00361044581734721,0.11336620243656,20000,10000,TRUE
200,"sine 8pi",1.5,4,4,"B_n",0.0732,0.00260464508138825,26.4583645071358,20000,10000,TRUE
200,"sine 8pi",1.5,4,4,"P_n",0.0728,0.00259807929055293,26.3022954057449,20000,10000,TRUE
200,"sine 8pi",1.5,4,4,"Hoeffding",0.0819,0.00274212308257671,0.00473650872972991,20000,10000,TRUE
200,"sine 8pi",1.5,4,4,"dCov",0.0827,0.00275428230216149,0.165966994258964,5000,10000,FALSE
200,"sine 8pi",1.5,4,4,"HHG",0.0734,0.00260791947728453,57632.8838992468,5000,10000,FALSE
200,"sine 8pi",1.5,4,4,"Genest",0.0795,0.00270517559504,0.0582888632014119,20000,10000,TRUE
200,"sine 8pi",1.5,4,4,"MIC",0.1488,0.00355891219335347,0.26088792058916,20000,10000,TRUE
200,"sine 8pi",1.5,4,4,"BET",0.0214,0.00144713648285157,44,20000,10000,TRUE
200,"sine 8pi",1.5,4,4,"BEAST",0.1484,0.00355496047798003,0.332601664907329,20000,10000,TRUE
200,"sine 8pi",1.5,4,4,"xi",0.1256,0.0033139800844302,0.0877521938048451,20000,10000,TRUE
200,"sine 8pi",1.5,4,4,"HHG_fast",0.1368,0.00343636086579975,0.11336620243656,20000,10000,TRUE
200,"sine 8pi",1.6,4,4,"B_n",0.0662,0.00248631373724235,26.4583645071358,20000,10000,TRUE
200,"sine 8pi",1.6,4,4,"P_n",0.0657,0.00247756957520874,26.3022954057449,20000,10000,TRUE
200,"sine 8pi",1.6,4,4,"Hoeffding",0.0806,0.00272219837631279,0.00473650872972991,20000,10000,TRUE
200,"sine 8pi",1.6,4,4,"dCov",0.0755,0.00264196423140057,0.167180405367627,5000,10000,FALSE
200,"sine 8pi",1.6,4,4,"HHG",0.0708,0.00256490467659132,57533.1777680486,5000,10000,FALSE
200,"sine 8pi",1.6,4,4,"Genest",0.0808,0.00272527723360395,0.0582888632014119,20000,10000,TRUE
200,"sine 8pi",1.6,4,4,"MIC",0.135,0.00341723572496836,0.26088792058916,20000,10000,TRUE
200,"sine 8pi",1.6,4,4,"BET",0.0231,0.00150221136994765,44,20000,10000,TRUE
200,"sine 8pi",1.6,4,4,"BEAST",0.1346,0.00341295824762038,0.332601664907329,20000,10000,TRUE
200,"sine 8pi",1.6,4,4,"xi",0.11,0.0031288975694324,0.0877521938048451,20000,10000,TRUE
200,"sine 8pi",1.6,4,4,"HHG_fast",0.1267,0.00332636603518013,0.11336620243656,20000,10000,TRUE
200,"sine 8pi",1.7,4,4,"B_n",0.0689,0.00253284010549423,26.4583645071358,20000,10000,TRUE
200,"sine 8pi",1.7,4,4,"P_n",0.0696,0.00254471688012635,26.3022954057449,20000,10000,TRUE
200,"sine 8pi",1.7,4,4,"Hoeffding",0.0779,0.0026801416007368,0.00473650872972991,20000,10000,TRUE
200,"sine 8pi",1.7,4,4,"dCov",0.0741,0.00261933560278174,0.167115899153706,5000,10000,FALSE
200,"sine 8pi",1.7,4,4,"HHG",0.0834,0.00276485876673656,56691.9244525231,5000,10000,FALSE
200,"sine 8pi",1.7,4,4,"Genest",0.075,0.00263391343821318,0.0582888632014119,20000,10000,TRUE
200,"sine 8pi",1.7,4,4,"MIC",0.1222,0.00327516656065001,0.26088792058916,20000,10000,TRUE
200,"sine 8pi",1.7,4,4,"BET",0.0221,0.00147008809259854,44,20000,10000,TRUE
200,"sine 8pi",1.7,4,4,"BEAST",0.1329,0.00339466625752812,0.332601664907329,20000,10000,TRUE
200,"sine 8pi",1.7,4,4,"xi",0.1031,0.00304089444078547,0.0877521938048451,20000,10000,TRUE
200,"sine 8pi",1.7,4,4,"HHG_fast",0.1249,0.00330605489972565,0.11336620243656,20000,10000,TRUE
200,"sine 8pi",1.8,4,4,"B_n",0.0698,0.00254809654448178,26.4583645071358,20000,10000,TRUE
200,"sine 8pi",1.8,4,4,"P_n",0.0698,0.00254809654448178,26.3022954057449,20000,10000,TRUE
200,"sine 8pi",1.8,4,4,"Hoeffding",0.0785,0.00268956780914704,0.00473650872972991,20000,10000,TRUE
200,"sine 8pi",1.8,4,4,"dCov",0.0795,0.00270517559504,0.166776273801978,5000,10000,FALSE
200,"sine 8pi",1.8,4,4,"HHG",0.0808,0.00272527723360395,56568.8106328583,5000,10000,FALSE
200,"sine 8pi",1.8,4,4,"Genest",0.0798,0.00270983320519917,0.0582888632014119,20000,10000,TRUE
200,"sine 8pi",1.8,4,4,"MIC",0.1157,0.00319864830827023,0.26088792058916,20000,10000,TRUE
200,"sine 8pi",1.8,4,4,"BET",0.0215,0.00145043958853859,44,20000,10000,TRUE
200,"sine 8pi",1.8,4,4,"BEAST",0.112,0.00315366453510832,0.332601664907329,20000,10000,TRUE
200,"sine 8pi",1.8,4,4,"xi",0.0974,0.00296501669472534,0.0877521938048451,20000,10000,TRUE
200,"sine 8pi",1.8,4,4,"HHG_fast",0.1106,0.00313636158629709,0.11336620243656,20000,10000,TRUE
200,"sine 8pi",1.9,4,4,"B_n",0.0612,0.00239696808489391,26.4583645071358,20000,10000,TRUE
200,"sine 8pi",1.9,4,4,"P_n",0.0616,0.00240427619045733,26.3022954057449,20000,10000,TRUE
200,"sine 8pi",1.9,4,4,"Hoeffding",0.0713,0.00257325299960964,0.00473650872972991,20000,10000,TRUE
200,"sine 8pi",1.9,4,4,"dCov",0.0775,0.00267383152049638,0.165030129686706,5000,10000,FALSE
200,"sine 8pi",1.9,4,4,"HHG",0.066,0.00248282097622845,57070.5796507383,5000,10000,FALSE
200,"sine 8pi",1.9,4,4,"Genest",0.0708,0.00256490467659132,0.0582888632014119,20000,10000,TRUE
200,"sine 8pi",1.9,4,4,"MIC",0.1009,0.0030119626491708,0.26088792058916,20000,10000,TRUE
200,"sine 8pi",1.9,4,4,"BET",0.0235,0.00151485147786838,44,20000,10000,TRUE
200,"sine 8pi",1.9,4,4,"BEAST",0.1071,0.00309240343422394,0.332601664907329,20000,10000,TRUE
200,"sine 8pi",1.9,4,4,"xi",0.0902,0.00286468078500904,0.0877521938048451,20000,10000,TRUE
200,"sine 8pi",1.9,4,4,"HHG_fast",0.0953,0.00293628864384958,0.11336620243656,20000,10000,TRUE
200,"sine 8pi",2,4,4,"B_n",0.0663,0.00248805767618036,26.4583645071358,20000,10000,TRUE
200,"sine 8pi",2,4,4,"P_n",0.067,0.00250021999032085,26.3022954057449,20000,10000,TRUE
200,"sine 8pi",2,4,4,"Hoeffding",0.0715,0.0025765820382825,0.00473650872972991,20000,10000,TRUE
200,"sine 8pi",2,4,4,"dCov",0.076,0.0026499811320083,0.164510209195234,5000,10000,FALSE
200,"sine 8pi",2,4,4,"HHG",0.0806,0.00272219837631279,56222.2853376304,5000,10000,FALSE
200,"sine 8pi",2,4,4,"Genest",0.0712,0.00257158628087801,0.0582888632014119,20000,10000,TRUE
200,"sine 8pi",2,4,4,"MIC",0.1011,0.00301461092016864,0.26088792058916,20000,10000,TRUE
200,"sine 8pi",2,4,4,"BET",0.0233,0.00150854598869242,44,20000,10000,TRUE
200,"sine 8pi",2,4,4,"BEAST",0.1004,0.00300532593906218,0.332601664907329,20000,10000,TRUE
200,"sine 8pi",2,4,4,"xi",0.0868,0.00281541755340127,0.0877521938048451,20000,10000,TRUE
200,"sine 8pi",2,4,4,"HHG_fast",0.0998,0.00299733147983335,0.11336620243656,20000,10000,TRUE
200,"Clayton",0.1,4,4,"B_n",1,0,26.4583645071358,20000,10000,TRUE
200,"Clayton",0.1,4,4,"P_n",1,0,26.3022954057449,20000,10000,TRUE
200,"Clayton",0.1,4,4,"Hoeffding",1,0,0.00473650872972991,20000,10000,TRUE
200,"Clayton",0.1,4,4,"dCov",1,0,0.164133300036661,5000,10000,FALSE
200,"Clayton",0.1,4,4,"HHG",1,0,58769.7897084344,5000,10000,FALSE
200,"Clayton",0.1,4,4,"Genest",1,0,0.0582888632014119,20000,10000,TRUE
200,"Clayton",0.1,4,4,"MIC",0.9883,0.00107531902243009,0.26088792058916,20000,10000,TRUE
200,"Clayton",0.1,4,4,"BET",0.9676,0.00177059989833954,44,20000,10000,TRUE
200,"Clayton",0.1,4,4,"BEAST",0.9975,0.000499374608885949,0.332601664907329,20000,10000,TRUE
200,"Clayton",0.1,4,4,"xi",0.9772,0.00149265401215419,0.0877521938048451,20000,10000,TRUE
200,"Clayton",0.1,4,4,"HHG_fast",1,0,0.11336620243656,20000,10000,TRUE
200,"Clayton",0.2,4,4,"B_n",1,0,26.4583645071358,20000,10000,TRUE
200,"Clayton",0.2,4,4,"P_n",1,0,26.3022954057449,20000,10000,TRUE
200,"Clayton",0.2,4,4,"Hoeffding",1,0,0.00473650872972991,20000,10000,TRUE
200,"Clayton",0.2,4,4,"dCov",1,0,0.161093303452441,5000,10000,FALSE
200,"Clayton",0.2,4,4,"HHG",1,0,57927.5135749593,5000,10000,FALSE
200,"Clayton",0.2,4,4,"Genest",1,0,0.0582888632014119,20000,10000,TRUE
200,"Clayton",0.2,4,4,"MIC",0.9851,0.0012115275481804,0.26088792058916,20000,10000,TRUE
200,"Clayton",0.2,4,4,"BET",0.961,0.0019359493795035,44,20000,10000,TRUE
200,"Clayton",0.2,4,4,"BEAST",0.9976,0.000489309717867933,0.332601664907329,20000,10000,TRUE
200,"Clayton",0.2,4,4,"xi",0.9703,0.00169758387127116,0.0877521938048451,20000,10000,TRUE
200,"Clayton",0.2,4,4,"HHG_fast",1,0,0.11336620243656,20000,10000,TRUE
200,"Clayton",0.3,4,4,"B_n",0.9999,9.99949998749882e-05,26.4583645071358,20000,10000,TRUE
200,"Clayton",0.3,4,4,"P_n",0.9999,9.99949998749882e-05,26.3022954057449,20000,10000,TRUE
200,"Clayton",0.3,4,4,"Hoeffding",1,0,0.00473650872972991,20000,10000,TRUE
200,"Clayton",0.3,4,4,"dCov",1,0,0.164059677131868,5000,10000,FALSE
200,"Clayton",0.3,4,4,"HHG",1,0,58289.4875982492,5000,10000,FALSE
200,"Clayton",0.3,4,4,"Genest",1,0,0.0582888632014119,20000,10000,TRUE
200,"Clayton",0.3,4,4,"MIC",0.978,0.00146683332386471,0.26088792058916,20000,10000,TRUE
200,"Clayton",0.3,4,4,"BET",0.9525,0.00212705782714058,44,20000,10000,TRUE
200,"Clayton",0.3,4,4,"BEAST",0.9931,0.000827791640450664,0.332601664907329,20000,10000,TRUE
200,"Clayton",0.3,4,4,"xi",0.9496,0.00218768919181862,0.0877521938048451,20000,10000,TRUE
200,"Clayton",0.3,4,4,"HHG_fast",1,0,0.11336620243656,20000,10000,TRUE
200,"Clayton",0.4,4,4,"B_n",1,0,26.4583645071358,20000,10000,TRUE
200,"Clayton",0.4,4,4,"P_n",1,0,26.3022954057449,20000,10000,TRUE
200,"Clayton",0.4,4,4,"Hoeffding",1,0,0.00473650872972991,20000,10000,TRUE
200,"Clayton",0.4,4,4,"dCov",0.9999,9.99949998749882e-05,0.163856650811622,5000,10000,FALSE
200,"Clayton",0.4,4,4,"HHG",0.9999,9.99949998749882e-05,57760.6137926139,5000,10000,FALSE
200,"Clayton",0.4,4,4,"Genest",1,0,0.0582888632014119,20000,10000,TRUE
200,"Clayton",0.4,4,4,"MIC",0.9684,0.0017493267276298,0.26088792058916,20000,10000,TRUE
200,"Clayton",0.4,4,4,"BET",0.9337,0.00248805767618036,44,20000,10000,TRUE
200,"Clayton",0.4,4,4,"BEAST",0.9866,0.00114980172203732,0.332601664907329,20000,10000,TRUE
200,"Clayton",0.4,4,4,"xi",0.9245,0.00264196423140057,0.0877521938048451,20000,10000,TRUE
200,"Clayton",0.4,4,4,"HHG_fast",0.9997,0.000173179098045915,0.11336620243656,20000,10000,TRUE
200,"Clayton",0.5,4,4,"B_n",0.9994,0.000244875478560032,26.4583645071358,20000,10000,TRUE
200,"Clayton",0.5,4,4,"P_n",0.9993,0.000264482513599677,26.3022954057449,20000,10000,TRUE
200,"Clayton",0.5,4,4,"Hoeffding",1,0,0.00473650872972991,20000,10000,TRUE
200,"Clayton",0.5,4,4,"dCov",1,0,0.165726711442052,5000,10000,FALSE
200,"Clayton",0.5,4,4,"HHG",1,0,57997.2091771192,5000,10000,FALSE
200,"Clayton",0.5,4,4,"Genest",1,0,0.0582888632014119,20000,10000,TRUE
200,"Clayton",0.5,4,4,"MIC",0.9576,0.00201499975186103,0.26088792058916,20000,10000,TRUE
200,"Clayton",0.5,4,4,"BET",0.9126,0.00282420325047614,44,20000,10000,TRUE
200,"Clayton",0.5,4,4,"BEAST",0.9716,0.00166112732805165,0.332601664907329,20000,10000,TRUE
200,"Clayton",0.5,4,4,"xi",0.8942,0.00307581468882636,0.0877521938048451,20000,10000,TRUE
200,"Clayton",0.5,4,4,"HHG_fast",0.9999,9.99949998749882e-05,0.11336620243656,20000,10000,TRUE
200,"Clayton",0.6,4,4,"B_n",0.9976,0.000489309717867933,26.4583645071358,20000,10000,TRUE
200,"Clayton",0.6,4,4,"P_n",0.9971,0.000537735064878609,26.3022954057449,20000,10000,TRUE
200,"Clayton",0.6,4,4,"Hoeffding",0.9999,9.99949998749882e-05,0.00473650872972991,20000,10000,TRUE
200,"Clayton",0.6,4,4,"dCov",1,0,0.164647055573017,5000,10000,FALSE
200,"Clayton",0.6,4,4,"HHG",0.9999,9.99949998749882e-05,57289.965051543,5000,10000,FALSE
200,"Clayton",0.6,4,4,"Genest",1,0,0.0582888632014119,20000,10000,TRUE
200,"Clayton",0.6,4,4,"MIC",0.934,0.00248282097622845,0.26088792058916,20000,10000,TRUE
200,"Clayton",0.6,4,4,"BET",0.8789,0.0032624345204157,44,20000,10000,TRUE
200,"Clayton",0.6,4,4,"BEAST",0.9471,0.00223833844625874,0.332601664907329,20000,10000,TRUE
200,"Clayton",0.6,4,4,"xi",0.8433,0.0036351768870304,0.0877521938048451,20000,10000,TRUE
200,"Clayton",0.6,4,4,"HHG_fast",0.999,0.000316069612585582,0.11336620243656,20000,10000,TRUE
200,"Clayton",0.7,4,4,"B_n",0.9943,0.000752828665766656,26.4583645071358,20000,10000,TRUE
200,"Clayton",0.7,4,4,"P_n",0.9941,0.000765845284636526,26.3022954057449,20000,10000,TRUE
200,"Clayton",0.7,4,4,"Hoeffding",1,0,0.00473650872972991,20000,10000,TRUE
200,"Clayton",0.7,4,4,"dCov",1,0,0.168425852044165,5000,10000,FALSE
200,"Clayton",0.7,4,4,"HHG",0.9996,0.000199959995999189,58303.2072429139,5000,10000,FALSE
200,"Clayton",0.7,4,4,"Genest",1,0,0.0582888632014119,20000,10000,TRUE
200,"Clayton",0.7,4,4,"MIC",0.9041,0.00294454054140879,0.26088792058916,20000,10000,TRUE
200,"Clayton",0.7,4,4,"BET",0.8308,0.00374928473178552,44,20000,10000,TRUE
200,"Clayton",0.7,4,4,"BEAST",0.9127,0.00282274175226853,0.332601664907329,20000,10000,TRUE
200,"Clayton",0.7,4,4,"xi",0.7871,0.00409357533215159,0.0877521938048451,20000,10000,TRUE
200,"Clayton",0.7,4,4,"HHG_fast",0.9984,0.000399679871897503,0.11336620243656,20000,10000,TRUE
200,"Clayton",0.8,4,4,"B_n",0.9836,0.00127008031242123,26.4583645071358,20000,10000,TRUE
200,"Clayton",0.8,4,4,"P_n",0.9823,0.00131858674344921,26.3022954057449,20000,10000,TRUE
200,"Clayton",0.8,4,4,"Hoeffding",0.9998,0.0001414072133945,0.00473650872972991,20000,10000,TRUE
200,"Clayton",0.8,4,4,"dCov",0.9999,9.99949998749882e-05,0.16540214163804,5000,10000,FALSE
200,"Clayton",0.8,4,4,"HHG",0.9982,0.000423882059068324,57782.5128512373,5000,10000,FALSE
200,"Clayton",0.8,4,4,"Genest",0.9998,0.0001414072133945,0.0582888632014119,20000,10000,TRUE
200,"Clayton",0.8,4,4,"MIC",0.8549,0.00352201632591333,0.26088792058916,20000,10000,TRUE
200,"Clayton",0.8,4,4,"BET",0.7715,0.00419866347782244,44,20000,10000,TRUE
200,"Clayton",0.8,4,4,"BEAST",0.8672,0.00339358453556118,0.332601664907329,20000,10000,TRUE
200,"Clayton",0.8,4,4,"xi",0.7087,0.00454361431021604,0.0877521938048451,20000,10000,TRUE
200,"Clayton",0.8,4,4,"HHG_fast",0.9944,0.00074623320751626,0.11336620243656,20000,10000,TRUE
200,"Clayton",0.9,4,4,"B_n",0.9667,0.0017941881172274,26.4583645071358,20000,10000,TRUE
200,"Clayton",0.9,4,4,"P_n",0.9643,0.00185541127516246,26.3022954057449,20000,10000,TRUE
200,"Clayton",0.9,4,4,"Hoeffding",0.9985,0.00038700775186034,0.00473650872972991,20000,10000,TRUE
200,"Clayton",0.9,4,4,"dCov",0.9986,0.000373903730925483,0.166101622496735,5000,10000,FALSE
200,"Clayton",0.9,4,4,"HHG",0.9949,0.000712319450808413,57545.6551706453,5000,10000,FALSE
200,"Clayton",0.9,4,4,"Genest",0.9984,0.000399679871897503,0.0582888632014119,20000,10000,TRUE
200,"Clayton",0.9,4,4,"MIC",0.7931,0.00405083188987151,0.26088792058916,20000,10000,TRUE
200,"Clayton",0.9,4,4,"BET",0.7001,0.00458213912927139,44,20000,10000,TRUE
200,"Clayton",0.9,4,4,"BEAST",0.7967,0.00402453860709523,0.332601664907329,20000,10000,TRUE
200,"Clayton",0.9,4,4,"xi",0.6314,0.00482425165181088,0.0877521938048451,20000,10000,TRUE
200,"Clayton",0.9,4,4,"HHG_fast",0.9858,0.00118314665194134,0.11336620243656,20000,10000,TRUE
200,"Clayton",1,4,4,"B_n",0.9364,0.00244039013274517,26.4583645071358,20000,10000,TRUE
200,"Clayton",1,4,4,"P_n",0.9334,0.00249327976769555,26.3022954057449,20000,10000,TRUE
200,"Clayton",1,4,4,"Hoeffding",0.9971,0.000537735064878609,0.00473650872972991,20000,10000,TRUE
200,"Clayton",1,4,4,"dCov",0.9977,0.00047903131421651,0.165240276023702,5000,10000,FALSE
200,"Clayton",1,4,4,"HHG",0.9875,0.00111102430216445,57634.170179004,5000,10000,FALSE
200,"Clayton",1,4,4,"Genest",0.9974,0.000509238647394328,0.0582888632014119,20000,10000,TRUE
200,"Clayton",1,4,4,"MIC",0.7289,0.00444527603192423,0.26088792058916,20000,10000,TRUE
200,"Clayton",1,4,4,"BET",0.6206,0.00485237714939801,44,20000,10000,TRUE
200,"Clayton",1,4,4,"BEAST",0.7282,0.00444887356529718,0.332601664907329,20000,10000,TRUE
200,"Clayton",1,4,4,"xi",0.5599,0.00496399022964389,0.0877521938048451,20000,10000,TRUE
200,"Clayton",1,4,4,"HHG_fast",0.9723,0.0016411188256796,0.11336620243656,20000,10000,TRUE
200,"Clayton",1.1,4,4,"B_n",0.9022,0.00297044037139277,26.4583645071358,20000,10000,TRUE
200,"Clayton",1.1,4,4,"P_n",0.8978,0.00302911142086256,26.3022954057449,20000,10000,TRUE
200,"Clayton",1.1,4,4,"Hoeffding",0.9936,0.000797435890840133,0.00473650872972991,20000,10000,TRUE
200,"Clayton",1.1,4,4,"dCov",0.995,0.000705336798983295,0.165529801973234,5000,10000,FALSE
200,"Clayton",1.1,4,4,"HHG",0.9737,0.00160025966642917,57764.262876415,5000,10000,FALSE
200,"Clayton",1.1,4,4,"Genest",0.9939,0.000778639197574846,0.0582888632014119,20000,10000,TRUE
200,"Clayton",1.1,4,4,"MIC",0.6542,0.0047562838435064,0.26088792058916,20000,10000,TRUE
200,"Clayton",1.1,4,4,"BET",0.5406,0.00498348913914739,44,20000,10000,TRUE
200,"Clayton",1.1,4,4,"BEAST",0.6537,0.00475790195359257,0.332601664907329,20000,10000,TRUE
200,"Clayton",1.1,4,4,"xi",0.4862,0.00499809523718786,0.0877521938048451,20000,10000,TRUE
200,"Clayton",1.1,4,4,"HHG_fast",0.9514,0.00215030323442997,0.11336620243656,20000,10000,TRUE
200,"Clayton",1.2,4,4,"B_n",0.8565,0.00350582016081829,26.4583645071358,20000,10000,TRUE
200,"Clayton",1.2,4,4,"P_n",0.8523,0.00354802353430752,26.3022954057449,20000,10000,TRUE
200,"Clayton",1.2,4,4,"Hoeffding",0.9888,0.00105235735375394,0.00473650872972991,20000,10000,TRUE
200,"Clayton",1.2,4,4,"dCov",0.9895,0.00101930123123638,0.168464346278903,5000,10000,FALSE
200,"Clayton",1.2,4,4,"HHG",0.9534,0.00210780549387271,58517.3636784181,5000,10000,FALSE
200,"Clayton",1.2,4,4,"Genest",0.99,0.00099498743710662,0.0582888632014119,20000,10000,TRUE
200,"Clayton",1.2,4,4,"MIC",0.5894,0.00491942720242916,0.26088792058916,20000,10000,TRUE
200,"Clayton",1.2,4,4,"BET",0.4797,0.00499587740041727,44,20000,10000,TRUE
200,"Clayton",1.2,4,4,"BEAST",0.5836,0.00492961499510864,0.332601664907329,20000,10000,TRUE
200,"Clayton",1.2,4,4,"xi",0.4311,0.00495230037457342,0.0877521938048451,20000,10000,TRUE
200,"Clayton",1.2,4,4,"HHG_fast",0.9265,0.00260955455969022,0.11336620243656,20000,10000,TRUE
200,"Clayton",1.3,4,4,"B_n",0.802,0.00398492158015688,26.4583645071358,20000,10000,TRUE
200,"Clayton",1.3,4,4,"P_n",0.797,0.00402232519819072,26.3022954057449,20000,10000,TRUE
200,"Clayton",1.3,4,4,"Hoeffding",0.979,0.00143384099536873,0.00473650872972991,20000,10000,TRUE
200,"Clayton",1.3,4,4,"dCov",0.9814,0.0013510751274448,0.166762613941047,5000,10000,FALSE
200,"Clayton",1.3,4,4,"HHG",0.9331,0.00249848734237338,57402.9615060371,5000,10000,FALSE
200,"Clayton",1.3,4,4,"Genest",0.9791,0.00143049606780306,0.0582888632014119,20000,10000,TRUE
200,"Clayton",1.3,4,4,"MIC",0.5345,0.00498808329922426,0.26088792058916,20000,10000,TRUE
200,"Clayton",1.3,4,4,"BET",0.4189,0.0049337895171967,44,20000,10000,TRUE
200,"Clayton",1.3,4,4,"BEAST",0.5188,0.00499646434991785,0.332601664907329,20000,10000,TRUE
200,"Clayton",1.3,4,4,"xi",0.3752,0.00484174513992631,0.0877521938048451,20000,10000,TRUE
200,"Clayton",1.3,4,4,"HHG_fast",0.89,0.0031288975694324,0.11336620243656,20000,10000,TRUE
200,"Clayton",1.4,4,4,"B_n",0.7474,0.00434503440722855,26.4583645071358,20000,10000,TRUE
200,"Clayton",1.4,4,4,"P_n",0.7416,0.00437754999971445,26.3022954057449,20000,10000,TRUE
200,"Clayton",1.4,4,4,"Hoeffding",0.9651,0.00183526537590617,0.00473650872972991,20000,10000,TRUE
200,"Clayton",1.4,4,4,"dCov",0.9732,0.00161498482965011,0.164986865116193,5000,10000,FALSE
200,"Clayton",1.4,4,4,"HHG",0.8943,0.00307453264741164,57715.4006419701,5000,10000,FALSE
200,"Clayton",1.4,4,4,"Genest",0.9653,0.00183018878807625,0.0582888632014119,20000,10000,TRUE
200,"Clayton",1.4,4,4,"MIC",0.4738,0.00499313088152113,0.26088792058916,20000,10000,TRUE
200,"Clayton",1.4,4,4,"BET",0.358,0.00479412140021506,44,20000,10000,TRUE
200,"Clayton",1.4,4,4,"BEAST",0.4618,0.00498538624381301,0.332601664907329,20000,10000,TRUE
200,"Clayton",1.4,4,4,"xi",0.3324,0.00471073497450239,0.0877521938048451,20000,10000,TRUE
200,"Clayton",1.4,4,4,"HHG_fast",0.852,0.00355099985919459,0.11336620243656,20000,10000,TRUE
200,"Clayton",1.5,4,4,"B_n",0.6863,0.00463996023689859,26.4583645071358,20000,10000,TRUE
200,"Clayton",1.5,4,4,"P_n",0.6809,0.00466127868722736,26.3022954057449,20000,10000,TRUE
200,"Clayton",1.5,4,4,"Hoeffding",0.9434,0.00231076697224103,0.00473650872972991,20000,10000,TRUE
200,"Clayton",1.5,4,4,"dCov",0.9526,0.00212492917529032,0.166117470973437,5000,10000,FALSE
200,"Clayton",1.5,4,4,"HHG",0.8561,0.0035098830464846,57862.6688681511,5000,10000,FALSE
200,"Clayton",1.5,4,4,"Genest",0.9459,0.00226214919932351,0.0582888632014119,20000,10000,TRUE
200,"Clayton",1.5,4,4,"MIC",0.4167,0.00493012281794277,0.26088792058916,20000,10000,TRUE
200,"Clayton",1.5,4,4,"BET",0.3144,0.00464276469358506,44,20000,10000,TRUE
200,"Clayton",1.5,4,4,"BEAST",0.405,0.00490892045158607,0.332601664907329,20000,10000,TRUE
200,"Clayton",1.5,4,4,"xi",0.2915,0.00454453242919445,0.0877521938048451,20000,10000,TRUE
200,"Clayton",1.5,4,4,"HHG_fast",0.8058,0.00395583568920652,0.11336620243656,20000,10000,TRUE
200,"Clayton",1.6,4,4,"B_n",0.6258,0.00483915653807562,26.4583645071358,20000,10000,TRUE
200,"Clayton",1.6,4,4,"P_n",0.62,0.00485386443980464,26.3022954057449,20000,10000,TRUE
200,"Clayton",1.6,4,4,"Hoeffding",0.924,0.0026499811320083,0.00473650872972991,20000,10000,TRUE
200,"Clayton",1.6,4,4,"dCov",0.9283,0.0025799052308176,0.167646455311419,5000,10000,FALSE
200,"Clayton",1.6,4,4,"HHG",0.8187,0.00385266544096422,57464.7543502965,5000,10000,FALSE
200,"Clayton",1.6,4,4,"Genest",0.9258,0.00262096089249725,0.0582888632014119,20000,10000,TRUE
200,"Clayton",1.6,4,4,"MIC",0.3769,0.00484609523224627,0.26088792058916,20000,10000,TRUE
200,"Clayton",1.6,4,4,"BET",0.2611,0.00439234322429384,44,20000,10000,TRUE
200,"Clayton",1.6,4,4,"BEAST",0.3512,0.00477345325733897,0.332601664907329,20000,10000,TRUE
200,"Clayton",1.6,4,4,"xi",0.2612,0.00439288697783132,0.0877521938048451,20000,10000,TRUE
200,"Clayton",1.6,4,4,"HHG_fast",0.7565,0.00429194303317274,0.11336620243656,20000,10000,TRUE
200,"Clayton",1.7,4,4,"B_n",0.5774,0.00493972914237208,26.4583645071358,20000,10000,TRUE
200,"Clayton",1.7,4,4,"P_n",0.5725,0.00494715827521214,26.3022954057449,20000,10000,TRUE
200,"Clayton",1.7,4,4,"Hoeffding",0.8954,0.00306037317985895,0.00473650872972991,20000,10000,TRUE
200,"Clayton",1.7,4,4,"dCov",0.9075,0.0028973047820345,0.166406456070141,5000,10000,FALSE
200,"Clayton",1.7,4,4,"HHG",0.7773,0.0041605854155395,57391.2434731198,5000,10000,FALSE
200,"Clayton",1.7,4,4,"Genest",0.8993,0.00300931071842042,0.0582888632014119,20000,10000,TRUE
200,"Clayton",1.7,4,4,"MIC",0.3391,0.00473403833951522,0.26088792058916,20000,10000,TRUE
200,"Clayton",1.7,4,4,"BET",0.2316,0.00421854761736785,44,20000,10000,TRUE
200,"Clayton",1.7,4,4,"BEAST",0.3249,0.0046833747447754,0.332601664907329,20000,10000,TRUE
200,"Clayton",1.7,4,4,"xi",0.2341,0.00423434989106947,0.0877521938048451,20000,10000,TRUE
200,"Clayton",1.7,4,4,"HHG_fast",0.7018,0.00457467769356487,0.11336620243656,20000,10000,TRUE
200,"Clayton",1.8,4,4,"B_n",0.5286,0.00499181369844669,26.4583645071358,20000,10000,TRUE
200,"Clayton",1.8,4,4,"P_n",0.5225,0.00499493493451116,26.3022954057449,20000,10000,TRUE
200,"Clayton",1.8,4,4,"Hoeffding",0.8672,0.00339358453556118,0.00473650872972991,20000,10000,TRUE
200,"Clayton",1.8,4,4,"dCov",0.8842,0.00319984937145485,0.165971902593903,5000,10000,FALSE
200,"Clayton",1.8,4,4,"HHG",0.7359,0.0044085279856206,57334.4905708519,5000,10000,FALSE
200,"Clayton",1.8,4,4,"Genest",0.8714,0.00334756687759931,0.0582888632014119,20000,10000,TRUE
200,"Clayton",1.8,4,4,"MIC",0.3068,0.00461165653534606,0.26088792058916,20000,10000,TRUE
200,"Clayton",1.8,4,4,"BET",0.2166,0.00411927712104927,44,20000,10000,TRUE
200,"Clayton",1.8,4,4,"BEAST",0.2941,0.0045563712535306,0.332601664907329,20000,10000,TRUE
200,"Clayton",1.8,4,4,"xi",0.2142,0.00410266206261252,0.0877521938048451,20000,10000,TRUE
200,"Clayton",1.8,4,4,"HHG_fast",0.6613,0.00473267693805525,0.11336620243656,20000,10000,TRUE
200,"Clayton",1.9,4,4,"B_n",0.4737,0.0049930783090194,26.4583645071358,20000,10000,TRUE
200,"Clayton",1.9,4,4,"P_n",0.4716,0.00499192788409448,26.3022954057449,20000,10000,TRUE
200,"Clayton",1.9,4,4,"Hoeffding",0.83,0.00375632799419859,0.00473650872972991,20000,10000,TRUE
200,"Clayton",1.9,4,4,"dCov",0.842,0.0036474100400147,0.167366745626115,5000,10000,FALSE
200,"Clayton",1.9,4,4,"HHG",0.6744,0.00468598591547179,57688.5396758283,5000,10000,FALSE
200,"Clayton",1.9,4,4,"Genest",0.8348,0.00371360956483042,0.0582888632014119,20000,10000,TRUE
200,"Clayton",1.9,4,4,"MIC",0.271,0.00444476096095167,0.26088792058916,20000,10000,TRUE
200,"Clayton",1.9,4,4,"BET",0.1826,0.00386338245582805,44,20000,10000,TRUE
200,"Clayton",1.9,4,4,"BEAST",0.2585,0.0043781017576114,0.332601664907329,20000,10000,TRUE
200,"Clayton",1.9,4,4,"xi",0.1863,0.00389348571334222,0.0877521938048451,20000,10000,TRUE
200,"Clayton",1.9,4,4,"HHG_fast",0.6008,0.00489733968599279,0.11336620243656,20000,10000,TRUE
200,"Clayton",2,4,4,"B_n",0.4424,0.00496671158816374,26.4583645071358,20000,10000,TRUE
200,"Clayton",2,4,4,"P_n",0.4377,0.00496103527502073,26.3022954057449,20000,10000,TRUE
200,"Clayton",2,4,4,"Hoeffding",0.8004,0.00399699687265327,0.00473650872972991,20000,10000,TRUE
200,"Clayton",2,4,4,"dCov",0.8193,0.00384769424460936,0.16549551751702,5000,10000,FALSE
200,"Clayton",2,4,4,"HHG",0.654,0.00475693178424917,56970.1672444138,5000,10000,FALSE
200,"Clayton",2,4,4,"Genest",0.8045,0.00396585110663525,0.0582888632014119,20000,10000,TRUE
200,"Clayton",2,4,4,"MIC",0.2468,0.0043114934767433,0.26088792058916,20000,10000,TRUE
200,"Clayton",2,4,4,"BET",0.1654,0.00371541168647567,44,20000,10000,TRUE
200,"Clayton",2,4,4,"BEAST",0.2416,0.00428053080820592,0.332601664907329,20000,10000,TRUE
200,"Clayton",2,4,4,"xi",0.172,0.00377380444644393,0.0877521938048451,20000,10000,TRUE
200,"Clayton",2,4,4,"HHG_fast",0.5661,0.00495611531342845,0.11336620243656,20000,10000,TRUE
50,"linear",0.1,2,2,"B_n",1,0,9.3990301207677,20000,10000,TRUE
50,"linear",0.1,2,2,"P_n",1,0,9.33242179180288,20000,10000,TRUE
50,"linear",0.1,2,2,"Hoeffding",1,0,0.0210079244463743,20000,10000,TRUE
50,"linear",0.1,2,2,"dCov",1,0,0.327381267229635,5000,10000,FALSE
50,"linear",0.1,2,2,"HHG",1,0,3516.32450050517,5000,10000,FALSE
50,"linear",0.1,2,2,"Genest",1,0,0.0579027982222199,20000,10000,TRUE
50,"linear",0.1,2,2,"MIC",1,0,0.399387535914313,20000,10000,TRUE
50,"linear",0.1,2,2,"BET",1,0,18,20000,10000,TRUE
50,"linear",0.1,2,2,"BEAST",1,0,0.395809657003567,20000,10000,TRUE
50,"linear",0.1,2,2,"xi",1,0,0.171668667466987,20000,10000,TRUE
50,"linear",0.1,2,2,"HHG_fast",1,0,0.0650825501909782,20000,10000,TRUE
50,"linear",0.2,2,2,"B_n",1,0,9.3990301207677,20000,10000,TRUE
50,"linear",0.2,2,2,"P_n",1,0,9.33242179180288,20000,10000,TRUE
50,"linear",0.2,2,2,"Hoeffding",1,0,0.0210079244463743,20000,10000,TRUE
50,"linear",0.2,2,2,"dCov",1,0,0.327304643701346,5000,10000,FALSE
50,"linear",0.2,2,2,"HHG",1,0,3454.65617606581,5000,10000,FALSE
50,"linear",0.2,2,2,"Genest",1,0,0.0579027982222199,20000,10000,TRUE
50,"linear",0.2,2,2,"MIC",0.9999,9.99949998749882e-05,0.399387535914313,20000,10000,TRUE
50,"linear",0.2,2,2,"BET",0.9979,0.000457776146167534,18,20000,10000,TRUE
50,"linear",0.2,2,2,"BEAST",0.9999,9.99949998749882e-05,0.395809657003567,20000,10000,TRUE
50,"linear",0.2,2,2,"xi",0.9998,0.0001414072133945,0.171668667466987,20000,10000,TRUE
50,"linear",0.2,2,2,"HHG_fast",1,0,0.0650825501909782,20000,10000,TRUE
50,"linear",0.3,2,2,"B_n",0.9997,0.000173179098045915,9.3990301207677,20000,10000,TRUE
50,"linear",0.3,2,2,"P_n",0.9995,0.000223550889061069,9.33242179180288,20000,10000,TRUE
50,"linear",0.3,2,2,"Hoeffding",1,0,0.0210079244463743,20000,10000,TRUE
50,"linear",0.3,2,2,"dCov",1,0,0.3254971206485,5000,10000,FALSE
50,"linear",0.3,2,2,"HHG",0.9984,0.000399679871897503,3419.27919416262,5000,10000,FALSE
50,"linear",0.3,2,2,"Genest",0.9999,9.99949998749882e-05,0.0579027982222199,20000,10000,TRUE
50,"linear",0.3,2,2,"MIC",0.976,0.00153049011757672,0.399387535914313,20000,10000,TRUE
50,"linear",0.3,2,2,"BET",0.9225,0.00267383152049638,18,20000,10000,TRUE
50,"linear",0.3,2,2,"BEAST",0.974,0.00159135162676261,0.395809657003567,20000,10000,TRUE
50,"linear",0.3,2,2,"xi",0.9635,0.00187530664159225,0.171668667466987,20000,10000,TRUE
50,"linear",0.3,2,2,"HHG_fast",0.9998,0.0001414072133945,0.0650825501909782,20000,10000,TRUE
50,"linear",0.4,2,2,"B_n",0.9746,0.00157336709003335,9.3990301207677,20000,10000,TRUE
50,"linear",0.4,2,2,"P_n",0.9731,0.00161791192590944,9.33242179180288,20000,10000,TRUE
50,"linear",0.4,2,2,"Hoeffding",0.9895,0.00101930123123638,0.0210079244463743,20000,10000,TRUE
50,"linear",0.4,2,2,"dCov",0.9949,0.000712319450808413,0.327022000821382,5000,10000,FALSE
50,"linear",0.4,2,2,"HHG",0.9572,0.00202405928766921,3437.54287918787,5000,10000,FALSE
50,"linear",0.4,2,2,"Genest",0.9916,0.000912657657613191,0.0579027982222199,20000,10000,TRUE
50,"linear",0.4,2,2,"MIC",0.8137,0.00389348571334222,0.399387535914313,20000,10000,TRUE
50,"linear",0.4,2,2,"BET",0.6969,0.00459598074408499,18,20000,10000,TRUE
50,"linear",0.4,2,2,"BEAST",0.8046,0.00396508310127291,0.395809657003567,20000,10000,TRUE
50,"linear",0.4,2,2,"xi",0.7606,0.0042671728345592,0.171668667466987,20000,10000,TRUE
50,"linear",0.4,2,2,"HHG_fast",0.9896,0.00101448706250992,0.0650825501909782,20000,10000,TRUE
50,"linear",0.5,2,2,"B_n",0.8642,0.00342576064546255,9.3990301207677,20000,10000,TRUE
50,"linear",0.5,2,2,"P_n",0.86,0.00346987031457949,9.33242179180288,20000,10000,TRUE
50,"linear",0.5,2,2,"Hoeffding",0.9379,0.00241337087908179,0.0210079244463743,20000,10000,TRUE
50,"linear",0.5,2,2,"dCov",0.9623,0.00190469708877816,0.323142402099042,5000,10000,FALSE
50,"linear",0.5,2,2,"HHG",0.8304,0.00375281014707645,3442.5737622234,5000,10000,FALSE
50,"linear",0.5,2,2,"Genest",0.9468,0.00224432083267968,0.0579027982222199,20000,10000,TRUE
50,"linear",0.5,2,2,"MIC",0.6081,0.00488174548701589,0.399387535914313,20000,10000,TRUE
50,"linear",0.5,2,2,"BET",0.4756,0.00499404285123786,18,20000,10000,TRUE
50,"linear",0.5,2,2,"BEAST",0.5921,0.00491444391564295,0.395809657003567,20000,10000,TRUE
50,"linear",0.5,2,2,"xi",0.5349,0.00498780502826644,0.171668667466987,20000,10000,TRUE
50,"linear",0.5,2,2,"HHG_fast",0.9294,0.00256155499648163,0.0650825501909782,20000,10000,TRUE
50,"linear",0.6,2,2,"B_n",0.7077,0.0045481942570651,9.3990301207677,20000,10000,TRUE
50,"linear",0.6,2,2,"P_n",0.7037,0.00456624911716389,9.33242179180288,20000,10000,TRUE
50,"linear",0.6,2,2,"Hoeffding",0.8371,0.00369274410161332,0.0210079244463743,20000,10000,TRUE
50,"linear",0.6,2,2,"dCov",0.8838,0.00320464600229105,0.32458854712161,5000,10000,FALSE
50,"linear",0.6,2,2,"HHG",0.6856,0.00464276469358506,3401.04675962836,5000,10000,FALSE
50,"linear",0.6,2,2,"Genest",0.8504,0.00356678903216885,0.0579027982222199,20000,10000,TRUE
50,"linear",0.6,2,2,"MIC",0.4364,0.0049593854457987,0.399387535914313,20000,10000,TRUE
50,"linear",0.6,2,2,"BET",0.3166,0.00465149911318921,18,20000,10000,TRUE
50,"linear",0.6,2,2,"BEAST",0.4134,0.00492443336841915,0.395809657003567,20000,10000,TRUE
50,"linear",0.6,2,2,"xi",0.3699,0.00482777371052124,0.171668667466987,20000,10000,TRUE
50,"linear",0.6,2,2,"HHG_fast",0.8146,0.00388621718384344,0.0650825501909782,20000,10000,TRUE
50,"linear",0.7,2,2,"B_n",0.5572,0.00496717384435053,9.3990301207677,20000,10000,TRUE
50,"linear",0.7,2,2,"P_n",0.5545,0.00497020874813121,9.33242179180288,20000,10000,TRUE
50,"linear",0.7,2,2,"Hoeffding",0.7105,0.00453530318721913,0.0210079244463743,20000,10000,TRUE
50,"linear",0.7,2,2,"dCov",0.7805,0.00413907900383648,0.322968023338381,5000,10000,FALSE
50,"linear",0.7,2,2,"HHG",0.5377,0.00498576684172054,3417.08970203871,5000,10000,FALSE
50,"linear",0.7,2,2,"Genest",0.7281,0.00444938636218524,0.0579027982222199,20000,10000,TRUE
50,"linear",0.7,2,2,"MIC",0.3291,0.00469886358601737,0.399387535914313,20000,10000,TRUE
50,"linear",0.7,2,2,"BET",0.2237,0.0041672330148433,18,20000,10000,TRUE
50,"linear",0.7,2,2,"BEAST",0.3049,0.00460365061663024,0.395809657003567,20000,10000,TRUE
50,"linear",0.7,2,2,"xi",0.2834,0.00450648909906592,0.171668667466987,20000,10000,TRUE
50,"linear",0.7,2,2,"HHG_fast",0.6871,0.00463674012642503,0.0650825501909782,20000,10000,TRUE
50,"linear",0.8,2,2,"B_n",0.4463,0.00497107946023799,9.3990301207677,20000,10000,TRUE
50,"linear",0.8,2,2,"P_n",0.4421,0.00496636275356523,9.33242179180288,20000,10000,TRUE
50,"linear",0.8,2,2,"Hoeffding",0.5971,0.00490480978224436,0.0210079244463743,20000,10000,TRUE
50,"linear",0.8,2,2,"dCov",0.6407,0.00479795279259811,0.329687723027297,5000,10000,FALSE
50,"linear",0.8,2,2,"HHG",0.4137,0.00492495999983756,3471.91750191679,5000,10000,FALSE
50,"linear",0.8,2,2,"Genest",0.613,0.00487063650871218,0.0579027982222199,20000,10000,TRUE
50,"linear",0.8,2,2,"MIC",0.2506,0.00433358558240171,0.399387535914313,20000,10000,TRUE
50,"linear",0.8,2,2,"BET",0.1733,0.00378506420024813,18,20000,10000,TRUE
50,"linear",0.8,2,2,"BEAST",0.23374674934987,0.00423212956463101,0.395809657003567,20000,10000,TRUE
50,"linear",0.8,2,2,"xi",0.2153,0.00411030303019133,0.171668667466987,20000,10000,TRUE
50,"linear",0.8,2,2,"HHG_fast",0.5711,0.00494918973166315,0.0650825501909782,20000,10000,TRUE
50,"linear",0.9,2,2,"B_n",0.3382,0.00473096987942219,9.3990301207677,20000,10000,TRUE
50,"linear",0.9,2,2,"P_n",0.3347,0.00471885483989495,9.33242179180288,20000,10000,TRUE
50,"linear",0.9,2,2,"Hoeffding",0.4859,0.0049980115045886,0.0210079244463743,20000,10000,TRUE
50,"linear",0.9,2,2,"dCov",0.531,0.00499038074699717,0.33026352044847,5000,10000,FALSE
50,"linear",0.9,2,2,"HHG",0.3266,0.00468969551250398,3440.33730951143,5000,10000,FALSE
50,"linear",0.9,2,2,"Genest",0.5096,0.00499907831504969,0.0579027982222199,20000,10000,TRUE
50,"linear",0.9,2,2,"MIC",0.2016,0.00401195014924164,0.399387535914313,20000,10000,TRUE
50,"linear",0.9,2,2,"BET",0.136,0.00342788564570057,18,20000,10000,TRUE
50,"linear",0.9,2,2,"BEAST",0.183373349339736,0.00386972304036947,0.395809657003567,20000,10000,TRUE
50,"linear",0.9,2,2,"xi",0.1707,0.00376246607958132,0.171668667466987,20000,10000,TRUE
50,"linear",0.9,2,2,"HHG_fast",0.4557,0.00498033643441886,0.0650825501909782,20000,10000,TRUE
50,"linear",1,2,2,"B_n",0.2885,0.00453064840834069,9.3990301207677,20000,10000,TRUE
50,"linear",1,2,2,"P_n",0.285,0.00451414443721067,9.33242179180288,20000,10000,TRUE
50,"linear",1,2,2,"Hoeffding",0.4209,0.00493703544650026,0.0210079244463743,20000,10000,TRUE
50,"linear",1,2,2,"dCov",0.4578,0.00498215977262873,0.329615232058626,5000,10000,FALSE
50,"linear",1,2,2,"HHG",0.272,0.00444989887525548,3474.69477237046,5000,10000,FALSE
50,"linear",1,2,2,"Genest",0.4303,0.00495118076826124,0.0579027982222199,20000,10000,TRUE
50,"linear",1,2,2,"MIC",0.1711,0.00376596322339983,0.399387535914313,20000,10000,TRUE
50,"linear",1,2,2,"BET",0.1169,0.00321301089322772,18,20000,10000,TRUE
50,"linear",1,2,2,"BEAST",0.157062825130052,0.00363859992431455,0.395809657003567,20000,10000,TRUE
50,"linear",1,2,2,"xi",0.1435,0.00350582016081829,0.171668667466987,20000,10000,TRUE
50,"linear",1,2,2,"HHG_fast",0.3923,0.00488262951697136,0.0650825501909782,20000,10000,TRUE
50,"linear",1.1,2,2,"B_n",0.249,0.00432433809964022,9.3990301207677,20000,10000,TRUE
50,"linear",1.1,2,2,"P_n",0.2456,0.00430442377095936,9.33242179180288,20000,10000,TRUE
50,"linear",1.1,2,2,"Hoeffding",0.3666,0.00481875959143014,0.0210079244463743,20000,10000,TRUE
50,"linear",1.1,2,2,"dCov",0.4093,0.00491704697964134,0.327016205820162,5000,10000,FALSE
50,"linear",1.1,2,2,"HHG",0.2509,0.00433531071550817,3431.18553823442,5000,10000,FALSE
50,"linear",1.1,2,2,"Genest",0.3804,0.00485485159402427,0.0579027982222199,20000,10000,TRUE
50,"linear",1.1,2,2,"MIC",0.1501,0.00357169413584086,0.399387535914313,20000,10000,TRUE
50,"linear",1.1,2,2,"BET",0.0972,0.00296229910711258,18,20000,10000,TRUE
50,"linear",1.1,2,2,"BEAST",0.138269134567284,0.00345182243160476,0.395809657003567,20000,10000,TRUE
50,"linear",1.1,2,2,"xi",0.1218,0.00327054674328315,0.171668667466987,20000,10000,TRUE
50,"linear",1.1,2,2,"HHG_fast",0.3432,0.00474777590035587,0.0650825501909782,20000,10000,TRUE
50,"linear",1.2,2,2,"B_n",0.2152,0.00410961020049347,9.3990301207677,20000,10000,TRUE
50,"linear",1.2,2,2,"P_n",0.2135,0.00409777683628574,9.33242179180288,20000,10000,TRUE
50,"linear",1.2,2,2,"Hoeffding",0.3214,0.00467013961247413,0.0210079244463743,20000,10000,TRUE
50,"linear",1.2,2,2,"dCov",0.3582,0.00479471333866791,0.327797218379617,5000,10000,FALSE
50,"linear",1.2,2,2,"HHG",0.2187,0.00413364621127643,3418.25205909495,5000,10000,FALSE
50,"linear",1.2,2,2,"Genest",0.3363,0.00472442917186828,0.0579027982222199,20000,10000,TRUE
50,"linear",1.2,2,2,"MIC",0.1309,0.00337290957483298,0.399387535914313,20000,10000,TRUE
50,"linear",1.2,2,2,"BET",0.09,0.00286181760425084,18,20000,10000,TRUE
50,"linear",1.2,2,2,"BEAST",0.121384969478635,0.00326574124301522,0.395809657003567,20000,10000,TRUE
50,"linear",1.2,2,2,"xi",0.1099,0.00312765071579293,0.171668667466987,20000,10000,TRUE
50,"linear",1.2,2,2,"HHG_fast",0.2985,0.00457599989073426,0.0650825501909782,20000,10000,TRUE
50,"linear",1.3,2,2,"B_n",0.1884,0.00391031251947974,9.3990301207677,20000,10000,TRUE
50,"linear",1.3,2,2,"P_n",0.1869,0.00389831232714876,9.33242179180288,20000,10000,TRUE
50,"linear",1.3,2,2,"Hoeffding",0.2753,0.0044666532213728,0.0210079244463743,20000,10000,TRUE
50,"linear",1.3,2,2,"dCov",0.3072,0.00461333025048067,0.326874378139012,5000,10000,FALSE
50,"linear",1.3,2,2,"HHG",0.1756,0.00380479486963489,3476.09542261123,5000,10000,FALSE
50,"linear",1.3,2,2,"Genest",0.2824,0.00450166902381772,0.0579027982222199,20000,10000,TRUE
50,"linear",1.3,2,2,"MIC",0.1169,0.00321301089322772,0.399387535914313,20000,10000,TRUE
50,"linear",1.3,2,2,"BET",0.0769,0.0026643271195557,18,20000,10000,TRUE
50,"linear",1.3,2,2,"BEAST",0.108686949559648,0.00311246038617468,0.395809657003567,20000,10000,TRUE
50,"linear",1.3,2,2,"xi",0.1009,0.0030119626491708,0.171668667466987,20000,10000,TRUE
50,"linear",1.3,2,2,"HHG_fast",0.2568,0.00436868126555371,0.0650825501909782,20000,10000,TRUE
50,"linear",1.4,2,2,"B_n",0.1587,0.00365396100143392,9.3990301207677,20000,10000,TRUE
50,"linear",1.4,2,2,"P_n",0.1578,0.00364553370578301,9.33242179180288,20000,10000,TRUE
50,"linear",1.4,2,2,"Hoeffding",0.2418,0.00428173749779222,0.0210079244463743,20000,10000,TRUE
50,"linear",1.4,2,2,"dCov",0.2765,0.00447266978436817,0.326192635839782,5000,10000,FALSE
50,"linear",1.4,2,2,"HHG",0.1663,0.00372349714650085,3414.81217905404,5000,10000,FALSE
50,"linear",1.4,2,2,"Genest",0.251,0.00433588514608033,0.0579027982222199,20000,10000,TRUE
50,"linear",1.4,2,2,"MIC",0.1044,0.00305778743538527,0.399387535914313,20000,10000,TRUE
50,"linear",1.4,2,2,"BET",0.0682,0.00252088793880252,18,20000,10000,TRUE
50,"linear",1.4,2,2,"BEAST",0.0985295588676603,0.00298029335631586,0.395809657003567,20000,10000,TRUE
50,"linear",1.4,2,2,"xi",0.0937,0.00291410895472355,0.171668667466987,20000,10000,TRUE
50,"linear",1.4,2,2,"HHG_fast",0.2243,0.00417120498177685,0.0650825501909782,20000,10000,TRUE
50,"linear",1.5,2,2,"B_n",0.1461,0.00353206441051122,9.3990301207677,20000,10000,TRUE
50,"linear",1.5,2,2,"P_n",0.1437,0.00350785276201838,9.33242179180288,20000,10000,TRUE
50,"linear",1.5,2,2,"Hoeffding",0.223,0.00416258333249918,0.0210079244463743,20000,10000,TRUE
50,"linear",1.5,2,2,"dCov",0.2341,0.00423434989106947,0.331684403057676,5000,10000,FALSE
50,"linear",1.5,2,2,"HHG",0.1405,0.00347505035934733,3484.36389533593,5000,10000,FALSE
50,"linear",1.5,2,2,"Genest",0.2253,0.0041777973861833,0.0579027982222199,20000,10000,TRUE
50,"linear",1.5,2,2,"MIC",0.0925,0.0028973047820345,0.399387535914313,20000,10000,TRUE
50,"linear",1.5,2,2,"BET",0.0646,0.00245818713689581,18,20000,10000,TRUE
50,"linear",1.5,2,2,"BEAST",0.0895537322393436,0.00285541347761314,0.395809657003567,20000,10000,TRUE
50,"linear",1.5,2,2,"xi",0.0845,0.00278136207639351,0.171668667466987,20000,10000,TRUE
50,"linear",1.5,2,2,"HHG_fast",0.203,0.00402232519819072,0.0650825501909782,20000,10000,TRUE
50,"linear",1.6,2,2,"B_n",0.1297,0.00335973079278683,9.3990301207677,20000,10000,TRUE
50,"linear",1.6,2,2,"P_n",0.1289,0.00335089226923218,9.33242179180288,20000,10000,TRUE
50,"linear",1.6,2,2,"Hoeffding",0.1938,0.00395274031527496,0.0210079244463743,20000,10000,TRUE
50,"linear",1.6,2,2,"dCov",0.2148,0.00410683527792387,0.328290767245468,5000,10000,FALSE
50,"linear",1.6,2,2,"HHG",0.1204,0.00325428701868781,3501.8614714231,5000,10000,FALSE
50,"linear",1.6,2,2,"Genest",0.2007,0.00400524044222067,0.0579027982222199,20000,10000,TRUE
50,"linear",1.6,2,2,"MIC",0.0885,0.00284020685866364,0.399387535914313,20000,10000,TRUE
50,"linear",1.6,2,2,"BET",0.0613,0.00239879782391097,18,20000,10000,TRUE
50,"linear",1.6,2,2,"BEAST",0.0888355342136855,0.00284506207444855,0.395809657003567,20000,10000,TRUE
50,"linear",1.6,2,2,"xi",0.0798,0.00270983320519917,0.171668667466987,20000,10000,TRUE
50,"linear",1.6,2,2,"HHG_fast",0.178,0.0038251274488571,0.0650825501909782,20000,10000,TRUE
50,"linear",1.7,2,2,"B_n",0.1229,0.00328322387296389,9.3990301207677,20000,10000,TRUE
50,"linear",1.7,2,2,"P_n",0.1215,0.0032670743793186,9.33242179180288,20000,10000,TRUE
50,"linear",1.7,2,2,"Hoeffding",0.1788,0.00383184759613427,0.0210079244463743,20000,10000,TRUE
50,"linear",1.7,2,2,"dCov",0.2085,0.00406236076684482,0.325890277949906,5000,10000,FALSE
50,"linear",1.7,2,2,"HHG",0.1192,0.00324023702836691,3469.32974502863,5000,10000,FALSE
50,"linear",1.7,2,2,"Genest",0.1868,0.00389750894803335,0.0579027982222199,20000,10000,TRUE
50,"linear",1.7,2,2,"MIC",0.0884,0.00283875747467092,0.399387535914313,20000,10000,TRUE
50,"linear",1.7,2,2,"BET",0.0578,0.00233364864536202,18,20000,10000,TRUE
50,"linear",1.7,2,2,"BEAST",0.0825155217304226,0.00275148524262768,0.395809657003567,20000,10000,TRUE
50,"linear",1.7,2,2,"xi",0.0786,0.00269113433332489,0.171668667466987,20000,10000,TRUE
50,"linear",1.7,2,2,"HHG_fast",0.1692,0.00374928473178552,0.0650825501909782,20000,10000,TRUE
50,"linear",1.8,2,2,"B_n",0.1156,0.00319744648117838,9.3990301207677,20000,10000,TRUE
50,"linear",1.8,2,2,"P_n",0.115,0.00319021942818985,9.33242179180288,20000,10000,TRUE
50,"linear",1.8,2,2,"Hoeffding",0.1677,0.00373599665417409,0.0210079244463743,20000,10000,TRUE
50,"linear",1.8,2,2,"dCov",0.172,0.00377380444644393,0.331538637883457,5000,10000,FALSE
50,"linear",1.8,2,2,"HHG",0.1101,0.00313014360692924,3497.17524166426,5000,10000,FALSE
50,"linear",1.8,2,2,"Genest",0.172,0.00377380444644393,0.0579027982222199,20000,10000,TRUE
50,"linear",1.8,2,2,"MIC",0.0791,0.00269894775792345,0.399387535914313,20000,10000,TRUE
50,"linear",1.8,2,2,"BET",0.0541,0.00226214919932351,18,20000,10000,TRUE
50,"linear",1.8,2,2,"BEAST",0.0776776776776777,0.00267663699571459,0.395809657003567,20000,10000,TRUE
50,"linear",1.8,2,2,"xi",0.0732,0.00260464508138825,0.171668667466987,20000,10000,TRUE
50,"linear",1.8,2,2,"HHG_fast",0.1559,0.00362760513286659,0.0650825501909782,20000,10000,TRUE
50,"linear",1.9,2,2,"B_n",0.1034,0.00304480606935811,9.3990301207677,20000,10000,TRUE
50,"linear",1.9,2,2,"P_n",0.1031,0.00304089444078547,9.33242179180288,20000,10000,TRUE
50,"linear",1.9,2,2,"Hoeffding",0.1509,0.00357951379379938,0.0210079244463743,20000,10000,TRUE
50,"linear",1.9,2,2,"dCov",0.1636,0.00369912205800241,0.328688971462952,5000,10000,FALSE
50,"linear",1.9,2,2,"HHG",0.1136,0.00317324817812915,3421.3359696587,5000,10000,FALSE
50,"linear",1.9,2,2,"Genest",0.1526,0.00359601501665385,0.0579027982222199,20000,10000,TRUE
50,"linear",1.9,2,2,"MIC",0.0828,0.00275579679947561,0.399387535914313,20000,10000,TRUE
50,"linear",1.9,2,2,"BET",0.0525,0.00223033069296909,18,20000,10000,TRUE
50,"linear",1.9,2,2,"BEAST",0.0782704433990592,0.00268596688529799,0.395809657003567,20000,10000,TRUE
50,"linear",1.9,2,2,"xi",0.0713,0.00257325299960964,0.171668667466987,20000,10000,TRUE
50,"linear",1.9,2,2,"HHG_fast",0.1399,0.00346883251253213,0.0650825501909782,20000,10000,TRUE
50,"linear",2,2,2,"B_n",0.1025,0.00303304714767179,9.3990301207677,20000,10000,TRUE
50,"linear",2,2,2,"P_n",0.1018,0.00302385118681459,9.33242179180288,20000,10000,TRUE
50,"linear",2,2,2,"Hoeffding",0.1412,0.00348227741571518,0.0210079244463743,20000,10000,TRUE
50,"linear",2,2,2,"dCov",0.1555,0.00362380670014282,0.329746841749178,5000,10000,FALSE
50,"linear",2,2,2,"HHG",0.098,0.00297314648142334,3499.08416720032,5000,10000,FALSE
50,"linear",2,2,2,"Genest",0.1449,0.00351999985795454,0.0579027982222199,20000,10000,TRUE
50,"linear",2,2,2,"MIC",0.0765,0.00265796444671482,0.399387535914313,20000,10000,TRUE
50,"linear",2,2,2,"BET",0.0493,0.00216493671962947,18,20000,10000,TRUE
50,"linear",2,2,2,"BEAST",0.0754830313344679,0.00264169156630799,0.395809657003567,20000,10000,TRUE
50,"linear",2,2,2,"xi",0.0717,0.0025799052308176,0.171668667466987,20000,10000,TRUE
50,"linear",2,2,2,"HHG_fast",0.1347,0.00341402855875577,0.0650825501909782,20000,10000,TRUE
50,"quadratic",0.1,2,2,"B_n",1,0,9.3990301207677,20000,10000,TRUE
50,"quadratic",0.1,2,2,"P_n",1,0,9.33242179180288,20000,10000,TRUE
50,"quadratic",0.1,2,2,"Hoeffding",1,0,0.0210079244463743,20000,10000,TRUE
50,"quadratic",0.1,2,2,"dCov",1,0,0.323104748707392,5000,10000,FALSE
50,"quadratic",0.1,2,2,"HHG",1,0,3460.10507561731,5000,10000,FALSE
50,"quadratic",0.1,2,2,"Genest",1,0,0.0579027982222199,20000,10000,TRUE
50,"quadratic",0.1,2,2,"MIC",1,0,0.399387535914313,20000,10000,TRUE
50,"quadratic",0.1,2,2,"BET",0.9924,0.000868460707228603,18,20000,10000,TRUE
50,"quadratic",0.1,2,2,"BEAST",1,0,0.395809657003567,20000,10000,TRUE
50,"quadratic",0.1,2,2,"xi",1,0,0.171668667466987,20000,10000,TRUE
50,"quadratic",0.1,2,2,"HHG_fast",1,0,0.0650825501909782,20000,10000,TRUE
50,"quadratic",0.2,2,2,"B_n",1,0,9.3990301207677,20000,10000,TRUE
50,"quadratic",0.2,2,2,"P_n",1,0,9.33242179180288,20000,10000,TRUE
50,"quadratic",0.2,2,2,"Hoeffding",0.9981,0.000435475602072035,0.0210079244463743,20000,10000,TRUE
50,"quadratic",0.2,2,2,"dCov",0.9974,0.000509238647394328,0.33337653005325,5000,10000,FALSE
50,"quadratic",0.2,2,2,"HHG",0.9999,9.99949998749882e-05,3548.02872712647,5000,10000,FALSE
50,"quadratic",0.2,2,2,"Genest",0.9975,0.000499374608885949,0.0579027982222199,20000,10000,TRUE
50,"quadratic",0.2,2,2,"MIC",0.9956,0.000661864034375638,0.399387535914313,20000,10000,TRUE
50,"quadratic",0.2,2,2,"BET",0.9882,0.00107984998958189,18,20000,10000,TRUE
50,"quadratic",0.2,2,2,"BEAST",0.9935,0.000803601269287198,0.395809657003567,20000,10000,TRUE
50,"quadratic",0.2,2,2,"xi",0.9977,0.00047903131421651,0.171668667466987,20000,10000,TRUE
50,"quadratic",0.2,2,2,"HHG_fast",1,0,0.0650825501909782,20000,10000,TRUE
50,"quadratic",0.3,2,2,"B_n",0.9986,0.000373903730925483,9.3990301207677,20000,10000,TRUE
50,"quadratic",0.3,2,2,"P_n",0.9986,0.000373903730925483,9.33242179180288,20000,10000,TRUE
50,"quadratic",0.3,2,2,"Hoeffding",0.8954,0.00306037317985895,0.0210079244463743,20000,10000,TRUE
50,"quadratic",0.3,2,2,"dCov",0.9227,0.0026706686428683,0.326981984900264,5000,10000,FALSE
50,"quadratic",0.3,2,2,"HHG",0.9836,0.00127008031242123,3445.1681424801,5000,10000,FALSE
50,"quadratic",0.3,2,2,"Genest",0.8959,0.00305390225776792,0.0579027982222199,20000,10000,TRUE
50,"quadratic",0.3,2,2,"MIC",0.886,0.00317811264746862,0.399387535914313,20000,10000,TRUE
50,"quadratic",0.3,2,2,"BET",0.9103,0.00285751482935785,18,20000,10000,TRUE
50,"quadratic",0.3,2,2,"BEAST",0.8936,0.00308348893301079,0.395809657003567,20000,10000,TRUE
50,"quadratic",0.3,2,2,"xi",0.8952,0.00306295543552302,0.171668667466987,20000,10000,TRUE
50,"quadratic",0.3,2,2,"HHG_fast",0.9932,0.000821812630713354,0.0650825501909782,20000,10000,TRUE
50,"quadratic",0.4,2,2,"B_n",0.9723,0.0016411188256796,9.3990301207677,20000,10000,TRUE
50,"quadratic",0.4,2,2,"P_n",0.9705,0.0016920328011005,9.33242179180288,20000,10000,TRUE
50,"quadratic",0.4,2,2,"Hoeffding",0.6373,0.00480779273679721,0.0210079244463743,20000,10000,TRUE
50,"quadratic",0.4,2,2,"dCov",0.6406,0.00479824592950382,0.333803517475242,5000,10000,FALSE
50,"quadratic",0.4,2,2,"HHG",0.8571,0.00349970841642557,3465.09905761685,5000,10000,FALSE
50,"quadratic",0.4,2,2,"Genest",0.6237,0.00484456716332842,0.0579027982222199,20000,10000,TRUE
50,"quadratic",0.4,2,2,"MIC",0.6572,0.0047464529914453,0.399387535914313,20000,10000,TRUE
50,"quadratic",0.4,2,2,"BET",0.7379,0.00439776750181271,18,20000,10000,TRUE
50,"quadratic",0.4,2,2,"BEAST",0.67996799679968,0.0046648849945943,0.395809657003567,20000,10000,TRUE
50,"quadratic",0.4,2,2,"xi",0.6409,0.00479736583970829,0.171668667466987,20000,10000,TRUE
50,"quadratic",0.4,2,2,"HHG_fast",0.9199,0.00271447950811937,0.0650825501909782,20000,10000,TRUE
50,"quadratic",0.5,2,2,"B_n",0.8662,0.00340437307003801,9.3990301207677,20000,10000,TRUE
50,"quadratic",0.5,2,2,"P_n",0.8618,0.00345109779635408,9.33242179180288,20000,10000,TRUE
50,"quadratic",0.5,2,2,"Hoeffding",0.4078,0.00491425640356708,0.0210079244463743,20000,10000,TRUE
50,"quadratic",0.5,2,2,"dCov",0.4318,0.00495326922345232,0.330513017680016,5000,10000,FALSE
50,"quadratic",0.5,2,2,"HHG",0.6615,0.00473199482248237,3450.28209003372,5000,10000,FALSE
50,"quadratic",0.5,2,2,"Genest",0.3911,0.00487996711054491,0.0579027982222199,20000,10000,TRUE
50,"quadratic",0.5,2,2,"MIC",0.4404,0.00496435131714104,0.399387535914313,20000,10000,TRUE
50,"quadratic",0.5,2,2,"BET",0.5307,0.0049905662003424,18,20000,10000,TRUE
50,"quadratic",0.5,2,2,"BEAST",0.480996199239848,0.0049963872503707,0.395809657003567,20000,10000,TRUE
50,"quadratic",0.5,2,2,"xi",0.4201,0.00493574705591768,0.171668667466987,20000,10000,TRUE
50,"quadratic",0.5,2,2,"HHG_fast",0.7494,0.00433358558240171,0.0650825501909782,20000,10000,TRUE
50,"quadratic",0.6,2,2,"B_n",0.7053,0.00455907786728852,9.3990301207677,20000,10000,TRUE
50,"quadratic",0.6,2,2,"P_n",0.7022,0.00457291110781743,9.33242179180288,20000,10000,TRUE
50,"quadratic",0.6,2,2,"Hoeffding",0.2695,0.00443700067613247,0.0210079244463743,20000,10000,TRUE
50,"quadratic",0.6,2,2,"dCov",0.3049,0.00460365061663024,0.326354285822004,5000,10000,FALSE
50,"quadratic",0.6,2,2,"HHG",0.5026,0.00499993239954302,3393.19978350674,5000,10000,FALSE
50,"quadratic",0.6,2,2,"Genest",0.2542,0.00435410564869526,0.0579027982222199,20000,10000,TRUE
50,"quadratic",0.6,2,2,"MIC",0.3066,0.00461081814865865,0.399387535914313,20000,10000,TRUE
50,"quadratic",0.6,2,2,"BET",0.3921,0.00488218793165523,18,20000,10000,TRUE
50,"quadratic",0.6,2,2,"BEAST",0.339333933393339,0.0047348327852327,0.395809657003567,20000,10000,TRUE
50,"quadratic",0.6,2,2,"xi",0.2829,0.00450408248148277,0.171668667466987,20000,10000,TRUE
50,"quadratic",0.6,2,2,"HHG_fast",0.5693,0.00495174221865396,0.0650825501909782,20000,10000,TRUE
50,"quadratic",0.7,2,2,"B_n",0.5613,0.00496228082639425,9.3990301207677,20000,10000,TRUE
50,"quadratic",0.7,2,2,"P_n",0.5564,0.00496808856603825,9.33242179180288,20000,10000,TRUE
50,"quadratic",0.7,2,2,"Hoeffding",0.191,0.00393089048435593,0.0210079244463743,20000,10000,TRUE
50,"quadratic",0.7,2,2,"dCov",0.2202,0.00414381418502326,0.326494115256507,5000,10000,FALSE
50,"quadratic",0.7,2,2,"HHG",0.3532,0.00477964182758499,3436.39250596016,5000,10000,FALSE
50,"quadratic",0.7,2,2,"Genest",0.1808,0.00384852387286346,0.0579027982222199,20000,10000,TRUE
50,"quadratic",0.7,2,2,"MIC",0.2221,0.00415658020492808,0.399387535914313,20000,10000,TRUE
50,"quadratic",0.7,2,2,"BET",0.2958,0.00456401533739754,18,20000,10000,TRUE
50,"quadratic",0.7,2,2,"BEAST",0.253925392539254,0.00435255427953564,0.395809657003567,20000,10000,TRUE
50,"quadratic",0.7,2,2,"xi",0.2017,0.00401269373364078,0.171668667466987,20000,10000,TRUE
50,"quadratic",0.7,2,2,"HHG_fast",0.4184,0.0049329650312971,0.0650825501909782,20000,10000,TRUE
50,"quadratic",0.8,2,2,"B_n",0.4522,0.00497709915513043,9.3990301207677,20000,10000,TRUE
50,"quadratic",0.8,2,2,"P_n",0.4481,0.0049729909511279,9.33242179180288,20000,10000,TRUE
50,"quadratic",0.8,2,2,"Hoeffding",0.1513,0.00358341052630033,0.0210079244463743,20000,10000,TRUE
50,"quadratic",0.8,2,2,"dCov",0.1724,0.00377727732632911,0.326752594311899,5000,10000,FALSE
50,"quadratic",0.8,2,2,"HHG",0.2702,0.00444063013546501,3465.21279511483,5000,10000,FALSE
50,"quadratic",0.8,2,2,"Genest",0.1416,0.00348639412574081,0.0579027982222199,20000,10000,TRUE
50,"quadratic",0.8,2,2,"MIC",0.1765,0.00381244999967213,0.399387535914313,20000,10000,TRUE
50,"quadratic",0.8,2,2,"BET",0.2226,0.00415991874920653,18,20000,10000,TRUE
50,"quadratic",0.8,2,2,"BEAST",0.197139427885577,0.00397838502232406,0.395809657003567,20000,10000,TRUE
50,"quadratic",0.8,2,2,"xi",0.1618,0.00368267239922315,0.171668667466987,20000,10000,TRUE
50,"quadratic",0.8,2,2,"HHG_fast",0.3278,0.00469411503906753,0.0650825501909782,20000,10000,TRUE
50,"quadratic",0.9,2,2,"B_n",0.3548,0.00478452672685606,9.3990301207677,20000,10000,TRUE
50,"quadratic",0.9,2,2,"P_n",0.351,0.00477282934955776,9.33242179180288,20000,10000,TRUE
50,"quadratic",0.9,2,2,"Hoeffding",0.1285,0.00334645708175079,0.0210079244463743,20000,10000,TRUE
50,"quadratic",0.9,2,2,"dCov",0.1397,0.00346675511105126,0.327803329234866,5000,10000,FALSE
50,"quadratic",0.9,2,2,"HHG",0.2223,0.00415791666583158,3420.1459337275,5000,10000,FALSE
50,"quadratic",0.9,2,2,"Genest",0.1237,0.0032923898614836,0.0579027982222199,20000,10000,TRUE
50,"quadratic",0.9,2,2,"MIC",0.141,0.00348021551056827,0.399387535914313,20000,10000,TRUE
50,"quadratic",0.9,2,2,"BET",0.1745,0.00379538864940074,18,20000,10000,TRUE
50,"quadratic",0.9,2,2,"BEAST",0.161064425770308,0.00367590365109845,0.395809657003567,20000,10000,TRUE
50,"quadratic",0.9,2,2,"xi",0.1315,0.00337946371485181,0.171668667466987,20000,10000,TRUE
50,"quadratic",0.9,2,2,"HHG_fast",0.2515,0.00433875270094989,0.0650825501909782,20000,10000,TRUE
50,"quadratic",1,2,2,"B_n",0.3002,0.0045834480470493,9.3990301207677,20000,10000,TRUE
50,"quadratic",1,2,2,"P_n",0.2965,0.00456714079047274,9.33242179180288,20000,10000,TRUE
50,"quadratic",1,2,2,"Hoeffding",0.109,0.00311639214477254,0.0210079244463743,20000,10000,TRUE
50,"quadratic",1,2,2,"dCov",0.1259,0.00331736627462208,0.325899298495679,5000,10000,FALSE
50,"quadratic",1,2,2,"HHG",0.2054,0.00403993613810912,3370.47570272179,5000,10000,FALSE
50,"quadratic",1,2,2,"Genest",0.1044,0.00305778743538527,0.0579027982222199,20000,10000,TRUE
50,"quadratic",1,2,2,"MIC",0.1248,0.00330491996877383,0.399387535914313,20000,10000,TRUE
50,"quadratic",1,2,2,"BET",0.1571,0.0036389502607208,18,20000,10000,TRUE
50,"quadratic",1,2,2,"BEAST",0.140556222488996,0.00347563189662858,0.395809657003567,20000,10000,TRUE
50,"quadratic",1,2,2,"xi",0.1167,0.00321062470556744,0.171668667466987,20000,10000,TRUE
50,"quadratic",1,2,2,"HHG_fast",0.2116,0.00408442700999785,0.0650825501909782,20000,10000,TRUE
50,"quadratic",1.1,2,2,"B_n",0.2513,0.00433760659811376,9.3990301207677,20000,10000,TRUE
50,"quadratic",1.1,2,2,"P_n",0.2487,0.00432259540091367,9.33242179180288,20000,10000,TRUE
50,"quadratic",1.1,2,2,"Hoeffding",0.0958,0.00294316768125773,0.0210079244463743,20000,10000,TRUE
50,"quadratic",1.1,2,2,"dCov",0.1009,0.0030119626491708,0.329173131040532,5000,10000,FALSE
50,"quadratic",1.1,2,2,"HHG",0.1598,0.0036642046886057,3416.01568883626,5000,10000,FALSE
50,"quadratic",1.1,2,2,"Genest",0.0931,0.00290572521068321,0.0579027982222199,20000,10000,TRUE
50,"quadratic",1.1,2,2,"MIC",0.1042,0.00305519819324377,0.399387535914313,20000,10000,TRUE
50,"quadratic",1.1,2,2,"BET",0.1355,0.00342256847995771,18,20000,10000,TRUE
50,"quadratic",1.1,2,2,"BEAST",0.120957244417743,0.0032607758193505,0.395809657003567,20000,10000,TRUE
50,"quadratic",1.1,2,2,"xi",0.102,0.00302648310750283,0.171668667466987,20000,10000,TRUE
50,"quadratic",1.1,2,2,"HHG_fast",0.1761,0.00380905224432535,0.0650825501909782,20000,10000,TRUE
50,"quadratic",1.2,2,2,"B_n",0.2109,0.00407947533391244,9.3990301207677,20000,10000,TRUE
50,"quadratic",1.2,2,2,"P_n",0.2067,0.0040493840272318,9.33242179180288,20000,10000,TRUE
50,"quadratic",1.2,2,2,"Hoeffding",0.0848,0.00278583847342232,0.0210079244463743,20000,10000,TRUE
50,"quadratic",1.2,2,2,"dCov",0.0937,0.00291410895472355,0.328147406245651,5000,10000,FALSE
50,"quadratic",1.2,2,2,"HHG",0.138,0.00344899985503044,3431.83318813138,5000,10000,FALSE
50,"quadratic",1.2,2,2,"Genest",0.0849,0.0027873282906755,0.0579027982222199,20000,10000,TRUE
50,"quadratic",1.2,2,2,"MIC",0.1013,0.00301725554105051,0.399387535914313,20000,10000,TRUE
50,"quadratic",1.2,2,2,"BET",0.1107,0.00313760274732159,18,20000,10000,TRUE
50,"quadratic",1.2,2,2,"BEAST",0.107464478687212,0.00309702864868406,0.395809657003567,20000,10000,TRUE
50,"quadratic",1.2,2,2,"xi",0.0911,0.00287751264115381,0.171668667466987,20000,10000,TRUE
50,"quadratic",1.2,2,2,"HHG_fast",0.1493,0.00356383936226087,0.0650825501909782,20000,10000,TRUE
50,"quadratic",1.3,2,2,"B_n",0.1877,0.00390472419000369,9.3990301207677,20000,10000,TRUE
50,"quadratic",1.3,2,2,"P_n",0.1857,0.00388864385101027,9.33242179180288,20000,10000,TRUE
50,"quadratic",1.3,2,2,"Hoeffding",0.0775,0.00267383152049638,0.0210079244463743,20000,10000,TRUE
50,"quadratic",1.3,2,2,"dCov",0.0857,0.00279920542297274,0.327504503770045,5000,10000,FALSE
50,"quadratic",1.3,2,2,"HHG",0.1198,0.00324727516542716,3435.75960579458,5000,10000,FALSE
50,"quadratic",1.3,2,2,"Genest",0.0753,0.00263874799857811,0.0579027982222199,20000,10000,TRUE
50,"quadratic",1.3,2,2,"MIC",0.0908,0.00287324485555965,0.399387535914313,20000,10000,TRUE
50,"quadratic",1.3,2,2,"BET",0.0961,0.00294728332536931,18,20000,10000,TRUE
50,"quadratic",1.3,2,2,"BEAST",0.0973779023218575,0.00296471662155512,0.395809657003567,20000,10000,TRUE
50,"quadratic",1.3,2,2,"xi",0.0795,0.00270517559504,0.171668667466987,20000,10000,TRUE
50,"quadratic",1.3,2,2,"HHG_fast",0.1335,0.00340114319016415,0.0650825501909782,20000,10000,TRUE
50,"quadratic",1.4,2,2,"B_n",0.1652,0.00371360956483042,9.3990301207677,20000,10000,TRUE
50,"quadratic",1.4,2,2,"P_n",0.162,0.00368450810828257,9.33242179180288,20000,10000,TRUE
50,"quadratic",1.4,2,2,"Hoeffding",0.0699,0.00254978410850801,0.0210079244463743,20000,10000,TRUE
50,"quadratic",1.4,2,2,"dCov",0.075,0.00263391343821318,0.329764489380471,5000,10000,FALSE
50,"quadratic",1.4,2,2,"HHG",0.1209,0.00326011027420853,3390.9475954259,5000,10000,FALSE
50,"quadratic",1.4,2,2,"Genest",0.0675,0.00250885930255166,0.0579027982222199,20000,10000,TRUE
50,"quadratic",1.4,2,2,"MIC",0.0842,0.00277687522225973,0.399387535914313,20000,10000,TRUE
50,"quadratic",1.4,2,2,"BET",0.0912,0.00287893313572928,18,20000,10000,TRUE
50,"quadratic",1.4,2,2,"BEAST",0.0877790011009909,0.00282973228533554,0.395809657003567,20000,10000,TRUE
50,"quadratic",1.4,2,2,"xi",0.0781,0.00268328884021083,0.171668667466987,20000,10000,TRUE
50,"quadratic",1.4,2,2,"HHG_fast",0.1191,0.00323906143813297,0.0650825501909782,20000,10000,TRUE
50,"quadratic",1.5,2,2,"B_n",0.1453,0.0035240305049758,9.3990301207677,20000,10000,TRUE
50,"quadratic",1.5,2,2,"P_n",0.1445,0.00351596003959089,9.33242179180288,20000,10000,TRUE
50,"quadratic",1.5,2,2,"Hoeffding",0.0674,0.00250713461944109,0.0210079244463743,20000,10000,TRUE
50,"quadratic",1.5,2,2,"dCov",0.0705,0.00255987792677698,0.330768033752656,5000,10000,FALSE
50,"quadratic",1.5,2,2,"HHG",0.0977,0.00296908588626197,3443.35508824716,5000,10000,FALSE
50,"quadratic",1.5,2,2,"Genest",0.0673,0.00250540834995016,0.0579027982222199,20000,10000,TRUE
50,"quadratic",1.5,2,2,"MIC",0.0806,0.00272219837631279,0.399387535914313,20000,10000,TRUE
50,"quadratic",1.5,2,2,"BET",0.0837,0.00276937375592389,18,20000,10000,TRUE
50,"quadratic",1.5,2,2,"BEAST",0.0856856856856857,0.00279899355044379,0.395809657003567,20000,10000,TRUE
50,"quadratic",1.5,2,2,"xi",0.0725,0.00259313998850814,0.171668667466987,20000,10000,TRUE
50,"quadratic",1.5,2,2,"HHG_fast",0.1081,0.00310506666595099,0.0650825501909782,20000,10000,TRUE
50,"quadratic",1.6,2,2,"B_n",0.1316,0.00338055380078472,9.3990301207677,20000,10000,TRUE
50,"quadratic",1.6,2,2,"P_n",0.1293,0.00335531682557698,9.33242179180288,20000,10000,TRUE
50,"quadratic",1.6,2,2,"Hoeffding",0.0675,0.00250885930255166,0.0210079244463743,20000,10000,TRUE
50,"quadratic",1.6,2,2,"dCov",0.0716,0.00257824436390347,0.327651144211421,5000,10000,FALSE
50,"quadratic",1.6,2,2,"HHG",0.0961,0.00294728332536931,3424.76183306624,5000,10000,FALSE
50,"quadratic",1.6,2,2,"Genest",0.0641,0.00244930990280936,0.0579027982222199,20000,10000,TRUE
50,"quadratic",1.6,2,2,"MIC",0.0757,0.00264517504146701,0.399387535914313,20000,10000,TRUE
50,"quadratic",1.6,2,2,"BET",0.0763,0.0026547751317202,18,20000,10000,TRUE
50,"quadratic",1.6,2,2,"BEAST",0.0784254807692308,0.00268839961195031,0.395809657003567,20000,10000,TRUE
50,"quadratic",1.6,2,2,"xi",0.0701,0.00255315471524935,0.171668667466987,20000,10000,TRUE
50,"quadratic",1.6,2,2,"HHG_fast",0.0949,0.00293076764688025,0.0650825501909782,20000,10000,TRUE
50,"quadratic",1.7,2,2,"B_n",0.1211,0.0032624345204157,9.3990301207677,20000,10000,TRUE
50,"quadratic",1.7,2,2,"P_n",0.1197,0.00324610397245683,9.33242179180288,20000,10000,TRUE
50,"quadratic",1.7,2,2,"Hoeffding",0.06,0.00237486841740758,0.0210079244463743,20000,10000,TRUE
50,"quadratic",1.7,2,2,"dCov",0.06,0.00237486841740758,0.333095938441043,5000,10000,FALSE
50,"quadratic",1.7,2,2,"HHG",0.0848,0.00278583847342232,3462.41211246389,5000,10000,FALSE
50,"quadratic",1.7,2,2,"Genest",0.0588,0.00235249994686504,0.0579027982222199,20000,10000,TRUE
50,"quadratic",1.7,2,2,"MIC",0.0713,0.00257325299960964,0.399387535914313,20000,10000,TRUE
50,"quadratic",1.7,2,2,"BET",0.0694,0.00254133114725334,18,20000,10000,TRUE
50,"quadratic",1.7,2,2,"BEAST",0.0763068295613859,0.00265488412786087,0.395809657003567,20000,10000,TRUE
50,"quadratic",1.7,2,2,"xi",0.0703,0.00255651931344162,0.171668667466987,20000,10000,TRUE
50,"quadratic",1.7,2,2,"HHG_fast",0.0912,0.00287893313572928,0.0650825501909782,20000,10000,TRUE
50,"quadratic",1.8,2,2,"B_n",0.1164,0.00320703975653561,9.3990301207677,20000,10000,TRUE
50,"quadratic",1.8,2,2,"P_n",0.1134,0.00317081125266074,9.33242179180288,20000,10000,TRUE
50,"quadratic",1.8,2,2,"Hoeffding",0.0583,0.00234309858947506,0.0210079244463743,20000,10000,TRUE
50,"quadratic",1.8,2,2,"dCov",0.0613,0.00239879782391097,0.329225717428629,5000,10000,FALSE
50,"quadratic",1.8,2,2,"HHG",0.0764,0.0026563704560923,3481.44296203453,5000,10000,FALSE
50,"quadratic",1.8,2,2,"Genest",0.0564,0.0023069252263565,0.0579027982222199,20000,10000,TRUE
50,"quadratic",1.8,2,2,"MIC",0.0687,0.00252943294040384,0.399387535914313,20000,10000,TRUE
50,"quadratic",1.8,2,2,"BET",0.0675,0.00250885930255166,18,20000,10000,TRUE
50,"quadratic",1.8,2,2,"BEAST",0.0719863836603925,0.00258465363690943,0.395809657003567,20000,10000,TRUE
50,"quadratic",1.8,2,2,"xi",0.07,0.00255147016443461,0.171668667466987,20000,10000,TRUE
50,"quadratic",1.8,2,2,"HHG_fast",0.0861,0.00280511657511769,0.0650825501909782,20000,10000,TRUE
50,"quadratic",1.9,2,2,"B_n",0.1099,0.00312765071579293,9.3990301207677,20000,10000,TRUE
50,"quadratic",1.9,2,2,"P_n",0.1063,0.00308221203034444,9.33242179180288,20000,10000,TRUE
50,"quadratic",1.9,2,2,"Hoeffding",0.0616,0.00240427619045733,0.0210079244463743,20000,10000,TRUE
50,"quadratic",1.9,2,2,"dCov",0.0702,0.00255483776392944,0.326180075842294,5000,10000,FALSE
50,"quadratic",1.9,2,2,"HHG",0.0805,0.00272065708974872,3446.72799402045,5000,10000,FALSE
50,"quadratic",1.9,2,2,"Genest",0.0614,0.00240062575175724,0.0579027982222199,20000,10000,TRUE
50,"quadratic",1.9,2,2,"MIC",0.067,0.00250021999032085,0.399387535914313,20000,10000,TRUE
50,"quadratic",1.9,2,2,"BET",0.0618,0.00240791943386817,18,20000,10000,TRUE
50,"quadratic",1.9,2,2,"BEAST",0.0701842210652783,0.00255457229646644,0.395809657003567,20000,10000,TRUE
50,"quadratic",1.9,2,2,"xi",0.0637,0.00244217751197574,0.171668667466987,20000,10000,TRUE
50,"quadratic",1.9,2,2,"HHG_fast",0.0831,0.00276033313206939,0.0650825501909782,20000,10000,TRUE
50,"quadratic",2,2,2,"B_n",0.1006,0.00300798337761365,9.3990301207677,20000,10000,TRUE
50,"quadratic",2,2,2,"P_n",0.0994,0.00299198328872338,9.33242179180288,20000,10000,TRUE
50,"quadratic",2,2,2,"Hoeffding",0.0583,0.00234309858947506,0.0210079244463743,20000,10000,TRUE
50,"quadratic",2,2,2,"dCov",0.0597,0.0023693017958884,0.329943666223963,5000,10000,FALSE
50,"quadratic",2,2,2,"HHG",0.0729,0.00259972286984594,3461.07902020565,5000,10000,FALSE
50,"quadratic",2,2,2,"Genest",0.058,0.00233743449106066,0.0579027982222199,20000,10000,TRUE
50,"quadratic",2,2,2,"MIC",0.0649,0.00246349325146224,0.399387535914313,20000,10000,TRUE
50,"quadratic",2,2,2,"BET",0.0601,0.00237672021912551,18,20000,10000,TRUE
50,"quadratic",2,2,2,"BEAST",0.0671006509764647,0.00250196230217402,0.395809657003567,20000,10000,TRUE
50,"quadratic",2,2,2,"xi",0.0642,0.00245108873768373,0.171668667466987,20000,10000,TRUE
50,"quadratic",2,2,2,"HHG_fast",0.0802,0.00271602577307359,0.0650825501909782,20000,10000,TRUE
50,"cubic",0.1,2,2,"B_n",0.8885,0.003147502978553,9.3990301207677,20000,10000,TRUE
50,"cubic",0.1,2,2,"P_n",0.8878,0.00315612357172529,9.33242179180288,20000,10000,TRUE
50,"cubic",0.1,2,2,"Hoeffding",1,0,0.0210079244463743,20000,10000,TRUE
50,"cubic",0.1,2,2,"dCov",0.9999,9.99949998749882e-05,0.327364371720874,5000,10000,FALSE
50,"cubic",0.1,2,2,"HHG",1,0,3467.76818941418,5000,10000,FALSE
50,"cubic",0.1,2,2,"Genest",1,0,0.0579027982222199,20000,10000,TRUE
50,"cubic",0.1,2,2,"MIC",1,0,0.399387535914313,20000,10000,TRUE
50,"cubic",0.1,2,2,"BET",0.6529,0.00476047886246751,18,20000,10000,TRUE
50,"cubic",0.1,2,2,"BEAST",1,0,0.395809657003567,20000,10000,TRUE
50,"cubic",0.1,2,2,"xi",1,0,0.171668667466987,20000,10000,TRUE
50,"cubic",0.1,2,2,"HHG_fast",1,0,0.0650825501909782,20000,10000,TRUE
50,"cubic",0.2,2,2,"B_n",0.8733,0.00332636603518013,9.3990301207677,20000,10000,TRUE
50,"cubic",0.2,2,2,"P_n",0.8726,0.00333420515265633,9.33242179180288,20000,10000,TRUE
50,"cubic",0.2,2,2,"Hoeffding",1,0,0.0210079244463743,20000,10000,TRUE
50,"cubic",0.2,2,2,"dCov",0.9996,0.000199959995999189,0.324513674715602,5000,10000,FALSE
50,"cubic",0.2,2,2,"HHG",1,0,3426.56880435913,5000,10000,FALSE
50,"cubic",0.2,2,2,"Genest",0.9999,9.99949998749882e-05,0.0579027982222199,20000,10000,TRUE
50,"cubic",0.2,2,2,"MIC",1,0,0.399387535914313,20000,10000,TRUE
50,"cubic",0.2,2,2,"BET",0.649,0.00477282934955776,18,20000,10000,TRUE
50,"cubic",0.2,2,2,"BEAST",0.9975,0.000499374608885949,0.395809657003567,20000,10000,TRUE
50,"cubic",0.2,2,2,"xi",1,0,0.171668667466987,20000,10000,TRUE
50,"cubic",0.2,2,2,"HHG_fast",1,0,0.0650825501909782,20000,10000,TRUE
50,"cubic",0.3,2,2,"B_n",0.849,0.00358048879344706,9.3990301207677,20000,10000,TRUE
50,"cubic",0.3,2,2,"P_n",0.8481,0.00358923933445514,9.33242179180288,20000,10000,TRUE
50,"cubic",0.3,2,2,"Hoeffding",0.9995,0.000223550889061069,0.0210079244463743,20000,10000,TRUE
50,"cubic",0.3,2,2,"dCov",0.9952,0.000691155554126568,0.331253767992207,5000,10000,FALSE
50,"cubic",0.3,2,2,"HHG",1,0,3466.55518728246,5000,10000,FALSE
50,"cubic",0.3,2,2,"Genest",0.9965,0.000590571756859397,0.0579027982222199,20000,10000,TRUE
50,"cubic",0.3,2,2,"MIC",1,0,0.399387535914313,20000,10000,TRUE
50,"cubic",0.3,2,2,"BET",0.6484,0.00477469831507709,18,20000,10000,TRUE
50,"cubic",0.3,2,2,"BEAST",0.9866,0.00114980172203732,0.395809657003567,20000,10000,TRUE
50,"cubic",0.3,2,2,"xi",1,0,0.171668667466987,20000,10000,TRUE
50,"cubic",0.3,2,2,"HHG_fast",1,0,0.0650825501909782,20000,10000,TRUE
50,"cubic",0.4,2,2,"B_n",0.8208,0.00383519699624413,9.3990301207677,20000,10000,TRUE
50,"cubic",0.4,2,2,"P_n",0.8205,0.003837704391951,9.33242179180288,20000,10000,TRUE
50,"cubic",0.4,2,2,"Hoeffding",0.9864,0.00115823313715331,0.0210079244463743,20000,10000,TRUE
50,"cubic",0.4,2,2,"dCov",0.9858,0.00118314665194134,0.328506945482883,5000,10000,FALSE
50,"cubic",0.4,2,2,"HHG",1,0,3469.40603418391,5000,10000,FALSE
50,"cubic",0.4,2,2,"Genest",0.965,0.00183779759494891,0.0579027982222199,20000,10000,TRUE
50,"cubic",0.4,2,2,"MIC",0.9995,0.000223550889061069,0.399387535914313,20000,10000,TRUE
50,"cubic",0.4,2,2,"BET",0.6307,0.00482615281564933,18,20000,10000,TRUE
50,"cubic",0.4,2,2,"BEAST",0.9508,0.00216285367050108,0.395809657003567,20000,10000,TRUE
50,"cubic",0.4,2,2,"xi",1,0,0.171668667466987,20000,10000,TRUE
50,"cubic",0.4,2,2,"HHG_fast",1,0,0.0650825501909782,20000,10000,TRUE
50,"cubic",0.5,2,2,"B_n",0.7866,0.00409707749499567,9.3990301207677,20000,10000,TRUE
50,"cubic",0.5,2,2,"P_n",0.7863,0.00409917442907715,9.33242179180288,20000,10000,TRUE
50,"cubic",0.5,2,2,"Hoeffding",0.927,0.00260136502628908,0.0210079244463743,20000,10000,TRUE
50,"cubic",0.5,2,2,"dCov",0.9674,0.00177587274318854,0.324009010735332,5000,10000,FALSE
50,"cubic",0.5,2,2,"HHG",0.9994,0.000244875478560032,3406.38889928573,5000,10000,FALSE
50,"cubic",0.5,2,2,"Genest",0.8878,0.00315612357172529,0.0579027982222199,20000,10000,TRUE
50,"cubic",0.5,2,2,"MIC",0.9967,0.000573507628545599,0.399387535914313,20000,10000,TRUE
50,"cubic",0.5,2,2,"BET",0.6051,0.00488829203301112,18,20000,10000,TRUE
50,"cubic",0.5,2,2,"BEAST",0.8864,0.00317324817812916,0.395809657003567,20000,10000,TRUE
50,"cubic",0.5,2,2,"xi",0.9989,0.00033148001448051,0.171668667466987,20000,10000,TRUE
50,"cubic",0.5,2,2,"HHG_fast",0.9996,0.000199959995999189,0.0650825501909782,20000,10000,TRUE
50,"cubic",0.6,2,2,"B_n",0.7452,0.00435748734937923,9.3990301207677,20000,10000,TRUE
50,"cubic",0.6,2,2,"P_n",0.7424,0.00437312519829927,9.33242179180288,20000,10000,TRUE
50,"cubic",0.6,2,2,"Hoeffding",0.8146,0.00388621718384344,0.0210079244463743,20000,10000,TRUE
50,"cubic",0.6,2,2,"dCov",0.8967,0.00304350308033358,0.329872953475733,5000,10000,FALSE
50,"cubic",0.6,2,2,"HHG",0.9918,0.000901818163489735,3503.18994624187,5000,10000,FALSE
50,"cubic",0.6,2,2,"Genest",0.7769,0.00416324861136108,0.0579027982222199,20000,10000,TRUE
50,"cubic",0.6,2,2,"MIC",0.979,0.00143384099536873,0.399387535914313,20000,10000,TRUE
50,"cubic",0.6,2,2,"BET",0.5517,0.00497319927209839,18,20000,10000,TRUE
50,"cubic",0.6,2,2,"BEAST",0.8115,0.00391110917771417,0.395809657003567,20000,10000,TRUE
50,"cubic",0.6,2,2,"xi",0.9916,0.000912657657613191,0.171668667466987,20000,10000,TRUE
50,"cubic",0.6,2,2,"HHG_fast",0.9957,0.000654332484292196,0.0650825501909782,20000,10000,TRUE
50,"cubic",0.7,2,2,"B_n",0.6944,0.00460661090173676,9.3990301207677,20000,10000,TRUE
50,"cubic",0.7,2,2,"P_n",0.691,0.00462081161702141,9.33242179180288,20000,10000,TRUE
50,"cubic",0.7,2,2,"Hoeffding",0.6721,0.00469448176053545,0.0210079244463743,20000,10000,TRUE
50,"cubic",0.7,2,2,"dCov",0.8146,0.00388621718384344,0.328720523992949,5000,10000,FALSE
50,"cubic",0.7,2,2,"HHG",0.9736,0.00160321676637939,3436.61077676321,5000,10000,FALSE
50,"cubic",0.7,2,2,"Genest",0.6509,0.00476685630158913,0.0579027982222199,20000,10000,TRUE
50,"cubic",0.7,2,2,"MIC",0.9341,0.00248107214727827,0.399387535914313,20000,10000,TRUE
50,"cubic",0.7,2,2,"BET",0.5033,0.00499989109881405,18,20000,10000,TRUE
50,"cubic",0.7,2,2,"BEAST",0.7203,0.0044885176840467,0.395809657003567,20000,10000,TRUE
50,"cubic",0.7,2,2,"xi",0.9682,0.00175467261903752,0.171668667466987,20000,10000,TRUE
50,"cubic",0.7,2,2,"HHG_fast",0.9815,0.00134750695731042,0.0650825501909782,20000,10000,TRUE
50,"cubic",0.8,2,2,"B_n",0.6408,0.00479765942934677,9.3990301207677,20000,10000,TRUE
50,"cubic",0.8,2,2,"P_n",0.6385,0.00480434959177619,9.33242179180288,20000,10000,TRUE
50,"cubic",0.8,2,2,"Hoeffding",0.5479,0.00497700301386286,0.0210079244463743,20000,10000,TRUE
50,"cubic",0.8,2,2,"dCov",0.7343,0.00441705229763017,0.325071959574885,5000,10000,FALSE
50,"cubic",0.8,2,2,"HHG",0.9309,0.0025362411162979,3421.10578876251,5000,10000,FALSE
50,"cubic",0.8,2,2,"Genest",0.5302,0.00499087126662269,0.0579027982222199,20000,10000,TRUE
50,"cubic",0.8,2,2,"MIC",0.854,0.00353106216314582,0.399387535914313,20000,10000,TRUE
50,"cubic",0.8,2,2,"BET",0.4461,0.00497086300354375,18,20000,10000,TRUE
50,"cubic",0.8,2,2,"BEAST",0.6295,0.00482938660701336,0.395809657003567,20000,10000,TRUE
50,"cubic",0.8,2,2,"xi",0.9146,0.00279476009703874,0.171668667466987,20000,10000,TRUE
50,"cubic",0.8,2,2,"HHG_fast",0.9411,0.00235437443920885,0.0650825501909782,20000,10000,TRUE
50,"cubic",0.9,2,2,"B_n",0.604,0.00489064412935556,9.3990301207677,20000,10000,TRUE
50,"cubic",0.9,2,2,"P_n",0.6003,0.00489836615617902,9.33242179180288,20000,10000,TRUE
50,"cubic",0.9,2,2,"Hoeffding",0.4447,0.00496932500446489,0.0210079244463743,20000,10000,TRUE
50,"cubic",0.9,2,2,"dCov",0.6095,0.00487862429379431,0.329487079108024,5000,10000,FALSE
50,"cubic",0.9,2,2,"HHG",0.8497,0.00357365233339786,3504.97278394204,5000,10000,FALSE
50,"cubic",0.9,2,2,"Genest",0.4411,0.00496518670343825,0.0579027982222199,20000,10000,TRUE
50,"cubic",0.9,2,2,"MIC",0.7723,0.00419347958144546,0.399387535914313,20000,10000,TRUE
50,"cubic",0.9,2,2,"BET",0.3932,0.00488460602300738,18,20000,10000,TRUE
50,"cubic",0.9,2,2,"BEAST",0.551,0.00497392199375905,0.395809657003567,20000,10000,TRUE
50,"cubic",0.9,2,2,"xi",0.8462,0.00360756926475432,0.171668667466987,20000,10000,TRUE
50,"cubic",0.9,2,2,"HHG_fast",0.8873,0.00316225726341169,0.0650825501909782,20000,10000,TRUE
50,"cubic",1,2,2,"B_n",0.5589,0.00496518670343825,9.3990301207677,20000,10000,TRUE
50,"cubic",1,2,2,"P_n",0.5574,0.00496694312429687,9.33242179180288,20000,10000,TRUE
50,"cubic",1,2,2,"Hoeffding",0.3751,0.00484148727149003,0.0210079244463743,20000,10000,TRUE
50,"cubic",1,2,2,"dCov",0.5313,0.00499019348322287,0.328087479100854,5000,10000,FALSE
50,"cubic",1,2,2,"HHG",0.7864,0.00409847581425095,3446.24828778584,5000,10000,FALSE
50,"cubic",1,2,2,"Genest",0.37,0.00482804308182932,0.0579027982222199,20000,10000,TRUE
50,"cubic",1,2,2,"MIC",0.6807,0.00466205437548727,0.399387535914313,20000,10000,TRUE
50,"cubic",1,2,2,"BET",0.3568,0.00479055069903242,18,20000,10000,TRUE
50,"cubic",1,2,2,"BEAST",0.4754,0.00499394473337461,0.395809657003567,20000,10000,TRUE
50,"cubic",1,2,2,"xi",0.7588,0.00427811360297971,0.171668667466987,20000,10000,TRUE
50,"cubic",1,2,2,"HHG_fast",0.8292,0.00376334106878449,0.0650825501909782,20000,10000,TRUE
50,"cubic",1.1,2,2,"B_n",0.5043,0.00499981509658107,9.3990301207677,20000,10000,TRUE
50,"cubic",1.1,2,2,"P_n",0.5037,0.00499986309812579,9.33242179180288,20000,10000,TRUE
50,"cubic",1.1,2,2,"Hoeffding",0.3154,0.00464674983187174,0.0210079244463743,20000,10000,TRUE
50,"cubic",1.1,2,2,"dCov",0.4208,0.00493687512501582,0.332205534547006,5000,10000,FALSE
50,"cubic",1.1,2,2,"HHG",0.7131,0.00452314481306977,3406.58354801009,5000,10000,FALSE
50,"cubic",1.1,2,2,"Genest",0.3156,0.00464754386746376,0.0579027982222199,20000,10000,TRUE
50,"cubic",1.1,2,2,"MIC",0.606,0.00488634832978575,0.399387535914313,20000,10000,TRUE
50,"cubic",1.1,2,2,"BET",0.3122,0.00463390936467255,18,20000,10000,TRUE
50,"cubic",1.1,2,2,"BEAST",0.4244,0.00494251595849725,0.395809657003567,20000,10000,TRUE
50,"cubic",1.1,2,2,"xi",0.6731,0.00469080366248685,0.171668667466987,20000,10000,TRUE
50,"cubic",1.1,2,2,"HHG_fast",0.75,0.00433012701892219,0.0650825501909782,20000,10000,TRUE
50,"cubic",1.2,2,2,"B_n",0.4592,0.00498332579709575,9.3990301207677,20000,10000,TRUE
50,"cubic",1.2,2,2,"P_n",0.458,0.00498232877277283,9.33242179180288,20000,10000,TRUE
50,"cubic",1.2,2,2,"Hoeffding",0.2747,0.00446362980095796,0.0210079244463743,20000,10000,TRUE
50,"cubic",1.2,2,2,"dCov",0.3616,0.00480463775949863,0.331061455525184,5000,10000,FALSE
50,"cubic",1.2,2,2,"HHG",0.625,0.00484122918275927,3434.34629121765,5000,10000,FALSE
50,"cubic",1.2,2,2,"Genest",0.2712,0.00444579081829094,0.0579027982222199,20000,10000,TRUE
50,"cubic",1.2,2,2,"MIC",0.5167,0.00499721032176954,0.399387535914313,20000,10000,TRUE
50,"cubic",1.2,2,2,"BET",0.2774,0.00447715579358146,18,20000,10000,TRUE
50,"cubic",1.2,2,2,"BEAST",0.375437543754375,0.00484235680732076,0.395809657003567,20000,10000,TRUE
50,"cubic",1.2,2,2,"xi",0.5844,0.00492825161695301,0.171668667466987,20000,10000,TRUE
50,"cubic",1.2,2,2,"HHG_fast",0.6735,0.00468932564448237,0.0650825501909782,20000,10000,TRUE
50,"cubic",1.3,2,2,"B_n",0.4151,0.00492739271826389,9.3990301207677,20000,10000,TRUE
50,"cubic",1.3,2,2,"P_n",0.4122,0.00492230799523963,9.33242179180288,20000,10000,TRUE
50,"cubic",1.3,2,2,"Hoeffding",0.2331,0.00422805380760463,0.0210079244463743,20000,10000,TRUE
50,"cubic",1.3,2,2,"dCov",0.3004,0.00458431936060305,0.334043405421838,5000,10000,FALSE
50,"cubic",1.3,2,2,"HHG",0.5459,0.00497888732549753,3433.11702909239,5000,10000,FALSE
50,"cubic",1.3,2,2,"Genest",0.2374,0.00425489412324208,0.0579027982222199,20000,10000,TRUE
50,"cubic",1.3,2,2,"MIC",0.4449,0.00496954716246863,0.399387535914313,20000,10000,TRUE
50,"cubic",1.3,2,2,"BET",0.2492,0.00432549835279127,18,20000,10000,TRUE
50,"cubic",1.3,2,2,"BEAST",0.325432543254325,0.00468536234506305,0.395809657003567,20000,10000,TRUE
50,"cubic",1.3,2,2,"xi",0.5015,0.00499997749994937,0.171668667466987,20000,10000,TRUE
50,"cubic",1.3,2,2,"HHG_fast",0.5943,0.00491026995184582,0.0650825501909782,20000,10000,TRUE
50,"cubic",1.4,2,2,"B_n",0.3838,0.00486310147950873,9.3990301207677,20000,10000,TRUE
50,"cubic",1.4,2,2,"P_n",0.3821,0.00485900802633624,9.33242179180288,20000,10000,TRUE
50,"cubic",1.4,2,2,"Hoeffding",0.1996,0.00399699687265327,0.0210079244463743,20000,10000,TRUE
50,"cubic",1.4,2,2,"dCov",0.2872,0.00452455699488911,0.327225109939191,5000,10000,FALSE
50,"cubic",1.4,2,2,"HHG",0.4767,0.00499456814950001,3431.42052599593,5000,10000,FALSE
50,"cubic",1.4,2,2,"Genest",0.2016,0.00401195014924164,0.0579027982222199,20000,10000,TRUE
50,"cubic",1.4,2,2,"MIC",0.3879,0.0048727157725441,0.399387535914313,20000,10000,TRUE
50,"cubic",1.4,2,2,"BET",0.2221,0.00415658020492808,18,20000,10000,TRUE
50,"cubic",1.4,2,2,"BEAST",0.287057411482296,0.00452388609488988,0.395809657003567,20000,10000,TRUE
50,"cubic",1.4,2,2,"xi",0.4316,0.00495299343831586,0.171668667466987,20000,10000,TRUE
50,"cubic",1.4,2,2,"HHG_fast",0.5268,0.00499281243388934,0.0650825501909782,20000,10000,TRUE
50,"cubic",1.5,2,2,"B_n",0.3458,0.0047562838435064,9.3990301207677,20000,10000,TRUE
50,"cubic",1.5,2,2,"P_n",0.3437,0.00474942428089974,9.33242179180288,20000,10000,TRUE
50,"cubic",1.5,2,2,"Hoeffding",0.1774,0.00382006858577173,0.0210079244463743,20000,10000,TRUE
50,"cubic",1.5,2,2,"dCov",0.2579,0.00437478673765933,0.325224611140408,5000,10000,FALSE
50,"cubic",1.5,2,2,"HHG",0.4215,0.00493799301336079,3437.43046906423,5000,10000,FALSE
50,"cubic",1.5,2,2,"Genest",0.1779,0.00382428542344841,0.0579027982222199,20000,10000,TRUE
50,"cubic",1.5,2,2,"MIC",0.3492,0.00476717274702732,0.399387535914313,20000,10000,TRUE
50,"cubic",1.5,2,2,"BET",0.2037,0.00402748445062175,18,20000,10000,TRUE
50,"cubic",1.5,2,2,"BEAST",0.264705882352941,0.00441176470588235,0.395809657003567,20000,10000,TRUE
50,"cubic",1.5,2,2,"xi",0.3848,0.00486548003798186,0.171668667466987,20000,10000,TRUE
50,"cubic",1.5,2,2,"HHG_fast",0.4733,0.00499286601061955,0.0650825501909782,20000,10000,TRUE
50,"cubic",1.6,2,2,"B_n",0.3151,0.00464555690956423,9.3990301207677,20000,10000,TRUE
50,"cubic",1.6,2,2,"P_n",0.3127,0.00463593259226232,9.33242179180288,20000,10000,TRUE
50,"cubic",1.6,2,2,"Hoeffding",0.1651,0.00371270777196375,0.0210079244463743,20000,10000,TRUE
50,"cubic",1.6,2,2,"dCov",0.2194,0.00413840114053725,0.327719528572417,5000,10000,FALSE
50,"cubic",1.6,2,2,"HHG",0.3682,0.0048231603746921,3453.46150487866,5000,10000,FALSE
50,"cubic",1.6,2,2,"Genest",0.1648,0.0037099994609164,0.0579027982222199,20000,10000,TRUE
50,"cubic",1.6,2,2,"MIC",0.3168,0.00465228717944196,0.399387535914313,20000,10000,TRUE
50,"cubic",1.6,2,2,"BET",0.1941,0.00395506245209858,18,20000,10000,TRUE
50,"cubic",1.6,2,2,"BEAST",0.240248049609922,0.00427234039220367,0.395809657003567,20000,10000,TRUE
50,"cubic",1.6,2,2,"xi",0.3445,0.00475204955782239,0.171668667466987,20000,10000,TRUE
50,"cubic",1.6,2,2,"HHG_fast",0.4222,0.00493910072786535,0.0650825501909782,20000,10000,TRUE
50,"cubic",1.7,2,2,"B_n",0.2943,0.00455727451444391,9.3990301207677,20000,10000,TRUE
50,"cubic",1.7,2,2,"P_n",0.2934,0.00455320151102496,9.33242179180288,20000,10000,TRUE
50,"cubic",1.7,2,2,"Hoeffding",0.1465,0.00353606773125176,0.0210079244463743,20000,10000,TRUE
50,"cubic",1.7,2,2,"dCov",0.1813,0.00385266544096422,0.331301214038552,5000,10000,FALSE
50,"cubic",1.7,2,2,"HHG",0.3076,0.00461499989165764,3498.8019512654,5000,10000,FALSE
50,"cubic",1.7,2,2,"Genest",0.1429,0.00349970841642557,0.0579027982222199,20000,10000,TRUE
50,"cubic",1.7,2,2,"MIC",0.2742,0.00446110255430202,0.399387535914313,20000,10000,TRUE
50,"cubic",1.7,2,2,"BET",0.1719,0.00377293506437627,18,20000,10000,TRUE
50,"cubic",1.7,2,2,"BEAST",0.217221722172217,0.0041235475696147,0.395809657003567,20000,10000,TRUE
50,"cubic",1.7,2,2,"xi",0.2944,0.00455772574866018,0.171668667466987,20000,10000,TRUE
50,"cubic",1.7,2,2,"HHG_fast",0.3797,0.00485312177881413,0.0650825501909782,20000,10000,TRUE
50,"cubic",1.8,2,2,"B_n",0.2637,0.0044063852532433,9.3990301207677,20000,10000,TRUE
50,"cubic",1.8,2,2,"P_n",0.2614,0.00439397360028483,9.33242179180288,20000,10000,TRUE
50,"cubic",1.8,2,2,"Hoeffding",0.1361,0.00342894721452518,0.0210079244463743,20000,10000,TRUE
50,"cubic",1.8,2,2,"dCov",0.1667,0.00372707807806598,0.328720914828201,5000,10000,FALSE
50,"cubic",1.8,2,2,"HHG",0.2991,0.00457863724267385,3420.03213658321,5000,10000,FALSE
50,"cubic",1.8,2,2,"Genest",0.1364,0.00343212820273369,0.0579027982222199,20000,10000,TRUE
50,"cubic",1.8,2,2,"MIC",0.2414,0.00427932284362842,0.399387535914313,20000,10000,TRUE
50,"cubic",1.8,2,2,"BET",0.1483,0.00355397115914015,18,20000,10000,TRUE
50,"cubic",1.8,2,2,"BEAST",0.192015209125475,0.00393884968728149,0.395809657003567,20000,10000,TRUE
50,"cubic",1.8,2,2,"xi",0.2593,0.0043825051055304,0.171668667466987,20000,10000,TRUE
50,"cubic",1.8,2,2,"HHG_fast",0.3338,0.00471569252602415,0.0650825501909782,20000,10000,TRUE
50,"cubic",1.9,2,2,"B_n",0.245,0.00430087200460558,9.3990301207677,20000,10000,TRUE
50,"cubic",1.9,2,2,"P_n",0.2429,0.00428835154808931,9.33242179180288,20000,10000,TRUE
50,"cubic",1.9,2,2,"Hoeffding",0.1304,0.00336742988048749,0.0210079244463743,20000,10000,TRUE
50,"cubic",1.9,2,2,"dCov",0.1596,0.00366234678860427,0.328849647359045,5000,10000,FALSE
50,"cubic",1.9,2,2,"HHG",0.2764,0.00447216994310368,3406.18498872118,5000,10000,FALSE
50,"cubic",1.9,2,2,"Genest",0.1268,0.0033274879413756,0.0579027982222199,20000,10000,TRUE
50,"cubic",1.9,2,2,"MIC",0.2223,0.00415791666583158,0.399387535914313,20000,10000,TRUE
50,"cubic",1.9,2,2,"BET",0.1421,0.00349152674341756,18,20000,10000,TRUE
50,"cubic",1.9,2,2,"BEAST",0.176417641764176,0.00381175100758881,0.395809657003567,20000,10000,TRUE
50,"cubic",1.9,2,2,"xi",0.2375,0.0042555111326373,0.171668667466987,20000,10000,TRUE
50,"cubic",1.9,2,2,"HHG_fast",0.3063,0.00460955865566325,0.0650825501909782,20000,10000,TRUE
50,"cubic",2,2,2,"B_n",0.2294,0.00420446952658715,9.3990301207677,20000,10000,TRUE
50,"cubic",2,2,2,"P_n",0.228,0.00419542608086473,9.33242179180288,20000,10000,TRUE
50,"cubic",2,2,2,"Hoeffding",0.1125,0.00315980616494113,0.0210079244463743,20000,10000,TRUE
50,"cubic",2,2,2,"dCov",0.1372,0.00344058367141391,0.329872279415257,5000,10000,FALSE
50,"cubic",2,2,2,"HHG",0.2286,0.00419930994331212,3452.94976882014,5000,10000,FALSE
50,"cubic",2,2,2,"Genest",0.1149,0.00318901222951559,0.0579027982222199,20000,10000,TRUE
50,"cubic",2,2,2,"MIC",0.2021,0.00401566420408878,0.399387535914313,20000,10000,TRUE
50,"cubic",2,2,2,"BET",0.1411,0.00348124675942399,18,20000,10000,TRUE
50,"cubic",2,2,2,"BEAST",0.166916841789252,0.00372901608626665,0.395809657003567,20000,10000,TRUE
50,"cubic",2,2,2,"xi",0.2083,0.00406092489465146,0.171668667466987,20000,10000,TRUE
50,"cubic",2,2,2,"HHG_fast",0.2733,0.00445653576222608,0.0650825501909782,20000,10000,TRUE
50,"sine",0.1,2,2,"B_n",0.5503,0.00497463476046232,9.3990301207677,20000,10000,TRUE
50,"sine",0.1,2,2,"P_n",0.5455,0.00497925446226641,9.33242179180288,20000,10000,TRUE
50,"sine",0.1,2,2,"Hoeffding",0.9965,0.000590571756859397,0.0210079244463743,20000,10000,TRUE
50,"sine",0.1,2,2,"dCov",0.9975,0.000499374608885949,0.319993053876339,5000,10000,FALSE
50,"sine",0.1,2,2,"HHG",1,0,3494.12143333443,5000,10000,FALSE
50,"sine",0.1,2,2,"Genest",0.9741,0.00158836991913093,0.0579027982222199,20000,10000,TRUE
50,"sine",0.1,2,2,"MIC",1,0,0.399387535914313,20000,10000,TRUE
50,"sine",0.1,2,2,"BET",0.009,0.000944404574321832,18,20000,10000,TRUE
50,"sine",0.1,2,2,"BEAST",0.9775,0.00148302899499639,0.395809657003567,20000,10000,TRUE
50,"sine",0.1,2,2,"xi",1,0,0.171668667466987,20000,10000,TRUE
50,"sine",0.1,2,2,"HHG_fast",1,0,0.0650825501909782,20000,10000,TRUE
50,"sine",0.2,2,2,"B_n",0.4616,0.00498523259236718,9.3990301207677,20000,10000,TRUE
50,"sine",0.2,2,2,"P_n",0.4568,0.00498130264087618,9.33242179180288,20000,10000,TRUE
50,"sine",0.2,2,2,"Hoeffding",0.9396,0.00238226446894546,0.0210079244463743,20000,10000,TRUE
50,"sine",0.2,2,2,"dCov",0.9511,0.00215658966889856,0.322020995050331,5000,10000,FALSE
50,"sine",0.2,2,2,"HHG",0.9967,0.000573507628545599,3447.10808587427,5000,10000,FALSE
50,"sine",0.2,2,2,"Genest",0.8765,0.00329010258198738,0.0579027982222199,20000,10000,TRUE
50,"sine",0.2,2,2,"MIC",0.9999,9.99949998749882e-05,0.399387535914313,20000,10000,TRUE
50,"sine",0.2,2,2,"BET",0.0114,0.00106160444610976,18,20000,10000,TRUE
50,"sine",0.2,2,2,"BEAST",0.9426,0.00232605330979322,0.395809657003567,20000,10000,TRUE
50,"sine",0.2,2,2,"xi",1,0,0.171668667466987,20000,10000,TRUE
50,"sine",0.2,2,2,"HHG_fast",0.9986,0.000373903730925483,0.0650825501909782,20000,10000,TRUE
50,"sine",0.3,2,2,"B_n",0.3537,0.00478117464646503,9.3990301207677,20000,10000,TRUE
50,"sine",0.3,2,2,"P_n",0.3521,0.00477624947003399,9.33242179180288,20000,10000,TRUE
50,"sine",0.3,2,2,"Hoeffding",0.737,0.00440262421744123,0.0210079244463743,20000,10000,TRUE
50,"sine",0.3,2,2,"dCov",0.7445,0.00436141892048906,0.328454493018299,5000,10000,FALSE
50,"sine",0.3,2,2,"HHG",0.8625,0.00344374432848898,3432.04104720485,5000,10000,FALSE
50,"sine",0.3,2,2,"Genest",0.6966,0.00459726483901026,0.0579027982222199,20000,10000,TRUE
50,"sine",0.3,2,2,"MIC",0.9755,0.00154595439777504,0.399387535914313,20000,10000,TRUE
50,"sine",0.3,2,2,"BET",0.0103,0.00100964894889263,18,20000,10000,TRUE
50,"sine",0.3,2,2,"BEAST",0.862,0.00344899985503044,0.395809657003567,20000,10000,TRUE
50,"sine",0.3,2,2,"xi",0.9861,0.00117076000956644,0.171668667466987,20000,10000,TRUE
50,"sine",0.3,2,2,"HHG_fast",0.9365,0.00243860103337959,0.0650825501909782,20000,10000,TRUE
50,"sine",0.4,2,2,"B_n",0.2662,0.00441970089485703,9.3990301207677,20000,10000,TRUE
50,"sine",0.4,2,2,"P_n",0.2623,0.00439884882668182,9.33242179180288,20000,10000,TRUE
50,"sine",0.4,2,2,"Hoeffding",0.5387,0.00498500060180538,0.0210079244463743,20000,10000,TRUE
50,"sine",0.4,2,2,"dCov",0.5418,0.00498249696437439,0.330630439103347,5000,10000,FALSE
50,"sine",0.4,2,2,"HHG",0.6031,0.00489254933546919,3425.70062255137,5000,10000,FALSE
50,"sine",0.4,2,2,"Genest",0.5266,0.00499291938649123,0.0579027982222199,20000,10000,TRUE
50,"sine",0.4,2,2,"MIC",0.8101,0.00392221863235593,0.399387535914313,20000,10000,TRUE
50,"sine",0.4,2,2,"BET",0.0154,0.00123137484138665,18,20000,10000,TRUE
50,"sine",0.4,2,2,"BEAST",0.6983,0.00458995762507673,0.395809657003567,20000,10000,TRUE
50,"sine",0.4,2,2,"xi",0.8346,0.00371541168647567,0.171668667466987,20000,10000,TRUE
50,"sine",0.4,2,2,"HHG_fast",0.7381,0.00439668500122535,0.0650825501909782,20000,10000,TRUE
50,"sine",0.5,2,2,"B_n",0.1956,0.00396661871119471,9.3990301207677,20000,10000,TRUE
50,"sine",0.5,2,2,"P_n",0.1929,0.00394575201957751,9.33242179180288,20000,10000,TRUE
50,"sine",0.5,2,2,"Hoeffding",0.3791,0.00485163055064996,0.0210079244463743,20000,10000,TRUE
50,"sine",0.5,2,2,"dCov",0.3816,0.00485779209106359,0.331611646136727,5000,10000,FALSE
50,"sine",0.5,2,2,"HHG",0.3517,0.00477500900522711,3519.60900247008,5000,10000,FALSE
50,"sine",0.5,2,2,"Genest",0.3804,0.00485485159402427,0.0579027982222199,20000,10000,TRUE
50,"sine",0.5,2,2,"MIC",0.5932,0.00491236969292825,0.399387535914313,20000,10000,TRUE
50,"sine",0.5,2,2,"BET",0.0159,0.00125088728509007,18,20000,10000,TRUE
50,"sine",0.5,2,2,"BEAST",0.5173,0.00499700620371838,0.395809657003567,20000,10000,TRUE
50,"sine",0.5,2,2,"xi",0.602,0.00489485444114531,0.171668667466987,20000,10000,TRUE
50,"sine",0.5,2,2,"HHG_fast",0.5361,0.00498695087202591,0.0650825501909782,20000,10000,TRUE
50,"sine",0.6,2,2,"B_n",0.1636,0.00369912205800241,9.3990301207677,20000,10000,TRUE
50,"sine",0.6,2,2,"P_n",0.1611,0.00367623163035193,9.33242179180288,20000,10000,TRUE
50,"sine",0.6,2,2,"Hoeffding",0.2814,0.00449682154415761,0.0210079244463743,20000,10000,TRUE
50,"sine",0.6,2,2,"dCov",0.3069,0.00461207534630561,0.326473862981414,5000,10000,FALSE
50,"sine",0.6,2,2,"HHG",0.2815,0.00449730752784374,3421.13147566374,5000,10000,FALSE
50,"sine",0.6,2,2,"Genest",0.2875,0.00452596674755792,0.0579027982222199,20000,10000,TRUE
50,"sine",0.6,2,2,"MIC",0.4142,0.00492583353352506,0.399387535914313,20000,10000,TRUE
50,"sine",0.6,2,2,"BET",0.0213,0.00144382512791543,18,20000,10000,TRUE
50,"sine",0.6,2,2,"BEAST",0.377,0.00484634914136404,0.395809657003567,20000,10000,TRUE
50,"sine",0.6,2,2,"xi",0.4118,0.00492159283159426,0.171668667466987,20000,10000,TRUE
50,"sine",0.6,2,2,"HHG_fast",0.3874,0.00487156278826415,0.0650825501909782,20000,10000,TRUE
50,"sine",0.7,2,2,"B_n",0.1322,0.00338708074896363,9.3990301207677,20000,10000,TRUE
50,"sine",0.7,2,2,"P_n",0.1307,0.0033707196560972,9.33242179180288,20000,10000,TRUE
50,"sine",0.7,2,2,"Hoeffding",0.2147,0.00410614064542363,0.0210079244463743,20000,10000,TRUE
50,"sine",0.7,2,2,"dCov",0.2294,0.00420446952658715,0.327048526783965,5000,10000,FALSE
50,"sine",0.7,2,2,"HHG",0.1986,0.00398946161781261,3450.21087068745,5000,10000,FALSE
50,"sine",0.7,2,2,"Genest",0.2184,0.00413160307870928,0.0579027982222199,20000,10000,TRUE
50,"sine",0.7,2,2,"MIC",0.2977,0.00457246880798546,0.399387535914313,20000,10000,TRUE
50,"sine",0.7,2,2,"BET",0.0213,0.00144382512791543,18,20000,10000,TRUE
50,"sine",0.7,2,2,"BEAST",0.2838,0.0045084094756355,0.395809657003567,20000,10000,TRUE
50,"sine",0.7,2,2,"xi",0.2905,0.00453993116687907,0.171668667466987,20000,10000,TRUE
50,"sine",0.7,2,2,"HHG_fast",0.2863,0.00452031315286895,0.0650825501909782,20000,10000,TRUE
50,"sine",0.8,2,2,"B_n",0.1105,0.00313511961494295,9.3990301207677,20000,10000,TRUE
50,"sine",0.8,2,2,"P_n",0.11,0.0031288975694324,9.33242179180288,20000,10000,TRUE
50,"sine",0.8,2,2,"Hoeffding",0.1802,0.00384353951456207,0.0210079244463743,20000,10000,TRUE
50,"sine",0.8,2,2,"dCov",0.1901,0.00392379905193933,0.328060516911989,5000,10000,FALSE
50,"sine",0.8,2,2,"HHG",0.1644,0.00370638152380459,3412.67232492882,5000,10000,FALSE
50,"sine",0.8,2,2,"Genest",0.1817,0.00385597082457842,0.0579027982222199,20000,10000,TRUE
50,"sine",0.8,2,2,"MIC",0.2296,0.0042057560556932,0.399387535914313,20000,10000,TRUE
50,"sine",0.8,2,2,"BET",0.023,0.00149903302165096,18,20000,10000,TRUE
50,"sine",0.8,2,2,"BEAST",0.2265,0.00418566302991533,0.395809657003567,20000,10000,TRUE
50,"sine",0.8,2,2,"xi",0.2259,0.00418173636184779,0.171668667466987,20000,10000,TRUE
50,"sine",0.8,2,2,"HHG_fast",0.2312,0.004216,0.0650825501909782,20000,10000,TRUE
50,"sine",0.9,2,2,"B_n",0.0994,0.00299198328872338,9.3990301207677,20000,10000,TRUE
50,"sine",0.9,2,2,"P_n",0.0986,0.00298124202305012,9.33242179180288,20000,10000,TRUE
50,"sine",0.9,2,2,"Hoeffding",0.1445,0.00351596003959089,0.0210079244463743,20000,10000,TRUE
50,"sine",0.9,2,2,"dCov",0.1535,0.00360468791991762,0.327396985730986,5000,10000,FALSE
50,"sine",0.9,2,2,"HHG",0.1294,0.00335642130847723,3425.15009835828,5000,10000,FALSE
50,"sine",0.9,2,2,"Genest",0.1465,0.00353606773125176,0.0579027982222199,20000,10000,TRUE
50,"sine",0.9,2,2,"MIC",0.1774,0.00382006858577173,0.399387535914313,20000,10000,TRUE
50,"sine",0.9,2,2,"BET",0.0224,0.0014798053926108,18,20000,10000,TRUE
50,"sine",0.9,2,2,"BEAST",0.180554166249875,0.0038464835798387,0.395809657003567,20000,10000,TRUE
50,"sine",0.9,2,2,"xi",0.1784,0.00382849108657706,0.171668667466987,20000,10000,TRUE
50,"sine",0.9,2,2,"HHG_fast",0.184,0.00387484193225995,0.0650825501909782,20000,10000,TRUE
50,"sine",1,2,2,"B_n",0.0936,0.00291271419813204,9.3990301207677,20000,10000,TRUE
50,"sine",1,2,2,"P_n",0.0927,0.00290011568734766,9.33242179180288,20000,10000,TRUE
50,"sine",1,2,2,"Hoeffding",0.1289,0.00335089226923218,0.0210079244463743,20000,10000,TRUE
50,"sine",1,2,2,"dCov",0.1382,0.00345109779635408,0.328358678819624,5000,10000,FALSE
50,"sine",1,2,2,"HHG",0.1059,0.00307709587110964,3510.01937098455,5000,10000,FALSE
50,"sine",1,2,2,"Genest",0.1333,0.00339898676078622,0.0579027982222199,20000,10000,TRUE
50,"sine",1,2,2,"MIC",0.1464,0.00353506775041158,0.399387535914313,20000,10000,TRUE
50,"sine",1,2,2,"BET",0.0227,0.00148945325539273,18,20000,10000,TRUE
50,"sine",1,2,2,"BEAST",0.146773386693347,0.00353879866129612,0.395809657003567,20000,10000,TRUE
50,"sine",1,2,2,"xi",0.1425,0.00349562226220168,0.171668667466987,20000,10000,TRUE
50,"sine",1,2,2,"HHG_fast",0.1582,0.00364928431339626,0.0650825501909782,20000,10000,TRUE
50,"sine",1.1,2,2,"B_n",0.0883,0.00283730699784144,9.3990301207677,20000,10000,TRUE
50,"sine",1.1,2,2,"P_n",0.0871,0.00281981541949114,9.33242179180288,20000,10000,TRUE
50,"sine",1.1,2,2,"Hoeffding",0.113,0.00316592798401985,0.0210079244463743,20000,10000,TRUE
50,"sine",1.1,2,2,"dCov",0.1166,0.00320943047907257,0.329524954565407,5000,10000,FALSE
50,"sine",1.1,2,2,"HHG",0.1052,0.0030681095156464,3435.77272359173,5000,10000,FALSE
50,"sine",1.1,2,2,"Genest",0.1154,0.00319504053182428,0.0579027982222199,20000,10000,TRUE
50,"sine",1.1,2,2,"MIC",0.1337,0.00340329707783496,0.399387535914313,20000,10000,TRUE
50,"sine",1.1,2,2,"BET",0.025,0.0015612494995996,18,20000,10000,TRUE
50,"sine",1.1,2,2,"BEAST",0.135554221688675,0.00342314584368024,0.395809657003567,20000,10000,TRUE
50,"sine",1.1,2,2,"xi",0.126,0.00331849363416596,0.171668667466987,20000,10000,TRUE
50,"sine",1.1,2,2,"HHG_fast",0.1359,0.00342682345620547,0.0650825501909782,20000,10000,TRUE
50,"sine",1.2,2,2,"B_n",0.082,0.00274364720764168,9.3990301207677,20000,10000,TRUE
50,"sine",1.2,2,2,"P_n",0.0801,0.00271447950811937,9.33242179180288,20000,10000,TRUE
50,"sine",1.2,2,2,"Hoeffding",0.1036,0.00304740939159805,0.0210079244463743,20000,10000,TRUE
50,"sine",1.2,2,2,"dCov",0.1162,0.00320464600229105,0.325927577490538,5000,10000,FALSE
50,"sine",1.2,2,2,"HHG",0.0896,0.00285607843029564,3455.49535164942,5000,10000,FALSE
50,"sine",1.2,2,2,"Genest",0.1088,0.00311388117949288,0.0579027982222199,20000,10000,TRUE
50,"sine",1.2,2,2,"MIC",0.1122,0.00315612357172529,0.399387535914313,20000,10000,TRUE
50,"sine",1.2,2,2,"BET",0.0215,0.00145043958853859,18,20000,10000,TRUE
50,"sine",1.2,2,2,"BEAST",0.11618132692885,0.00320442235359045,0.395809657003567,20000,10000,TRUE
50,"sine",1.2,2,2,"xi",0.1052,0.0030681095156464,0.171668667466987,20000,10000,TRUE
50,"sine",1.2,2,2,"HHG_fast",0.1217,0.00326939000426685,0.0650825501909782,20000,10000,TRUE
50,"sine",1.3,2,2,"B_n",0.0729,0.00259972286984594,9.3990301207677,20000,10000,TRUE
50,"sine",1.3,2,2,"P_n",0.0723,0.00258983995644519,9.33242179180288,20000,10000,TRUE
50,"sine",1.3,2,2,"Hoeffding",0.0949,0.00293076764688025,0.0210079244463743,20000,10000,TRUE
50,"sine",1.3,2,2,"dCov",0.1048,0.00306295543552302,0.328209760510955,5000,10000,FALSE
50,"sine",1.3,2,2,"HHG",0.08,0.00271293199325011,3469.60909767326,5000,10000,FALSE
50,"sine",1.3,2,2,"Genest",0.1006,0.00300798337761365,0.0579027982222199,20000,10000,TRUE
50,"sine",1.3,2,2,"MIC",0.0989,0.00298527703907024,0.399387535914313,20000,10000,TRUE
50,"sine",1.3,2,2,"BET",0.022,0.00146683332386471,18,20000,10000,TRUE
50,"sine",1.3,2,2,"BEAST",0.105595035531979,0.003073186034118,0.395809657003567,20000,10000,TRUE
50,"sine",1.3,2,2,"xi",0.0966,0.00295412322017887,0.171668667466987,20000,10000,TRUE
50,"sine",1.3,2,2,"HHG_fast",0.1112,0.00314379643106865,0.0650825501909782,20000,10000,TRUE
50,"sine",1.4,2,2,"B_n",0.0725,0.00259313998850814,9.3990301207677,20000,10000,TRUE
50,"sine",1.4,2,2,"P_n",0.071,0.00256824843035093,9.33242179180288,20000,10000,TRUE
50,"sine",1.4,2,2,"Hoeffding",0.089,0.00284743744444018,0.0210079244463743,20000,10000,TRUE
50,"sine",1.4,2,2,"dCov",0.0915,0.00288318833932159,0.328776381863573,5000,10000,FALSE
50,"sine",1.4,2,2,"HHG",0.0804,0.00271911456176455,3454.26181709444,5000,10000,FALSE
50,"sine",1.4,2,2,"Genest",0.0887,0.00284310235482298,0.0579027982222199,20000,10000,TRUE
50,"sine",1.4,2,2,"MIC",0.0926,0.00289871074790156,0.399387535914313,20000,10000,TRUE
50,"sine",1.4,2,2,"BET",0.0265,0.0016061677994531,18,20000,10000,TRUE
50,"sine",1.4,2,2,"BEAST",0.0981687181026719,0.00297542637093829,0.395809657003567,20000,10000,TRUE
50,"sine",1.4,2,2,"xi",0.0887,0.00284310235482298,0.171668667466987,20000,10000,TRUE
50,"sine",1.4,2,2,"HHG_fast",0.1022,0.00302911142086256,0.0650825501909782,20000,10000,TRUE
50,"sine",1.5,2,2,"B_n",0.0669,0.00249848734237338,9.3990301207677,20000,10000,TRUE
50,"sine",1.5,2,2,"P_n",0.0658,0.00247932168142821,9.33242179180288,20000,10000,TRUE
50,"sine",1.5,2,2,"Hoeffding",0.0853,0.00279327603362074,0.0210079244463743,20000,10000,TRUE
50,"sine",1.5,2,2,"dCov",0.0768,0.00266273844002748,0.333535518306525,5000,10000,FALSE
50,"sine",1.5,2,2,"HHG",0.072,0.00258487910742456,3460.53892106341,5000,10000,FALSE
50,"sine",1.5,2,2,"Genest",0.0831,0.00276033313206939,0.0579027982222199,20000,10000,TRUE
50,"sine",1.5,2,2,"MIC",0.0911,0.00287751264115381,0.399387535914313,20000,10000,TRUE
50,"sine",1.5,2,2,"BET",0.0249,0.00155820377358034,18,20000,10000,TRUE
50,"sine",1.5,2,2,"BEAST",0.0947853067760985,0.00292918166721457,0.395809657003567,20000,10000,TRUE
50,"sine",1.5,2,2,"xi",0.0864,0.00280953804031908,0.171668667466987,20000,10000,TRUE
50,"sine",1.5,2,2,"HHG_fast",0.0935,0.0029113184298527,0.0650825501909782,20000,10000,TRUE
50,"sine",1.6,2,2,"B_n",0.0669,0.00249848734237338,9.3990301207677,20000,10000,TRUE
50,"sine",1.6,2,2,"P_n",0.066,0.00248282097622845,9.33242179180288,20000,10000,TRUE
50,"sine",1.6,2,2,"Hoeffding",0.0771,0.00266750051546387,0.0210079244463743,20000,10000,TRUE
50,"sine",1.6,2,2,"dCov",0.0776,0.00267541099646391,0.330036973098782,5000,10000,FALSE
50,"sine",1.6,2,2,"HHG",0.0725,0.00259313998850814,3466.05676991052,5000,10000,FALSE
50,"sine",1.6,2,2,"Genest",0.0778,0.00267856603428028,0.0579027982222199,20000,10000,TRUE
50,"sine",1.6,2,2,"MIC",0.0858,0.00280068491623031,0.399387535914313,20000,10000,TRUE
50,"sine",1.6,2,2,"BET",0.0243,0.00153978927129656,18,20000,10000,TRUE
50,"sine",1.6,2,2,"BEAST",0.0869782804524072,0.00281803227770637,0.395809657003567,20000,10000,TRUE
50,"sine",1.6,2,2,"xi",0.0823,0.00274821232804163,0.171668667466987,20000,10000,TRUE
50,"sine",1.6,2,2,"HHG_fast",0.0879,0.00283149412854768,0.0650825501909782,20000,10000,TRUE
50,"sine",1.7,2,2,"B_n",0.0682,0.00252088793880252,9.3990301207677,20000,10000,TRUE
50,"sine",1.7,2,2,"P_n",0.0666,0.00249327976769555,9.33242179180288,20000,10000,TRUE
50,"sine",1.7,2,2,"Hoeffding",0.0768,0.00266273844002748,0.0210079244463743,20000,10000,TRUE
50,"sine",1.7,2,2,"dCov",0.0861,0.00280511657511769,0.325875032896358,5000,10000,FALSE
50,"sine",1.7,2,2,"HHG",0.0686,0.00252772704222588,3446.44267679476,5000,10000,FALSE
50,"sine",1.7,2,2,"Genest",0.0778,0.00267856603428028,0.0579027982222199,20000,10000,TRUE
50,"sine",1.7,2,2,"MIC",0.0797,0.00270828192771727,0.399387535914313,20000,10000,TRUE
50,"sine",1.7,2,2,"BET",0.0251,0.00156428865622685,18,20000,10000,TRUE
50,"sine",1.7,2,2,"BEAST",0.085968775020016,0.00280317935105077,0.395809657003567,20000,10000,TRUE
50,"sine",1.7,2,2,"xi",0.0796,0.00270672939171983,0.171668667466987,20000,10000,TRUE
50,"sine",1.7,2,2,"HHG_fast",0.0849,0.0027873282906755,0.0650825501909782,20000,10000,TRUE
50,"sine",1.8,2,2,"B_n",0.0663,0.00248805767618036,9.3990301207677,20000,10000,TRUE
50,"sine",1.8,2,2,"P_n",0.0645,0.00245641507078914,9.33242179180288,20000,10000,TRUE
50,"sine",1.8,2,2,"Hoeffding",0.0718,0.00258156464184029,0.0210079244463743,20000,10000,TRUE
50,"sine",1.8,2,2,"dCov",0.0693,0.0025396359975398,0.332153931079579,5000,10000,FALSE
50,"sine",1.8,2,2,"HHG",0.067,0.00250021999032085,3459.40285396269,5000,10000,FALSE
50,"sine",1.8,2,2,"Genest",0.0709,0.00256657729281625,0.0579027982222199,20000,10000,TRUE
50,"sine",1.8,2,2,"MIC",0.0756,0.00264357031304257,0.399387535914313,20000,10000,TRUE
50,"sine",1.8,2,2,"BET",0.025,0.0015612494995996,18,20000,10000,TRUE
50,"sine",1.8,2,2,"BEAST",0.0760456273764259,0.00265071103542713,0.395809657003567,20000,10000,TRUE
50,"sine",1.8,2,2,"xi",0.0711,0.00256991809207998,0.171668667466987,20000,10000,TRUE
50,"sine",1.8,2,2,"HHG_fast",0.079,0.0026973876250921,0.0650825501909782,20000,10000,TRUE
50,"sine",1.9,2,2,"B_n",0.0609,0.00239146795922504,9.3990301207677,20000,10000,TRUE
50,"sine",1.9,2,2,"P_n",0.0611,0.0023951365305552,9.33242179180288,20000,10000,TRUE
50,"sine",1.9,2,2,"Hoeffding",0.0669,0.00249848734237338,0.0210079244463743,20000,10000,TRUE
50,"sine",1.9,2,2,"dCov",0.0725,0.00259313998850814,0.326939499192156,5000,10000,FALSE
50,"sine",1.9,2,2,"HHG",0.0687,0.00252943294040384,3424.29503644575,5000,10000,FALSE
50,"sine",1.9,2,2,"Genest",0.067,0.00250021999032085,0.0579027982222199,20000,10000,TRUE
50,"sine",1.9,2,2,"MIC",0.0672,0.0025036804907975,0.399387535914313,20000,10000,TRUE
50,"sine",1.9,2,2,"BET",0.0271,0.0016237484411078,18,20000,10000,TRUE
50,"sine",1.9,2,2,"BEAST",0.0733586869495596,0.00260724356358581,0.395809657003567,20000,10000,TRUE
50,"sine",1.9,2,2,"xi",0.066,0.00248282097622845,0.171668667466987,20000,10000,TRUE
50,"sine",1.9,2,2,"HHG_fast",0.0754,0.00264035679407159,0.0650825501909782,20000,10000,TRUE
50,"sine",2,2,2,"B_n",0.0587,0.00235062353429893,9.3990301207677,20000,10000,TRUE
50,"sine",2,2,2,"P_n",0.0577,0.00233175277420227,9.33242179180288,20000,10000,TRUE
50,"sine",2,2,2,"Hoeffding",0.0654,0.00247230337944193,0.0210079244463743,20000,10000,TRUE
50,"sine",2,2,2,"dCov",0.0642,0.00245108873768373,0.330918162775456,5000,10000,FALSE
50,"sine",2,2,2,"HHG",0.0617,0.0024060987095296,3454.00302663258,5000,10000,FALSE
50,"sine",2,2,2,"Genest",0.0649,0.00246349325146224,0.0579027982222199,20000,10000,TRUE
50,"sine",2,2,2,"MIC",0.0686,0.00252772704222588,0.399387535914313,20000,10000,TRUE
50,"sine",2,2,2,"BET",0.0232,0.00150538234345963,18,20000,10000,TRUE
50,"sine",2,2,2,"BEAST",0.0704126602564103,0.00255841195924397,0.395809657003567,20000,10000,TRUE
50,"sine",2,2,2,"xi",0.0647,0.00245995751995842,0.171668667466987,20000,10000,TRUE
50,"sine",2,2,2,"HHG_fast",0.0713,0.00257325299960964,0.0650825501909782,20000,10000,TRUE
50,"fourth root",0.1,2,2,"B_n",1,0,9.3990301207677,20000,10000,TRUE
50,"fourth root",0.1,2,2,"P_n",1,0,9.33242179180288,20000,10000,TRUE
50,"fourth root",0.1,2,2,"Hoeffding",1,0,0.0210079244463743,20000,10000,TRUE
50,"fourth root",0.1,2,2,"dCov",1,0,0.327043792729259,5000,10000,FALSE
50,"fourth root",0.1,2,2,"HHG",1,0,3445.18151698773,5000,10000,FALSE
50,"fourth root",0.1,2,2,"Genest",1,0,0.0579027982222199,20000,10000,TRUE
50,"fourth root",0.1,2,2,"MIC",1,0,0.399387535914313,20000,10000,TRUE
50,"fourth root",0.1,2,2,"BET",1,0,18,20000,10000,TRUE
50,"fourth root",0.1,2,2,"BEAST",1,0,0.395809657003567,20000,10000,TRUE
50,"fourth root",0.1,2,2,"xi",1,0,0.171668667466987,20000,10000,TRUE
50,"fourth root",0.1,2,2,"HHG_fast",1,0,0.0650825501909782,20000,10000,TRUE
50,"fourth root",0.2,2,2,"B_n",1,0,9.3990301207677,20000,10000,TRUE
50,"fourth root",0.2,2,2,"P_n",1,0,9.33242179180288,20000,10000,TRUE
50,"fourth root",0.2,2,2,"Hoeffding",1,0,0.0210079244463743,20000,10000,TRUE
50,"fourth root",0.2,2,2,"dCov",1,0,0.332022754483162,5000,10000,FALSE
50,"fourth root",0.2,2,2,"HHG",1,0,3488.49837719256,5000,10000,FALSE
50,"fourth root",0.2,2,2,"Genest",1,0,0.0579027982222199,20000,10000,TRUE
50,"fourth root",0.2,2,2,"MIC",0.9993,0.000264482513599677,0.399387535914313,20000,10000,TRUE
50,"fourth root",0.2,2,2,"BET",0.9917,0.000907254650029416,18,20000,10000,TRUE
50,"fourth root",0.2,2,2,"BEAST",0.9997,0.000173179098045915,0.395809657003567,20000,10000,TRUE
50,"fourth root",0.2,2,2,"xi",0.9996,0.000199959995999189,0.171668667466987,20000,10000,TRUE
50,"fourth root",0.2,2,2,"HHG_fast",1,0,0.0650825501909782,20000,10000,TRUE
50,"fourth root",0.3,2,2,"B_n",0.9996,0.000199959995999189,9.3990301207677,20000,10000,TRUE
50,"fourth root",0.3,2,2,"P_n",0.9996,0.000199959995999189,9.33242179180288,20000,10000,TRUE
50,"fourth root",0.3,2,2,"Hoeffding",0.9994,0.000244875478560032,0.0210079244463743,20000,10000,TRUE
50,"fourth root",0.3,2,2,"dCov",0.9999,9.99949998749882e-05,0.328511996127522,5000,10000,FALSE
50,"fourth root",0.3,2,2,"HHG",0.9988,0.000346202253025595,3431.02306464747,5000,10000,FALSE
50,"fourth root",0.3,2,2,"Genest",0.9996,0.000199959995999189,0.0579027982222199,20000,10000,TRUE
50,"fourth root",0.3,2,2,"MIC",0.9688,0.00173857872988254,0.399387535914313,20000,10000,TRUE
50,"fourth root",0.3,2,2,"BET",0.8742,0.00331623823028443,18,20000,10000,TRUE
50,"fourth root",0.3,2,2,"BEAST",0.9632,0.00188270443777031,0.395809657003567,20000,10000,TRUE
50,"fourth root",0.3,2,2,"xi",0.9644,0.00185290690537868,0.171668667466987,20000,10000,TRUE
50,"fourth root",0.3,2,2,"HHG_fast",0.9999,9.99949998749882e-05,0.0650825501909782,20000,10000,TRUE
50,"fourth root",0.4,2,2,"B_n",0.986,0.00117490425141796,9.3990301207677,20000,10000,TRUE
50,"fourth root",0.4,2,2,"P_n",0.985,0.00121552457811432,9.33242179180288,20000,10000,TRUE
50,"fourth root",0.4,2,2,"Hoeffding",0.9901,0.000990049998737438,0.0210079244463743,20000,10000,TRUE
50,"fourth root",0.4,2,2,"dCov",0.9969,0.000555912762940373,0.324162255320036,5000,10000,FALSE
50,"fourth root",0.4,2,2,"HHG",0.9721,0.00164686338231196,3394.97804114133,5000,10000,FALSE
50,"fourth root",0.4,2,2,"Genest",0.9923,0.000874111548945559,0.0579027982222199,20000,10000,TRUE
50,"fourth root",0.4,2,2,"MIC",0.8158,0.00387647210747092,0.399387535914313,20000,10000,TRUE
50,"fourth root",0.4,2,2,"BET",0.6552,0.00475303019136214,18,20000,10000,TRUE
50,"fourth root",0.4,2,2,"BEAST",0.8143,0.00388864385101027,0.395809657003567,20000,10000,TRUE
50,"fourth root",0.4,2,2,"xi",0.8079,0.00393951253329647,0.171668667466987,20000,10000,TRUE
50,"fourth root",0.4,2,2,"HHG_fast",0.9919,0.000896347588829244,0.0650825501909782,20000,10000,TRUE
50,"fourth root",0.5,2,2,"B_n",0.9113,0.00284310235482298,9.3990301207677,20000,10000,TRUE
50,"fourth root",0.5,2,2,"P_n",0.9091,0.00287466850262774,9.33242179180288,20000,10000,TRUE
50,"fourth root",0.5,2,2,"Hoeffding",0.9396,0.00238226446894546,0.0210079244463743,20000,10000,TRUE
50,"fourth root",0.5,2,2,"dCov",0.9639,0.00186538977160271,0.327286256006988,5000,10000,FALSE
50,"fourth root",0.5,2,2,"HHG",0.8619,0.00345004913008496,3485.22063259294,5000,10000,FALSE
50,"fourth root",0.5,2,2,"Genest",0.9475,0.00223033069296909,0.0579027982222199,20000,10000,TRUE
50,"fourth root",0.5,2,2,"MIC",0.6206,0.00485237714939801,0.399387535914313,20000,10000,TRUE
50,"fourth root",0.5,2,2,"BET",0.4512,0.00497612861570117,18,20000,10000,TRUE
50,"fourth root",0.5,2,2,"BEAST",0.6161,0.00486334031299476,0.395809657003567,20000,10000,TRUE
50,"fourth root",0.5,2,2,"xi",0.5919,0.00491481830793367,0.171668667466987,20000,10000,TRUE
50,"fourth root",0.5,2,2,"HHG_fast",0.9437,0.00230500130151807,0.0650825501909782,20000,10000,TRUE
50,"fourth root",0.6,2,2,"B_n",0.789,0.00408018381938853,9.3990301207677,20000,10000,TRUE
50,"fourth root",0.6,2,2,"P_n",0.7858,0.00410266206261252,9.33242179180288,20000,10000,TRUE
50,"fourth root",0.6,2,2,"Hoeffding",0.8462,0.00360756926475432,0.0210079244463743,20000,10000,TRUE
50,"fourth root",0.6,2,2,"dCov",0.8862,0.00317568197400181,0.328445926824658,5000,10000,FALSE
50,"fourth root",0.6,2,2,"HHG",0.7318,0.00443022301921698,3442.46913538981,5000,10000,FALSE
50,"fourth root",0.6,2,2,"Genest",0.8605,0.00346467530946263,0.0579027982222199,20000,10000,TRUE
50,"fourth root",0.6,2,2,"MIC",0.4624,0.00498584235611195,0.399387535914313,20000,10000,TRUE
50,"fourth root",0.6,2,2,"BET",0.3207,0.00466745658790738,18,20000,10000,TRUE
50,"fourth root",0.6,2,2,"BEAST",0.458345834583458,0.00498261909545022,0.395809657003567,20000,10000,TRUE
50,"fourth root",0.6,2,2,"xi",0.4361,0.00495899979834644,0.171668667466987,20000,10000,TRUE
50,"fourth root",0.6,2,2,"HHG_fast",0.8543,0.00352805201208826,0.0650825501909782,20000,10000,TRUE
50,"fourth root",0.7,2,2,"B_n",0.6502,0.00476906657533736,9.3990301207677,20000,10000,TRUE
50,"fourth root",0.7,2,2,"P_n",0.6461,0.00478178617255101,9.33242179180288,20000,10000,TRUE
50,"fourth root",0.7,2,2,"Hoeffding",0.7442,0.00436309935710843,0.0210079244463743,20000,10000,TRUE
50,"fourth root",0.7,2,2,"dCov",0.7923,0.00405660831237131,0.330337273245101,5000,10000,FALSE
50,"fourth root",0.7,2,2,"HHG",0.5936,0.00491160910496754,3451.90429744785,5000,10000,FALSE
50,"fourth root",0.7,2,2,"Genest",0.7598,0.00427204822070163,0.0579027982222199,20000,10000,TRUE
50,"fourth root",0.7,2,2,"MIC",0.3519,0.00477562969669969,0.399387535914313,20000,10000,TRUE
50,"fourth root",0.7,2,2,"BET",0.2218,0.00415457290223676,18,20000,10000,TRUE
50,"fourth root",0.7,2,2,"BEAST",0.332333233323332,0.00471049737662799,0.395809657003567,20000,10000,TRUE
50,"fourth root",0.7,2,2,"xi",0.3136,0.00463955859969459,0.171668667466987,20000,10000,TRUE
50,"fourth root",0.7,2,2,"HHG_fast",0.7404,0.00438415145723776,0.0650825501909782,20000,10000,TRUE
50,"fourth root",0.8,2,2,"B_n",0.5289,0.00499164091256573,9.3990301207677,20000,10000,TRUE
50,"fourth root",0.8,2,2,"P_n",0.5254,0.00499354423230635,9.33242179180288,20000,10000,TRUE
50,"fourth root",0.8,2,2,"Hoeffding",0.6291,0.0048304574317553,0.0210079244463743,20000,10000,TRUE
50,"fourth root",0.8,2,2,"dCov",0.6934,0.00461081814865865,0.326888134500281,5000,10000,FALSE
50,"fourth root",0.8,2,2,"HHG",0.4862,0.00499809523718786,3420.32949523026,5000,10000,FALSE
50,"fourth root",0.8,2,2,"Genest",0.6511,0.00476622271825394,0.0579027982222199,20000,10000,TRUE
50,"fourth root",0.8,2,2,"MIC",0.2783,0.00448161923862347,0.399387535914313,20000,10000,TRUE
50,"fourth root",0.8,2,2,"BET",0.1723,0.00377640980297425,18,20000,10000,TRUE
50,"fourth root",0.8,2,2,"BEAST",0.268726872687269,0.00443297575656566,0.395809657003567,20000,10000,TRUE
50,"fourth root",0.8,2,2,"xi",0.2413,0.00427871838288056,0.171668667466987,20000,10000,TRUE
50,"fourth root",0.8,2,2,"HHG_fast",0.6263,0.00483785396637807,0.0650825501909782,20000,10000,TRUE
50,"fourth root",0.9,2,2,"B_n",0.4355,0.00495822296795939,9.3990301207677,20000,10000,TRUE
50,"fourth root",0.9,2,2,"P_n",0.4332,0.00495517668706172,9.33242179180288,20000,10000,TRUE
50,"fourth root",0.9,2,2,"Hoeffding",0.5428,0.00498164792011639,0.0210079244463743,20000,10000,TRUE
50,"fourth root",0.9,2,2,"dCov",0.5971,0.00490480978224436,0.328469220393511,5000,10000,FALSE
50,"fourth root",0.9,2,2,"HHG",0.3983,0.00489547862828549,3436.09658239684,5000,10000,FALSE
50,"fourth root",0.9,2,2,"Genest",0.5614,0.0049621571921897,0.0579027982222199,20000,10000,TRUE
50,"fourth root",0.9,2,2,"MIC",0.2246,0.0041731863126393,0.399387535914313,20000,10000,TRUE
50,"fourth root",0.9,2,2,"BET",0.1384,0.00345319330475431,18,20000,10000,TRUE
50,"fourth root",0.9,2,2,"BEAST",0.217143428685737,0.00412301055133672,0.395809657003567,20000,10000,TRUE
50,"fourth root",0.9,2,2,"xi",0.1978,0.00398340507606244,0.171668667466987,20000,10000,TRUE
50,"fourth root",0.9,2,2,"HHG_fast",0.533,0.00498909811489011,0.0650825501909782,20000,10000,TRUE
50,"fourth root",1,2,2,"B_n",0.3587,0.00479618921645091,9.3990301207677,20000,10000,TRUE
50,"fourth root",1,2,2,"P_n",0.3547,0.00478422313442841,9.33242179180288,20000,10000,TRUE
50,"fourth root",1,2,2,"Hoeffding",0.4541,0.00497888732549754,0.0210079244463743,20000,10000,TRUE
50,"fourth root",1,2,2,"dCov",0.4986,0.00499998039996158,0.329257711688149,5000,10000,FALSE
50,"fourth root",1,2,2,"HHG",0.3342,0.0047171003805304,3411.20652544447,5000,10000,FALSE
50,"fourth root",1,2,2,"Genest",0.4717,0.00499198467545725,0.0579027982222199,20000,10000,TRUE
50,"fourth root",1,2,2,"MIC",0.1886,0.00391190541807953,0.399387535914313,20000,10000,TRUE
50,"fourth root",1,2,2,"BET",0.1127,0.00316225726341169,18,20000,10000,TRUE
50,"fourth root",1,2,2,"BEAST",0.173934786957391,0.00379053395768298,0.395809657003567,20000,10000,TRUE
50,"fourth root",1,2,2,"xi",0.1669,0.00372886564520633,0.171668667466987,20000,10000,TRUE
50,"fourth root",1,2,2,"HHG_fast",0.445,0.0049696579359147,0.0650825501909782,20000,10000,TRUE
50,"fourth root",1.1,2,2,"B_n",0.3053,0.00460534374395658,9.3990301207677,20000,10000,TRUE
50,"fourth root",1.1,2,2,"P_n",0.3008,0.00458605887445855,9.33242179180288,20000,10000,TRUE
50,"fourth root",1.1,2,2,"Hoeffding",0.4005,0.00489999744897893,0.0210079244463743,20000,10000,TRUE
50,"fourth root",1.1,2,2,"dCov",0.431,0.00495216114438939,0.331622163317104,5000,10000,FALSE
50,"fourth root",1.1,2,2,"HHG",0.2691,0.00443492040514821,3473.51374782543,5000,10000,FALSE
50,"fourth root",1.1,2,2,"Genest",0.4138,0.00492513512504987,0.0579027982222199,20000,10000,TRUE
50,"fourth root",1.1,2,2,"MIC",0.1657,0.00371811121404403,0.399387535914313,20000,10000,TRUE
50,"fourth root",1.1,2,2,"BET",0.0984,0.00297854729692177,18,20000,10000,TRUE
50,"fourth root",1.1,2,2,"BEAST",0.147814781478148,0.00354916288517046,0.395809657003567,20000,10000,TRUE
50,"fourth root",1.1,2,2,"xi",0.1457,0.00352805201208826,0.171668667466987,20000,10000,TRUE
50,"fourth root",1.1,2,2,"HHG_fast",0.392,0.00488196681676555,0.0650825501909782,20000,10000,TRUE
50,"fourth root",1.2,2,2,"B_n",0.2518,0.00434046955985179,9.3990301207677,20000,10000,TRUE
50,"fourth root",1.2,2,2,"P_n",0.2481,0.00431910164270303,9.33242179180288,20000,10000,TRUE
50,"fourth root",1.2,2,2,"Hoeffding",0.3371,0.00472719356489662,0.0210079244463743,20000,10000,TRUE
50,"fourth root",1.2,2,2,"dCov",0.3801,0.00485411155619646,0.327148547105984,5000,10000,FALSE
50,"fourth root",1.2,2,2,"HHG",0.2441,0.00429552313461353,3409.83534845364,5000,10000,FALSE
50,"fourth root",1.2,2,2,"Genest",0.3482,0.00476399790092313,0.0579027982222199,20000,10000,TRUE
50,"fourth root",1.2,2,2,"MIC",0.1394,0.003463634507277,0.399387535914313,20000,10000,TRUE
50,"fourth root",1.2,2,2,"BET",0.0884,0.00283875747467092,18,20000,10000,TRUE
50,"fourth root",1.2,2,2,"BEAST",0.135967983991996,0.00342754564260125,0.395809657003567,20000,10000,TRUE
50,"fourth root",1.2,2,2,"xi",0.121,0.00326127275768219,0.171668667466987,20000,10000,TRUE
50,"fourth root",1.2,2,2,"HHG_fast",0.3272,0.00469190963254835,0.0650825501909782,20000,10000,TRUE
50,"fourth root",1.3,2,2,"B_n",0.2233,0.00416457812989503,9.3990301207677,20000,10000,TRUE
50,"fourth root",1.3,2,2,"P_n",0.2214,0.00415189161708251,9.33242179180288,20000,10000,TRUE
50,"fourth root",1.3,2,2,"Hoeffding",0.3035,0.00459769235595423,0.0210079244463743,20000,10000,TRUE
50,"fourth root",1.3,2,2,"dCov",0.3471,0.00476047886246751,0.325408674563956,5000,10000,FALSE
50,"fourth root",1.3,2,2,"HHG",0.2231,0.00416324861136108,3393.6305078737,5000,10000,FALSE
50,"fourth root",1.3,2,2,"Genest",0.3138,0.00464036162383925,0.0579027982222199,20000,10000,TRUE
50,"fourth root",1.3,2,2,"MIC",0.126,0.00331849363416596,0.399387535914313,20000,10000,TRUE
50,"fourth root",1.3,2,2,"BET",0.0781,0.00268328884021083,18,20000,10000,TRUE
50,"fourth root",1.3,2,2,"BEAST",0.122273364018411,0.00327601264451211,0.395809657003567,20000,10000,TRUE
50,"fourth root",1.3,2,2,"xi",0.1085,0.00311010851900701,0.171668667466987,20000,10000,TRUE
50,"fourth root",1.3,2,2,"HHG_fast",0.2913,0.00454361431021604,0.0650825501909782,20000,10000,TRUE
50,"fourth root",1.4,2,2,"B_n",0.1908,0.00392931749798868,9.3990301207677,20000,10000,TRUE
50,"fourth root",1.4,2,2,"P_n",0.1887,0.00391270124083094,9.33242179180288,20000,10000,TRUE
50,"fourth root",1.4,2,2,"Hoeffding",0.2678,0.00442812782110002,0.0210079244463743,20000,10000,TRUE
50,"fourth root",1.4,2,2,"dCov",0.2971,0.00456980951462969,0.328674236945541,5000,10000,FALSE
50,"fourth root",1.4,2,2,"HHG",0.1788,0.00383184759613427,3459.96353665989,5000,10000,FALSE
50,"fourth root",1.4,2,2,"Genest",0.2786,0.00448310205103564,0.0579027982222199,20000,10000,TRUE
50,"fourth root",1.4,2,2,"MIC",0.1114,0.00314626826573959,0.399387535914313,20000,10000,TRUE
50,"fourth root",1.4,2,2,"BET",0.0679,0.00251574223639863,18,20000,10000,TRUE
50,"fourth root",1.4,2,2,"BEAST",0.106385108086469,0.00308329883183417,0.395809657003567,20000,10000,TRUE
50,"fourth root",1.4,2,2,"xi",0.1018,0.00302385118681459,0.171668667466987,20000,10000,TRUE
50,"fourth root",1.4,2,2,"HHG_fast",0.2551,0.00435917411902759,0.0650825501909782,20000,10000,TRUE
50,"fourth root",1.5,2,2,"B_n",0.1771,0.0038175331039822,9.3990301207677,20000,10000,TRUE
50,"fourth root",1.5,2,2,"P_n",0.1746,0.00379624604049843,9.33242179180288,20000,10000,TRUE
50,"fourth root",1.5,2,2,"Hoeffding",0.2373,0.00425427678930274,0.0210079244463743,20000,10000,TRUE
50,"fourth root",1.5,2,2,"dCov",0.261,0.00439179917573652,0.328976535436341,5000,10000,FALSE
50,"fourth root",1.5,2,2,"HHG",0.1701,0.00375720627594493,3420.86776351065,5000,10000,FALSE
50,"fourth root",1.5,2,2,"Genest",0.2459,0.00430619542055397,0.0579027982222199,20000,10000,TRUE
50,"fourth root",1.5,2,2,"MIC",0.105,0.00306553421119387,0.399387535914313,20000,10000,TRUE
50,"fourth root",1.5,2,2,"BET",0.0639,0.00244574712511331,18,20000,10000,TRUE
50,"fourth root",1.5,2,2,"BEAST",0.105126151381658,0.00306715900594245,0.395809657003567,20000,10000,TRUE
50,"fourth root",1.5,2,2,"xi",0.0938,0.00291550270107918,0.171668667466987,20000,10000,TRUE
50,"fourth root",1.5,2,2,"HHG_fast",0.2227,0.0041605854155395,0.0650825501909782,20000,10000,TRUE
50,"fourth root",1.6,2,2,"B_n",0.1603,0.00366884055254518,9.3990301207677,20000,10000,TRUE
50,"fourth root",1.6,2,2,"P_n",0.1591,0.0036576931254549,9.33242179180288,20000,10000,TRUE
50,"fourth root",1.6,2,2,"Hoeffding",0.2139,0.00410057057005486,0.0210079244463743,20000,10000,TRUE
50,"fourth root",1.6,2,2,"dCov",0.2148,0.00410683527792387,0.335999151271656,5000,10000,FALSE
50,"fourth root",1.6,2,2,"HHG",0.1407,0.00347711820334023,3502.55676544235,5000,10000,FALSE
50,"fourth root",1.6,2,2,"Genest",0.2238,0.00416789587201984,0.0579027982222199,20000,10000,TRUE
50,"fourth root",1.6,2,2,"MIC",0.104,0.00305260544453423,0.399387535914313,20000,10000,TRUE
50,"fourth root",1.6,2,2,"BET",0.0614,0.00240062575175724,18,20000,10000,TRUE
50,"fourth root",1.6,2,2,"BEAST",0.0954763811048839,0.00293871811775132,0.395809657003567,20000,10000,TRUE
50,"fourth root",1.6,2,2,"xi",0.0907,0.00287182015453614,0.171668667466987,20000,10000,TRUE
50,"fourth root",1.6,2,2,"HHG_fast",0.2055,0.0040406651680138,0.0650825501909782,20000,10000,TRUE
50,"fourth root",1.7,2,2,"B_n",0.1413,0.00348330747996785,9.3990301207677,20000,10000,TRUE
50,"fourth root",1.7,2,2,"P_n",0.1401,0.0034709075182148,9.33242179180288,20000,10000,TRUE
50,"fourth root",1.7,2,2,"Hoeffding",0.1866,0.00389590092276485,0.0210079244463743,20000,10000,TRUE
50,"fourth root",1.7,2,2,"dCov",0.2047,0.00403482230091983,0.33001489793974,5000,10000,FALSE
50,"fourth root",1.7,2,2,"HHG",0.1341,0.00340759724732839,3452.53786549897,5000,10000,FALSE
50,"fourth root",1.7,2,2,"Genest",0.1967,0.00397503597467998,0.0579027982222199,20000,10000,TRUE
50,"fourth root",1.7,2,2,"MIC",0.0885,0.00284020685866364,0.399387535914313,20000,10000,TRUE
50,"fourth root",1.7,2,2,"BET",0.054,0.00226017698422048,18,20000,10000,TRUE
50,"fourth root",1.7,2,2,"BEAST",0.0862862862862863,0.00280786329947181,0.395809657003567,20000,10000,TRUE
50,"fourth root",1.7,2,2,"xi",0.0796,0.00270672939171983,0.171668667466987,20000,10000,TRUE
50,"fourth root",1.7,2,2,"HHG_fast",0.1817,0.00385597082457842,0.0650825501909782,20000,10000,TRUE
50,"fourth root",1.8,2,2,"B_n",0.1392,0.00346155109741283,9.3990301207677,20000,10000,TRUE
50,"fourth root",1.8,2,2,"P_n",0.1375,0.00344374432848898,9.33242179180288,20000,10000,TRUE
50,"fourth root",1.8,2,2,"Hoeffding",0.185,0.00388297566307078,0.0210079244463743,20000,10000,TRUE
50,"fourth root",1.8,2,2,"dCov",0.2087,0.00406379514739609,0.326908240126367,5000,10000,FALSE
50,"fourth root",1.8,2,2,"HHG",0.1441,0.00351191101823494,3370.59127162782,5000,10000,FALSE
50,"fourth root",1.8,2,2,"Genest",0.1918,0.00393716598583296,0.0579027982222199,20000,10000,TRUE
50,"fourth root",1.8,2,2,"MIC",0.0867,0.0028139493598855,0.399387535914313,20000,10000,TRUE
50,"fourth root",1.8,2,2,"BET",0.0524,0.00222832313635164,18,20000,10000,TRUE
50,"fourth root",1.8,2,2,"BEAST",0.0834167834968957,0.00276511163839596,0.395809657003567,20000,10000,TRUE
50,"fourth root",1.8,2,2,"xi",0.0789,0.00269582621843471,0.171668667466987,20000,10000,TRUE
50,"fourth root",1.8,2,2,"HHG_fast",0.1773,0.00381922387403514,0.0650825501909782,20000,10000,TRUE
50,"fourth root",1.9,2,2,"B_n",0.1241,0.00329695602033148,9.3990301207677,20000,10000,TRUE
50,"fourth root",1.9,2,2,"P_n",0.1213,0.00326475588673947,9.33242179180288,20000,10000,TRUE
50,"fourth root",1.9,2,2,"Hoeffding",0.1639,0.00370184805198701,0.0210079244463743,20000,10000,TRUE
50,"fourth root",1.9,2,2,"dCov",0.1615,0.00367991508054194,0.334921918452505,5000,10000,FALSE
50,"fourth root",1.9,2,2,"HHG",0.1098,0.00312640304503434,3491.95613383776,5000,10000,FALSE
50,"fourth root",1.9,2,2,"Genest",0.166,0.00372080636421731,0.0579027982222199,20000,10000,TRUE
50,"fourth root",1.9,2,2,"MIC",0.0905,0.0028689675843411,0.399387535914313,20000,10000,TRUE
50,"fourth root",1.9,2,2,"BET",0.0497,0.00217324434889407,18,20000,10000,TRUE
50,"fourth root",1.9,2,2,"BEAST",0.0790790790790791,0.00269862146902977,0.395809657003567,20000,10000,TRUE
50,"fourth root",1.9,2,2,"xi",0.0761,0.00265158047209584,0.171668667466987,20000,10000,TRUE
50,"fourth root",1.9,2,2,"HHG_fast",0.1553,0.00362190433335835,0.0650825501909782,20000,10000,TRUE
50,"fourth root",2,2,2,"B_n",0.1077,0.00310001145159175,9.3990301207677,20000,10000,TRUE
50,"fourth root",2,2,2,"P_n",0.1059,0.00307709587110964,9.33242179180288,20000,10000,TRUE
50,"fourth root",2,2,2,"Hoeffding",0.1511,0.00358146324845028,0.0210079244463743,20000,10000,TRUE
50,"fourth root",2,2,2,"dCov",0.1678,0.00373688586927672,0.327519903323694,5000,10000,FALSE
50,"fourth root",2,2,2,"HHG",0.102,0.00302648310750283,3469.52901303537,5000,10000,FALSE
50,"fourth root",2,2,2,"Genest",0.1545,0.00361427378597693,0.0579027982222199,20000,10000,TRUE
50,"fourth root",2,2,2,"MIC",0.0746,0.00262744819168714,0.399387535914313,20000,10000,TRUE
50,"fourth root",2,2,2,"BET",0.0485,0.00214820273717357,18,20000,10000,TRUE
50,"fourth root",2,2,2,"BEAST",0.0789868855741315,0.00269718292819435,0.395809657003567,20000,10000,TRUE
50,"fourth root",2,2,2,"xi",0.0686,0.00252772704222588,0.171668667466987,20000,10000,TRUE
50,"fourth root",2,2,2,"HHG_fast",0.1427,0.00349766650783061,0.0650825501909782,20000,10000,TRUE
50,"circle",0.1,2,2,"B_n",1,0,9.3990301207677,20000,10000,TRUE
50,"circle",0.1,2,2,"P_n",1,0,9.33242179180288,20000,10000,TRUE
50,"circle",0.1,2,2,"Hoeffding",0.9756,0.00154287523798912,0.0210079244463743,20000,10000,TRUE
50,"circle",0.1,2,2,"dCov",0.0858,0.00280068491623031,0.303507199543994,5000,10000,FALSE
50,"circle",0.1,2,2,"HHG",1,0,3575.81643648817,5000,10000,FALSE
50,"circle",0.1,2,2,"Genest",0.2144,0.00410405458053374,0.0579027982222199,20000,10000,TRUE
50,"circle",0.1,2,2,"MIC",0.9357,0.00245286587484926,0.399387535914313,20000,10000,TRUE
50,"circle",0.1,2,2,"BET",0.0149,0.0012115275481804,18,20000,10000,TRUE
50,"circle",0.1,2,2,"BEAST",0.9998,0.0001414072133945,0.395809657003567,20000,10000,TRUE
50,"circle",0.1,2,2,"xi",0.6548,0.00475433444343159,0.171668667466987,20000,10000,TRUE
50,"circle",0.1,2,2,"HHG_fast",1,0,0.0650825501909782,20000,10000,TRUE
50,"circle",0.2,2,2,"B_n",1,0,9.3990301207677,20000,10000,TRUE
50,"circle",0.2,2,2,"P_n",1,0,9.33242179180288,20000,10000,TRUE
50,"circle",0.2,2,2,"Hoeffding",0.5697,0.00495118076826124,0.0210079244463743,20000,10000,TRUE
50,"circle",0.2,2,2,"dCov",0.0676,0.00251058240255125,0.31320839155153,5000,10000,FALSE
50,"circle",0.2,2,2,"HHG",0.9767,0.00150854598869242,3655.50023652548,5000,10000,FALSE
50,"circle",0.2,2,2,"Genest",0.1388,0.00345737704047447,0.0579027982222199,20000,10000,TRUE
50,"circle",0.2,2,2,"MIC",0.623,0.00484634914136404,0.399387535914313,20000,10000,TRUE
50,"circle",0.2,2,2,"BET",0.0192,0.00137227402511306,18,20000,10000,TRUE
50,"circle",0.2,2,2,"BEAST",0.9823,0.00131858674344921,0.395809657003567,20000,10000,TRUE
50,"circle",0.2,2,2,"xi",0.4806,0.0049962349824643,0.171668667466987,20000,10000,TRUE
50,"circle",0.2,2,2,"HHG_fast",0.9968,0.000564779603031128,0.0650825501909782,20000,10000,TRUE
50,"circle",0.3,2,2,"B_n",0.9986,0.000373903730925483,9.3990301207677,20000,10000,TRUE
50,"circle",0.3,2,2,"P_n",0.9986,0.000373903730925483,9.33242179180288,20000,10000,TRUE
50,"circle",0.3,2,2,"Hoeffding",0.2175,0.00412545452041348,0.0210079244463743,20000,10000,TRUE
50,"circle",0.3,2,2,"dCov",0.0672,0.0025036804907975,0.311049846814224,5000,10000,FALSE
50,"circle",0.3,2,2,"HHG",0.8367,0.00369639161886291,3597.79748330079,5000,10000,FALSE
50,"circle",0.3,2,2,"Genest",0.086,0.00280364049050516,0.0579027982222199,20000,10000,TRUE
50,"circle",0.3,2,2,"MIC",0.34,0.0047370877129308,0.399387535914313,20000,10000,TRUE
50,"circle",0.3,2,2,"BET",0.0289,0.001675254905977,18,20000,10000,TRUE
50,"circle",0.3,2,2,"BEAST",0.8936,0.00308348893301079,0.395809657003567,20000,10000,TRUE
50,"circle",0.3,2,2,"xi",0.3517,0.00477500900522711,0.171668667466987,20000,10000,TRUE
50,"circle",0.3,2,2,"HHG_fast",0.9366,0.00243681021009023,0.0650825501909782,20000,10000,TRUE
50,"circle",0.4,2,2,"B_n",0.9843,0.00124312147435398,9.3990301207677,20000,10000,TRUE
50,"circle",0.4,2,2,"P_n",0.983,0.00129271033104869,9.33242179180288,20000,10000,TRUE
50,"circle",0.4,2,2,"Hoeffding",0.1042,0.00305519819324377,0.0210079244463743,20000,10000,TRUE
50,"circle",0.4,2,2,"dCov",0.0604,0.00238226446894546,0.312523972453117,5000,10000,FALSE
50,"circle",0.4,2,2,"HHG",0.6154,0.00486500606371667,3590.00243201076,5000,10000,FALSE
50,"circle",0.4,2,2,"Genest",0.0685,0.00252601959612351,0.0579027982222199,20000,10000,TRUE
50,"circle",0.4,2,2,"MIC",0.1907,0.00392853038679861,0.399387535914313,20000,10000,TRUE
50,"circle",0.4,2,2,"BET",0.0364,0.0018728331479339,18,20000,10000,TRUE
50,"circle",0.4,2,2,"BEAST",0.7455,0.00435579786032364,0.395809657003567,20000,10000,TRUE
50,"circle",0.4,2,2,"xi",0.2538,0.00435184512592073,0.171668667466987,20000,10000,TRUE
50,"circle",0.4,2,2,"HHG_fast",0.7621,0.00425797592759752,0.0650825501909782,20000,10000,TRUE
50,"circle",0.5,2,2,"B_n",0.9347,0.00247054467678688,9.3990301207677,20000,10000,TRUE
50,"circle",0.5,2,2,"P_n",0.9308,0.00253793932157568,9.33242179180288,20000,10000,TRUE
50,"circle",0.5,2,2,"Hoeffding",0.0578,0.00233364864536202,0.0210079244463743,20000,10000,TRUE
50,"circle",0.5,2,2,"dCov",0.0554,0.00228759349535707,0.314872246072399,5000,10000,FALSE
50,"circle",0.5,2,2,"HHG",0.446,0.0049707544698969,3564.92037508738,5000,10000,FALSE
50,"circle",0.5,2,2,"Genest",0.0549,0.00227784964385273,0.0579027982222199,20000,10000,TRUE
50,"circle",0.5,2,2,"MIC",0.1345,0.00341188730763488,0.399387535914313,20000,10000,TRUE
50,"circle",0.5,2,2,"BET",0.035,0.00183779759494891,18,20000,10000,TRUE
50,"circle",0.5,2,2,"BEAST",0.5835,0.0049297844780477,0.395809657003567,20000,10000,TRUE
50,"circle",0.5,2,2,"xi",0.1889,0.00391429163451064,0.171668667466987,20000,10000,TRUE
50,"circle",0.5,2,2,"HHG_fast",0.5417,0.00498258075699732,0.0650825501909782,20000,10000,TRUE
50,"circle",0.6,2,2,"B_n",0.833,0.00372975870533202,9.3990301207677,20000,10000,TRUE
50,"circle",0.6,2,2,"P_n",0.8262,0.00378937409079653,9.33242179180288,20000,10000,TRUE
50,"circle",0.6,2,2,"Hoeffding",0.0393,0.00194307771331977,0.0210079244463743,20000,10000,TRUE
50,"circle",0.6,2,2,"dCov",0.0525,0.00223033069296909,0.317472028429677,5000,10000,FALSE
50,"circle",0.6,2,2,"HHG",0.3122,0.00463390936467255,3596.33658603222,5000,10000,FALSE
50,"circle",0.6,2,2,"Genest",0.0505,0.00218974313562116,0.0579027982222199,20000,10000,TRUE
50,"circle",0.6,2,2,"MIC",0.0961,0.00294728332536931,0.399387535914313,20000,10000,TRUE
50,"circle",0.6,2,2,"BET",0.0331,0.00178897708202201,18,20000,10000,TRUE
50,"circle",0.6,2,2,"BEAST",0.4464,0.00497118738331196,0.395809657003567,20000,10000,TRUE
50,"circle",0.6,2,2,"xi",0.1479,0.00355000830984943,0.171668667466987,20000,10000,TRUE
50,"circle",0.6,2,2,"HHG_fast",0.3676,0.0048215167737964,0.0650825501909782,20000,10000,TRUE
50,"circle",0.7,2,2,"B_n",0.6992,0.00458605887445855,9.3990301207677,20000,10000,TRUE
50,"circle",0.7,2,2,"P_n",0.6906,0.00462246297984094,9.33242179180288,20000,10000,TRUE
50,"circle",0.7,2,2,"Hoeffding",0.0344,0.0018225432779498,0.0210079244463743,20000,10000,TRUE
50,"circle",0.7,2,2,"dCov",0.0498,0.00217531514958178,0.317072519604483,5000,10000,FALSE
50,"circle",0.7,2,2,"HHG",0.2381,0.00425920638147531,3576.45257099898,5000,10000,FALSE
50,"circle",0.7,2,2,"Genest",0.0449,0.0020708449966137,0.0579027982222199,20000,10000,TRUE
50,"circle",0.7,2,2,"MIC",0.0787,0.00269269957477621,0.399387535914313,20000,10000,TRUE
50,"circle",0.7,2,2,"BET",0.0385,0.00192399974012472,18,20000,10000,TRUE
50,"circle",0.7,2,2,"BEAST",0.33963396339634,0.00473584981079461,0.395809657003567,20000,10000,TRUE
50,"circle",0.7,2,2,"xi",0.1152,0.00319263151647665,0.171668667466987,20000,10000,TRUE
50,"circle",0.7,2,2,"HHG_fast",0.2555,0.00436141892048906,0.0650825501909782,20000,10000,TRUE
50,"circle",0.8,2,2,"B_n",0.5774,0.00493972914237208,9.3990301207677,20000,10000,TRUE
50,"circle",0.8,2,2,"P_n",0.568,0.00495354418573207,9.33242179180288,20000,10000,TRUE
50,"circle",0.8,2,2,"Hoeffding",0.0312,0.00173857872988254,0.0210079244463743,20000,10000,TRUE
50,"circle",0.8,2,2,"dCov",0.0366,0.00187777634450964,0.326516654402226,5000,10000,FALSE
50,"circle",0.8,2,2,"HHG",0.1697,0.00375369031754086,3624.08437295351,5000,10000,FALSE
50,"circle",0.8,2,2,"Genest",0.0442,0.00205539193342778,0.0579027982222199,20000,10000,TRUE
50,"circle",0.8,2,2,"MIC",0.0715,0.0025765820382825,0.399387535914313,20000,10000,TRUE
50,"circle",0.8,2,2,"BET",0.0323,0.00176795673023974,18,20000,10000,TRUE
50,"circle",0.8,2,2,"BEAST",0.274754950990198,0.00446390712153123,0.395809657003567,20000,10000,TRUE
50,"circle",0.8,2,2,"xi",0.103,0.00303958878797774,0.171668667466987,20000,10000,TRUE
50,"circle",0.8,2,2,"HHG_fast",0.1832,0.00386830402114415,0.0650825501909782,20000,10000,TRUE
50,"circle",0.9,2,2,"B_n",0.4589,0.00498307926888586,9.3990301207677,20000,10000,TRUE
50,"circle",0.9,2,2,"P_n",0.4492,0.00497412665701226,9.33242179180288,20000,10000,TRUE
50,"circle",0.9,2,2,"Hoeffding",0.0304,0.00171685293487823,0.0210079244463743,20000,10000,TRUE
50,"circle",0.9,2,2,"dCov",0.0363,0.00187035584849515,0.329237834659886,5000,10000,FALSE
50,"circle",0.9,2,2,"HHG",0.1568,0.00363612101008754,3529.35371924007,5000,10000,FALSE
50,"circle",0.9,2,2,"Genest",0.041,0.00198290191386261,0.0579027982222199,20000,10000,TRUE
50,"circle",0.9,2,2,"MIC",0.064,0.00244752936652454,0.399387535914313,20000,10000,TRUE
50,"circle",0.9,2,2,"BET",0.0306,0.00172231356030196,18,20000,10000,TRUE
50,"circle",0.9,2,2,"BEAST",0.213370696557246,0.00409687249506159,0.395809657003567,20000,10000,TRUE
50,"circle",0.9,2,2,"xi",0.0897,0.00285751482935785,0.171668667466987,20000,10000,TRUE
50,"circle",0.9,2,2,"HHG_fast",0.1404,0.00347401554400668,0.0650825501909782,20000,10000,TRUE
50,"circle",1,2,2,"B_n",0.3564,0.00478935319223797,9.3990301207677,20000,10000,TRUE
50,"circle",1,2,2,"P_n",0.3492,0.00476717274702732,9.33242179180288,20000,10000,TRUE
50,"circle",1,2,2,"Hoeffding",0.0314,0.00174396215555269,0.0210079244463743,20000,10000,TRUE
50,"circle",1,2,2,"dCov",0.0455,0.0020839805661282,0.32071808998155,5000,10000,FALSE
50,"circle",1,2,2,"HHG",0.137,0.00343847349851646,3499.05171429997,5000,10000,FALSE
50,"circle",1,2,2,"Genest",0.0409,0.0019805855194866,0.0579027982222199,20000,10000,TRUE
50,"circle",1,2,2,"MIC",0.0648,0.00246172622360814,0.399387535914313,20000,10000,TRUE
50,"circle",1,2,2,"BET",0.0312,0.00173857872988254,18,20000,10000,TRUE
50,"circle",1,2,2,"BEAST",0.175287643821911,0.00380212947892722,0.395809657003567,20000,10000,TRUE
50,"circle",1,2,2,"xi",0.0792,0.00270050661913649,0.171668667466987,20000,10000,TRUE
50,"circle",1,2,2,"HHG_fast",0.1108,0.00313884309897771,0.0650825501909782,20000,10000,TRUE
50,"circle",1.1,2,2,"B_n",0.2783,0.00448161923862347,9.3990301207677,20000,10000,TRUE
50,"circle",1.1,2,2,"P_n",0.2717,0.00444836048449314,9.33242179180288,20000,10000,TRUE
50,"circle",1.1,2,2,"Hoeffding",0.0331,0.00178897708202201,0.0210079244463743,20000,10000,TRUE
50,"circle",1.1,2,2,"dCov",0.0383,0.00191919540432964,0.328336396863485,5000,10000,FALSE
50,"circle",1.1,2,2,"HHG",0.1083,0.00310758925857328,3504.18155032047,5000,10000,FALSE
50,"circle",1.1,2,2,"Genest",0.0429,0.00202631660902239,0.0579027982222199,20000,10000,TRUE
50,"circle",1.1,2,2,"MIC",0.0576,0.00232985493110623,0.399387535914313,20000,10000,TRUE
50,"circle",1.1,2,2,"BET",0.0283,0.00165828556045091,18,20000,10000,TRUE
50,"circle",1.1,2,2,"BEAST",0.140628125625125,0.00347637535240786,0.395809657003567,20000,10000,TRUE
50,"circle",1.1,2,2,"xi",0.0741,0.00261933560278174,0.171668667466987,20000,10000,TRUE
50,"circle",1.1,2,2,"HHG_fast",0.0927,0.00290011568734766,0.0650825501909782,20000,10000,TRUE
50,"circle",1.2,2,2,"B_n",0.2198,0.0041411104790865,9.3990301207677,20000,10000,TRUE
50,"circle",1.2,2,2,"P_n",0.2159,0.00411445245445855,9.33242179180288,20000,10000,TRUE
50,"circle",1.2,2,2,"Hoeffding",0.0269,0.00161791192590944,0.0210079244463743,20000,10000,TRUE
50,"circle",1.2,2,2,"dCov",0.0384,0.00192159933388831,0.324359575240016,5000,10000,FALSE
50,"circle",1.2,2,2,"HHG",0.092,0.00289025950392002,3479.09181815365,5000,10000,FALSE
50,"circle",1.2,2,2,"Genest",0.0351,0.00184032578637588,0.0579027982222199,20000,10000,TRUE
50,"circle",1.2,2,2,"MIC",0.0603,0.00238041824056194,0.399387535914313,20000,10000,TRUE
50,"circle",1.2,2,2,"BET",0.0316,0.0017493267276298,18,20000,10000,TRUE
50,"circle",1.2,2,2,"BEAST",0.131391974382067,0.00337828541497088,0.395809657003567,20000,10000,TRUE
50,"circle",1.2,2,2,"xi",0.0686,0.00252772704222588,0.171668667466987,20000,10000,TRUE
50,"circle",1.2,2,2,"HHG_fast",0.0736,0.00261118823526761,0.0650825501909782,20000,10000,TRUE
50,"circle",1.3,2,2,"B_n",0.1781,0.00382596902757981,9.3990301207677,20000,10000,TRUE
50,"circle",1.3,2,2,"P_n",0.176,0.00380820167533181,9.33242179180288,20000,10000,TRUE
50,"circle",1.3,2,2,"Hoeffding",0.0297,0.00169758387127117,0.0210079244463743,20000,10000,TRUE
50,"circle",1.3,2,2,"dCov",0.0406,0.00197361698411825,0.324435584260158,5000,10000,FALSE
50,"circle",1.3,2,2,"HHG",0.0861,0.00280511657511769,3465.68148410603,5000,10000,FALSE
50,"circle",1.3,2,2,"Genest",0.0391,0.00193832891945614,0.0579027982222199,20000,10000,TRUE
50,"circle",1.3,2,2,"MIC",0.055,0.0022798026230356,0.399387535914313,20000,10000,TRUE
50,"circle",1.3,2,2,"BET",0.0292,0.00168366742559212,18,20000,10000,TRUE
50,"circle",1.3,2,2,"BEAST",0.106463878326996,0.00308430415067274,0.395809657003567,20000,10000,TRUE
50,"circle",1.3,2,2,"xi",0.06,0.00237486841740758,0.171668667466987,20000,10000,TRUE
50,"circle",1.3,2,2,"HHG_fast",0.0671,0.00250195103868961,0.0650825501909782,20000,10000,TRUE
50,"circle",1.4,2,2,"B_n",0.1463,0.00353406720366209,9.3990301207677,20000,10000,TRUE
50,"circle",1.4,2,2,"P_n",0.1452,0.00352302370131113,9.33242179180288,20000,10000,TRUE
50,"circle",1.4,2,2,"Hoeffding",0.0305,0.00171958570591872,0.0210079244463743,20000,10000,TRUE
50,"circle",1.4,2,2,"dCov",0.0432,0.00203307058411655,0.322008327750848,5000,10000,FALSE
50,"circle",1.4,2,2,"HHG",0.0813,0.00273295279871424,3464.61715526745,5000,10000,FALSE
50,"circle",1.4,2,2,"Genest",0.0382,0.00191678793819243,0.0579027982222199,20000,10000,TRUE
50,"circle",1.4,2,2,"MIC",0.0559,0.00229728513685176,0.399387535914313,20000,10000,TRUE
50,"circle",1.4,2,2,"BET",0.0292,0.00168366742559212,18,20000,10000,TRUE
50,"circle",1.4,2,2,"BEAST",0.097619523904781,0.0029679951559493,0.395809657003567,20000,10000,TRUE
50,"circle",1.4,2,2,"xi",0.0601,0.00237672021912551,0.171668667466987,20000,10000,TRUE
50,"circle",1.4,2,2,"HHG_fast",0.064,0.00244752936652454,0.0650825501909782,20000,10000,TRUE
50,"circle",1.5,2,2,"B_n",0.1219,0.00327170276767313,9.3990301207677,20000,10000,TRUE
50,"circle",1.5,2,2,"P_n",0.1204,0.00325428701868781,9.33242179180288,20000,10000,TRUE
50,"circle",1.5,2,2,"Hoeffding",0.0346,0.00182764438554113,0.0210079244463743,20000,10000,TRUE
50,"circle",1.5,2,2,"dCov",0.0399,0.0019572427033968,0.328158424599205,5000,10000,FALSE
50,"circle",1.5,2,2,"HHG",0.0685,0.00252601959612351,3444.94040517889,5000,10000,FALSE
50,"circle",1.5,2,2,"Genest",0.041,0.00198290191386261,0.0579027982222199,20000,10000,TRUE
50,"circle",1.5,2,2,"MIC",0.0518,0.00221623013245466,0.399387535914313,20000,10000,TRUE
50,"circle",1.5,2,2,"BET",0.0303,0.00171411522366497,18,20000,10000,TRUE
50,"circle",1.5,2,2,"BEAST",0.0865605924146903,0.00281190071402794,0.395809657003567,20000,10000,TRUE
50,"circle",1.5,2,2,"xi",0.0567,0.00231268480342653,0.171668667466987,20000,10000,TRUE
50,"circle",1.5,2,2,"HHG_fast",0.0556,0.00229147637997864,0.0650825501909782,20000,10000,TRUE
50,"circle",1.6,2,2,"B_n",0.1012,0.00301593368627362,9.3990301207677,20000,10000,TRUE
50,"circle",1.6,2,2,"P_n",0.1011,0.00301461092016864,9.33242179180288,20000,10000,TRUE
50,"circle",1.6,2,2,"Hoeffding",0.0342,0.00181742565184934,0.0210079244463743,20000,10000,TRUE
50,"circle",1.6,2,2,"dCov",0.0411,0.00198521510169553,0.326074673343751,5000,10000,FALSE
50,"circle",1.6,2,2,"HHG",0.0602,0.00237857015872982,3493.6166152432,5000,10000,FALSE
50,"circle",1.6,2,2,"Genest",0.0406,0.00197361698411825,0.0579027982222199,20000,10000,TRUE
50,"circle",1.6,2,2,"MIC",0.053,0.00224033479640879,0.399387535914313,20000,10000,TRUE
50,"circle",1.6,2,2,"BET",0.0282,0.00165543831053893,18,20000,10000,TRUE
50,"circle",1.6,2,2,"BEAST",0.0778856742416658,0.00267991596863758,0.395809657003567,20000,10000,TRUE
50,"circle",1.6,2,2,"xi",0.0534,0.0022482980229498,0.171668667466987,20000,10000,TRUE
50,"circle",1.6,2,2,"HHG_fast",0.0532,0.00224432083267968,0.0650825501909782,20000,10000,TRUE
50,"circle",1.7,2,2,"B_n",0.0888,0.00284454847032003,9.3990301207677,20000,10000,TRUE
50,"circle",1.7,2,2,"P_n",0.0879,0.00283149412854768,9.33242179180288,20000,10000,TRUE
50,"circle",1.7,2,2,"Hoeffding",0.0376,0.00190226811990319,0.0210079244463743,20000,10000,TRUE
50,"circle",1.7,2,2,"dCov",0.0442,0.00205539193342778,0.32530956697943,5000,10000,FALSE
50,"circle",1.7,2,2,"HHG",0.0615,0.00240245187256686,3438.86690099797,5000,10000,FALSE
50,"circle",1.7,2,2,"Genest",0.0421,0.00200817305031215,0.0579027982222199,20000,10000,TRUE
50,"circle",1.7,2,2,"MIC",0.0554,0.00228759349535707,0.399387535914313,20000,10000,TRUE
50,"circle",1.7,2,2,"BET",0.0271,0.0016237484411078,18,20000,10000,TRUE
50,"circle",1.7,2,2,"BEAST",0.0741815997597357,0.0026206619396027,0.395809657003567,20000,10000,TRUE
50,"circle",1.7,2,2,"xi",0.0532,0.00224432083267968,0.171668667466987,20000,10000,TRUE
50,"circle",1.7,2,2,"HHG_fast",0.0529,0.00223833844625874,0.0650825501909782,20000,10000,TRUE
50,"circle",1.8,2,2,"B_n",0.0753,0.00263874799857811,9.3990301207677,20000,10000,TRUE
50,"circle",1.8,2,2,"P_n",0.074,0.00261770892193918,9.33242179180288,20000,10000,TRUE
50,"circle",1.8,2,2,"Hoeffding",0.034,0.00181229136730273,0.0210079244463743,20000,10000,TRUE
50,"circle",1.8,2,2,"dCov",0.0432,0.00203307058411655,0.326903258360877,5000,10000,FALSE
50,"circle",1.8,2,2,"HHG",0.0525,0.00223033069296909,3478.20053751301,5000,10000,FALSE
50,"circle",1.8,2,2,"Genest",0.0421,0.00200817305031215,0.0579027982222199,20000,10000,TRUE
50,"circle",1.8,2,2,"MIC",0.0533,0.00224631053062572,0.399387535914313,20000,10000,TRUE
50,"circle",1.8,2,2,"BET",0.0276,0.00163823807793617,18,20000,10000,TRUE
50,"circle",1.8,2,2,"BEAST",0.0695835002002403,0.00254443779055656,0.395809657003567,20000,10000,TRUE
50,"circle",1.8,2,2,"xi",0.0521,0.00222228688517032,0.171668667466987,20000,10000,TRUE
50,"circle",1.8,2,2,"HHG_fast",0.05,0.00217944947177034,0.0650825501909782,20000,10000,TRUE
50,"circle",1.9,2,2,"B_n",0.0717,0.0025799052308176,9.3990301207677,20000,10000,TRUE
50,"circle",1.9,2,2,"P_n",0.0705,0.00255987792677698,9.33242179180288,20000,10000,TRUE
50,"circle",1.9,2,2,"Hoeffding",0.0372,0.00189251578593152,0.0210079244463743,20000,10000,TRUE
50,"circle",1.9,2,2,"dCov",0.04,0.00195959179422654,0.329393658803421,5000,10000,FALSE
50,"circle",1.9,2,2,"HHG",0.0536,0.0022522664140816,3457.21623198628,5000,10000,FALSE
50,"circle",1.9,2,2,"Genest",0.0422,0.00201045169054121,0.0579027982222199,20000,10000,TRUE
50,"circle",1.9,2,2,"MIC",0.0522,0.00222430123859157,0.399387535914313,20000,10000,TRUE
50,"circle",1.9,2,2,"BET",0.0286,0.00166679452842874,18,20000,10000,TRUE
50,"circle",1.9,2,2,"BEAST",0.0661860418544107,0.00248607018641986,0.395809657003567,20000,10000,TRUE
50,"circle",1.9,2,2,"xi",0.0539,0.00225820260384227,0.171668667466987,20000,10000,TRUE
50,"circle",1.9,2,2,"HHG_fast",0.0506,0.00219179469841498,0.0650825501909782,20000,10000,TRUE
50,"circle",2,2,2,"B_n",0.0622,0.00241518446500469,9.3990301207677,20000,10000,TRUE
50,"circle",2,2,2,"P_n",0.0613,0.00239879782391097,9.33242179180288,20000,10000,TRUE
50,"circle",2,2,2,"Hoeffding",0.0366,0.00187777634450964,0.0210079244463743,20000,10000,TRUE
50,"circle",2,2,2,"dCov",0.0397,0.00195253450673733,0.3263875783846,5000,10000,FALSE
50,"circle",2,2,2,"HHG",0.0561,0.00230114732253283,3398.87490952688,5000,10000,FALSE
50,"circle",2,2,2,"Genest",0.0389,0.00193356639399841,0.0579027982222199,20000,10000,TRUE
50,"circle",2,2,2,"MIC",0.0516,0.00221218082443547,0.399387535914313,20000,10000,TRUE
50,"circle",2,2,2,"BET",0.0289,0.001675254905977,18,20000,10000,TRUE
50,"circle",2,2,2,"BEAST",0.0592125037571386,0.00236021997186596,0.395809657003567,20000,10000,TRUE
50,"circle",2,2,2,"xi",0.0527,0.00223433905215838,0.171668667466987,20000,10000,TRUE
50,"circle",2,2,2,"HHG_fast",0.0479,0.00213554653426237,0.0650825501909782,20000,10000,TRUE
50,"two curves",0.1,2,2,"B_n",0.9991,0.000299864969611326,9.3990301207677,20000,10000,TRUE
50,"two curves",0.1,2,2,"P_n",0.9991,0.000299864969611326,9.33242179180288,20000,10000,TRUE
50,"two curves",0.1,2,2,"Hoeffding",1,0,0.0210079244463743,20000,10000,TRUE
50,"two curves",0.1,2,2,"dCov",1,0,0.323277855048565,5000,10000,FALSE
50,"two curves",0.1,2,2,"HHG",0.9999,9.99949998749882e-05,3523.02971428826,5000,10000,FALSE
50,"two curves",0.1,2,2,"Genest",0.9996,0.000199959995999189,0.0579027982222199,20000,10000,TRUE
50,"two curves",0.1,2,2,"MIC",0.9965,0.000590571756859397,0.399387535914313,20000,10000,TRUE
50,"two curves",0.1,2,2,"BET",0.8852,0.00318780425998837,18,20000,10000,TRUE
50,"two curves",0.1,2,2,"BEAST",0.9806,0.0013792621215708,0.395809657003567,20000,10000,TRUE
50,"two curves",0.1,2,2,"xi",0.9973,0.000518913287553907,0.171668667466987,20000,10000,TRUE
50,"two curves",0.1,2,2,"HHG_fast",1,0,0.0650825501909782,20000,10000,TRUE
50,"two curves",0.2,2,2,"B_n",0.9909,0.000949588858401361,9.3990301207677,20000,10000,TRUE
50,"two curves",0.2,2,2,"P_n",0.9906,0.000964968393264772,9.33242179180288,20000,10000,TRUE
50,"two curves",0.2,2,2,"Hoeffding",0.9975,0.000499374608885949,0.0210079244463743,20000,10000,TRUE
50,"two curves",0.2,2,2,"dCov",0.9994,0.000244875478560032,0.320516511051102,5000,10000,FALSE
50,"two curves",0.2,2,2,"HHG",0.9971,0.000537735064878609,3515.95293548523,5000,10000,FALSE
50,"two curves",0.2,2,2,"Genest",0.9949,0.000712319450808413,0.0579027982222199,20000,10000,TRUE
50,"two curves",0.2,2,2,"MIC",0.9165,0.0027663649433869,0.399387535914313,20000,10000,TRUE
50,"two curves",0.2,2,2,"BET",0.6811,0.00466050201158631,18,20000,10000,TRUE
50,"two curves",0.2,2,2,"BEAST",0.8856,0.00318296465578869,0.395809657003567,20000,10000,TRUE
50,"two curves",0.2,2,2,"xi",0.9117,0.00283730699784144,0.171668667466987,20000,10000,TRUE
50,"two curves",0.2,2,2,"HHG_fast",0.9987,0.00036032069049667,0.0650825501909782,20000,10000,TRUE
50,"two curves",0.3,2,2,"B_n",0.964,0.0018629009635512,9.3990301207677,20000,10000,TRUE
50,"two curves",0.3,2,2,"P_n",0.963,0.00188761754600873,9.33242179180288,20000,10000,TRUE
50,"two curves",0.3,2,2,"Hoeffding",0.9842,0.00124701082593537,0.0210079244463743,20000,10000,TRUE
50,"two curves",0.3,2,2,"dCov",0.9937,0.000791221208006963,0.327548330325189,5000,10000,FALSE
50,"two curves",0.3,2,2,"HHG",0.978,0.00146683332386471,3506.21568274647,5000,10000,FALSE
50,"two curves",0.3,2,2,"Genest",0.9791,0.00143049606780306,0.0579027982222199,20000,10000,TRUE
50,"two curves",0.3,2,2,"MIC",0.7928,0.00405300086355777,0.399387535914313,20000,10000,TRUE
50,"two curves",0.3,2,2,"BET",0.5442,0.00498042528304562,18,20000,10000,TRUE
50,"two curves",0.3,2,2,"BEAST",0.7643,0.00424435519248802,0.395809657003567,20000,10000,TRUE
50,"two curves",0.3,2,2,"xi",0.7618,0.00425982112300505,0.171668667466987,20000,10000,TRUE
50,"two curves",0.3,2,2,"HHG_fast",0.9884,0.00107076794871718,0.0650825501909782,20000,10000,TRUE
50,"two curves",0.4,2,2,"B_n",0.9193,0.0027237384235642,9.3990301207677,20000,10000,TRUE
50,"two curves",0.4,2,2,"P_n",0.918,0.00274364720764168,9.33242179180288,20000,10000,TRUE
50,"two curves",0.4,2,2,"Hoeffding",0.9549,0.00207523468552354,0.0210079244463743,20000,10000,TRUE
50,"two curves",0.4,2,2,"dCov",0.9776,0.0014798053926108,0.329550748103319,5000,10000,FALSE
50,"two curves",0.4,2,2,"HHG",0.9308,0.00253793932157568,3456.4910934523,5000,10000,FALSE
50,"two curves",0.4,2,2,"Genest",0.9491,0.00219793516737869,0.0579027982222199,20000,10000,TRUE
50,"two curves",0.4,2,2,"MIC",0.675,0.0046837484987988,0.399387535914313,20000,10000,TRUE
50,"two curves",0.4,2,2,"BET",0.462,0.004985539088203,18,20000,10000,TRUE
50,"two curves",0.4,2,2,"BEAST",0.6474,0.00477779488885825,0.395809657003567,20000,10000,TRUE
50,"two curves",0.4,2,2,"xi",0.6323,0.00482179126466503,0.171668667466987,20000,10000,TRUE
50,"two curves",0.4,2,2,"HHG_fast",0.9587,0.00198983190244804,0.0650825501909782,20000,10000,TRUE
50,"two curves",0.5,2,2,"B_n",0.8465,0.00360468791991762,9.3990301207677,20000,10000,TRUE
50,"two curves",0.5,2,2,"P_n",0.844,0.00362855343077651,9.33242179180288,20000,10000,TRUE
50,"two curves",0.5,2,2,"Hoeffding",0.9006,0.00299198328872339,0.0210079244463743,20000,10000,TRUE
50,"two curves",0.5,2,2,"dCov",0.9367,0.00243501765907354,0.330388892433593,5000,10000,FALSE
50,"two curves",0.5,2,2,"HHG",0.849,0.00358048879344706,3445.27165520068,5000,10000,FALSE
50,"two curves",0.5,2,2,"Genest",0.8993,0.00300931071842042,0.0579027982222199,20000,10000,TRUE
50,"two curves",0.5,2,2,"MIC",0.5541,0.00497064573269912,0.399387535914313,20000,10000,TRUE
50,"two curves",0.5,2,2,"BET",0.371,0.00483072458333116,18,20000,10000,TRUE
50,"two curves",0.5,2,2,"BEAST",0.5275,0.00499243177219279,0.395809657003567,20000,10000,TRUE
50,"two curves",0.5,2,2,"xi",0.5032,0.0049998975989514,0.171668667466987,20000,10000,TRUE
50,"two curves",0.5,2,2,"HHG_fast",0.9046,0.00293766642081772,0.0650825501909782,20000,10000,TRUE
50,"two curves",0.6,2,2,"B_n",0.7457,0.00435467002194196,9.3990301207677,20000,10000,TRUE
50,"two curves",0.6,2,2,"P_n",0.7441,0.00436365890050998,9.33242179180288,20000,10000,TRUE
50,"two curves",0.6,2,2,"Hoeffding",0.8236,0.00381160123832491,0.0210079244463743,20000,10000,TRUE
50,"two curves",0.6,2,2,"dCov",0.8812,0.00323553025020629,0.324499211794761,5000,10000,FALSE
50,"two curves",0.6,2,2,"HHG",0.7403,0.00438469964763837,3438.84883037702,5000,10000,FALSE
50,"two curves",0.6,2,2,"Genest",0.8289,0.00376596322339983,0.0579027982222199,20000,10000,TRUE
50,"two curves",0.6,2,2,"MIC",0.4376,0.004960909594016,0.399387535914313,20000,10000,TRUE
50,"two curves",0.6,2,2,"BET",0.3032,0.00459640903314751,18,20000,10000,TRUE
50,"two curves",0.6,2,2,"BEAST",0.421542154215422,0.00493806000808863,0.395809657003567,20000,10000,TRUE
50,"two curves",0.6,2,2,"xi",0.393,0.00488416830176848,0.171668667466987,20000,10000,TRUE
50,"two curves",0.6,2,2,"HHG_fast",0.8232,0.00381499357797625,0.0650825501909782,20000,10000,TRUE
50,"two curves",0.7,2,2,"B_n",0.6356,0.00481261508953292,9.3990301207677,20000,10000,TRUE
50,"two curves",0.7,2,2,"P_n",0.6311,0.00482506777154477,9.33242179180288,20000,10000,TRUE
50,"two curves",0.7,2,2,"Hoeffding",0.7384,0.00439505904397199,0.0210079244463743,20000,10000,TRUE
50,"two curves",0.7,2,2,"dCov",0.7984,0.00401195014924164,0.326948012117923,5000,10000,FALSE
50,"two curves",0.7,2,2,"HHG",0.6175,0.00485997685179672,3466.36042198411,5000,10000,FALSE
50,"two curves",0.7,2,2,"Genest",0.7467,0.00434901264656703,0.0579027982222199,20000,10000,TRUE
50,"two curves",0.7,2,2,"MIC",0.3564,0.00478935319223797,0.399387535914313,20000,10000,TRUE
50,"two curves",0.7,2,2,"BET",0.2482,0.00431968471071674,18,20000,10000,TRUE
50,"two curves",0.7,2,2,"BEAST",0.3438,0.00474975325674924,0.395809657003567,20000,10000,TRUE
50,"two curves",0.7,2,2,"xi",0.3107,0.00462780196205499,0.171668667466987,20000,10000,TRUE
50,"two curves",0.7,2,2,"HHG_fast",0.7294,0.00444269782902236,0.0650825501909782,20000,10000,TRUE
50,"two curves",0.8,2,2,"B_n",0.523,0.00499470719862536,9.3990301207677,20000,10000,TRUE
50,"two curves",0.8,2,2,"P_n",0.5194,0.0049962349824643,9.33242179180288,20000,10000,TRUE
50,"two curves",0.8,2,2,"Hoeffding",0.6418,0.00479471333866791,0.0210079244463743,20000,10000,TRUE
50,"two curves",0.8,2,2,"dCov",0.7102,0.00453669439129417,0.324496717915693,5000,10000,FALSE
50,"two curves",0.8,2,2,"HHG",0.5162,0.00499737491089072,3427.1561855908,5000,10000,FALSE
50,"two curves",0.8,2,2,"Genest",0.6508,0.00476717274702732,0.0579027982222199,20000,10000,TRUE
50,"two curves",0.8,2,2,"MIC",0.2824,0.00450166902381772,0.399387535914313,20000,10000,TRUE
50,"two curves",0.8,2,2,"BET",0.1955,0.00396585110663525,18,20000,10000,TRUE
50,"two curves",0.8,2,2,"BEAST",0.2677,0.0044276033020134,0.395809657003567,20000,10000,TRUE
50,"two curves",0.8,2,2,"xi",0.2532,0.00434844523939304,0.171668667466987,20000,10000,TRUE
50,"two curves",0.8,2,2,"HHG_fast",0.6238,0.00484431171581681,0.0650825501909782,20000,10000,TRUE
50,"two curves",0.9,2,2,"B_n",0.4588,0.00498299668874062,9.3990301207677,20000,10000,TRUE
50,"two curves",0.9,2,2,"P_n",0.4557,0.00498033643441886,9.33242179180288,20000,10000,TRUE
50,"two curves",0.9,2,2,"Hoeffding",0.5722,0.00494759699248029,0.0210079244463743,20000,10000,TRUE
50,"two curves",0.9,2,2,"dCov",0.6368,0.00480921781581995,0.32695323097618,5000,10000,FALSE
50,"two curves",0.9,2,2,"HHG",0.4342,0.00495651450113888,3465.72034452303,5000,10000,FALSE
50,"two curves",0.9,2,2,"Genest",0.589,0.00492015243666291,0.0579027982222199,20000,10000,TRUE
50,"two curves",0.9,2,2,"MIC",0.2498,0.00432897170237921,0.399387535914313,20000,10000,TRUE
50,"two curves",0.9,2,2,"BET",0.1697,0.00375369031754086,18,20000,10000,TRUE
50,"two curves",0.9,2,2,"BEAST",0.230146029205841,0.00420926162701519,0.395809657003567,20000,10000,TRUE
50,"two curves",0.9,2,2,"xi",0.2119,0.00408654364958947,0.171668667466987,20000,10000,TRUE
50,"two curves",0.9,2,2,"HHG_fast",0.554,0.0049707544698969,0.0650825501909782,20000,10000,TRUE
50,"two curves",1,2,2,"B_n",0.378,0.00484887615845156,9.3990301207677,20000,10000,TRUE
50,"two curves",1,2,2,"P_n",0.3743,0.00483941639043387,9.33242179180288,20000,10000,TRUE
50,"two curves",1,2,2,"Hoeffding",0.4993,0.0049999950999976,0.0210079244463743,20000,10000,TRUE
50,"two curves",1,2,2,"dCov",0.5705,0.00495004797956545,0.324222289193652,5000,10000,FALSE
50,"two curves",1,2,2,"HHG",0.3721,0.00483364862190044,3436.99930733279,5000,10000,FALSE
50,"two curves",1,2,2,"Genest",0.5093,0.00499913502518186,0.0579027982222199,20000,10000,TRUE
50,"two curves",1,2,2,"MIC",0.2053,0.00403920672904965,0.399387535914313,20000,10000,TRUE
50,"two curves",1,2,2,"BET",0.1491,0.00356187015484843,18,20000,10000,TRUE
50,"two curves",1,2,2,"BEAST",0.197378951580632,0.00398020729426952,0.395809657003567,20000,10000,TRUE
50,"two curves",1,2,2,"xi",0.1751,0.00380052614778533,0.171668667466987,20000,10000,TRUE
50,"two curves",1,2,2,"HHG_fast",0.4823,0.00499686611787829,0.0650825501909782,20000,10000,TRUE
50,"two curves",1.1,2,2,"B_n",0.3264,0.00468895553401821,9.3990301207677,20000,10000,TRUE
50,"two curves",1.1,2,2,"P_n",0.3211,0.00466899121866812,9.33242179180288,20000,10000,TRUE
50,"two curves",1.1,2,2,"Hoeffding",0.4416,0.00496577728054733,0.0210079244463743,20000,10000,TRUE
50,"two curves",1.1,2,2,"dCov",0.475,0.00499374608885955,0.331075768411424,5000,10000,FALSE
50,"two curves",1.1,2,2,"HHG",0.2939,0.00455546693545239,3509.36630959957,5000,10000,FALSE
50,"two curves",1.1,2,2,"Genest",0.4507,0.00497563573827506,0.0579027982222199,20000,10000,TRUE
50,"two curves",1.1,2,2,"MIC",0.1829,0.00386584518572588,0.399387535914313,20000,10000,TRUE
50,"two curves",1.1,2,2,"BET",0.1279,0.00333978427447043,18,20000,10000,TRUE
50,"two curves",1.1,2,2,"BEAST",0.172134426885377,0.00377497239680266,0.395809657003567,20000,10000,TRUE
50,"two curves",1.1,2,2,"xi",0.1486,0.00355693744673701,0.171668667466987,20000,10000,TRUE
50,"two curves",1.1,2,2,"HHG_fast",0.4179,0.00493213533877569,0.0650825501909782,20000,10000,TRUE
50,"two curves",1.2,2,2,"B_n",0.278,0.00448013392656961,9.3990301207677,20000,10000,TRUE
50,"two curves",1.2,2,2,"P_n",0.2759,0.00446966654237204,9.33242179180288,20000,10000,TRUE
50,"two curves",1.2,2,2,"Hoeffding",0.3872,0.00487110008109051,0.0210079244463743,20000,10000,TRUE
50,"two curves",1.2,2,2,"dCov",0.4377,0.00496103527502073,0.32660342235153,5000,10000,FALSE
50,"two curves",1.2,2,2,"HHG",0.2798,0.00448900835374585,3423.63839572398,5000,10000,FALSE
50,"two curves",1.2,2,2,"Genest",0.398,0.00489485444114531,0.0579027982222199,20000,10000,TRUE
50,"two curves",1.2,2,2,"MIC",0.1588,0.00365489480012763,0.399387535914313,20000,10000,TRUE
50,"two curves",1.2,2,2,"BET",0.1119,0.00315243382166858,18,20000,10000,TRUE
50,"two curves",1.2,2,2,"BEAST",0.149074537268634,0.00356161928912646,0.395809657003567,20000,10000,TRUE
50,"two curves",1.2,2,2,"xi",0.1362,0.00343000816325559,0.171668667466987,20000,10000,TRUE
50,"two curves",1.2,2,2,"HHG_fast",0.3648,0.00481374033366986,0.0650825501909782,20000,10000,TRUE
50,"two curves",1.3,2,2,"B_n",0.2411,0.00427750850379049,9.3990301207677,20000,10000,TRUE
50,"two curves",1.3,2,2,"P_n",0.2387,0.00426288998215999,9.33242179180288,20000,10000,TRUE
50,"two curves",1.3,2,2,"Hoeffding",0.3379,0.0047299428114936,0.0210079244463743,20000,10000,TRUE
50,"two curves",1.3,2,2,"dCov",0.3531,0.00477933457711427,0.335585691103175,5000,10000,FALSE
50,"two curves",1.3,2,2,"HHG",0.2287,0.00419995607119884,3496.56492763239,5000,10000,FALSE
50,"two curves",1.3,2,2,"Genest",0.3483,0.00476431642525977,0.0579027982222199,20000,10000,TRUE
50,"two curves",1.3,2,2,"MIC",0.1462,0.00353306609052251,0.399387535914313,20000,10000,TRUE
50,"two curves",1.3,2,2,"BET",0.1013,0.00301725554105051,18,20000,10000,TRUE
50,"two curves",1.3,2,2,"BEAST",0.138096667667367,0.00345001417455836,0.395809657003567,20000,10000,TRUE
50,"two curves",1.3,2,2,"xi",0.1193,0.00324141188373215,0.171668667466987,20000,10000,TRUE
50,"two curves",1.3,2,2,"HHG_fast",0.3194,0.00466244184950333,0.0650825501909782,20000,10000,TRUE
50,"two curves",1.4,2,2,"B_n",0.2121,0.0040879529106877,9.3990301207677,20000,10000,TRUE
50,"two curves",1.4,2,2,"P_n",0.2103,0.00407521668135573,9.33242179180288,20000,10000,TRUE
50,"two curves",1.4,2,2,"Hoeffding",0.3087,0.00461957043457506,0.0210079244463743,20000,10000,TRUE
50,"two curves",1.4,2,2,"dCov",0.3406,0.00473911004303551,0.328964821021038,5000,10000,FALSE
50,"two curves",1.4,2,2,"HHG",0.2098,0.00407165764769093,3464.14809942591,5000,10000,FALSE
50,"two curves",1.4,2,2,"Genest",0.3193,0.00466205437548727,0.0579027982222199,20000,10000,TRUE
50,"two curves",1.4,2,2,"MIC",0.1266,0.00332524344973417,0.399387535914313,20000,10000,TRUE
50,"two curves",1.4,2,2,"BET",0.0878,0.00283003816228686,18,20000,10000,TRUE
50,"two curves",1.4,2,2,"BEAST",0.11624649859944,0.0032052028042358,0.395809657003567,20000,10000,TRUE
50,"two curves",1.4,2,2,"xi",0.1115,0.003147502978553,0.171668667466987,20000,10000,TRUE
50,"two curves",1.4,2,2,"HHG_fast",0.2885,0.00453064840834069,0.0650825501909782,20000,10000,TRUE
50,"two curves",1.5,2,2,"B_n",0.1931,0.00394730781672775,9.3990301207677,20000,10000,TRUE
50,"two curves",1.5,2,2,"P_n",0.1926,0.0039434152710563,9.33242179180288,20000,10000,TRUE
50,"two curves",1.5,2,2,"Hoeffding",0.2796,0.00448802673788827,0.0210079244463743,20000,10000,TRUE
50,"two curves",1.5,2,2,"dCov",0.3146,0.00464356371766341,0.328091216815232,5000,10000,FALSE
50,"two curves",1.5,2,2,"HHG",0.1997,0.00399774824119779,3422.01985020019,5000,10000,FALSE
50,"two curves",1.5,2,2,"Genest",0.2869,0.00452314481306977,0.0579027982222199,20000,10000,TRUE
50,"two curves",1.5,2,2,"MIC",0.1181,0.00322726494109176,0.399387535914313,20000,10000,TRUE
50,"two curves",1.5,2,2,"BET",0.0793,0.00270206421093208,18,20000,10000,TRUE
50,"two curves",1.5,2,2,"BEAST",0.111689351481185,0.00314983872994948,0.395809657003567,20000,10000,TRUE
50,"two curves",1.5,2,2,"xi",0.0985,0.00297989513238302,0.171668667466987,20000,10000,TRUE
50,"two curves",1.5,2,2,"HHG_fast",0.2598,0.00438524754147357,0.0650825501909782,20000,10000,TRUE
50,"two curves",1.6,2,2,"B_n",0.1809,0.00384935306252882,9.3990301207677,20000,10000,TRUE
50,"two curves",1.6,2,2,"P_n",0.1809,0.00384935306252882,9.33242179180288,20000,10000,TRUE
50,"two curves",1.6,2,2,"Hoeffding",0.2497,0.00432839358191928,0.0210079244463743,20000,10000,TRUE
50,"two curves",1.6,2,2,"dCov",0.2832,0.0045055272721403,0.327735366673959,5000,10000,FALSE
50,"two curves",1.6,2,2,"HHG",0.1735,0.00378678953732578,3459.56808460378,5000,10000,FALSE
50,"two curves",1.6,2,2,"Genest",0.2588,0.00437975524430304,0.0579027982222199,20000,10000,TRUE
50,"two curves",1.6,2,2,"MIC",0.106,0.00307837619533416,0.399387535914313,20000,10000,TRUE
50,"two curves",1.6,2,2,"BET",0.0745,0.0026258284407021,18,20000,10000,TRUE
50,"two curves",1.6,2,2,"BEAST",0.105505505505506,0.00307203668294396,0.395809657003567,20000,10000,TRUE
50,"two curves",1.6,2,2,"xi",0.0921,0.00289167062439691,0.171668667466987,20000,10000,TRUE
50,"two curves",1.6,2,2,"HHG_fast",0.2374,0.00425489412324208,0.0650825501909782,20000,10000,TRUE
50,"two curves",1.7,2,2,"B_n",0.1592,0.00365862487828419,9.3990301207677,20000,10000,TRUE
50,"two curves",1.7,2,2,"P_n",0.1577,0.00364459476485384,9.33242179180288,20000,10000,TRUE
50,"two curves",1.7,2,2,"Hoeffding",0.231,0.00421472419026441,0.0210079244463743,20000,10000,TRUE
50,"two curves",1.7,2,2,"dCov",0.2698,0.00443855787390454,0.323561260543289,5000,10000,FALSE
50,"two curves",1.7,2,2,"HHG",0.1695,0.00375192950360211,3399.58345147001,5000,10000,FALSE
50,"two curves",1.7,2,2,"Genest",0.2351,0.00424061304530371,0.0579027982222199,20000,10000,TRUE
50,"two curves",1.7,2,2,"MIC",0.1011,0.00301461092016864,0.399387535914313,20000,10000,TRUE
50,"two curves",1.7,2,2,"BET",0.0703,0.00255651931344162,18,20000,10000,TRUE
50,"two curves",1.7,2,2,"BEAST",0.0957382953181272,0.00294232007313457,0.395809657003567,20000,10000,TRUE
50,"two curves",1.7,2,2,"xi",0.091,0.00287609109730551,0.171668667466987,20000,10000,TRUE
50,"two curves",1.7,2,2,"HHG_fast",0.214,0.00410126809657696,0.0650825501909782,20000,10000,TRUE
50,"two curves",1.8,2,2,"B_n",0.1401,0.0034709075182148,9.3990301207677,20000,10000,TRUE
50,"two curves",1.8,2,2,"P_n",0.1383,0.0034521458543926,9.33242179180288,20000,10000,TRUE
50,"two curves",1.8,2,2,"Hoeffding",0.2068,0.00405010814670423,0.0210079244463743,20000,10000,TRUE
50,"two curves",1.8,2,2,"dCov",0.215,0.00410822346032929,0.333588544627747,5000,10000,FALSE
50,"two curves",1.8,2,2,"HHG",0.1361,0.00342894721452518,3459.51281774995,5000,10000,FALSE
50,"two curves",1.8,2,2,"Genest",0.2133,0.00409637779019465,0.0579027982222199,20000,10000,TRUE
50,"two curves",1.8,2,2,"MIC",0.0938,0.00291550270107918,0.399387535914313,20000,10000,TRUE
50,"two curves",1.8,2,2,"BET",0.0692,0.00253793932157568,18,20000,10000,TRUE
50,"two curves",1.8,2,2,"BEAST",0.0936029632595855,0.00291275554292856,0.395809657003567,20000,10000,TRUE
50,"two curves",1.8,2,2,"xi",0.0832,0.00276184286301737,0.171668667466987,20000,10000,TRUE
50,"two curves",1.8,2,2,"HHG_fast",0.1921,0.00393951253329647,0.0650825501909782,20000,10000,TRUE
50,"two curves",1.9,2,2,"B_n",0.1404,0.00347401554400668,9.3990301207677,20000,10000,TRUE
50,"two curves",1.9,2,2,"P_n",0.1382,0.00345109779635408,9.33242179180288,20000,10000,TRUE
50,"two curves",1.9,2,2,"Hoeffding",0.1977,0.00398264623083698,0.0210079244463743,20000,10000,TRUE
50,"two curves",1.9,2,2,"dCov",0.2291,0.00420253720982932,0.325469080713405,5000,10000,FALSE
50,"two curves",1.9,2,2,"HHG",0.1408,0.00347815123305471,3435.99288839728,5000,10000,FALSE
50,"two curves",1.9,2,2,"Genest",0.2073,0.00405372310351854,0.0579027982222199,20000,10000,TRUE
50,"two curves",1.9,2,2,"MIC",0.0939,0.00291689543864706,0.399387535914313,20000,10000,TRUE
50,"two curves",1.9,2,2,"BET",0.0613,0.00239879782391097,18,20000,10000,TRUE
50,"two curves",1.9,2,2,"BEAST",0.0880792713442098,0.00283410150318726,0.395809657003567,20000,10000,TRUE
50,"two curves",1.9,2,2,"xi",0.0892,0.00285032208706314,0.171668667466987,20000,10000,TRUE
50,"two curves",1.9,2,2,"HHG_fast",0.1868,0.00389750894803335,0.0650825501909782,20000,10000,TRUE
50,"two curves",2,2,2,"B_n",0.13,0.00336303434416005,9.3990301207677,20000,10000,TRUE
50,"two curves",2,2,2,"P_n",0.1278,0.00333866979499321,9.33242179180288,20000,10000,TRUE
50,"two curves",2,2,2,"Hoeffding",0.1845,0.00387891415218228,0.0210079244463743,20000,10000,TRUE
50,"two curves",2,2,2,"dCov",0.2003,0.00400224824317533,0.329646394225666,5000,10000,FALSE
50,"two curves",2,2,2,"HHG",0.141,0.00348021551056827,3402.21846803782,5000,10000,FALSE
50,"two curves",2,2,2,"Genest",0.1898,0.00392142780119691,0.0579027982222199,20000,10000,TRUE
50,"two curves",2,2,2,"MIC",0.0985,0.00297989513238302,0.399387535914313,20000,10000,TRUE
50,"two curves",2,2,2,"BET",0.0639,0.00244574712511331,18,20000,10000,TRUE
50,"two curves",2,2,2,"BEAST",0.0851106438369881,0.00279046272404133,0.395809657003567,20000,10000,TRUE
50,"two curves",2,2,2,"xi",0.0826,0.00275276660834151,0.171668667466987,20000,10000,TRUE
50,"two curves",2,2,2,"HHG_fast",0.1729,0.00378160799131798,0.0650825501909782,20000,10000,TRUE
50,"X",0.1,2,2,"B_n",1,0,9.3990301207677,20000,10000,TRUE
50,"X",0.1,2,2,"P_n",1,0,9.33242179180288,20000,10000,TRUE
50,"X",0.1,2,2,"Hoeffding",0.955,0.00207304124416279,0.0210079244463743,20000,10000,TRUE
50,"X",0.1,2,2,"dCov",0.572,0.00494788843851597,0.320252057116139,5000,10000,FALSE
50,"X",0.1,2,2,"HHG",1,0,3461.11177275879,5000,10000,FALSE
50,"X",0.1,2,2,"Genest",0.4864,0.00499815005777138,0.0579027982222199,20000,10000,TRUE
50,"X",0.1,2,2,"MIC",0.9942,0.000759365524632244,0.399387535914313,20000,10000,TRUE
50,"X",0.1,2,2,"BET",0.9898,0.00100478654449589,18,20000,10000,TRUE
50,"X",0.1,2,2,"BEAST",1,0,0.395809657003567,20000,10000,TRUE
50,"X",0.1,2,2,"xi",0.836,0.00370275573053368,0.171668667466987,20000,10000,TRUE
50,"X",0.1,2,2,"HHG_fast",1,0,0.0650825501909782,20000,10000,TRUE
50,"X",0.2,2,2,"B_n",1,0,9.3990301207677,20000,10000,TRUE
50,"X",0.2,2,2,"P_n",1,0,9.33242179180288,20000,10000,TRUE
50,"X",0.2,2,2,"Hoeffding",0.7366,0.00440477513614486,0.0210079244463743,20000,10000,TRUE
50,"X",0.2,2,2,"dCov",0.5095,0.00499909741853467,0.32334315430825,5000,10000,FALSE
50,"X",0.2,2,2,"HHG",1,0,3476.72158673712,5000,10000,FALSE
50,"X",0.2,2,2,"Genest",0.4294,0.00494990545364252,0.0579027982222199,20000,10000,TRUE
50,"X",0.2,2,2,"MIC",0.9391,0.00239146795922504,0.399387535914313,20000,10000,TRUE
50,"X",0.2,2,2,"BET",0.9888,0.00105235735375394,18,20000,10000,TRUE
50,"X",0.2,2,2,"BEAST",1,0,0.395809657003567,20000,10000,TRUE
50,"X",0.2,2,2,"xi",0.7658,0.00423497768589163,0.171668667466987,20000,10000,TRUE
50,"X",0.2,2,2,"HHG_fast",1,0,0.0650825501909782,20000,10000,TRUE
50,"X",0.3,2,2,"B_n",1,0,9.3990301207677,20000,10000,TRUE
50,"X",0.3,2,2,"P_n",1,0,9.33242179180288,20000,10000,TRUE
50,"X",0.3,2,2,"Hoeffding",0.5492,0.00497573471961679,0.0210079244463743,20000,10000,TRUE
50,"X",0.3,2,2,"dCov",0.4538,0.00497860984613175,0.324437383275158,5000,10000,FALSE
50,"X",0.3,2,2,"HHG",1,0,3536.76516984443,5000,10000,FALSE
50,"X",0.3,2,2,"Genest",0.3728,0.00483549542446273,0.0579027982222199,20000,10000,TRUE
50,"X",0.3,2,2,"MIC",0.7762,0.00416789587201984,0.399387535914313,20000,10000,TRUE
50,"X",0.3,2,2,"BET",0.9876,0.00110662730853707,18,20000,10000,TRUE
50,"X",0.3,2,2,"BEAST",0.9998,0.0001414072133945,0.395809657003567,20000,10000,TRUE
50,"X",0.3,2,2,"xi",0.6802,0.00466398927957602,0.171668667466987,20000,10000,TRUE
50,"X",0.3,2,2,"HHG_fast",1,0,0.0650825501909782,20000,10000,TRUE
50,"X",0.4,2,2,"B_n",1,0,9.3990301207677,20000,10000,TRUE
50,"X",0.4,2,2,"P_n",1,0,9.33242179180288,20000,10000,TRUE
50,"X",0.4,2,2,"Hoeffding",0.4107,0.00491960882591289,0.0210079244463743,20000,10000,TRUE
50,"X",0.4,2,2,"dCov",0.3836,0.00486262316039399,0.32784216133132,5000,10000,FALSE
50,"X",0.4,2,2,"HHG",0.9998,0.0001414072133945,3519.83351113993,5000,10000,FALSE
50,"X",0.4,2,2,"Genest",0.3202,0.00466553276700529,0.0579027982222199,20000,10000,TRUE
50,"X",0.4,2,2,"MIC",0.5368,0.00498643921049881,0.399387535914313,20000,10000,TRUE
50,"X",0.4,2,2,"BET",0.9817,0.00134033988226867,18,20000,10000,TRUE
50,"X",0.4,2,2,"BEAST",0.9968,0.000564779603031128,0.395809657003567,20000,10000,TRUE
50,"X",0.4,2,2,"xi",0.5772,0.00494004210508372,0.171668667466987,20000,10000,TRUE
50,"X",0.4,2,2,"HHG_fast",0.9997,0.000173179098045915,0.0650825501909782,20000,10000,TRUE
50,"X",0.5,2,2,"B_n",0.9999,9.99949998749882e-05,9.3990301207677,20000,10000,TRUE
50,"X",0.5,2,2,"P_n",0.9999,9.99949998749882e-05,9.33242179180288,20000,10000,TRUE
50,"X",0.5,2,2,"Hoeffding",0.3134,0.00463875457423649,0.0210079244463743,20000,10000,TRUE
50,"X",0.5,2,2,"dCov",0.3492,0.00476717274702732,0.324208835397002,5000,10000,FALSE
50,"X",0.5,2,2,"HHG",0.9984,0.000399679871897503,3501.01251130981,5000,10000,FALSE
50,"X",0.5,2,2,"Genest",0.2663,0.00442022974516031,0.0579027982222199,20000,10000,TRUE
50,"X",0.5,2,2,"MIC",0.3416,0.0047424618079643,0.399387535914313,20000,10000,TRUE
50,"X",0.5,2,2,"BET",0.9628,0.00189251578593152,18,20000,10000,TRUE
50,"X",0.5,2,2,"BEAST",0.9778,0.00147333499245759,0.395809657003567,20000,10000,TRUE
50,"X",0.5,2,2,"xi",0.4845,0.00499759692252186,0.171668667466987,20000,10000,TRUE
50,"X",0.5,2,2,"HHG_fast",0.9928,0.000845467917782809,0.0650825501909782,20000,10000,TRUE
50,"X",0.6,2,2,"B_n",0.9994,0.000244875478560032,9.3990301207677,20000,10000,TRUE
50,"X",0.6,2,2,"P_n",0.9994,0.000244875478560032,9.33242179180288,20000,10000,TRUE
50,"X",0.6,2,2,"Hoeffding",0.2506,0.00433358558240171,0.0210079244463743,20000,10000,TRUE
50,"X",0.6,2,2,"dCov",0.283,0.00450456435185468,0.325412069226114,5000,10000,FALSE
50,"X",0.6,2,2,"HHG",0.9892,0.00103360340556715,3444.54901801398,5000,10000,FALSE
50,"X",0.6,2,2,"Genest",0.2202,0.00414381418502326,0.0579027982222199,20000,10000,TRUE
50,"X",0.6,2,2,"MIC",0.2132,0.00409567772169637,0.399387535914313,20000,10000,TRUE
50,"X",0.6,2,2,"BET",0.906,0.00291828716887149,18,20000,10000,TRUE
50,"X",0.6,2,2,"BEAST",0.9261,0.00261608084737456,0.395809657003567,20000,10000,TRUE
50,"X",0.6,2,2,"xi",0.386,0.00486830566008339,0.171668667466987,20000,10000,TRUE
50,"X",0.6,2,2,"HHG_fast",0.9512,0.00215449669296567,0.0650825501909782,20000,10000,TRUE
50,"X",0.7,2,2,"B_n",0.9974,0.000509238647394328,9.3990301207677,20000,10000,TRUE
50,"X",0.7,2,2,"P_n",0.9969,0.000555912762940373,9.33242179180288,20000,10000,TRUE
50,"X",0.7,2,2,"Hoeffding",0.2037,0.00402748445062175,0.0210079244463743,20000,10000,TRUE
50,"X",0.7,2,2,"dCov",0.2373,0.00425427678930274,0.327667213552911,5000,10000,FALSE
50,"X",0.7,2,2,"HHG",0.962,0.0019119623427254,3458.23974314751,5000,10000,FALSE
50,"X",0.7,2,2,"Genest",0.18,0.00384187454245971,0.0579027982222199,20000,10000,TRUE
50,"X",0.7,2,2,"MIC",0.1463,0.00353406720366209,0.399387535914313,20000,10000,TRUE
50,"X",0.7,2,2,"BET",0.8145,0.0038870264984947,18,20000,10000,TRUE
50,"X",0.7,2,2,"BEAST",0.8297,0.00375896142571322,0.395809657003567,20000,10000,TRUE
50,"X",0.7,2,2,"xi",0.3132,0.00463794954694421,0.171668667466987,20000,10000,TRUE
50,"X",0.7,2,2,"HHG_fast",0.8463,0.00360660934951375,0.0650825501909782,20000,10000,TRUE
50,"X",0.8,2,2,"B_n",0.9847,0.00122743268654538,9.3990301207677,20000,10000,TRUE
50,"X",0.8,2,2,"P_n",0.9844,0.00123921910895531,9.33242179180288,20000,10000,TRUE
50,"X",0.8,2,2,"Hoeffding",0.178,0.0038251274488571,0.0210079244463743,20000,10000,TRUE
50,"X",0.8,2,2,"dCov",0.2234,0.00416524236989878,0.323882727915989,5000,10000,FALSE
50,"X",0.8,2,2,"HHG",0.9001,0.00299866620349782,3482.82764541736,5000,10000,FALSE
50,"X",0.8,2,2,"Genest",0.1607,0.00367254012912044,0.0579027982222199,20000,10000,TRUE
50,"X",0.8,2,2,"MIC",0.1083,0.00310758925857328,0.399387535914313,20000,10000,TRUE
50,"X",0.8,2,2,"BET",0.7006,0.00457995240149939,18,20000,10000,TRUE
50,"X",0.8,2,2,"BEAST",0.7138,0.00451984026266416,0.395809657003567,20000,10000,TRUE
50,"X",0.8,2,2,"xi",0.2611,0.00439234322429384,0.171668667466987,20000,10000,TRUE
50,"X",0.8,2,2,"HHG_fast",0.6996,0.00458431936060305,0.0650825501909782,20000,10000,TRUE
50,"X",0.9,2,2,"B_n",0.9519,0.00213977545550929,9.3990301207677,20000,10000,TRUE
50,"X",0.9,2,2,"P_n",0.9502,0.00217531514958178,9.33242179180288,20000,10000,TRUE
50,"X",0.9,2,2,"Hoeffding",0.1482,0.00355298128337316,0.0210079244463743,20000,10000,TRUE
50,"X",0.9,2,2,"dCov",0.1637,0.00370003121608454,0.330168371558522,5000,10000,FALSE
50,"X",0.9,2,2,"HHG",0.7999,0.00400074980472411,3496.87307866128,5000,10000,FALSE
50,"X",0.9,2,2,"Genest",0.1293,0.00335531682557698,0.0579027982222199,20000,10000,TRUE
50,"X",0.9,2,2,"MIC",0.0854,0.00279476009703874,0.399387535914313,20000,10000,TRUE
50,"X",0.9,2,2,"BET",0.5678,0.00495381832529212,18,20000,10000,TRUE
50,"X",0.9,2,2,"BEAST",0.5854,0.00492652859526868,0.395809657003567,20000,10000,TRUE
50,"X",0.9,2,2,"xi",0.2007,0.00400524044222067,0.171668667466987,20000,10000,TRUE
50,"X",0.9,2,2,"HHG_fast",0.555,0.0049696579359147,0.0650825501909782,20000,10000,TRUE
50,"X",1,2,2,"B_n",0.8921,0.00310254073301222,9.3990301207677,20000,10000,TRUE
50,"X",1,2,2,"P_n",0.8884,0.00314873688961145,9.33242179180288,20000,10000,TRUE
50,"X",1,2,2,"Hoeffding",0.1391,0.0034605084886473,0.0210079244463743,20000,10000,TRUE
50,"X",1,2,2,"dCov",0.151,0.00358048879344706,0.330221543676236,5000,10000,FALSE
50,"X",1,2,2,"HHG",0.6973,0.00459426501194696,3477.44828442178,5000,10000,FALSE
50,"X",1,2,2,"Genest",0.1212,0.00326359556317875,0.0579027982222199,20000,10000,TRUE
50,"X",1,2,2,"MIC",0.0756,0.00264357031304257,0.399387535914313,20000,10000,TRUE
50,"X",1,2,2,"BET",0.4477,0.00497257186976719,18,20000,10000,TRUE
50,"X",1,2,2,"BEAST",0.4629,0.00498621690262267,0.395809657003567,20000,10000,TRUE
50,"X",1,2,2,"xi",0.1709,0.00376421558893749,0.171668667466987,20000,10000,TRUE
50,"X",1,2,2,"HHG_fast",0.4279,0.00494774281870026,0.0650825501909782,20000,10000,TRUE
50,"X",1.1,2,2,"B_n",0.8174,0.00386338245582805,9.3990301207677,20000,10000,TRUE
50,"X",1.1,2,2,"P_n",0.8135,0.00389509627608869,9.33242179180288,20000,10000,TRUE
50,"X",1.1,2,2,"Hoeffding",0.1286,0.00334756687759931,0.0210079244463743,20000,10000,TRUE
50,"X",1.1,2,2,"dCov",0.1416,0.00348639412574081,0.328595589016953,5000,10000,FALSE
50,"X",1.1,2,2,"HHG",0.577,0.00494035423831126,3499.15050264636,5000,10000,FALSE
50,"X",1.1,2,2,"Genest",0.1109,0.00314008264222456,0.0579027982222199,20000,10000,TRUE
50,"X",1.1,2,2,"MIC",0.069,0.00253454137863243,0.399387535914313,20000,10000,TRUE
50,"X",1.1,2,2,"BET",0.335,0.00471990466005406,18,20000,10000,TRUE
50,"X",1.1,2,2,"BEAST",0.367273454690938,0.00482061888319665,0.395809657003567,20000,10000,TRUE
50,"X",1.1,2,2,"xi",0.1411,0.00348124675942399,0.171668667466987,20000,10000,TRUE
50,"X",1.1,2,2,"HHG_fast",0.3352,0.00472060335126772,0.0650825501909782,20000,10000,TRUE
50,"X",1.2,2,2,"B_n",0.7083,0.00454544948272445,9.3990301207677,20000,10000,TRUE
50,"X",1.2,2,2,"P_n",0.7047,0.00456177498349053,9.33242179180288,20000,10000,TRUE
50,"X",1.2,2,2,"Hoeffding",0.1097,0.00312515455617798,0.0210079244463743,20000,10000,TRUE
50,"X",1.2,2,2,"dCov",0.122,0.00327285807819404,0.327951307081351,5000,10000,FALSE
50,"X",1.2,2,2,"HHG",0.4883,0.00499863091255996,3474.49476734137,5000,10000,FALSE
50,"X",1.2,2,2,"Genest",0.0975,0.00296637404923924,0.0579027982222199,20000,10000,TRUE
50,"X",1.2,2,2,"MIC",0.0628,0.0024260288539092,0.399387535914313,20000,10000,TRUE
50,"X",1.2,2,2,"BET",0.26,0.00438634243989226,18,20000,10000,TRUE
50,"X",1.2,2,2,"BEAST",0.291629162916292,0.00454512479754995,0.395809657003567,20000,10000,TRUE
50,"X",1.2,2,2,"xi",0.1247,0.00330378434526226,0.171668667466987,20000,10000,TRUE
50,"X",1.2,2,2,"HHG_fast",0.2639,0.0044074572034224,0.0650825501909782,20000,10000,TRUE
50,"X",1.3,2,2,"B_n",0.6284,0.00483232283689739,9.3990301207677,20000,10000,TRUE
50,"X",1.3,2,2,"P_n",0.6233,0.00484558675497612,9.33242179180288,20000,10000,TRUE
50,"X",1.3,2,2,"Hoeffding",0.1067,0.00308731452884218,0.0210079244463743,20000,10000,TRUE
50,"X",1.3,2,2,"dCov",0.1247,0.00330378434526226,0.326132940029605,5000,10000,FALSE
50,"X",1.3,2,2,"HHG",0.4247,0.00494297390241947,3420.52624953943,5000,10000,FALSE
50,"X",1.3,2,2,"Genest",0.0945,0.00292523076012816,0.0579027982222199,20000,10000,TRUE
50,"X",1.3,2,2,"MIC",0.0668,0.00249675309151706,0.399387535914313,20000,10000,TRUE
50,"X",1.3,2,2,"BET",0.2089,0.00406522803788422,18,20000,10000,TRUE
50,"X",1.3,2,2,"BEAST",0.2381,0.00425920638147531,0.395809657003567,20000,10000,TRUE
50,"X",1.3,2,2,"xi",0.1085,0.00311010851900701,0.171668667466987,20000,10000,TRUE
50,"X",1.3,2,2,"HHG_fast",0.2254,0.0041784547382974,0.0650825501909782,20000,10000,TRUE
50,"X",1.4,2,2,"B_n",0.535,0.00498773495687171,9.3990301207677,20000,10000,TRUE
50,"X",1.4,2,2,"P_n",0.5299,0.00499105189313836,9.33242179180288,20000,10000,TRUE
50,"X",1.4,2,2,"Hoeffding",0.0928,0.00290151960186382,0.0210079244463743,20000,10000,TRUE
50,"X",1.4,2,2,"dCov",0.0985,0.00297989513238302,0.331361007490374,5000,10000,FALSE
50,"X",1.4,2,2,"HHG",0.3429,0.00474678406924098,3466.519682637,5000,10000,FALSE
50,"X",1.4,2,2,"Genest",0.081,0.00272835115042034,0.0579027982222199,20000,10000,TRUE
50,"X",1.4,2,2,"MIC",0.0581,0.00233932447514234,0.399387535914313,20000,10000,TRUE
50,"X",1.4,2,2,"BET",0.1571,0.0036389502607208,18,20000,10000,TRUE
50,"X",1.4,2,2,"BEAST",0.189837967593519,0.00392172810956447,0.395809657003567,20000,10000,TRUE
50,"X",1.4,2,2,"xi",0.0987,0.00298258797020306,0.171668667466987,20000,10000,TRUE
50,"X",1.4,2,2,"HHG_fast",0.177,0.00381668704506932,0.0650825501909782,20000,10000,TRUE
50,"X",1.5,2,2,"B_n",0.4631,0.00498636530952156,9.3990301207677,20000,10000,TRUE
50,"X",1.5,2,2,"P_n",0.461,0.00498476679494638,9.33242179180288,20000,10000,TRUE
50,"X",1.5,2,2,"Hoeffding",0.0891,0.00284888030636599,0.0210079244463743,20000,10000,TRUE
50,"X",1.5,2,2,"dCov",0.0958,0.00294316768125773,0.330500214981771,5000,10000,FALSE
50,"X",1.5,2,2,"HHG",0.2971,0.00456980951462969,3449.83292400918,5000,10000,FALSE
50,"X",1.5,2,2,"Genest",0.0796,0.00270672939171983,0.0579027982222199,20000,10000,TRUE
50,"X",1.5,2,2,"MIC",0.0578,0.00233364864536202,0.399387535914313,20000,10000,TRUE
50,"X",1.5,2,2,"BET",0.1308,0.00337181494154113,18,20000,10000,TRUE
50,"X",1.5,2,2,"BEAST",0.162848854656397,0.00369227714552276,0.395809657003567,20000,10000,TRUE
50,"X",1.5,2,2,"xi",0.0934,0.00290992164842973,0.171668667466987,20000,10000,TRUE
50,"X",1.5,2,2,"HHG_fast",0.158,0.00364741004001469,0.0650825501909782,20000,10000,TRUE
50,"X",1.6,2,2,"B_n",0.3909,0.00487952036577367,9.3990301207677,20000,10000,TRUE
50,"X",1.6,2,2,"P_n",0.3877,0.00487225522730491,9.33242179180288,20000,10000,TRUE
50,"X",1.6,2,2,"Hoeffding",0.0817,0.00273907119294114,0.0210079244463743,20000,10000,TRUE
50,"X",1.6,2,2,"dCov",0.0959,0.00294454054140879,0.3262152296528,5000,10000,FALSE
50,"X",1.6,2,2,"HHG",0.2451,0.00430146475052394,3443.14026872503,5000,10000,FALSE
50,"X",1.6,2,2,"Genest",0.0737,0.0026128205066556,0.0579027982222199,20000,10000,TRUE
50,"X",1.6,2,2,"MIC",0.0558,0.00229535095355808,0.399387535914313,20000,10000,TRUE
50,"X",1.6,2,2,"BET",0.095,0.00293214938227915,18,20000,10000,TRUE
50,"X",1.6,2,2,"BEAST",0.132492744921445,0.00339025688502547,0.395809657003567,20000,10000,TRUE
50,"X",1.6,2,2,"xi",0.082,0.00274364720764168,0.171668667466987,20000,10000,TRUE
50,"X",1.6,2,2,"HHG_fast",0.1326,0.00339141917196916,0.0650825501909782,20000,10000,TRUE
50,"X",1.7,2,2,"B_n",0.3433,0.00474810604346617,9.3990301207677,20000,10000,TRUE
50,"X",1.7,2,2,"P_n",0.3394,0.00473505691623659,9.33242179180288,20000,10000,TRUE
50,"X",1.7,2,2,"Hoeffding",0.0812,0.00273142014344187,0.0210079244463743,20000,10000,TRUE
50,"X",1.7,2,2,"dCov",0.0862,0.00280659152710187,0.328056446410169,5000,10000,FALSE
50,"X",1.7,2,2,"HHG",0.222,0.0041559114523772,3438.3761232775,5000,10000,FALSE
50,"X",1.7,2,2,"Genest",0.0725,0.00259313998850814,0.0579027982222199,20000,10000,TRUE
50,"X",1.7,2,2,"MIC",0.056,0.00229921725811199,0.399387535914313,20000,10000,TRUE
50,"X",1.7,2,2,"BET",0.0821,0.00274517012223286,18,20000,10000,TRUE
50,"X",1.7,2,2,"BEAST",0.115557778889445,0.00319693882687146,0.395809657003567,20000,10000,TRUE
50,"X",1.7,2,2,"xi",0.0728,0.00259807929055293,0.171668667466987,20000,10000,TRUE
50,"X",1.7,2,2,"HHG_fast",0.118,0.00322608121410482,0.0650825501909782,20000,10000,TRUE
50,"X",1.8,2,2,"B_n",0.2945,0.0045581767188208,9.3990301207677,20000,10000,TRUE
50,"X",1.8,2,2,"P_n",0.292,0.00454682306671372,9.33242179180288,20000,10000,TRUE
50,"X",1.8,2,2,"Hoeffding",0.0788,0.00269426353573662,0.0210079244463743,20000,10000,TRUE
50,"X",1.8,2,2,"dCov",0.083,0.00275882221246676,0.330359041307134,5000,10000,FALSE
50,"X",1.8,2,2,"HHG",0.1843,0.00387728655118499,3454.27228624896,5000,10000,FALSE
50,"X",1.8,2,2,"Genest",0.0712,0.00257158628087801,0.0579027982222199,20000,10000,TRUE
50,"X",1.8,2,2,"MIC",0.0513,0.00220608952674183,0.399387535914313,20000,10000,TRUE
50,"X",1.8,2,2,"BET",0.0734,0.00260791947728453,18,20000,10000,TRUE
50,"X",1.8,2,2,"BEAST",0.108365019011407,0.00310840862284971,0.395809657003567,20000,10000,TRUE
50,"X",1.8,2,2,"xi",0.0726,0.0025947878525999,0.171668667466987,20000,10000,TRUE
50,"X",1.8,2,2,"HHG_fast",0.1072,0.00309367354450983,0.0650825501909782,20000,10000,TRUE
50,"X",1.9,2,2,"B_n",0.2615,0.00439451646941959,9.3990301207677,20000,10000,TRUE
50,"X",1.9,2,2,"P_n",0.2594,0.00438305418629521,9.33242179180288,20000,10000,TRUE
50,"X",1.9,2,2,"Hoeffding",0.077,0.00266591447724791,0.0210079244463743,20000,10000,TRUE
50,"X",1.9,2,2,"dCov",0.0864,0.00280953804031908,0.32660294534455,5000,10000,FALSE
50,"X",1.9,2,2,"HHG",0.1761,0.00380905224432535,3439.23293561024,5000,10000,FALSE
50,"X",1.9,2,2,"Genest",0.0657,0.00247756957520874,0.0579027982222199,20000,10000,TRUE
50,"X",1.9,2,2,"MIC",0.0519,0.00221825133832936,0.399387535914313,20000,10000,TRUE
50,"X",1.9,2,2,"BET",0.0675,0.00250885930255166,18,20000,10000,TRUE
50,"X",1.9,2,2,"BEAST",0.1,0.003,0.395809657003567,20000,10000,TRUE
50,"X",1.9,2,2,"xi",0.0727,0.002596434285708,0.171668667466987,20000,10000,TRUE
50,"X",1.9,2,2,"HHG_fast",0.1016,0.0030212156493703,0.0650825501909782,20000,10000,TRUE
50,"X",2,2,2,"B_n",0.2283,0.00419736953341018,9.3990301207677,20000,10000,TRUE
50,"X",2,2,2,"P_n",0.2251,0.00417648165325792,9.33242179180288,20000,10000,TRUE
50,"X",2,2,2,"Hoeffding",0.0695,0.00254302477376844,0.0210079244463743,20000,10000,TRUE
50,"X",2,2,2,"dCov",0.0747,0.00262906656439125,0.327752360412652,5000,10000,FALSE
50,"X",2,2,2,"HHG",0.1489,0.00355989873451479,3438.94340116954,5000,10000,FALSE
50,"X",2,2,2,"Genest",0.0619,0.00240973836754117,0.0579027982222199,20000,10000,TRUE
50,"X",2,2,2,"MIC",0.0486,0.00215030323442997,0.399387535914313,20000,10000,TRUE
50,"X",2,2,2,"BET",0.0583,0.00234309858947506,18,20000,10000,TRUE
50,"X",2,2,2,"BEAST",0.0857686148919135,0.00280022069829212,0.395809657003567,20000,10000,TRUE
50,"X",2,2,2,"xi",0.0649,0.00246349325146224,0.171668667466987,20000,10000,TRUE
50,"X",2,2,2,"HHG_fast",0.0883,0.00283730699784144,0.0650825501909782,20000,10000,TRUE
50,"diamond",0.1,2,2,"B_n",0.9956,0.000661864034375638,9.3990301207677,20000,10000,TRUE
50,"diamond",0.1,2,2,"P_n",0.9953,0.000683952483729684,9.33242179180288,20000,10000,TRUE
50,"diamond",0.1,2,2,"Hoeffding",0.0938,0.00291550270107918,0.0210079244463743,20000,10000,TRUE
50,"diamond",0.1,2,2,"dCov",0.0919,0.00288884734799193,0.329147595718792,5000,10000,FALSE
50,"diamond",0.1,2,2,"HHG",0.9762,0.00152425588402998,3448.46124449486,5000,10000,FALSE
50,"diamond",0.1,2,2,"Genest",0.0589,0.00235437443920885,0.0579027982222199,20000,10000,TRUE
50,"diamond",0.1,2,2,"MIC",0.1312,0.00337618956813743,0.399387535914313,20000,10000,TRUE
50,"diamond",0.1,2,2,"BET",0.0239,0.00152737650891979,18,20000,10000,TRUE
50,"diamond",0.1,2,2,"BEAST",0.698,0.00459125255240877,0.395809657003567,20000,10000,TRUE
50,"diamond",0.1,2,2,"xi",0.229,0.0042018924307983,0.171668667466987,20000,10000,TRUE
50,"diamond",0.1,2,2,"HHG_fast",0.7533,0.00431090605325609,0.0650825501909782,20000,10000,TRUE
50,"diamond",0.2,2,2,"B_n",0.9941,0.000765845284636526,9.3990301207677,20000,10000,TRUE
50,"diamond",0.2,2,2,"P_n",0.9936,0.000797435890840133,9.33242179180288,20000,10000,TRUE
50,"diamond",0.2,2,2,"Hoeffding",0.079,0.0026973876250921,0.0210079244463743,20000,10000,TRUE
50,"diamond",0.2,2,2,"dCov",0.0965,0.00295275718608896,0.32759253895154,5000,10000,FALSE
50,"diamond",0.2,2,2,"HHG",0.9677,0.00176795673023974,3428.78786441141,5000,10000,FALSE
50,"diamond",0.2,2,2,"Genest",0.063,0.00242962960140018,0.0579027982222199,20000,10000,TRUE
50,"diamond",0.2,2,2,"MIC",0.1303,0.00336633198006376,0.399387535914313,20000,10000,TRUE
50,"diamond",0.2,2,2,"BET",0.0263,0.00160025966642917,18,20000,10000,TRUE
50,"diamond",0.2,2,2,"BEAST",0.6786,0.00467013961247413,0.395809657003567,20000,10000,TRUE
50,"diamond",0.2,2,2,"xi",0.2221,0.00415658020492808,0.171668667466987,20000,10000,TRUE
50,"diamond",0.2,2,2,"HHG_fast",0.7123,0.00452690523426325,0.0650825501909782,20000,10000,TRUE
50,"diamond",0.3,2,2,"B_n",0.9914,0.000923365583070977,9.3990301207677,20000,10000,TRUE
50,"diamond",0.3,2,2,"P_n",0.9903,0.000980097444135023,9.33242179180288,20000,10000,TRUE
50,"diamond",0.3,2,2,"Hoeffding",0.0669,0.00249848734237338,0.0210079244463743,20000,10000,TRUE
50,"diamond",0.3,2,2,"dCov",0.0817,0.00273907119294114,0.328861760869322,5000,10000,FALSE
50,"diamond",0.3,2,2,"HHG",0.9557,0.00205760807735584,3377.752916434,5000,10000,FALSE
50,"diamond",0.3,2,2,"Genest",0.0581,0.00233932447514234,0.0579027982222199,20000,10000,TRUE
50,"diamond",0.3,2,2,"MIC",0.1135,0.00317203010704501,0.399387535914313,20000,10000,TRUE
50,"diamond",0.3,2,2,"BET",0.0278,0.00164399391726369,18,20000,10000,TRUE
50,"diamond",0.3,2,2,"BEAST",0.6416,0.00479530436990187,0.395809657003567,20000,10000,TRUE
50,"diamond",0.3,2,2,"xi",0.2066,0.00404865953125229,0.171668667466987,20000,10000,TRUE
50,"diamond",0.3,2,2,"HHG_fast",0.6429,0.00479144644131602,0.0650825501909782,20000,10000,TRUE
50,"diamond",0.4,2,2,"B_n",0.9811,0.00136171913403609,9.3990301207677,20000,10000,TRUE
50,"diamond",0.4,2,2,"P_n",0.9795,0.00141703034547606,9.33242179180288,20000,10000,TRUE
50,"diamond",0.4,2,2,"Hoeffding",0.0559,0.00229728513685176,0.0210079244463743,20000,10000,TRUE
50,"diamond",0.4,2,2,"dCov",0.0708,0.00256490467659132,0.330230279021122,5000,10000,FALSE
50,"diamond",0.4,2,2,"HHG",0.9022,0.00297044037139277,3462.02824623117,5000,10000,FALSE
50,"diamond",0.4,2,2,"Genest",0.0536,0.0022522664140816,0.0579027982222199,20000,10000,TRUE
50,"diamond",0.4,2,2,"MIC",0.1031,0.00304089444078547,0.399387535914313,20000,10000,TRUE
50,"diamond",0.4,2,2,"BET",0.0263,0.00160025966642917,18,20000,10000,TRUE
50,"diamond",0.4,2,2,"BEAST",0.6074,0.00488329028422436,0.395809657003567,20000,10000,TRUE
50,"diamond",0.4,2,2,"xi",0.1843,0.00387728655118499,0.171668667466987,20000,10000,TRUE
50,"diamond",0.4,2,2,"HHG_fast",0.5727,0.00494686476467671,0.0650825501909782,20000,10000,TRUE
50,"diamond",0.5,2,2,"B_n",0.9642,0.00185791173094956,9.3990301207677,20000,10000,TRUE
50,"diamond",0.5,2,2,"P_n",0.9612,0.00193117995018589,9.33242179180288,20000,10000,TRUE
50,"diamond",0.5,2,2,"Hoeffding",0.0519,0.00221825133832936,0.0210079244463743,20000,10000,TRUE
50,"diamond",0.5,2,2,"dCov",0.0668,0.00249675309151706,0.327765910235853,5000,10000,FALSE
50,"diamond",0.5,2,2,"HHG",0.8522,0.00354901620170999,3434.66662353366,5000,10000,FALSE
50,"diamond",0.5,2,2,"Genest",0.0502,0.00218357413430366,0.0579027982222199,20000,10000,TRUE
50,"diamond",0.5,2,2,"MIC",0.0909,0.00287466850262774,0.399387535914313,20000,10000,TRUE
50,"diamond",0.5,2,2,"BET",0.0257,0.00158238775273319,18,20000,10000,TRUE
50,"diamond",0.5,2,2,"BEAST",0.553555355535554,0.00497123549928446,0.395809657003567,20000,10000,TRUE
50,"diamond",0.5,2,2,"xi",0.1654,0.00371541168647567,0.171668667466987,20000,10000,TRUE
50,"diamond",0.5,2,2,"HHG_fast",0.4957,0.00499981509658107,0.0650825501909782,20000,10000,TRUE
50,"diamond",0.6,2,2,"B_n",0.9298,0.00255483776392944,9.3990301207677,20000,10000,TRUE
50,"diamond",0.6,2,2,"P_n",0.9254,0.00262744819168714,9.33242179180288,20000,10000,TRUE
50,"diamond",0.6,2,2,"Hoeffding",0.0408,0.00197826590730367,0.0210079244463743,20000,10000,TRUE
50,"diamond",0.6,2,2,"dCov",0.0632,0.00243322337651108,0.327353959102994,5000,10000,FALSE
50,"diamond",0.6,2,2,"HHG",0.7944,0.0040413938189689,3405.50752276897,5000,10000,FALSE
50,"diamond",0.6,2,2,"Genest",0.0511,0.0022020170299069,0.0579027982222199,20000,10000,TRUE
50,"diamond",0.6,2,2,"MIC",0.0852,0.00279179082310978,0.399387535914313,20000,10000,TRUE
50,"diamond",0.6,2,2,"BET",0.0241,0.00153359675273522,18,20000,10000,TRUE
50,"diamond",0.6,2,2,"BEAST",0.5016,0.00499997439993446,0.395809657003567,20000,10000,TRUE
50,"diamond",0.6,2,2,"xi",0.1542,0.00361140360524824,0.171668667466987,20000,10000,TRUE
50,"diamond",0.6,2,2,"HHG_fast",0.4272,0.00494671769964691,0.0650825501909782,20000,10000,TRUE
50,"diamond",0.7,2,2,"B_n",0.8767,0.00328781249465355,9.3990301207677,20000,10000,TRUE
50,"diamond",0.7,2,2,"P_n",0.8725,0.00333532232325453,9.33242179180288,20000,10000,TRUE
50,"diamond",0.7,2,2,"Hoeffding",0.0352,0.00184284996676344,0.0210079244463743,20000,10000,TRUE
50,"diamond",0.7,2,2,"dCov",0.0459,0.00209268225012781,0.333021222504483,5000,10000,FALSE
50,"diamond",0.7,2,2,"HHG",0.6903,0.00462369884399925,3448.31507499454,5000,10000,FALSE
50,"diamond",0.7,2,2,"Genest",0.0486,0.00215030323442997,0.0579027982222199,20000,10000,TRUE
50,"diamond",0.7,2,2,"MIC",0.0808,0.00272527723360395,0.399387535914313,20000,10000,TRUE
50,"diamond",0.7,2,2,"BET",0.0235,0.00151485147786838,18,20000,10000,TRUE
50,"diamond",0.7,2,2,"BEAST",0.4405,0.00496447127094115,0.395809657003567,20000,10000,TRUE
50,"diamond",0.7,2,2,"xi",0.1396,0.00346571551054036,0.171668667466987,20000,10000,TRUE
50,"diamond",0.7,2,2,"HHG_fast",0.3468,0.00475951426093042,0.0650825501909782,20000,10000,TRUE
50,"diamond",0.8,2,2,"B_n",0.8125,0.003903123748999,9.3990301207677,20000,10000,TRUE
50,"diamond",0.8,2,2,"P_n",0.8061,0.00395351476537018,9.33242179180288,20000,10000,TRUE
50,"diamond",0.8,2,2,"Hoeffding",0.0336,0.00180197225283854,0.0210079244463743,20000,10000,TRUE
50,"diamond",0.8,2,2,"dCov",0.057,0.00231842619032826,0.323829386909434,5000,10000,FALSE
50,"diamond",0.8,2,2,"HHG",0.628,0.00483338390778138,3379.96886270171,5000,10000,FALSE
50,"diamond",0.8,2,2,"Genest",0.0424,0.00201499975186103,0.0579027982222199,20000,10000,TRUE
50,"diamond",0.8,2,2,"MIC",0.0725,0.00259313998850814,0.399387535914313,20000,10000,TRUE
50,"diamond",0.8,2,2,"BET",0.0271,0.0016237484411078,18,20000,10000,TRUE
50,"diamond",0.8,2,2,"BEAST",0.374337433743374,0.00483951360615712,0.395809657003567,20000,10000,TRUE
50,"diamond",0.8,2,2,"xi",0.1242,0.00329809581425404,0.171668667466987,20000,10000,TRUE
50,"diamond",0.8,2,2,"HHG_fast",0.2759,0.00446966654237204,0.0650825501909782,20000,10000,TRUE
50,"diamond",0.9,2,2,"B_n",0.7308,0.00443544090254847,9.3990301207677,20000,10000,TRUE
50,"diamond",0.9,2,2,"P_n",0.7213,0.00448359576679254,9.33242179180288,20000,10000,TRUE
50,"diamond",0.9,2,2,"Hoeffding",0.0329,0.00178374858093847,0.0210079244463743,20000,10000,TRUE
50,"diamond",0.9,2,2,"dCov",0.0457,0.00208833689810816,0.330502368396001,5000,10000,FALSE
50,"diamond",0.9,2,2,"HHG",0.5227,0.00499484444202219,3423.51686554834,5000,10000,FALSE
50,"diamond",0.9,2,2,"Genest",0.044,0.00205095099892708,0.0579027982222199,20000,10000,TRUE
50,"diamond",0.9,2,2,"MIC",0.0716,0.00257824436390347,0.399387535914313,20000,10000,TRUE
50,"diamond",0.9,2,2,"BET",0.0295,0.0016920328011005,18,20000,10000,TRUE
50,"diamond",0.9,2,2,"BEAST",0.332666533306661,0.00471168240572717,0.395809657003567,20000,10000,TRUE
50,"diamond",0.9,2,2,"xi",0.1116,0.00314873688961145,0.171668667466987,20000,10000,TRUE
50,"diamond",0.9,2,2,"HHG_fast",0.2395,0.00426778338250666,0.0650825501909782,20000,10000,TRUE
50,"diamond",1,2,2,"B_n",0.6488,0.00477345325733897,9.3990301207677,20000,10000,TRUE
50,"diamond",1,2,2,"P_n",0.639,0.00480290537071052,9.33242179180288,20000,10000,TRUE
50,"diamond",1,2,2,"Hoeffding",0.0307,0.00172503652135252,0.0210079244463743,20000,10000,TRUE
50,"diamond",1,2,2,"dCov",0.0408,0.00197826590730367,0.331024099999654,5000,10000,FALSE
50,"diamond",1,2,2,"HHG",0.4362,0.00495912855247774,3441.16359280423,5000,10000,FALSE
50,"diamond",1,2,2,"Genest",0.0455,0.0020839805661282,0.0579027982222199,20000,10000,TRUE
50,"diamond",1,2,2,"MIC",0.0738,0.00261445137648418,0.399387535914313,20000,10000,TRUE
50,"diamond",1,2,2,"BET",0.0324,0.00177059989833954,18,20000,10000,TRUE
50,"diamond",1,2,2,"BEAST",0.2919,0.00454636547145079,0.395809657003567,20000,10000,TRUE
50,"diamond",1,2,2,"xi",0.1039,0.00305130775242354,0.171668667466987,20000,10000,TRUE
50,"diamond",1,2,2,"HHG_fast",0.2067,0.0040493840272318,0.0650825501909782,20000,10000,TRUE
50,"diamond",1.1,2,2,"B_n",0.5493,0.00497563573827506,9.3990301207677,20000,10000,TRUE
50,"diamond",1.1,2,2,"P_n",0.544,0.00498060237320748,9.33242179180288,20000,10000,TRUE
50,"diamond",1.1,2,2,"Hoeffding",0.0268,0.00161498482965011,0.0210079244463743,20000,10000,TRUE
50,"diamond",1.1,2,2,"dCov",0.0401,0.00196193756271702,0.328254407161799,5000,10000,FALSE
50,"diamond",1.1,2,2,"HHG",0.3352,0.00472060335126772,3464.00513425536,5000,10000,FALSE
50,"diamond",1.1,2,2,"Genest",0.04,0.00195959179422654,0.0579027982222199,20000,10000,TRUE
50,"diamond",1.1,2,2,"MIC",0.0632,0.00243322337651108,0.399387535914313,20000,10000,TRUE
50,"diamond",1.1,2,2,"BET",0.0305,0.00171958570591872,18,20000,10000,TRUE
50,"diamond",1.1,2,2,"BEAST",0.2447,0.00429909188085112,0.395809657003567,20000,10000,TRUE
50,"diamond",1.1,2,2,"xi",0.0961,0.00294728332536931,0.171668667466987,20000,10000,TRUE
50,"diamond",1.1,2,2,"HHG_fast",0.1622,0.00368634181811725,0.0650825501909782,20000,10000,TRUE
50,"diamond",1.2,2,2,"B_n",0.465,0.00498773495687171,9.3990301207677,20000,10000,TRUE
50,"diamond",1.2,2,2,"P_n",0.4587,0.00498291390654103,9.33242179180288,20000,10000,TRUE
50,"diamond",1.2,2,2,"Hoeffding",0.0282,0.00165543831053893,0.0210079244463743,20000,10000,TRUE
50,"diamond",1.2,2,2,"dCov",0.037,0.00188761754600872,0.330678593912192,5000,10000,FALSE
50,"diamond",1.2,2,2,"HHG",0.2871,0.00452408653763387,3443.74625136014,5000,10000,FALSE
50,"diamond",1.2,2,2,"Genest",0.0389,0.00193356639399841,0.0579027982222199,20000,10000,TRUE
50,"diamond",1.2,2,2,"MIC",0.0641,0.00244930990280936,0.399387535914313,20000,10000,TRUE
50,"diamond",1.2,2,2,"BET",0.0293,0.00168646108760327,18,20000,10000,TRUE
50,"diamond",1.2,2,2,"BEAST",0.208520852085209,0.0040625103855974,0.395809657003567,20000,10000,TRUE
50,"diamond",1.2,2,2,"xi",0.0826,0.00275276660834151,0.171668667466987,20000,10000,TRUE
50,"diamond",1.2,2,2,"HHG_fast",0.1338,0.00340437307003801,0.0650825501909782,20000,10000,TRUE
50,"diamond",1.3,2,2,"B_n",0.3956,0.00488979181560933,9.3990301207677,20000,10000,TRUE
50,"diamond",1.3,2,2,"P_n",0.3892,0.00487568825910763,9.33242179180288,20000,10000,TRUE
50,"diamond",1.3,2,2,"Hoeffding",0.0322,0.00176530903810069,0.0210079244463743,20000,10000,TRUE
50,"diamond",1.3,2,2,"dCov",0.0415,0.00199443601050523,0.328727767039999,5000,10000,FALSE
50,"diamond",1.3,2,2,"HHG",0.2468,0.0043114934767433,3422.79194652232,5000,10000,FALSE
50,"diamond",1.3,2,2,"Genest",0.042,0.0020058913230781,0.0579027982222199,20000,10000,TRUE
50,"diamond",1.3,2,2,"MIC",0.0594,0.00236371825732256,0.399387535914313,20000,10000,TRUE
50,"diamond",1.3,2,2,"BET",0.0289,0.001675254905977,18,20000,10000,TRUE
50,"diamond",1.3,2,2,"BEAST",0.1855,0.0038870264984947,0.395809657003567,20000,10000,TRUE
50,"diamond",1.3,2,2,"xi",0.0772,0.00266908523655578,0.171668667466987,20000,10000,TRUE
50,"diamond",1.3,2,2,"HHG_fast",0.1206,0.00325661849162594,0.0650825501909782,20000,10000,TRUE
50,"diamond",1.4,2,2,"B_n",0.3264,0.00468895553401821,9.3990301207677,20000,10000,TRUE
50,"diamond",1.4,2,2,"P_n",0.3218,0.00467166736829582,9.33242179180288,20000,10000,TRUE
50,"diamond",1.4,2,2,"Hoeffding",0.0312,0.00173857872988254,0.0210079244463743,20000,10000,TRUE
50,"diamond",1.4,2,2,"dCov",0.0391,0.00193832891945614,0.328197063365548,5000,10000,FALSE
50,"diamond",1.4,2,2,"HHG",0.1998,0.00399849921845685,3447.42915044734,5000,10000,FALSE
50,"diamond",1.4,2,2,"Genest",0.0379,0.00190954418644869,0.0579027982222199,20000,10000,TRUE
50,"diamond",1.4,2,2,"MIC",0.0611,0.0023951365305552,0.399387535914313,20000,10000,TRUE
50,"diamond",1.4,2,2,"BET",0.0279,0.00164686338231196,18,20000,10000,TRUE
50,"diamond",1.4,2,2,"BEAST",0.164565826330532,0.00370788234892481,0.395809657003567,20000,10000,TRUE
50,"diamond",1.4,2,2,"xi",0.0811,0.00272988626136695,0.171668667466987,20000,10000,TRUE
50,"diamond",1.4,2,2,"HHG_fast",0.1035,0.00304610817273451,0.0650825501909782,20000,10000,TRUE
50,"diamond",1.5,2,2,"B_n",0.2766,0.00447316934622422,9.3990301207677,20000,10000,TRUE
50,"diamond",1.5,2,2,"P_n",0.2714,0.00444681953760213,9.33242179180288,20000,10000,TRUE
50,"diamond",1.5,2,2,"Hoeffding",0.028,0.0016497272501841,0.0210079244463743,20000,10000,TRUE
50,"diamond",1.5,2,2,"dCov",0.0392,0.00194070502653031,0.325954813310425,5000,10000,FALSE
50,"diamond",1.5,2,2,"HHG",0.1787,0.00383100913598493,3408.21281181736,5000,10000,FALSE
50,"diamond",1.5,2,2,"Genest",0.0366,0.00187777634450964,0.0579027982222199,20000,10000,TRUE
50,"diamond",1.5,2,2,"MIC",0.0579,0.00233554254938762,0.399387535914313,20000,10000,TRUE
50,"diamond",1.5,2,2,"BET",0.0297,0.00169758387127117,18,20000,10000,TRUE
50,"diamond",1.5,2,2,"BEAST",0.143957583033213,0.00351046716720793,0.395809657003567,20000,10000,TRUE
50,"diamond",1.5,2,2,"xi",0.0713,0.00257325299960964,0.171668667466987,20000,10000,TRUE
50,"diamond",1.5,2,2,"HHG_fast",0.0881,0.00283440275895999,0.0650825501909782,20000,10000,TRUE
50,"diamond",1.6,2,2,"B_n",0.2349,0.0042393630417788,9.3990301207677,20000,10000,TRUE
50,"diamond",1.6,2,2,"P_n",0.2287,0.00419995607119884,9.33242179180288,20000,10000,TRUE
50,"diamond",1.6,2,2,"Hoeffding",0.0287,0.0016696200166505,0.0210079244463743,20000,10000,TRUE
50,"diamond",1.6,2,2,"dCov",0.037,0.00188761754600872,0.330797944148694,5000,10000,FALSE
50,"diamond",1.6,2,2,"HHG",0.1422,0.00349255150284144,3459.84166371782,5000,10000,FALSE
50,"diamond",1.6,2,2,"Genest",0.0408,0.00197826590730367,0.0579027982222199,20000,10000,TRUE
50,"diamond",1.6,2,2,"MIC",0.058,0.00233743449106066,0.399387535914313,20000,10000,TRUE
50,"diamond",1.6,2,2,"BET",0.0279,0.00164686338231196,18,20000,10000,TRUE
50,"diamond",1.6,2,2,"BEAST",0.122061030515258,0.00327356281969372,0.395809657003567,20000,10000,TRUE
50,"diamond",1.6,2,2,"xi",0.0671,0.00250195103868961,0.171668667466987,20000,10000,TRUE
50,"diamond",1.6,2,2,"HHG_fast",0.0831,0.00276033313206939,0.0650825501909782,20000,10000,TRUE
50,"diamond",1.7,2,2,"B_n",0.2081,0.00405948752923322,9.3990301207677,20000,10000,TRUE
50,"diamond",1.7,2,2,"P_n",0.2036,0.00402674856428856,9.33242179180288,20000,10000,TRUE
50,"diamond",1.7,2,2,"Hoeffding",0.0304,0.00171685293487823,0.0210079244463743,20000,10000,TRUE
50,"diamond",1.7,2,2,"dCov",0.0386,0.00192639663620969,0.327311445598172,5000,10000,FALSE
50,"diamond",1.7,2,2,"HHG",0.1291,0.003353105873664,3450.82417120682,5000,10000,FALSE
50,"diamond",1.7,2,2,"Genest",0.04,0.00195959179422654,0.0579027982222199,20000,10000,TRUE
50,"diamond",1.7,2,2,"MIC",0.0551,0.00228175349238256,0.399387535914313,20000,10000,TRUE
50,"diamond",1.7,2,2,"BET",0.0284,0.00166112732805165,18,20000,10000,TRUE
50,"diamond",1.7,2,2,"BEAST",0.115323064612923,0.00319411420242305,0.395809657003567,20000,10000,TRUE
50,"diamond",1.7,2,2,"xi",0.0588,0.00235249994686504,0.171668667466987,20000,10000,TRUE
50,"diamond",1.7,2,2,"HHG_fast",0.0788,0.00269426353573662,0.0650825501909782,20000,10000,TRUE
50,"diamond",1.8,2,2,"B_n",0.1734,0.00378592709913965,9.3990301207677,20000,10000,TRUE
50,"diamond",1.8,2,2,"P_n",0.1704,0.00375983829439512,9.33242179180288,20000,10000,TRUE
50,"diamond",1.8,2,2,"Hoeffding",0.0307,0.00172503652135252,0.0210079244463743,20000,10000,TRUE
50,"diamond",1.8,2,2,"dCov",0.0401,0.00196193756271702,0.325928086739592,5000,10000,FALSE
50,"diamond",1.8,2,2,"HHG",0.1093,0.00312015240012407,3442.67376035216,5000,10000,FALSE
50,"diamond",1.8,2,2,"Genest",0.0394,0.00194544699233878,0.0579027982222199,20000,10000,TRUE
50,"diamond",1.8,2,2,"MIC",0.0574,0.00232605330979322,0.399387535914313,20000,10000,TRUE
50,"diamond",1.8,2,2,"BET",0.0282,0.00165543831053893,18,20000,10000,TRUE
50,"diamond",1.8,2,2,"BEAST",0.103503503503503,0.00304615377592799,0.395809657003567,20000,10000,TRUE
50,"diamond",1.8,2,2,"xi",0.0662,0.00248631373724235,0.171668667466987,20000,10000,TRUE
50,"diamond",1.8,2,2,"HHG_fast",0.0691,0.0025362411162979,0.0650825501909782,20000,10000,TRUE
50,"diamond",1.9,2,2,"B_n",0.1515,0.00358535563089633,9.3990301207677,20000,10000,TRUE
50,"diamond",1.9,2,2,"P_n",0.1491,0.00356187015484843,9.33242179180288,20000,10000,TRUE
50,"diamond",1.9,2,2,"Hoeffding",0.0337,0.00180455839473263,0.0210079244463743,20000,10000,TRUE
50,"diamond",1.9,2,2,"dCov",0.0352,0.00184284996676344,0.331947114210937,5000,10000,FALSE
50,"diamond",1.9,2,2,"HHG",0.0983,0.00297719851538321,3460.74015685077,5000,10000,FALSE
50,"diamond",1.9,2,2,"Genest",0.0422,0.00201045169054121,0.0579027982222199,20000,10000,TRUE
50,"diamond",1.9,2,2,"MIC",0.0565,0.00230884711490389,0.399387535914313,20000,10000,TRUE
50,"diamond",1.9,2,2,"BET",0.0338,0.00180714028232453,18,20000,10000,TRUE
50,"diamond",1.9,2,2,"BEAST",0.100390351316185,0.00300519764206612,0.395809657003567,20000,10000,TRUE
50,"diamond",1.9,2,2,"xi",0.0663,0.00248805767618036,0.171668667466987,20000,10000,TRUE
50,"diamond",1.9,2,2,"HHG_fast",0.0697,0.00254640746935757,0.0650825501909782,20000,10000,TRUE
50,"diamond",2,2,2,"B_n",0.1327,0.00339250217391235,9.3990301207677,20000,10000,TRUE
50,"diamond",2,2,2,"P_n",0.1306,0.00336962371786525,9.33242179180288,20000,10000,TRUE
50,"diamond",2,2,2,"Hoeffding",0.0352,0.00184284996676344,0.0210079244463743,20000,10000,TRUE
50,"diamond",2,2,2,"dCov",0.0456,0.00208616010890823,0.325813247628599,5000,10000,FALSE
50,"diamond",2,2,2,"HHG",0.0951,0.00293353012597451,3416.83610428473,5000,10000,FALSE
50,"diamond",2,2,2,"Genest",0.0438,0.00204649847300212,0.0579027982222199,20000,10000,TRUE
50,"diamond",2,2,2,"MIC",0.0581,0.00233932447514234,0.399387535914313,20000,10000,TRUE
50,"diamond",2,2,2,"BET",0.0309,0.00173046785581241,18,20000,10000,TRUE
50,"diamond",2,2,2,"BEAST",0.093349358974359,0.00290921391708199,0.395809657003567,20000,10000,TRUE
50,"diamond",2,2,2,"xi",0.0628,0.0024260288539092,0.171668667466987,20000,10000,TRUE
50,"diamond",2,2,2,"HHG_fast",0.0651,0.00246702229418382,0.0650825501909782,20000,10000,TRUE
50,"heteroscedastic",0.1,2,2,"B_n",0.9954,0.0006766712643522,9.3990301207677,20000,10000,TRUE
50,"heteroscedastic",0.1,2,2,"P_n",0.9951,0.00069828289396204,9.33242179180288,20000,10000,TRUE
50,"heteroscedastic",0.1,2,2,"Hoeffding",0.8629,0.00343952889215951,0.0210079244463743,20000,10000,TRUE
50,"heteroscedastic",0.1,2,2,"dCov",0.9782,0.00146029996918442,0.342011098787382,5000,10000,FALSE
50,"heteroscedastic",0.1,2,2,"HHG",0.9965,0.000590571756859397,3408.41292983849,5000,10000,FALSE
50,"heteroscedastic",0.1,2,2,"Genest",0.7916,0.00406164301730223,0.0579027982222199,20000,10000,TRUE
50,"heteroscedastic",0.1,2,2,"MIC",0.8167,0.00386912276879398,0.399387535914313,20000,10000,TRUE
50,"heteroscedastic",0.1,2,2,"BET",0.8383,0.00368175379404979,18,20000,10000,TRUE
50,"heteroscedastic",0.1,2,2,"BEAST",0.8205,0.003837704391951,0.395809657003567,20000,10000,TRUE
50,"heteroscedastic",0.1,2,2,"xi",0.8177,0.00386091582399824,0.171668667466987,20000,10000,TRUE
50,"heteroscedastic",0.1,2,2,"HHG_fast",0.9841,0.00125088728509007,0.0650825501909782,20000,10000,TRUE
50,"heteroscedastic",0.2,2,2,"B_n",0.9819,0.00133313127635653,9.3990301207677,20000,10000,TRUE
50,"heteroscedastic",0.2,2,2,"P_n",0.9811,0.00136171913403609,9.33242179180288,20000,10000,TRUE
50,"heteroscedastic",0.2,2,2,"Hoeffding",0.7223,0.00447864611238709,0.0210079244463743,20000,10000,TRUE
50,"heteroscedastic",0.2,2,2,"dCov",0.957,0.00202857092555326,0.341235727140849,5000,10000,FALSE
50,"heteroscedastic",0.2,2,2,"HHG",0.9862,0.00116660018858219,3417.37395732595,5000,10000,FALSE
50,"heteroscedastic",0.2,2,2,"Genest",0.6503,0.00476875151376123,0.0579027982222199,20000,10000,TRUE
50,"heteroscedastic",0.2,2,2,"MIC",0.7303,0.00443803909401438,0.399387535914313,20000,10000,TRUE
50,"heteroscedastic",0.2,2,2,"BET",0.7466,0.00434957974981492,18,20000,10000,TRUE
50,"heteroscedastic",0.2,2,2,"BEAST",0.7024,0.00457202624664382,0.395809657003567,20000,10000,TRUE
50,"heteroscedastic",0.2,2,2,"xi",0.7074,0.00454956305594284,0.171668667466987,20000,10000,TRUE
50,"heteroscedastic",0.2,2,2,"HHG_fast",0.947,0.00224033479640879,0.0650825501909782,20000,10000,TRUE
50,"heteroscedastic",0.3,2,2,"B_n",0.9431,0.00231651440746653,9.3990301207677,20000,10000,TRUE
50,"heteroscedastic",0.3,2,2,"P_n",0.9399,0.00237672021912551,9.33242179180288,20000,10000,TRUE
50,"heteroscedastic",0.3,2,2,"Hoeffding",0.5504,0.00497453354597192,0.0210079244463743,20000,10000,TRUE
50,"heteroscedastic",0.3,2,2,"dCov",0.903,0.00295957767257425,0.339781646301093,5000,10000,FALSE
50,"heteroscedastic",0.3,2,2,"HHG",0.962,0.0019119623427254,3359.8746795157,5000,10000,FALSE
50,"heteroscedastic",0.3,2,2,"Genest",0.4961,0.00499984789768649,0.0579027982222199,20000,10000,TRUE
50,"heteroscedastic",0.3,2,2,"MIC",0.6212,0.00485088198166065,0.399387535914313,20000,10000,TRUE
50,"heteroscedastic",0.3,2,2,"BET",0.6303,0.00482723430133653,18,20000,10000,TRUE
50,"heteroscedastic",0.3,2,2,"BEAST",0.5658,0.00495651450113888,0.395809657003567,20000,10000,TRUE
50,"heteroscedastic",0.3,2,2,"xi",0.5778,0.00493910072786535,0.171668667466987,20000,10000,TRUE
50,"heteroscedastic",0.3,2,2,"HHG_fast",0.8688,0.00337618956813743,0.0650825501909782,20000,10000,TRUE
50,"heteroscedastic",0.4,2,2,"B_n",0.873,0.00332972971876097,9.3990301207677,20000,10000,TRUE
50,"heteroscedastic",0.4,2,2,"P_n",0.8686,0.00337837298118488,9.33242179180288,20000,10000,TRUE
50,"heteroscedastic",0.4,2,2,"Hoeffding",0.399,0.00489692760820497,0.0210079244463743,20000,10000,TRUE
50,"heteroscedastic",0.4,2,2,"dCov",0.8049,0.00396277667803776,0.343100881011626,5000,10000,FALSE
50,"heteroscedastic",0.4,2,2,"HHG",0.8942,0.00307581468882636,3469.71499562578,5000,10000,FALSE
50,"heteroscedastic",0.4,2,2,"Genest",0.3679,0.00482233957742505,0.0579027982222199,20000,10000,TRUE
50,"heteroscedastic",0.4,2,2,"MIC",0.495,0.00499974999374969,0.399387535914313,20000,10000,TRUE
50,"heteroscedastic",0.4,2,2,"BET",0.4859,0.0049980115045886,18,20000,10000,TRUE
50,"heteroscedastic",0.4,2,2,"BEAST",0.4228,0.00494004210508372,0.395809657003567,20000,10000,TRUE
50,"heteroscedastic",0.4,2,2,"xi",0.4491,0.00497402442696053,0.171668667466987,20000,10000,TRUE
50,"heteroscedastic",0.4,2,2,"HHG_fast",0.75,0.00433012701892219,0.0650825501909782,20000,10000,TRUE
50,"heteroscedastic",0.5,2,2,"B_n",0.7777,0.00415791666583158,9.3990301207677,20000,10000,TRUE
50,"heteroscedastic",0.5,2,2,"P_n",0.772,0.00419542608086473,9.33242179180288,20000,10000,TRUE
50,"heteroscedastic",0.5,2,2,"Hoeffding",0.2909,0.00454177487332871,0.0210079244463743,20000,10000,TRUE
50,"heteroscedastic",0.5,2,2,"dCov",0.7333,0.00442234225269822,0.335541432021567,5000,10000,FALSE
50,"heteroscedastic",0.5,2,2,"HHG",0.8232,0.00381499357797625,3389.66408110889,5000,10000,FALSE
50,"heteroscedastic",0.5,2,2,"Genest",0.2657,0.00441705229763017,0.0579027982222199,20000,10000,TRUE
50,"heteroscedastic",0.5,2,2,"MIC",0.3839,0.00486334031299476,0.399387535914313,20000,10000,TRUE
50,"heteroscedastic",0.5,2,2,"BET",0.3744,0.00483967602221471,18,20000,10000,TRUE
50,"heteroscedastic",0.5,2,2,"BEAST",0.320364072814563,0.00466616473845736,0.395809657003567,20000,10000,TRUE
50,"heteroscedastic",0.5,2,2,"xi",0.3538,0.00478148052385451,0.171668667466987,20000,10000,TRUE
50,"heteroscedastic",0.5,2,2,"HHG_fast",0.6353,0.00481345935892265,0.0650825501909782,20000,10000,TRUE
50,"heteroscedastic",0.6,2,2,"B_n",0.6816,0.00465855599944876,9.3990301207677,20000,10000,TRUE
50,"heteroscedastic",0.6,2,2,"P_n",0.6756,0.00468150232297283,9.33242179180288,20000,10000,TRUE
50,"heteroscedastic",0.6,2,2,"Hoeffding",0.2235,0.00416590626394786,0.0210079244463743,20000,10000,TRUE
50,"heteroscedastic",0.6,2,2,"dCov",0.5982,0.0049026192999253,0.340653556635491,5000,10000,FALSE
50,"heteroscedastic",0.6,2,2,"HHG",0.731,0.00443439962114377,3406.7500026174,5000,10000,FALSE
50,"heteroscedastic",0.6,2,2,"Genest",0.2009,0.00400673420630818,0.0579027982222199,20000,10000,TRUE
50,"heteroscedastic",0.6,2,2,"MIC",0.2892,0.00453390957121996,0.399387535914313,20000,10000,TRUE
50,"heteroscedastic",0.6,2,2,"BET",0.2909,0.00454177487332871,18,20000,10000,TRUE
50,"heteroscedastic",0.6,2,2,"BEAST",0.251625812906453,0.00433947304618452,0.395809657003567,20000,10000,TRUE
50,"heteroscedastic",0.6,2,2,"xi",0.2712,0.00444579081829094,0.171668667466987,20000,10000,TRUE
50,"heteroscedastic",0.6,2,2,"HHG_fast",0.5164,0.00499730967621579,0.0650825501909782,20000,10000,TRUE
50,"heteroscedastic",0.7,2,2,"B_n",0.5918,0.00491500518819665,9.3990301207677,20000,10000,TRUE
50,"heteroscedastic",0.7,2,2,"P_n",0.5861,0.0049253100410025,9.33242179180288,20000,10000,TRUE
50,"heteroscedastic",0.7,2,2,"Hoeffding",0.1681,0.00373955064145413,0.0210079244463743,20000,10000,TRUE
50,"heteroscedastic",0.7,2,2,"dCov",0.5097,0.00499905901145406,0.337551783680402,5000,10000,FALSE
50,"heteroscedastic",0.7,2,2,"HHG",0.6439,0.00478845267283702,3401.79542228784,5000,10000,FALSE
50,"heteroscedastic",0.7,2,2,"Genest",0.1574,0.00364177484202415,0.0579027982222199,20000,10000,TRUE
50,"heteroscedastic",0.7,2,2,"MIC",0.2286,0.00419930994331212,0.399387535914313,20000,10000,TRUE
50,"heteroscedastic",0.7,2,2,"BET",0.2167,0.00411996492703518,18,20000,10000,TRUE
50,"heteroscedastic",0.7,2,2,"BEAST",0.191676670668267,0.00393620025646303,0.395809657003567,20000,10000,TRUE
50,"heteroscedastic",0.7,2,2,"xi",0.22,0.0041424630354416,0.171668667466987,20000,10000,TRUE
50,"heteroscedastic",0.7,2,2,"HHG_fast",0.4152,0.00492756491585854,0.0650825501909782,20000,10000,TRUE
50,"heteroscedastic",0.8,2,2,"B_n",0.5027,0.00499992709946855,9.3990301207677,20000,10000,TRUE
50,"heteroscedastic",0.8,2,2,"P_n",0.4983,0.00499997109991648,9.33242179180288,20000,10000,TRUE
50,"heteroscedastic",0.8,2,2,"Hoeffding",0.1438,0.00350886819359177,0.0210079244463743,20000,10000,TRUE
50,"heteroscedastic",0.8,2,2,"dCov",0.3945,0.00488743030640847,0.342149776281349,5000,10000,FALSE
50,"heteroscedastic",0.8,2,2,"HHG",0.5378,0.00498569112561137,3437.35918891774,5000,10000,FALSE
50,"heteroscedastic",0.8,2,2,"Genest",0.1359,0.00342682345620547,0.0579027982222199,20000,10000,TRUE
50,"heteroscedastic",0.8,2,2,"MIC",0.1835,0.00387075896950456,0.399387535914313,20000,10000,TRUE
50,"heteroscedastic",0.8,2,2,"BET",0.1767,0.00381414616919698,18,20000,10000,TRUE
50,"heteroscedastic",0.8,2,2,"BEAST",0.162797678607164,0.00369180977905529,0.395809657003567,20000,10000,TRUE
50,"heteroscedastic",0.8,2,2,"xi",0.1865,0.00389509627608869,0.171668667466987,20000,10000,TRUE
50,"heteroscedastic",0.8,2,2,"HHG_fast",0.3335,0.00471463413214642,0.0650825501909782,20000,10000,TRUE
50,"heteroscedastic",0.9,2,2,"B_n",0.4251,0.00494358159637322,9.3990301207677,20000,10000,TRUE
50,"heteroscedastic",0.9,2,2,"P_n",0.4203,0.00493607040063247,9.33242179180288,20000,10000,TRUE
50,"heteroscedastic",0.9,2,2,"Hoeffding",0.1238,0.00329353245012099,0.0210079244463743,20000,10000,TRUE
50,"heteroscedastic",0.9,2,2,"dCov",0.3573,0.00479204246642285,0.335815910397414,5000,10000,FALSE
50,"heteroscedastic",0.9,2,2,"HHG",0.4566,0.00498112878773476,3424.30565088357,5000,10000,FALSE
50,"heteroscedastic",0.9,2,2,"Genest",0.1133,0.0031695916140727,0.0579027982222199,20000,10000,TRUE
50,"heteroscedastic",0.9,2,2,"MIC",0.1461,0.00353206441051122,0.399387535914313,20000,10000,TRUE
50,"heteroscedastic",0.9,2,2,"BET",0.1449,0.00351999985795454,18,20000,10000,TRUE
50,"heteroscedastic",0.9,2,2,"BEAST",0.135681408845307,0.00342449943990446,0.395809657003567,20000,10000,TRUE
50,"heteroscedastic",0.9,2,2,"xi",0.149,0.00356088472152638,0.171668667466987,20000,10000,TRUE
50,"heteroscedastic",0.9,2,2,"HHG_fast",0.2703,0.00444114748685517,0.0650825501909782,20000,10000,TRUE
50,"heteroscedastic",1,2,2,"B_n",0.3568,0.00479055069903242,9.3990301207677,20000,10000,TRUE
50,"heteroscedastic",1,2,2,"P_n",0.3511,0.00477314141839523,9.33242179180288,20000,10000,TRUE
50,"heteroscedastic",1,2,2,"Hoeffding",0.0973,0.0029636583811229,0.0210079244463743,20000,10000,TRUE
50,"heteroscedastic",1,2,2,"dCov",0.3087,0.00461957043457506,0.332304771391235,5000,10000,FALSE
50,"heteroscedastic",1,2,2,"HHG",0.3897,0.00487682181343547,3416.60912411541,5000,10000,FALSE
50,"heteroscedastic",1,2,2,"Genest",0.0953,0.00293628864384958,0.0579027982222199,20000,10000,TRUE
50,"heteroscedastic",1,2,2,"MIC",0.1279,0.00333978427447043,0.399387535914313,20000,10000,TRUE
50,"heteroscedastic",1,2,2,"BET",0.1226,0.00327977499228224,18,20000,10000,TRUE
50,"heteroscedastic",1,2,2,"BEAST",0.11655827913957,0.0032089320139821,0.395809657003567,20000,10000,TRUE
50,"heteroscedastic",1,2,2,"xi",0.1272,0.00333196878736881,0.171668667466987,20000,10000,TRUE
50,"heteroscedastic",1,2,2,"HHG_fast",0.22,0.0041424630354416,0.0650825501909782,20000,10000,TRUE
50,"heteroscedastic",1.1,2,2,"B_n",0.3095,0.00462287518758618,9.3990301207677,20000,10000,TRUE
50,"heteroscedastic",1.1,2,2,"P_n",0.3055,0.00460618877164191,9.33242179180288,20000,10000,TRUE
50,"heteroscedastic",1.1,2,2,"Hoeffding",0.0924,0.00289589778825151,0.0210079244463743,20000,10000,TRUE
50,"heteroscedastic",1.1,2,2,"dCov",0.2454,0.00430324110409817,0.336763975176824,5000,10000,FALSE
50,"heteroscedastic",1.1,2,2,"HHG",0.3294,0.0046999536167924,3422.95458577381,5000,10000,FALSE
50,"heteroscedastic",1.1,2,2,"Genest",0.0917,0.00288601992370115,0.0579027982222199,20000,10000,TRUE
50,"heteroscedastic",1.1,2,2,"MIC",0.1125,0.00315980616494113,0.399387535914313,20000,10000,TRUE
50,"heteroscedastic",1.1,2,2,"BET",0.1045,0.00305908074427597,18,20000,10000,TRUE
50,"heteroscedastic",1.1,2,2,"BEAST",0.103582866293034,0.00304718650731382,0.395809657003567,20000,10000,TRUE
50,"heteroscedastic",1.1,2,2,"xi",0.1088,0.00311388117949288,0.171668667466987,20000,10000,TRUE
50,"heteroscedastic",1.1,2,2,"HHG_fast",0.1873,0.00390152162623764,0.0650825501909782,20000,10000,TRUE
50,"heteroscedastic",1.2,2,2,"B_n",0.2611,0.00439234322429384,9.3990301207677,20000,10000,TRUE
50,"heteroscedastic",1.2,2,2,"P_n",0.2574,0.00437201601094964,9.33242179180288,20000,10000,TRUE
50,"heteroscedastic",1.2,2,2,"Hoeffding",0.0888,0.00284454847032003,0.0210079244463743,20000,10000,TRUE
50,"heteroscedastic",1.2,2,2,"dCov",0.2302,0.00420960758266136,0.332207179642062,5000,10000,FALSE
50,"heteroscedastic",1.2,2,2,"HHG",0.2791,0.00448556785702769,3447.91886903295,5000,10000,FALSE
50,"heteroscedastic",1.2,2,2,"Genest",0.0829,0.00275731010225546,0.0579027982222199,20000,10000,TRUE
50,"heteroscedastic",1.2,2,2,"MIC",0.098,0.00297314648142334,0.399387535914313,20000,10000,TRUE
50,"heteroscedastic",1.2,2,2,"BET",0.0848,0.00278583847342232,18,20000,10000,TRUE
50,"heteroscedastic",1.2,2,2,"BEAST",0.0945567340404243,0.00292601705545324,0.395809657003567,20000,10000,TRUE
50,"heteroscedastic",1.2,2,2,"xi",0.0964,0.00295139018091475,0.171668667466987,20000,10000,TRUE
50,"heteroscedastic",1.2,2,2,"HHG_fast",0.1631,0.00369456885170652,0.0650825501909782,20000,10000,TRUE
50,"heteroscedastic",1.3,2,2,"B_n",0.2335,0.00423057620189023,9.3990301207677,20000,10000,TRUE
50,"heteroscedastic",1.3,2,2,"P_n",0.2288,0.0042006018616384,9.33242179180288,20000,10000,TRUE
50,"heteroscedastic",1.3,2,2,"Hoeffding",0.0793,0.00270206421093208,0.0210079244463743,20000,10000,TRUE
50,"heteroscedastic",1.3,2,2,"dCov",0.1793,0.00383603323760366,0.337499316285812,5000,10000,FALSE
50,"heteroscedastic",1.3,2,2,"HHG",0.2466,0.00431031831771158,3424.64331923782,5000,10000,FALSE
50,"heteroscedastic",1.3,2,2,"Genest",0.0741,0.00261933560278174,0.0579027982222199,20000,10000,TRUE
50,"heteroscedastic",1.3,2,2,"MIC",0.0865,0.00281100960510632,0.399387535914313,20000,10000,TRUE
50,"heteroscedastic",1.3,2,2,"BET",0.0804,0.00271911456176455,18,20000,10000,TRUE
50,"heteroscedastic",1.3,2,2,"BEAST",0.0876226717404366,0.00282745360947805,0.395809657003567,20000,10000,TRUE
50,"heteroscedastic",1.3,2,2,"xi",0.0933,0.00290852385240348,0.171668667466987,20000,10000,TRUE
50,"heteroscedastic",1.3,2,2,"HHG_fast",0.1429,0.00349970841642557,0.0650825501909782,20000,10000,TRUE
50,"heteroscedastic",1.4,2,2,"B_n",0.2045,0.00403335778229504,9.3990301207677,20000,10000,TRUE
50,"heteroscedastic",1.4,2,2,"P_n",0.2013,0.00400971707231321,9.33242179180288,20000,10000,TRUE
50,"heteroscedastic",1.4,2,2,"Hoeffding",0.0706,0.00256155499648163,0.0210079244463743,20000,10000,TRUE
50,"heteroscedastic",1.4,2,2,"dCov",0.1599,0.00366513287617243,0.334252078078718,5000,10000,FALSE
50,"heteroscedastic",1.4,2,2,"HHG",0.2049,0.00403628529715133,3452.00219279326,5000,10000,FALSE
50,"heteroscedastic",1.4,2,2,"Genest",0.0667,0.00249501723440941,0.0579027982222199,20000,10000,TRUE
50,"heteroscedastic",1.4,2,2,"MIC",0.0794,0.0027036205355042,0.399387535914313,20000,10000,TRUE
50,"heteroscedastic",1.4,2,2,"BET",0.0746,0.00262744819168714,18,20000,10000,TRUE
50,"heteroscedastic",1.4,2,2,"BEAST",0.0778167250876314,0.00267882963967975,0.395809657003567,20000,10000,TRUE
50,"heteroscedastic",1.4,2,2,"xi",0.0813,0.00273295279871424,0.171668667466987,20000,10000,TRUE
50,"heteroscedastic",1.4,2,2,"HHG_fast",0.118,0.00322608121410482,0.0650825501909782,20000,10000,TRUE
50,"heteroscedastic",1.5,2,2,"B_n",0.1839,0.00387402620022116,9.3990301207677,20000,10000,TRUE
50,"heteroscedastic",1.5,2,2,"P_n",0.1824,0.00386173846861747,9.33242179180288,20000,10000,TRUE
50,"heteroscedastic",1.5,2,2,"Hoeffding",0.074,0.00261770892193918,0.0210079244463743,20000,10000,TRUE
50,"heteroscedastic",1.5,2,2,"dCov",0.1722,0.00377554181542199,0.328416996642753,5000,10000,FALSE
50,"heteroscedastic",1.5,2,2,"HHG",0.2028,0.00402084767182245,3370.55151876931,5000,10000,FALSE
50,"heteroscedastic",1.5,2,2,"Genest",0.0694,0.00254133114725334,0.0579027982222199,20000,10000,TRUE
50,"heteroscedastic",1.5,2,2,"MIC",0.0769,0.0026643271195557,0.399387535914313,20000,10000,TRUE
50,"heteroscedastic",1.5,2,2,"BET",0.0659,0.00248107214727827,18,20000,10000,TRUE
50,"heteroscedastic",1.5,2,2,"BEAST",0.0772235576923077,0.00266945836883909,0.395809657003567,20000,10000,TRUE
50,"heteroscedastic",1.5,2,2,"xi",0.0789,0.00269582621843471,0.171668667466987,20000,10000,TRUE
50,"heteroscedastic",1.5,2,2,"HHG_fast",0.112,0.00315366453510832,0.0650825501909782,20000,10000,TRUE
50,"heteroscedastic",1.6,2,2,"B_n",0.1614,0.0036789949714562,9.3990301207677,20000,10000,TRUE
50,"heteroscedastic",1.6,2,2,"P_n",0.16,0.00366606055596467,9.33242179180288,20000,10000,TRUE
50,"heteroscedastic",1.6,2,2,"Hoeffding",0.0637,0.00244217751197574,0.0210079244463743,20000,10000,TRUE
50,"heteroscedastic",1.6,2,2,"dCov",0.1188,0.00323553025020629,0.339746430721904,5000,10000,FALSE
50,"heteroscedastic",1.6,2,2,"HHG",0.1583,0.00365022067826043,3459.41880680951,5000,10000,FALSE
50,"heteroscedastic",1.6,2,2,"Genest",0.0628,0.0024260288539092,0.0579027982222199,20000,10000,TRUE
50,"heteroscedastic",1.6,2,2,"MIC",0.0674,0.00250713461944109,0.399387535914313,20000,10000,TRUE
50,"heteroscedastic",1.6,2,2,"BET",0.0604,0.00238226446894546,18,20000,10000,TRUE
50,"heteroscedastic",1.6,2,2,"BEAST",0.0658592733460114,0.0024803594388787,0.395809657003567,20000,10000,TRUE
50,"heteroscedastic",1.6,2,2,"xi",0.067,0.00250021999032085,0.171668667466987,20000,10000,TRUE
50,"heteroscedastic",1.6,2,2,"HHG_fast",0.0977,0.00296908588626197,0.0650825501909782,20000,10000,TRUE
50,"heteroscedastic",1.7,2,2,"B_n",0.1433,0.0035037852388524,9.3990301207677,20000,10000,TRUE
50,"heteroscedastic",1.7,2,2,"P_n",0.1413,0.00348330747996785,9.33242179180288,20000,10000,TRUE
50,"heteroscedastic",1.7,2,2,"Hoeffding",0.062,0.00241155551460048,0.0210079244463743,20000,10000,TRUE
50,"heteroscedastic",1.7,2,2,"dCov",0.1128,0.00316348162630985,0.336703238772061,5000,10000,FALSE
50,"heteroscedastic",1.7,2,2,"HHG",0.1563,0.00363139518642629,3376.10050680788,5000,10000,FALSE
50,"heteroscedastic",1.7,2,2,"Genest",0.0601,0.00237672021912551,0.0579027982222199,20000,10000,TRUE
50,"heteroscedastic",1.7,2,2,"MIC",0.0694,0.00254133114725334,0.399387535914313,20000,10000,TRUE
50,"heteroscedastic",1.7,2,2,"BET",0.0549,0.00227784964385273,18,20000,10000,TRUE
50,"heteroscedastic",1.7,2,2,"BEAST",0.0639959939909865,0.00244745800258334,0.395809657003567,20000,10000,TRUE
50,"heteroscedastic",1.7,2,2,"xi",0.0705,0.00255987792677698,0.171668667466987,20000,10000,TRUE
50,"heteroscedastic",1.7,2,2,"HHG_fast",0.088,0.00283294899354012,0.0650825501909782,20000,10000,TRUE
50,"heteroscedastic",1.8,2,2,"B_n",0.1241,0.00329695602033148,9.3990301207677,20000,10000,TRUE
50,"heteroscedastic",1.8,2,2,"P_n",0.1231,0.00328551959361073,9.33242179180288,20000,10000,TRUE
50,"heteroscedastic",1.8,2,2,"Hoeffding",0.0616,0.00240427619045733,0.0210079244463743,20000,10000,TRUE
50,"heteroscedastic",1.8,2,2,"dCov",0.0992,0.0029893035978301,0.336457473109729,5000,10000,FALSE
50,"heteroscedastic",1.8,2,2,"HHG",0.1341,0.00340759724732839,3409.69733984072,5000,10000,FALSE
50,"heteroscedastic",1.8,2,2,"Genest",0.0553,0.00228564892317259,0.0579027982222199,20000,10000,TRUE
50,"heteroscedastic",1.8,2,2,"MIC",0.0616,0.00240427619045733,0.399387535914313,20000,10000,TRUE
50,"heteroscedastic",1.8,2,2,"BET",0.0563,0.00230500130151807,18,20000,10000,TRUE
50,"heteroscedastic",1.8,2,2,"BEAST",0.0561392975082558,0.0023019052279261,0.395809657003567,20000,10000,TRUE
50,"heteroscedastic",1.8,2,2,"xi",0.0662,0.00248631373724235,0.171668667466987,20000,10000,TRUE
50,"heteroscedastic",1.8,2,2,"HHG_fast",0.0793,0.00270206421093208,0.0650825501909782,20000,10000,TRUE
50,"heteroscedastic",1.9,2,2,"B_n",0.1195,0.00324375939304998,9.3990301207677,20000,10000,TRUE
50,"heteroscedastic",1.9,2,2,"P_n",0.1186,0.00323317243585924,9.33242179180288,20000,10000,TRUE
50,"heteroscedastic",1.9,2,2,"Hoeffding",0.0559,0.00229728513685176,0.0210079244463743,20000,10000,TRUE
50,"heteroscedastic",1.9,2,2,"dCov",0.0929,0.00290292249293707,0.336605283948751,5000,10000,FALSE
50,"heteroscedastic",1.9,2,2,"HHG",0.1203,0.00325312019452095,3426.36393286952,5000,10000,FALSE
50,"heteroscedastic",1.9,2,2,"Genest",0.0558,0.00229535095355808,0.0579027982222199,20000,10000,TRUE
50,"heteroscedastic",1.9,2,2,"MIC",0.0604,0.00238226446894546,0.399387535914313,20000,10000,TRUE
50,"heteroscedastic",1.9,2,2,"BET",0.0527,0.00223433905215838,18,20000,10000,TRUE
50,"heteroscedastic",1.9,2,2,"BEAST",0.0596132652038874,0.00236768924936568,0.395809657003567,20000,10000,TRUE
50,"heteroscedastic",1.9,2,2,"xi",0.0621,0.00241337087908179,0.171668667466987,20000,10000,TRUE
50,"heteroscedastic",1.9,2,2,"HHG_fast",0.0749,0.00263229918512315,0.0650825501909782,20000,10000,TRUE
50,"heteroscedastic",2,2,2,"B_n",0.1088,0.00311388117949288,9.3990301207677,20000,10000,TRUE
50,"heteroscedastic",2,2,2,"P_n",0.1078,0.00310127651137399,9.33242179180288,20000,10000,TRUE
50,"heteroscedastic",2,2,2,"Hoeffding",0.0589,0.00235437443920885,0.0210079244463743,20000,10000,TRUE
50,"heteroscedastic",2,2,2,"dCov",0.097,0.00295957767257425,0.332090230084313,5000,10000,FALSE
50,"heteroscedastic",2,2,2,"HHG",0.1121,0.00315489445148328,3435.06822687761,5000,10000,FALSE
50,"heteroscedastic",2,2,2,"Genest",0.0528,0.00223633986683599,0.0579027982222199,20000,10000,TRUE
50,"heteroscedastic",2,2,2,"MIC",0.0564,0.0023069252263565,0.399387535914313,20000,10000,TRUE
50,"heteroscedastic",2,2,2,"BET",0.0485,0.00214820273717357,18,20000,10000,TRUE
50,"heteroscedastic",2,2,2,"BEAST",0.0595774506858917,0.0023670229837427,0.395809657003567,20000,10000,TRUE
50,"heteroscedastic",2,2,2,"xi",0.0594,0.00236371825732256,0.171668667466987,20000,10000,TRUE
50,"heteroscedastic",2,2,2,"HHG_fast",0.0732,0.00260464508138825,0.0650825501909782,20000,10000,TRUE
50,"lattice",0.1,2,2,"B_n",0.9998,0.0001414072133945,9.3990301207677,20000,10000,TRUE
50,"lattice",0.1,2,2,"P_n",0.9998,0.0001414072133945,9.33242179180288,20000,10000,TRUE
50,"lattice",0.1,2,2,"Hoeffding",0.1217,0.00326939000426685,0.0210079244463743,20000,10000,TRUE
50,"lattice",0.1,2,2,"dCov",0.139,0.00345946527659984,0.318482563869127,5000,10000,FALSE
50,"lattice",0.1,2,2,"HHG",0.9811,0.00136171913403609,3471.13629158327,5000,10000,FALSE
50,"lattice",0.1,2,2,"Genest",0.1026,0.00303435726307895,0.0579027982222199,20000,10000,TRUE
50,"lattice",0.1,2,2,"MIC",0.582,0.0049323016939356,0.399387535914313,20000,10000,TRUE
50,"lattice",0.1,2,2,"BET",0.0178,0.0013222390101642,18,20000,10000,TRUE
50,"lattice",0.1,2,2,"BEAST",0.9892,0.00103360340556715,0.395809657003567,20000,10000,TRUE
50,"lattice",0.1,2,2,"xi",0.4119,0.00492177193701618,0.171668667466987,20000,10000,TRUE
50,"lattice",0.1,2,2,"HHG_fast",0.9965,0.000590571756859397,0.0650825501909782,20000,10000,TRUE
50,"lattice",0.2,2,2,"B_n",0.9999,9.99949998749882e-05,9.3990301207677,20000,10000,TRUE
50,"lattice",0.2,2,2,"P_n",0.9999,9.99949998749882e-05,9.33242179180288,20000,10000,TRUE
50,"lattice",0.2,2,2,"Hoeffding",0.1121,0.00315489445148328,0.0210079244463743,20000,10000,TRUE
50,"lattice",0.2,2,2,"dCov",0.1111,0.00314255930731625,0.324744385465436,5000,10000,FALSE
50,"lattice",0.2,2,2,"HHG",0.9676,0.00177059989833954,3524.18797638125,5000,10000,FALSE
50,"lattice",0.2,2,2,"Genest",0.1,0.003,0.0579027982222199,20000,10000,TRUE
50,"lattice",0.2,2,2,"MIC",0.4975,0.00499993749960937,0.399387535914313,20000,10000,TRUE
50,"lattice",0.2,2,2,"BET",0.0195,0.00138274184141509,18,20000,10000,TRUE
50,"lattice",0.2,2,2,"BEAST",0.9853,0.0012034911715505,0.395809657003567,20000,10000,TRUE
50,"lattice",0.2,2,2,"xi",0.3924,0.0048828499874561,0.171668667466987,20000,10000,TRUE
50,"lattice",0.2,2,2,"HHG_fast",0.9921,0.00088530164350915,0.0650825501909782,20000,10000,TRUE
50,"lattice",0.3,2,2,"B_n",0.9997,0.000173179098045915,9.3990301207677,20000,10000,TRUE
50,"lattice",0.3,2,2,"P_n",0.9997,0.000173179098045915,9.33242179180288,20000,10000,TRUE
50,"lattice",0.3,2,2,"Hoeffding",0.1014,0.00301857648569653,0.0210079244463743,20000,10000,TRUE
50,"lattice",0.3,2,2,"dCov",0.098,0.00297314648142334,0.326296635613914,5000,10000,FALSE
50,"lattice",0.3,2,2,"HHG",0.9457,0.00226608715631151,3548.98968703879,5000,10000,FALSE
50,"lattice",0.3,2,2,"Genest",0.0939,0.00291689543864706,0.0579027982222199,20000,10000,TRUE
50,"lattice",0.3,2,2,"MIC",0.4045,0.00490795018312126,0.399387535914313,20000,10000,TRUE
50,"lattice",0.3,2,2,"BET",0.019,0.00136524723035793,18,20000,10000,TRUE
50,"lattice",0.3,2,2,"BEAST",0.9793,0.00142378053084034,0.395809657003567,20000,10000,TRUE
50,"lattice",0.3,2,2,"xi",0.3705,0.00482938660701336,0.171668667466987,20000,10000,TRUE
50,"lattice",0.3,2,2,"HHG_fast",0.9798,0.00140683900997946,0.0650825501909782,20000,10000,TRUE
50,"lattice",0.4,2,2,"B_n",0.9997,0.000173179098045915,9.3990301207677,20000,10000,TRUE
50,"lattice",0.4,2,2,"P_n",0.9996,0.000199959995999189,9.33242179180288,20000,10000,TRUE
50,"lattice",0.4,2,2,"Hoeffding",0.0879,0.00283149412854768,0.0210079244463743,20000,10000,TRUE
50,"lattice",0.4,2,2,"dCov",0.1091,0.00311764638790226,0.320657625816185,5000,10000,FALSE
50,"lattice",0.4,2,2,"HHG",0.9257,0.00262258479367208,3488.27289852424,5000,10000,FALSE
50,"lattice",0.4,2,2,"Genest",0.0849,0.0027873282906755,0.0579027982222199,20000,10000,TRUE
50,"lattice",0.4,2,2,"MIC",0.314,0.00464116364719022,0.399387535914313,20000,10000,TRUE
50,"lattice",0.4,2,2,"BET",0.0229,0.00149584725156013,18,20000,10000,TRUE
50,"lattice",0.4,2,2,"BEAST",0.9595,0.00197128765024286,0.395809657003567,20000,10000,TRUE
50,"lattice",0.4,2,2,"xi",0.3392,0.00473437810065905,0.171668667466987,20000,10000,TRUE
50,"lattice",0.4,2,2,"HHG_fast",0.9438,0.00230307533528541,0.0650825501909782,20000,10000,TRUE
50,"lattice",0.5,2,2,"B_n",0.9968,0.000564779603031128,9.3990301207677,20000,10000,TRUE
50,"lattice",0.5,2,2,"P_n",0.9966,0.00058210308365443,9.33242179180288,20000,10000,TRUE
50,"lattice",0.5,2,2,"Hoeffding",0.0777,0.00267698916695604,0.0210079244463743,20000,10000,TRUE
50,"lattice",0.5,2,2,"dCov",0.0973,0.0029636583811229,0.321357707509623,5000,10000,FALSE
50,"lattice",0.5,2,2,"HHG",0.874,0.00331849363416596,3486.86171999106,5000,10000,FALSE
50,"lattice",0.5,2,2,"Genest",0.0797,0.00270828192771727,0.0579027982222199,20000,10000,TRUE
50,"lattice",0.5,2,2,"MIC",0.2483,0.00432026746857182,0.399387535914313,20000,10000,TRUE
50,"lattice",0.5,2,2,"BET",0.0284,0.00166112732805165,18,20000,10000,TRUE
50,"lattice",0.5,2,2,"BEAST",0.9279,0.00258653416756864,0.395809657003567,20000,10000,TRUE
50,"lattice",0.5,2,2,"xi",0.3026,0.00459383543457969,0.171668667466987,20000,10000,TRUE
50,"lattice",0.5,2,2,"HHG_fast",0.8777,0.0032763197340919,0.0650825501909782,20000,10000,TRUE
50,"lattice",0.6,2,2,"B_n",0.9887,0.00105699148530156,9.3990301207677,20000,10000,TRUE
50,"lattice",0.6,2,2,"P_n",0.9878,0.00109777775528565,9.33242179180288,20000,10000,TRUE
50,"lattice",0.6,2,2,"Hoeffding",0.0616,0.00240427619045733,0.0210079244463743,20000,10000,TRUE
50,"lattice",0.6,2,2,"dCov",0.0736,0.00261118823526761,0.324979313160461,5000,10000,FALSE
50,"lattice",0.6,2,2,"HHG",0.8158,0.00387647210747092,3471.71013346717,5000,10000,FALSE
50,"lattice",0.6,2,2,"Genest",0.0652,0.00246878431621719,0.0579027982222199,20000,10000,TRUE
50,"lattice",0.6,2,2,"MIC",0.1873,0.00390152162623764,0.399387535914313,20000,10000,TRUE
50,"lattice",0.6,2,2,"BET",0.0237,0.00152112819972545,18,20000,10000,TRUE
50,"lattice",0.6,2,2,"BEAST",0.8844,0.00319744648117838,0.395809657003567,20000,10000,TRUE
50,"lattice",0.6,2,2,"xi",0.2545,0.00435579786032364,0.171668667466987,20000,10000,TRUE
50,"lattice",0.6,2,2,"HHG_fast",0.7775,0.00415925173558899,0.0650825501909782,20000,10000,TRUE
50,"lattice",0.7,2,2,"B_n",0.972,0.0016497272501841,9.3990301207677,20000,10000,TRUE
50,"lattice",0.7,2,2,"P_n",0.9708,0.00168366742559212,9.33242179180288,20000,10000,TRUE
50,"lattice",0.7,2,2,"Hoeffding",0.0568,0.00231460061349685,0.0210079244463743,20000,10000,TRUE
50,"lattice",0.7,2,2,"dCov",0.0602,0.00237857015872982,0.329642598795711,5000,10000,FALSE
50,"lattice",0.7,2,2,"HHG",0.7449,0.00435917411902759,3476.53596627439,5000,10000,FALSE
50,"lattice",0.7,2,2,"Genest",0.0643,0.00245286587484925,0.0579027982222199,20000,10000,TRUE
50,"lattice",0.7,2,2,"MIC",0.1547,0.00361618459152737,0.399387535914313,20000,10000,TRUE
50,"lattice",0.7,2,2,"BET",0.0269,0.00161791192590944,18,20000,10000,TRUE
50,"lattice",0.7,2,2,"BEAST",0.828,0.00377380444644393,0.395809657003567,20000,10000,TRUE
50,"lattice",0.7,2,2,"xi",0.2331,0.00422805380760463,0.171668667466987,20000,10000,TRUE
50,"lattice",0.7,2,2,"HHG_fast",0.683,0.00465307425257754,0.0650825501909782,20000,10000,TRUE
50,"lattice",0.8,2,2,"B_n",0.9368,0.00243322337651108,9.3990301207677,20000,10000,TRUE
50,"lattice",0.8,2,2,"P_n",0.9344,0.00247581582513724,9.33242179180288,20000,10000,TRUE
50,"lattice",0.8,2,2,"Hoeffding",0.0475,0.00212705782714058,0.0210079244463743,20000,10000,TRUE
50,"lattice",0.8,2,2,"dCov",0.0637,0.00244217751197574,0.326348229801105,5000,10000,FALSE
50,"lattice",0.8,2,2,"HHG",0.6442,0.00478755010417646,3518.05889183333,5000,10000,FALSE
50,"lattice",0.8,2,2,"Genest",0.0622,0.00241518446500469,0.0579027982222199,20000,10000,TRUE
50,"lattice",0.8,2,2,"MIC",0.1263,0.00332187161100486,0.399387535914313,20000,10000,TRUE
50,"lattice",0.8,2,2,"BET",0.0258,0.00158538197290117,18,20000,10000,TRUE
50,"lattice",0.8,2,2,"BEAST",0.7504,0.00432781515316909,0.395809657003567,20000,10000,TRUE
50,"lattice",0.8,2,2,"xi",0.2023,0.00401714712202578,0.171668667466987,20000,10000,TRUE
50,"lattice",0.8,2,2,"HHG_fast",0.5606,0.00496314053800615,0.0650825501909782,20000,10000,TRUE
50,"lattice",0.9,2,2,"B_n",0.8794,0.00325661849162594,9.3990301207677,20000,10000,TRUE
50,"lattice",0.9,2,2,"P_n",0.8748,0.00330945554434563,9.33242179180288,20000,10000,TRUE
50,"lattice",0.9,2,2,"Hoeffding",0.04,0.00195959179422654,0.0210079244463743,20000,10000,TRUE
50,"lattice",0.9,2,2,"dCov",0.05,0.00217944947177034,0.32940954434671,5000,10000,FALSE
50,"lattice",0.9,2,2,"HHG",0.5802,0.00493526047944787,3477.97794687266,5000,10000,FALSE
50,"lattice",0.9,2,2,"Genest",0.0515,0.00221015270965605,0.0579027982222199,20000,10000,TRUE
50,"lattice",0.9,2,2,"MIC",0.1047,0.00306166474324019,0.399387535914313,20000,10000,TRUE
50,"lattice",0.9,2,2,"BET",0.0292,0.00168366742559212,18,20000,10000,TRUE
50,"lattice",0.9,2,2,"BEAST",0.6629,0.00472719356489662,0.395809657003567,20000,10000,TRUE
50,"lattice",0.9,2,2,"xi",0.1767,0.00381414616919698,0.171668667466987,20000,10000,TRUE
50,"lattice",0.9,2,2,"HHG_fast",0.4465,0.00497129510288818,0.0650825501909782,20000,10000,TRUE
50,"lattice",1,2,2,"B_n",0.8104,0.00391984489489061,9.3990301207677,20000,10000,TRUE
50,"lattice",1,2,2,"P_n",0.8041,0.0039689191223808,9.33242179180288,20000,10000,TRUE
50,"lattice",1,2,2,"Hoeffding",0.0352,0.00184284996676344,0.0210079244463743,20000,10000,TRUE
50,"lattice",1,2,2,"dCov",0.0522,0.00222430123859157,0.325067400823937,5000,10000,FALSE
50,"lattice",1,2,2,"HHG",0.4923,0.00499940706484279,3463.94775801813,5000,10000,FALSE
50,"lattice",1,2,2,"Genest",0.0485,0.00214820273717357,0.0579027982222199,20000,10000,TRUE
50,"lattice",1,2,2,"MIC",0.0882,0.00283585542649833,0.399387535914313,20000,10000,TRUE
50,"lattice",1,2,2,"BET",0.0291,0.00168086852549508,18,20000,10000,TRUE
50,"lattice",1,2,2,"BEAST",0.56995699569957,0.00495081830360083,0.395809657003567,20000,10000,TRUE
50,"lattice",1,2,2,"xi",0.1512,0.00358243715925346,0.171668667466987,20000,10000,TRUE
50,"lattice",1,2,2,"HHG_fast",0.3471,0.00476047886246751,0.0650825501909782,20000,10000,TRUE
50,"lattice",1.1,2,2,"B_n",0.7184,0.00449779323668841,9.3990301207677,20000,10000,TRUE
50,"lattice",1.1,2,2,"P_n",0.712,0.00452831094338717,9.33242179180288,20000,10000,TRUE
50,"lattice",1.1,2,2,"Hoeffding",0.0329,0.00178374858093847,0.0210079244463743,20000,10000,TRUE
50,"lattice",1.1,2,2,"dCov",0.0456,0.00208616010890823,0.328568337413387,5000,10000,FALSE
50,"lattice",1.1,2,2,"HHG",0.3988,0.00489651467883024,3504.93455290029,5000,10000,FALSE
50,"lattice",1.1,2,2,"Genest",0.0442,0.00205539193342778,0.0579027982222199,20000,10000,TRUE
50,"lattice",1.1,2,2,"MIC",0.0808,0.00272527723360395,0.399387535914313,20000,10000,TRUE
50,"lattice",1.1,2,2,"BET",0.0296,0.00169481090390639,18,20000,10000,TRUE
50,"lattice",1.1,2,2,"BEAST",0.494,0.00499963998703907,0.395809657003567,20000,10000,TRUE
50,"lattice",1.1,2,2,"xi",0.1351,0.00341830352660497,0.171668667466987,20000,10000,TRUE
50,"lattice",1.1,2,2,"HHG_fast",0.281,0.00449487485921466,0.0650825501909782,20000,10000,TRUE
50,"lattice",1.2,2,2,"B_n",0.6254,0.0048401946241861,9.3990301207677,20000,10000,TRUE
50,"lattice",1.2,2,2,"P_n",0.6166,0.00486214397154177,9.33242179180288,20000,10000,TRUE
50,"lattice",1.2,2,2,"Hoeffding",0.0326,0.00177587274318854,0.0210079244463743,20000,10000,TRUE
50,"lattice",1.2,2,2,"dCov",0.0504,0.00218768919181862,0.3244981012048,5000,10000,FALSE
50,"lattice",1.2,2,2,"HHG",0.3442,0.0047510668275662,3470.55418941451,5000,10000,FALSE
50,"lattice",1.2,2,2,"Genest",0.046,0.00209485083001153,0.0579027982222199,20000,10000,TRUE
50,"lattice",1.2,2,2,"MIC",0.0735,0.00260955455969022,0.399387535914313,20000,10000,TRUE
50,"lattice",1.2,2,2,"BET",0.0304,0.00171685293487823,18,20000,10000,TRUE
50,"lattice",1.2,2,2,"BEAST",0.407681536307261,0.00491403399725127,0.395809657003567,20000,10000,TRUE
50,"lattice",1.2,2,2,"xi",0.1216,0.00326823254986545,0.171668667466987,20000,10000,TRUE
50,"lattice",1.2,2,2,"HHG_fast",0.2191,0.00413636543356604,0.0650825501909782,20000,10000,TRUE
50,"lattice",1.3,2,2,"B_n",0.5392,0.00498460991452691,9.3990301207677,20000,10000,TRUE
50,"lattice",1.3,2,2,"P_n",0.5334,0.00498883192741548,9.33242179180288,20000,10000,TRUE
50,"lattice",1.3,2,2,"Hoeffding",0.0277,0.0016411188256796,0.0210079244463743,20000,10000,TRUE
50,"lattice",1.3,2,2,"dCov",0.0515,0.00221015270965605,0.320772842949695,5000,10000,FALSE
50,"lattice",1.3,2,2,"HHG",0.3048,0.00460322669439601,3435.49790280462,5000,10000,FALSE
50,"lattice",1.3,2,2,"Genest",0.0427,0.00202179895142915,0.0579027982222199,20000,10000,TRUE
50,"lattice",1.3,2,2,"MIC",0.0639,0.00244574712511331,0.399387535914313,20000,10000,TRUE
50,"lattice",1.3,2,2,"BET",0.0309,0.00173046785581241,18,20000,10000,TRUE
50,"lattice",1.3,2,2,"BEAST",0.35043504350435,0.0047710619760013,0.395809657003567,20000,10000,TRUE
50,"lattice",1.3,2,2,"xi",0.0982,0.00297584878648093,0.171668667466987,20000,10000,TRUE
50,"lattice",1.3,2,2,"HHG_fast",0.1818,0.00385679607964953,0.0650825501909782,20000,10000,TRUE
50,"lattice",1.4,2,2,"B_n",0.4483,0.00497319927209839,9.3990301207677,20000,10000,TRUE
50,"lattice",1.4,2,2,"P_n",0.4431,0.00496751839453061,9.33242179180288,20000,10000,TRUE
50,"lattice",1.4,2,2,"Hoeffding",0.0322,0.00176530903810069,0.0210079244463743,20000,10000,TRUE
50,"lattice",1.4,2,2,"dCov",0.0454,0.00208179826111946,0.325442489156897,5000,10000,FALSE
50,"lattice",1.4,2,2,"HHG",0.2493,0.00432607801594007,3432.37796739888,5000,10000,FALSE
50,"lattice",1.4,2,2,"Genest",0.0438,0.00204649847300212,0.0579027982222199,20000,10000,TRUE
50,"lattice",1.4,2,2,"MIC",0.0662,0.00248631373724235,0.399387535914313,20000,10000,TRUE
50,"lattice",1.4,2,2,"BET",0.0271,0.0016237484411078,18,20000,10000,TRUE
50,"lattice",1.4,2,2,"BEAST",0.284428442844284,0.00451141777876379,0.395809657003567,20000,10000,TRUE
50,"lattice",1.4,2,2,"xi",0.0986,0.00298124202305012,0.171668667466987,20000,10000,TRUE
50,"lattice",1.4,2,2,"HHG_fast",0.1516,0.00358632736932924,0.0650825501909782,20000,10000,TRUE
50,"lattice",1.5,2,2,"B_n",0.381,0.00485632577160964,9.3990301207677,20000,10000,TRUE
50,"lattice",1.5,2,2,"P_n",0.3756,0.00484277441142988,9.33242179180288,20000,10000,TRUE
50,"lattice",1.5,2,2,"Hoeffding",0.0316,0.0017493267276298,0.0210079244463743,20000,10000,TRUE
50,"lattice",1.5,2,2,"dCov",0.0406,0.00197361698411825,0.330589142357533,5000,10000,FALSE
50,"lattice",1.5,2,2,"HHG",0.1842,0.00387647210747092,3523.60742880996,5000,10000,FALSE
50,"lattice",1.5,2,2,"Genest",0.0439,0.00204872618961149,0.0579027982222199,20000,10000,TRUE
50,"lattice",1.5,2,2,"MIC",0.0611,0.0023951365305552,0.399387535914313,20000,10000,TRUE
50,"lattice",1.5,2,2,"BET",0.0289,0.001675254905977,18,20000,10000,TRUE
50,"lattice",1.5,2,2,"BEAST",0.248424842484248,0.00432099456283996,0.395809657003567,20000,10000,TRUE
50,"lattice",1.5,2,2,"xi",0.0924,0.00289589778825151,0.171668667466987,20000,10000,TRUE
50,"lattice",1.5,2,2,"HHG_fast",0.1328,0.00339358453556118,0.0650825501909782,20000,10000,TRUE
50,"lattice",1.6,2,2,"B_n",0.3231,0.00467660549971879,9.3990301207677,20000,10000,TRUE
50,"lattice",1.6,2,2,"P_n",0.3167,0.00465189327048676,9.33242179180288,20000,10000,TRUE
50,"lattice",1.6,2,2,"Hoeffding",0.0306,0.00172231356030196,0.0210079244463743,20000,10000,TRUE
50,"lattice",1.6,2,2,"dCov",0.0405,0.00197128765024286,0.32674010372444,5000,10000,FALSE
50,"lattice",1.6,2,2,"HHG",0.1766,0.00381329830986247,3434.66975073494,5000,10000,FALSE
50,"lattice",1.6,2,2,"Genest",0.0414,0.00199213553755762,0.0579027982222199,20000,10000,TRUE
50,"lattice",1.6,2,2,"MIC",0.0574,0.00232605330979322,0.399387535914313,20000,10000,TRUE
50,"lattice",1.6,2,2,"BET",0.026,0.00159135162676261,18,20000,10000,TRUE
50,"lattice",1.6,2,2,"BEAST",0.207503751875938,0.00405519351983783,0.395809657003567,20000,10000,TRUE
50,"lattice",1.6,2,2,"xi",0.0772,0.00266908523655578,0.171668667466987,20000,10000,TRUE
50,"lattice",1.6,2,2,"HHG_fast",0.1076,0.003098745552639,0.0650825501909782,20000,10000,TRUE
50,"lattice",1.7,2,2,"B_n",0.2647,0.00441173333282963,9.3990301207677,20000,10000,TRUE
50,"lattice",1.7,2,2,"P_n",0.2593,0.0043825051055304,9.33242179180288,20000,10000,TRUE
50,"lattice",1.7,2,2,"Hoeffding",0.028,0.0016497272501841,0.0210079244463743,20000,10000,TRUE
50,"lattice",1.7,2,2,"dCov",0.0393,0.00194307771331977,0.325063381500372,5000,10000,FALSE
50,"lattice",1.7,2,2,"HHG",0.1646,0.00370819147294203,3408.71501924485,5000,10000,FALSE
50,"lattice",1.7,2,2,"Genest",0.0377,0.00190469708877816,0.0579027982222199,20000,10000,TRUE
50,"lattice",1.7,2,2,"MIC",0.061,0.00239330315672712,0.399387535914313,20000,10000,TRUE
50,"lattice",1.7,2,2,"BET",0.0297,0.00169758387127117,18,20000,10000,TRUE
50,"lattice",1.7,2,2,"BEAST",0.184936987397479,0.00388246439893303,0.395809657003567,20000,10000,TRUE
50,"lattice",1.7,2,2,"xi",0.0748,0.00263068356135815,0.171668667466987,20000,10000,TRUE
50,"lattice",1.7,2,2,"HHG_fast",0.093,0.00290432436205049,0.0650825501909782,20000,10000,TRUE
50,"lattice",1.8,2,2,"B_n",0.2234,0.00416524236989878,9.3990301207677,20000,10000,TRUE
50,"lattice",1.8,2,2,"P_n",0.2203,0.00414448923270407,9.33242179180288,20000,10000,TRUE
50,"lattice",1.8,2,2,"Hoeffding",0.0305,0.00171958570591872,0.0210079244463743,20000,10000,TRUE
50,"lattice",1.8,2,2,"dCov",0.0424,0.00201499975186103,0.326282263028408,5000,10000,FALSE
50,"lattice",1.8,2,2,"HHG",0.1356,0.00342363315791865,3418.85258352105,5000,10000,FALSE
50,"lattice",1.8,2,2,"Genest",0.0409,0.0019805855194866,0.0579027982222199,20000,10000,TRUE
50,"lattice",1.8,2,2,"MIC",0.0594,0.00236371825732256,0.399387535914313,20000,10000,TRUE
50,"lattice",1.8,2,2,"BET",0.028,0.0016497272501841,18,20000,10000,TRUE
50,"lattice",1.8,2,2,"BEAST",0.153307315120584,0.00360283474851543,0.395809657003567,20000,10000,TRUE
50,"lattice",1.8,2,2,"xi",0.0756,0.00264357031304257,0.171668667466987,20000,10000,TRUE
50,"lattice",1.8,2,2,"HHG_fast",0.0853,0.00279327603362074,0.0650825501909782,20000,10000,TRUE
50,"lattice",1.9,2,2,"B_n",0.1892,0.00391667409928373,9.3990301207677,20000,10000,TRUE
50,"lattice",1.9,2,2,"P_n",0.1862,0.00389267979674671,9.33242179180288,20000,10000,TRUE
50,"lattice",1.9,2,2,"Hoeffding",0.0318,0.00175467261903752,0.0210079244463743,20000,10000,TRUE
50,"lattice",1.9,2,2,"dCov",0.0394,0.00194544699233878,0.329418917710259,5000,10000,FALSE
50,"lattice",1.9,2,2,"HHG",0.1211,0.0032624345204157,3430.28902548769,5000,10000,FALSE
50,"lattice",1.9,2,2,"Genest",0.0409,0.0019805855194866,0.0579027982222199,20000,10000,TRUE
50,"lattice",1.9,2,2,"MIC",0.0569,0.00231651440746653,0.399387535914313,20000,10000,TRUE
50,"lattice",1.9,2,2,"BET",0.0295,0.0016920328011005,18,20000,10000,TRUE
50,"lattice",1.9,2,2,"BEAST",0.137409927942354,0.00344279595162465,0.395809657003567,20000,10000,TRUE
50,"lattice",1.9,2,2,"xi",0.0646,0.00245818713689581,0.171668667466987,20000,10000,TRUE
50,"lattice",1.9,2,2,"HHG_fast",0.0773,0.0026706686428683,0.0650825501909782,20000,10000,TRUE
50,"lattice",2,2,2,"B_n",0.1687,0.00374486728736814,9.3990301207677,20000,10000,TRUE
50,"lattice",2,2,2,"P_n",0.1655,0.00371631201596421,9.33242179180288,20000,10000,TRUE
50,"lattice",2,2,2,"Hoeffding",0.0308,0.00172775461220626,0.0210079244463743,20000,10000,TRUE
50,"lattice",2,2,2,"dCov",0.0396,0.00195017537672898,0.326783613186783,5000,10000,FALSE
50,"lattice",2,2,2,"HHG",0.1119,0.00315243382166858,3401.45530991569,5000,10000,FALSE
50,"lattice",2,2,2,"Genest",0.0392,0.00194070502653031,0.0579027982222199,20000,10000,TRUE
50,"lattice",2,2,2,"MIC",0.0561,0.00230114732253283,0.399387535914313,20000,10000,TRUE
50,"lattice",2,2,2,"BET",0.0277,0.0016411188256796,18,20000,10000,TRUE
50,"lattice",2,2,2,"BEAST",0.12080872785507,0.00325904862082647,0.395809657003567,20000,10000,TRUE
50,"lattice",2,2,2,"xi",0.0667,0.00249501723440941,0.171668667466987,20000,10000,TRUE
50,"lattice",2,2,2,"HHG_fast",0.0742,0.00262096089249725,0.0650825501909782,20000,10000,TRUE
50,"sine 8pi",0.1,2,2,"B_n",0.1389,0.00345842146072453,9.3990301207677,20000,10000,TRUE
50,"sine 8pi",0.1,2,2,"P_n",0.1368,0.00343636086579975,9.33242179180288,20000,10000,TRUE
50,"sine 8pi",0.1,2,2,"Hoeffding",0.3313,0.00470680687940349,0.0210079244463743,20000,10000,TRUE
50,"sine 8pi",0.1,2,2,"dCov",0.278,0.00448013392656961,0.318742323319074,5000,10000,FALSE
50,"sine 8pi",0.1,2,2,"HHG",0.6828,0.00465386033309982,3506.86405894524,5000,10000,FALSE
50,"sine 8pi",0.1,2,2,"Genest",0.2554,0.00436085817242432,0.0579027982222199,20000,10000,TRUE
50,"sine 8pi",0.1,2,2,"MIC",0.9985,0.00038700775186034,0.399387535914313,20000,10000,TRUE
50,"sine 8pi",0.1,2,2,"BET",0.0498,0.00217531514958178,18,20000,10000,TRUE
50,"sine 8pi",0.1,2,2,"BEAST",0.145916733386709,0.0035302271924688,0.395809657003567,20000,10000,TRUE
50,"sine 8pi",0.1,2,2,"xi",1,0,0.171668667466987,20000,10000,TRUE
50,"sine 8pi",0.1,2,2,"HHG_fast",0.4963,0.00499986309812579,0.0650825501909782,20000,10000,TRUE
50,"sine 8pi",0.2,2,2,"B_n",0.1284,0.00334534661881247,9.3990301207677,20000,10000,TRUE
50,"sine 8pi",0.2,2,2,"P_n",0.1253,0.00331058771217438,9.33242179180288,20000,10000,TRUE
50,"sine 8pi",0.2,2,2,"Hoeffding",0.2485,0.00432143205430792,0.0210079244463743,20000,10000,TRUE
50,"sine 8pi",0.2,2,2,"dCov",0.239,0.00426472742388069,0.322808594437762,5000,10000,FALSE
50,"sine 8pi",0.2,2,2,"HHG",0.3848,0.00486548003798186,3465.46497909436,5000,10000,FALSE
50,"sine 8pi",0.2,2,2,"Genest",0.2259,0.00418173636184779,0.0579027982222199,20000,10000,TRUE
50,"sine 8pi",0.2,2,2,"MIC",0.9394,0.00238595138257258,0.399387535914313,20000,10000,TRUE
50,"sine 8pi",0.2,2,2,"BET",0.0388,0.0019311799501859,18,20000,10000,TRUE
50,"sine 8pi",0.2,2,2,"BEAST",0.120508457611851,0.00325555170832631,0.395809657003567,20000,10000,TRUE
50,"sine 8pi",0.2,2,2,"xi",0.9998,0.0001414072133945,0.171668667466987,20000,10000,TRUE
50,"sine 8pi",0.2,2,2,"HHG_fast",0.3827,0.00486045995765833,0.0650825501909782,20000,10000,TRUE
50,"sine 8pi",0.3,2,2,"B_n",0.1049,0.00306424525780819,9.3990301207677,20000,10000,TRUE
50,"sine 8pi",0.3,2,2,"P_n",0.1042,0.00305519819324377,9.33242179180288,20000,10000,TRUE
50,"sine 8pi",0.3,2,2,"Hoeffding",0.1813,0.00385266544096422,0.0210079244463743,20000,10000,TRUE
50,"sine 8pi",0.3,2,2,"dCov",0.1875,0.003903123748999,0.324060725502552,5000,10000,FALSE
50,"sine 8pi",0.3,2,2,"HHG",0.2263,0.0041843555059292,3440.38618103833,5000,10000,FALSE
50,"sine 8pi",0.3,2,2,"Genest",0.1751,0.00380052614778533,0.0579027982222199,20000,10000,TRUE
50,"sine 8pi",0.3,2,2,"MIC",0.7026,0.00457114033912764,0.399387535914313,20000,10000,TRUE
50,"sine 8pi",0.3,2,2,"BET",0.0368,0.00188270443777031,18,20000,10000,TRUE
50,"sine 8pi",0.3,2,2,"BEAST",0.101542159022632,0.00302045276347196,0.395809657003567,20000,10000,TRUE
50,"sine 8pi",0.3,2,2,"xi",0.9497,0.0021856328602947,0.171668667466987,20000,10000,TRUE
50,"sine 8pi",0.3,2,2,"HHG_fast",0.2665,0.00442128657745684,0.0650825501909782,20000,10000,TRUE
50,"sine 8pi",0.4,2,2,"B_n",0.0937,0.00291410895472355,9.3990301207677,20000,10000,TRUE
50,"sine 8pi",0.4,2,2,"P_n",0.0928,0.00290151960186382,9.33242179180288,20000,10000,TRUE
50,"sine 8pi",0.4,2,2,"Hoeffding",0.1319,0.00338382017843738,0.0210079244463743,20000,10000,TRUE
50,"sine 8pi",0.4,2,2,"dCov",0.1346,0.00341295824762038,0.329019777371422,5000,10000,FALSE
50,"sine 8pi",0.4,2,2,"HHG",0.1485,0.00355594924035763,3440.73263030313,5000,10000,FALSE
50,"sine 8pi",0.4,2,2,"Genest",0.1338,0.00340437307003801,0.0579027982222199,20000,10000,TRUE
50,"sine 8pi",0.4,2,2,"MIC",0.4629,0.00498621690262267,0.399387535914313,20000,10000,TRUE
50,"sine 8pi",0.4,2,2,"BET",0.0324,0.00177059989833954,18,20000,10000,TRUE
50,"sine 8pi",0.4,2,2,"BEAST",0.083249949969982,0.00276259652862986,0.395809657003567,20000,10000,TRUE
50,"sine 8pi",0.4,2,2,"xi",0.7161,0.00450888888751985,0.171668667466987,20000,10000,TRUE
50,"sine 8pi",0.4,2,2,"HHG_fast",0.1891,0.00391588036078734,0.0650825501909782,20000,10000,TRUE
50,"sine 8pi",0.5,2,2,"B_n",0.0792,0.00270050661913649,9.3990301207677,20000,10000,TRUE
50,"sine 8pi",0.5,2,2,"P_n",0.0785,0.00268956780914704,9.33242179180288,20000,10000,TRUE
50,"sine 8pi",0.5,2,2,"Hoeffding",0.1093,0.00312015240012407,0.0210079244463743,20000,10000,TRUE
50,"sine 8pi",0.5,2,2,"dCov",0.1199,0.00324844562829671,0.324363808551989,5000,10000,FALSE
50,"sine 8pi",0.5,2,2,"HHG",0.1132,0.00316837119037527,3424.59662783251,5000,10000,FALSE
50,"sine 8pi",0.5,2,2,"Genest",0.1087,0.00311262445534311,0.0579027982222199,20000,10000,TRUE
50,"sine 8pi",0.5,2,2,"MIC",0.2902,0.00453854558201193,0.399387535914313,20000,10000,TRUE
50,"sine 8pi",0.5,2,2,"BET",0.0307,0.00172503652135252,18,20000,10000,TRUE
50,"sine 8pi",0.5,2,2,"BEAST",0.0717003805327458,0.00257991154817767,0.395809657003567,20000,10000,TRUE
50,"sine 8pi",0.5,2,2,"xi",0.484,0.00499743934430424,0.171668667466987,20000,10000,TRUE
50,"sine 8pi",0.5,2,2,"HHG_fast",0.1394,0.003463634507277,0.0650825501909782,20000,10000,TRUE
50,"sine 8pi",0.6,2,2,"B_n",0.0746,0.00262744819168714,9.3990301207677,20000,10000,TRUE
50,"sine 8pi",0.6,2,2,"P_n",0.0739,0.00261608084737456,9.33242179180288,20000,10000,TRUE
50,"sine 8pi",0.6,2,2,"Hoeffding",0.0922,0.00289308071093774,0.0210079244463743,20000,10000,TRUE
50,"sine 8pi",0.6,2,2,"dCov",0.0822,0.00274669182836371,0.335283396979335,5000,10000,FALSE
50,"sine 8pi",0.6,2,2,"HHG",0.0878,0.00283003816228686,3470.99502618313,5000,10000,FALSE
50,"sine 8pi",0.6,2,2,"Genest",0.0904,0.00286753971201795,0.0579027982222199,20000,10000,TRUE
50,"sine 8pi",0.6,2,2,"MIC",0.2036,0.00402674856428856,0.399387535914313,20000,10000,TRUE
50,"sine 8pi",0.6,2,2,"BET",0.0313,0.00174127281033157,18,20000,10000,TRUE
50,"sine 8pi",0.6,2,2,"BEAST",0.0693108974358974,0.002539820799437,0.395809657003567,20000,10000,TRUE
50,"sine 8pi",0.6,2,2,"xi",0.321,0.0046686079295653,0.171668667466987,20000,10000,TRUE
50,"sine 8pi",0.6,2,2,"HHG_fast",0.1135,0.00317203010704501,0.0650825501909782,20000,10000,TRUE
50,"sine 8pi",0.7,2,2,"B_n",0.0723,0.00258983995644519,9.3990301207677,20000,10000,TRUE
50,"sine 8pi",0.7,2,2,"P_n",0.0719,0.00258322259977726,9.33242179180288,20000,10000,TRUE
50,"sine 8pi",0.7,2,2,"Hoeffding",0.0837,0.00276937375592389,0.0210079244463743,20000,10000,TRUE
50,"sine 8pi",0.7,2,2,"dCov",0.088,0.00283294899354012,0.328322004645572,5000,10000,FALSE
50,"sine 8pi",0.7,2,2,"HHG",0.0803,0.00271757079024632,3464.55276909191,5000,10000,FALSE
50,"sine 8pi",0.7,2,2,"Genest",0.0855,0.0027962430151902,0.0579027982222199,20000,10000,TRUE
50,"sine 8pi",0.7,2,2,"MIC",0.1492,0.00356285503494038,0.399387535914313,20000,10000,TRUE
50,"sine 8pi",0.7,2,2,"BET",0.0342,0.00181742565184934,18,20000,10000,TRUE
50,"sine 8pi",0.7,2,2,"BEAST",0.0680224403927069,0.00251784407769281,0.395809657003567,20000,10000,TRUE
50,"sine 8pi",0.7,2,2,"xi",0.2162,0.00411652231865685,0.171668667466987,20000,10000,TRUE
50,"sine 8pi",0.7,2,2,"HHG_fast",0.1011,0.00301461092016864,0.0650825501909782,20000,10000,TRUE
50,"sine 8pi",0.8,2,2,"B_n",0.0689,0.00253284010549423,9.3990301207677,20000,10000,TRUE
50,"sine 8pi",0.8,2,2,"P_n",0.0672,0.0025036804907975,9.33242179180288,20000,10000,TRUE
50,"sine 8pi",0.8,2,2,"Hoeffding",0.0705,0.00255987792677698,0.0210079244463743,20000,10000,TRUE
50,"sine 8pi",0.8,2,2,"dCov",0.0799,0.00271138322632563,0.32659453729902,5000,10000,FALSE
50,"sine 8pi",0.8,2,2,"HHG",0.0777,0.00267698916695604,3399.46283520617,5000,10000,FALSE
50,"sine 8pi",0.8,2,2,"Genest",0.0727,0.002596434285708,0.0579027982222199,20000,10000,TRUE
50,"sine 8pi",0.8,2,2,"MIC",0.1192,0.00324023702836691,0.399387535914313,20000,10000,TRUE
50,"sine 8pi",0.8,2,2,"BET",0.0295,0.0016920328011005,18,20000,10000,TRUE
50,"sine 8pi",0.8,2,2,"BEAST",0.0622872020829161,0.00241676450113779,0.395809657003567,20000,10000,TRUE
50,"sine 8pi",0.8,2,2,"xi",0.174,0.00379109482867417,0.171668667466987,20000,10000,TRUE
50,"sine 8pi",0.8,2,2,"HHG_fast",0.0844,0.00277986762274753,0.0650825501909782,20000,10000,TRUE
50,"sine 8pi",0.9,2,2,"B_n",0.0673,0.00250540834995016,9.3990301207677,20000,10000,TRUE
50,"sine 8pi",0.9,2,2,"P_n",0.0654,0.00247230337944193,9.33242179180288,20000,10000,TRUE
50,"sine 8pi",0.9,2,2,"Hoeffding",0.0699,0.00254978410850801,0.0210079244463743,20000,10000,TRUE
50,"sine 8pi",0.9,2,2,"dCov",0.0694,0.00254133114725334,0.330147005547745,5000,10000,FALSE
50,"sine 8pi",0.9,2,2,"HHG",0.0635,0.00243860103337959,3507.50168990516,5000,10000,FALSE
50,"sine 8pi",0.9,2,2,"Genest",0.0708,0.00256490467659132,0.0579027982222199,20000,10000,TRUE
50,"sine 8pi",0.9,2,2,"MIC",0.1087,0.00311262445534311,0.399387535914313,20000,10000,TRUE
50,"sine 8pi",0.9,2,2,"BET",0.0294,0.00168924953751659,18,20000,10000,TRUE
50,"sine 8pi",0.9,2,2,"BEAST",0.0611856599238935,0.0023967055501995,0.395809657003567,20000,10000,TRUE
50,"sine 8pi",0.9,2,2,"xi",0.144,0.00351089732119867,0.171668667466987,20000,10000,TRUE
50,"sine 8pi",0.9,2,2,"HHG_fast",0.0805,0.00272065708974872,0.0650825501909782,20000,10000,TRUE
50,"sine 8pi",1,2,2,"B_n",0.0601,0.00237672021912551,9.3990301207677,20000,10000,TRUE
50,"sine 8pi",1,2,2,"P_n",0.059,0.00235624701591323,9.33242179180288,20000,10000,TRUE
50,"sine 8pi",1,2,2,"Hoeffding",0.0689,0.00253284010549423,0.0210079244463743,20000,10000,TRUE
50,"sine 8pi",1,2,2,"dCov",0.0677,0.00251230392269725,0.332570445452233,5000,10000,FALSE
50,"sine 8pi",1,2,2,"HHG",0.0593,0.00236185329773041,3481.50315280794,5000,10000,FALSE
50,"sine 8pi",1,2,2,"Genest",0.0698,0.00254809654448178,0.0579027982222199,20000,10000,TRUE
50,"sine 8pi",1,2,2,"MIC",0.094,0.00291828716887149,0.399387535914313,20000,10000,TRUE
50,"sine 8pi",1,2,2,"BET",0.0297,0.00169758387127117,18,20000,10000,TRUE
50,"sine 8pi",1,2,2,"BEAST",0.0541541541541542,0.00226321633393722,0.395809657003567,20000,10000,TRUE
50,"sine 8pi",1,2,2,"xi",0.1173,0.00321777423073776,0.171668667466987,20000,10000,TRUE
50,"sine 8pi",1,2,2,"HHG_fast",0.0759,0.00264838044850055,0.0650825501909782,20000,10000,TRUE
50,"sine 8pi",1.1,2,2,"B_n",0.0593,0.00236185329773041,9.3990301207677,20000,10000,TRUE
50,"sine 8pi",1.1,2,2,"P_n",0.0591,0.00235811768154178,9.33242179180288,20000,10000,TRUE
50,"sine 8pi",1.1,2,2,"Hoeffding",0.0636,0.00244039013274517,0.0210079244463743,20000,10000,TRUE
50,"sine 8pi",1.1,2,2,"dCov",0.0636,0.00244039013274517,0.331602536391941,5000,10000,FALSE
50,"sine 8pi",1.1,2,2,"HHG",0.0584,0.00234498272914749,3470.7832374481,5000,10000,FALSE
50,"sine 8pi",1.1,2,2,"Genest",0.0658,0.00247932168142821,0.0579027982222199,20000,10000,TRUE
50,"sine 8pi",1.1,2,2,"MIC",0.0825,0.00275124971603815,0.399387535914313,20000,10000,TRUE
50,"sine 8pi",1.1,2,2,"BET",0.03,0.0017058722109232,18,20000,10000,TRUE
50,"sine 8pi",1.1,2,2,"BEAST",0.0561617779557513,0.00230233865129785,0.395809657003567,20000,10000,TRUE
50,"sine 8pi",1.1,2,2,"xi",0.1019,0.00302516759866292,0.171668667466987,20000,10000,TRUE
50,"sine 8pi",1.1,2,2,"HHG_fast",0.0693,0.0025396359975398,0.0650825501909782,20000,10000,TRUE
50,"sine 8pi",1.2,2,2,"B_n",0.0571,0.00232033596705305,9.3990301207677,20000,10000,TRUE
50,"sine 8pi",1.2,2,2,"P_n",0.0556,0.00229147637997864,9.33242179180288,20000,10000,TRUE
50,"sine 8pi",1.2,2,2,"Hoeffding",0.0567,0.00231268480342653,0.0210079244463743,20000,10000,TRUE
50,"sine 8pi",1.2,2,2,"dCov",0.0598,0.00237115921017548,0.328377746978948,5000,10000,FALSE
50,"sine 8pi",1.2,2,2,"HHG",0.0564,0.0023069252263565,3457.97990774957,5000,10000,FALSE
50,"sine 8pi",1.2,2,2,"Genest",0.0581,0.00233932447514234,0.0579027982222199,20000,10000,TRUE
50,"sine 8pi",1.2,2,2,"MIC",0.074,0.00261770892193918,0.399387535914313,20000,10000,TRUE
50,"sine 8pi",1.2,2,2,"BET",0.0317,0.00175200199771576,18,20000,10000,TRUE
50,"sine 8pi",1.2,2,2,"BEAST",0.0545035567578399,0.00227008632123505,0.395809657003567,20000,10000,TRUE
50,"sine 8pi",1.2,2,2,"xi",0.0903,0.00286611077943613,0.171668667466987,20000,10000,TRUE
50,"sine 8pi",1.2,2,2,"HHG_fast",0.0634,0.00243681021009023,0.0650825501909782,20000,10000,TRUE
50,"sine 8pi",1.3,2,2,"B_n",0.0599,0.0023730147492167,9.3990301207677,20000,10000,TRUE
50,"sine 8pi",1.3,2,2,"P_n",0.0592,0.00235998644063901,9.33242179180288,20000,10000,TRUE
50,"sine 8pi",1.3,2,2,"Hoeffding",0.0633,0.00243501765907354,0.0210079244463743,20000,10000,TRUE
50,"sine 8pi",1.3,2,2,"dCov",0.0676,0.00251058240255125,0.326296415633521,5000,10000,FALSE
50,"sine 8pi",1.3,2,2,"HHG",0.0619,0.00240973836754117,3441.40431109016,5000,10000,FALSE
50,"sine 8pi",1.3,2,2,"Genest",0.0609,0.00239146795922504,0.0579027982222199,20000,10000,TRUE
50,"sine 8pi",1.3,2,2,"MIC",0.0747,0.00262906656439125,0.399387535914313,20000,10000,TRUE
50,"sine 8pi",1.3,2,2,"BET",0.0259,0.00158836991913093,18,20000,10000,TRUE
50,"sine 8pi",1.3,2,2,"BEAST",0.0553719835786523,0.00228704890663094,0.395809657003567,20000,10000,TRUE
50,"sine 8pi",1.3,2,2,"xi",0.0834,0.00276485876673656,0.171668667466987,20000,10000,TRUE
50,"sine 8pi",1.3,2,2,"HHG_fast",0.0681,0.002519174269478,0.0650825501909782,20000,10000,TRUE
50,"sine 8pi",1.4,2,2,"B_n",0.0586,0.00234874519690834,9.3990301207677,20000,10000,TRUE
50,"sine 8pi",1.4,2,2,"P_n",0.0581,0.00233932447514234,9.33242179180288,20000,10000,TRUE
50,"sine 8pi",1.4,2,2,"Hoeffding",0.0573,0.00232414952186816,0.0210079244463743,20000,10000,TRUE
50,"sine 8pi",1.4,2,2,"dCov",0.0621,0.00241337087908179,0.328285221845939,5000,10000,FALSE
50,"sine 8pi",1.4,2,2,"HHG",0.0627,0.00242422585581459,3436.28504171456,5000,10000,FALSE
50,"sine 8pi",1.4,2,2,"Genest",0.0583,0.00234309858947506,0.0579027982222199,20000,10000,TRUE
50,"sine 8pi",1.4,2,2,"MIC",0.0699,0.00254978410850801,0.399387535914313,20000,10000,TRUE
50,"sine 8pi",1.4,2,2,"BET",0.0273,0.00162956159748565,18,20000,10000,TRUE
50,"sine 8pi",1.4,2,2,"BEAST",0.0580813138393751,0.00233897145818557,0.395809657003567,20000,10000,TRUE
50,"sine 8pi",1.4,2,2,"xi",0.0815,0.00273601443709641,0.171668667466987,20000,10000,TRUE
50,"sine 8pi",1.4,2,2,"HHG_fast",0.0634,0.00243681021009023,0.0650825501909782,20000,10000,TRUE
50,"sine 8pi",1.5,2,2,"B_n",0.0566,0.00231076697224103,9.3990301207677,20000,10000,TRUE
50,"sine 8pi",1.5,2,2,"P_n",0.0565,0.00230884711490389,9.33242179180288,20000,10000,TRUE
50,"sine 8pi",1.5,2,2,"Hoeffding",0.0581,0.00233932447514234,0.0210079244463743,20000,10000,TRUE
50,"sine 8pi",1.5,2,2,"dCov",0.0586,0.00234874519690834,0.32989006178283,5000,10000,FALSE
50,"sine 8pi",1.5,2,2,"HHG",0.055,0.0022798026230356,3475.48234410333,5000,10000,FALSE
50,"sine 8pi",1.5,2,2,"Genest",0.0592,0.00235998644063901,0.0579027982222199,20000,10000,TRUE
50,"sine 8pi",1.5,2,2,"MIC",0.0675,0.00250885930255166,0.399387535914313,20000,10000,TRUE
50,"sine 8pi",1.5,2,2,"BET",0.0306,0.00172231356030196,18,20000,10000,TRUE
50,"sine 8pi",1.5,2,2,"BEAST",0.0544926374837223,0.00226987202158602,0.395809657003567,20000,10000,TRUE
50,"sine 8pi",1.5,2,2,"xi",0.0716,0.00257824436390347,0.171668667466987,20000,10000,TRUE
50,"sine 8pi",1.5,2,2,"HHG_fast",0.0613,0.00239879782391097,0.0650825501909782,20000,10000,TRUE
50,"sine 8pi",1.6,2,2,"B_n",0.0597,0.0023693017958884,9.3990301207677,20000,10000,TRUE
50,"sine 8pi",1.6,2,2,"P_n",0.0588,0.00235249994686504,9.33242179180288,20000,10000,TRUE
50,"sine 8pi",1.6,2,2,"Hoeffding",0.0605,0.00238410884818626,0.0210079244463743,20000,10000,TRUE
50,"sine 8pi",1.6,2,2,"dCov",0.0629,0.0024278301011397,0.327772443212164,5000,10000,FALSE
50,"sine 8pi",1.6,2,2,"HHG",0.0647,0.00245995751995842,3431.05508753834,5000,10000,FALSE
50,"sine 8pi",1.6,2,2,"Genest",0.061,0.00239330315672712,0.0579027982222199,20000,10000,TRUE
50,"sine 8pi",1.6,2,2,"MIC",0.066,0.00248282097622845,0.399387535914313,20000,10000,TRUE
50,"sine 8pi",1.6,2,2,"BET",0.0331,0.00178897708202201,18,20000,10000,TRUE
50,"sine 8pi",1.6,2,2,"BEAST",0.0591710052062475,0.00235944479378369,0.395809657003567,20000,10000,TRUE
50,"sine 8pi",1.6,2,2,"xi",0.0705,0.00255987792677698,0.171668667466987,20000,10000,TRUE
50,"sine 8pi",1.6,2,2,"HHG_fast",0.0643,0.00245286587484925,0.0650825501909782,20000,10000,TRUE
50,"sine 8pi",1.7,2,2,"B_n",0.0545,0.00227001651976368,9.3990301207677,20000,10000,TRUE
50,"sine 8pi",1.7,2,2,"P_n",0.0539,0.00225820260384227,9.33242179180288,20000,10000,TRUE
50,"sine 8pi",1.7,2,2,"Hoeffding",0.0582,0.00234121250637357,0.0210079244463743,20000,10000,TRUE
50,"sine 8pi",1.7,2,2,"dCov",0.0598,0.00237115921017548,0.327367712353757,5000,10000,FALSE
50,"sine 8pi",1.7,2,2,"HHG",0.0556,0.00229147637997864,3446.82613935655,5000,10000,FALSE
50,"sine 8pi",1.7,2,2,"Genest",0.0578,0.00233364864536202,0.0579027982222199,20000,10000,TRUE
50,"sine 8pi",1.7,2,2,"MIC",0.0656,0.00247581582513724,0.399387535914313,20000,10000,TRUE
50,"sine 8pi",1.7,2,2,"BET",0.0284,0.00166112732805165,18,20000,10000,TRUE
50,"sine 8pi",1.7,2,2,"BEAST",0.0538916157467695,0.00225803696823086,0.395809657003567,20000,10000,TRUE
50,"sine 8pi",1.7,2,2,"xi",0.0679,0.00251574223639863,0.171668667466987,20000,10000,TRUE
50,"sine 8pi",1.7,2,2,"HHG_fast",0.0592,0.00235998644063901,0.0650825501909782,20000,10000,TRUE
50,"sine 8pi",1.8,2,2,"B_n",0.0524,0.00222832313635164,9.3990301207677,20000,10000,TRUE
50,"sine 8pi",1.8,2,2,"P_n",0.052,0.00222027025382047,9.33242179180288,20000,10000,TRUE
50,"sine 8pi",1.8,2,2,"Hoeffding",0.0515,0.00221015270965605,0.0210079244463743,20000,10000,TRUE
50,"sine 8pi",1.8,2,2,"dCov",0.0502,0.00218357413430366,0.330766560589157,5000,10000,FALSE
50,"sine 8pi",1.8,2,2,"HHG",0.0497,0.00217324434889407,3455.55668766842,5000,10000,FALSE
50,"sine 8pi",1.8,2,2,"Genest",0.052,0.00222027025382047,0.0579027982222199,20000,10000,TRUE
50,"sine 8pi",1.8,2,2,"MIC",0.0621,0.00241337087908179,0.399387535914313,20000,10000,TRUE
50,"sine 8pi",1.8,2,2,"BET",0.0272,0.00162665792347377,18,20000,10000,TRUE
50,"sine 8pi",1.8,2,2,"BEAST",0.0530583642006207,0.00224149892235029,0.395809657003567,20000,10000,TRUE
50,"sine 8pi",1.8,2,2,"xi",0.063,0.00242962960140018,0.171668667466987,20000,10000,TRUE
50,"sine 8pi",1.8,2,2,"HHG_fast",0.055,0.0022798026230356,0.0650825501909782,20000,10000,TRUE
50,"sine 8pi",1.9,2,2,"B_n",0.0537,0.00225424732449658,9.3990301207677,20000,10000,TRUE
50,"sine 8pi",1.9,2,2,"P_n",0.0531,0.0022423289232403,9.33242179180288,20000,10000,TRUE
50,"sine 8pi",1.9,2,2,"Hoeffding",0.0522,0.00222430123859157,0.0210079244463743,20000,10000,TRUE
50,"sine 8pi",1.9,2,2,"dCov",0.0608,0.00238963093384732,0.323785839416928,5000,10000,FALSE
50,"sine 8pi",1.9,2,2,"HHG",0.0515,0.00221015270965605,3428.37824194223,5000,10000,FALSE
50,"sine 8pi",1.9,2,2,"Genest",0.051,0.00219997727260988,0.0579027982222199,20000,10000,TRUE
50,"sine 8pi",1.9,2,2,"MIC",0.0669,0.00249848734237338,0.399387535914313,20000,10000,TRUE
50,"sine 8pi",1.9,2,2,"BET",0.0278,0.00164399391726369,18,20000,10000,TRUE
50,"sine 8pi",1.9,2,2,"BEAST",0.0547039374812143,0.00227401443938392,0.395809657003567,20000,10000,TRUE
50,"sine 8pi",1.9,2,2,"xi",0.0638,0.00244396317484532,0.171668667466987,20000,10000,TRUE
50,"sine 8pi",1.9,2,2,"HHG_fast",0.0565,0.00230884711490389,0.0650825501909782,20000,10000,TRUE
50,"sine 8pi",2,2,2,"B_n",0.055,0.0022798026230356,9.3990301207677,20000,10000,TRUE
50,"sine 8pi",2,2,2,"P_n",0.055,0.0022798026230356,9.33242179180288,20000,10000,TRUE
50,"sine 8pi",2,2,2,"Hoeffding",0.0544,0.00226805290943576,0.0210079244463743,20000,10000,TRUE
50,"sine 8pi",2,2,2,"dCov",0.0615,0.00240245187256686,0.324133247793815,5000,10000,FALSE
50,"sine 8pi",2,2,2,"HHG",0.0551,0.00228175349238256,3413.2309152356,5000,10000,FALSE
50,"sine 8pi",2,2,2,"Genest",0.0537,0.00225424732449658,0.0579027982222199,20000,10000,TRUE
50,"sine 8pi",2,2,2,"MIC",0.0616,0.00240427619045733,0.399387535914313,20000,10000,TRUE
50,"sine 8pi",2,2,2,"BET",0.0278,0.00164399391726369,18,20000,10000,TRUE
50,"sine 8pi",2,2,2,"BEAST",0.0530060120240481,0.00224045474654934,0.395809657003567,20000,10000,TRUE
50,"sine 8pi",2,2,2,"xi",0.0643,0.00245286587484925,0.171668667466987,20000,10000,TRUE
50,"sine 8pi",2,2,2,"HHG_fast",0.0561,0.00230114732253283,0.0650825501909782,20000,10000,TRUE
50,"Clayton",0.1,2,2,"B_n",0.9072,0.00290151960186382,9.3990301207677,20000,10000,TRUE
50,"Clayton",0.1,2,2,"P_n",0.9052,0.0029293849183745,9.33242179180288,20000,10000,TRUE
50,"Clayton",0.1,2,2,"Hoeffding",0.9115,0.00284020685866364,0.0210079244463743,20000,10000,TRUE
50,"Clayton",0.1,2,2,"dCov",0.9361,0.0024457471251133,0.31983777632595,5000,10000,FALSE
50,"Clayton",0.1,2,2,"HHG",0.899,0.0030132872415354,3468.9059480735,5000,10000,FALSE
50,"Clayton",0.1,2,2,"Genest",0.9211,0.00269582621843471,0.0579027982222199,20000,10000,TRUE
50,"Clayton",0.1,2,2,"MIC",0.5785,0.00493799301336079,0.399387535914313,20000,10000,TRUE
50,"Clayton",0.1,2,2,"BET",0.3838,0.00486310147950873,18,20000,10000,TRUE
50,"Clayton",0.1,2,2,"BEAST",0.5895,0.0049192453689565,0.395809657003567,20000,10000,TRUE
50,"Clayton",0.1,2,2,"xi",0.5725,0.00494715827521214,0.171668667466987,20000,10000,TRUE
50,"Clayton",0.1,2,2,"HHG_fast",0.9236,0.0026563704560923,0.0650825501909782,20000,10000,TRUE
50,"Clayton",0.2,2,2,"B_n",0.8885,0.003147502978553,9.3990301207677,20000,10000,TRUE
50,"Clayton",0.2,2,2,"P_n",0.8855,0.00318417571751309,9.33242179180288,20000,10000,TRUE
50,"Clayton",0.2,2,2,"Hoeffding",0.9046,0.00293766642081772,0.0210079244463743,20000,10000,TRUE
50,"Clayton",0.2,2,2,"dCov",0.9273,0.002596434285708,0.322513870416492,5000,10000,FALSE
50,"Clayton",0.2,2,2,"HHG",0.8654,0.00341295824762038,3604.76256889767,5000,10000,FALSE
50,"Clayton",0.2,2,2,"Genest",0.9138,0.00280659152710187,0.0579027982222199,20000,10000,TRUE
50,"Clayton",0.2,2,2,"MIC",0.5577,0.00496659551403172,0.399387535914313,20000,10000,TRUE
50,"Clayton",0.2,2,2,"BET",0.3696,0.00482696426338543,18,20000,10000,TRUE
50,"Clayton",0.2,2,2,"BEAST",0.5654,0.00495704387715098,0.395809657003567,20000,10000,TRUE
50,"Clayton",0.2,2,2,"xi",0.5447,0.00497997901602005,0.171668667466987,20000,10000,TRUE
50,"Clayton",0.2,2,2,"HHG_fast",0.9119,0.00283440275895999,0.0650825501909782,20000,10000,TRUE
50,"Clayton",0.3,2,2,"B_n",0.863,0.00343847349851646,9.3990301207677,20000,10000,TRUE
50,"Clayton",0.3,2,2,"P_n",0.8614,0.00345528638465757,9.33242179180288,20000,10000,TRUE
50,"Clayton",0.3,2,2,"Hoeffding",0.8815,0.00323199241954557,0.0210079244463743,20000,10000,TRUE
50,"Clayton",0.3,2,2,"dCov",0.9151,0.0027873282906755,0.322308928119468,5000,10000,FALSE
50,"Clayton",0.3,2,2,"HHG",0.8524,0.00354703030717247,3434.66999803265,5000,10000,FALSE
50,"Clayton",0.3,2,2,"Genest",0.8952,0.00306295543552302,0.0579027982222199,20000,10000,TRUE
50,"Clayton",0.3,2,2,"MIC",0.5294,0.00499134891587434,0.399387535914313,20000,10000,TRUE
50,"Clayton",0.3,2,2,"BET",0.3565,0.00478965291018044,18,20000,10000,TRUE
50,"Clayton",0.3,2,2,"BEAST",0.5405,0.00498357050717656,0.395809657003567,20000,10000,TRUE
50,"Clayton",0.3,2,2,"xi",0.5048,0.00499976959469134,0.171668667466987,20000,10000,TRUE
50,"Clayton",0.3,2,2,"HHG_fast",0.892,0.00310380411753061,0.0650825501909782,20000,10000,TRUE
50,"Clayton",0.4,2,2,"B_n",0.8309,0.00374840219293501,9.3990301207677,20000,10000,TRUE
50,"Clayton",0.4,2,2,"P_n",0.8283,0.00377119490347555,9.33242179180288,20000,10000,TRUE
50,"Clayton",0.4,2,2,"Hoeffding",0.8635,0.00343318729462871,0.0210079244463743,20000,10000,TRUE
50,"Clayton",0.4,2,2,"dCov",0.8961,0.00305130775242354,0.322473394449196,5000,10000,FALSE
50,"Clayton",0.4,2,2,"HHG",0.8115,0.00391110917771417,3464.83431219922,5000,10000,FALSE
50,"Clayton",0.4,2,2,"Genest",0.8774,0.00327977499228225,0.0579027982222199,20000,10000,TRUE
50,"Clayton",0.4,2,2,"MIC",0.4944,0.00499968639016489,0.399387535914313,20000,10000,TRUE
50,"Clayton",0.4,2,2,"BET",0.3219,0.00467204869409556,18,20000,10000,TRUE
50,"Clayton",0.4,2,2,"BEAST",0.4933,0.00499955107984707,0.395809657003567,20000,10000,TRUE
50,"Clayton",0.4,2,2,"xi",0.4601,0.00498405447402012,0.171668667466987,20000,10000,TRUE
50,"Clayton",0.4,2,2,"HHG_fast",0.8709,0.003353105873664,0.0650825501909782,20000,10000,TRUE
50,"Clayton",0.5,2,2,"B_n",0.7845,0.00411168760972912,9.3990301207677,20000,10000,TRUE
50,"Clayton",0.5,2,2,"P_n",0.781,0.00413568615830554,9.33242179180288,20000,10000,TRUE
50,"Clayton",0.5,2,2,"Hoeffding",0.8306,0.00375104838678469,0.0210079244463743,20000,10000,TRUE
50,"Clayton",0.5,2,2,"dCov",0.8651,0.00341616729684013,0.326773045766758,5000,10000,FALSE
50,"Clayton",0.5,2,2,"HHG",0.7615,0.00426166340763791,3477.26553173202,5000,10000,FALSE
50,"Clayton",0.5,2,2,"Genest",0.8478,0.00359214643354082,0.0579027982222199,20000,10000,TRUE
50,"Clayton",0.5,2,2,"MIC",0.4635,0.00498665970364933,0.399387535914313,20000,10000,TRUE
50,"Clayton",0.5,2,2,"BET",0.3105,0.00462698335851773,18,20000,10000,TRUE
50,"Clayton",0.5,2,2,"BEAST",0.4631,0.00498636530952156,0.395809657003567,20000,10000,TRUE
50,"Clayton",0.5,2,2,"xi",0.4219,0.00493862723841353,0.171668667466987,20000,10000,TRUE
50,"Clayton",0.5,2,2,"HHG_fast",0.8414,0.00365302669029395,0.0650825501909782,20000,10000,TRUE
50,"Clayton",0.6,2,2,"B_n",0.7288,0.00444579081829094,9.3990301207677,20000,10000,TRUE
50,"Clayton",0.6,2,2,"P_n",0.7234,0.00447316934622422,9.33242179180288,20000,10000,TRUE
50,"Clayton",0.6,2,2,"Hoeffding",0.7935,0.00404793465856355,0.0210079244463743,20000,10000,TRUE
50,"Clayton",0.6,2,2,"dCov",0.8306,0.00375104838678469,0.327383436328644,5000,10000,FALSE
50,"Clayton",0.6,2,2,"HHG",0.7173,0.00450311791984176,3428.53146023549,5000,10000,FALSE
50,"Clayton",0.6,2,2,"Genest",0.8125,0.003903123748999,0.0579027982222199,20000,10000,TRUE
50,"Clayton",0.6,2,2,"MIC",0.4267,0.00494597927613936,0.399387535914313,20000,10000,TRUE
50,"Clayton",0.6,2,2,"BET",0.279,0.00448507525020484,18,20000,10000,TRUE
50,"Clayton",0.6,2,2,"BEAST",0.406840684068407,0.00491244686337835,0.395809657003567,20000,10000,TRUE
50,"Clayton",0.6,2,2,"xi",0.3776,0.00484786798500124,0.171668667466987,20000,10000,TRUE
50,"Clayton",0.6,2,2,"HHG_fast",0.7906,0.00406880375540527,0.0650825501909782,20000,10000,TRUE
50,"Clayton",0.7,2,2,"B_n",0.6678,0.00471002292988049,9.3990301207677,20000,10000,TRUE
50,"Clayton",0.7,2,2,"P_n",0.6627,0.00472788229548918,9.33242179180288,20000,10000,TRUE
50,"Clayton",0.7,2,2,"Hoeffding",0.7462,0.00435184512592073,0.0210079244463743,20000,10000,TRUE
50,"Clayton",0.7,2,2,"dCov",0.7906,0.00406880375540527,0.325662498491243,5000,10000,FALSE
50,"Clayton",0.7,2,2,"HHG",0.6473,0.00477810328477734,3441.85011767524,5000,10000,FALSE
50,"Clayton",0.7,2,2,"Genest",0.7664,0.00423120597466018,0.0579027982222199,20000,10000,TRUE
50,"Clayton",0.7,2,2,"MIC",0.3749,0.00484097087369879,0.399387535914313,20000,10000,TRUE
50,"Clayton",0.7,2,2,"BET",0.2373,0.00425427678930274,18,20000,10000,TRUE
50,"Clayton",0.7,2,2,"BEAST",0.3643,0.00481233321788922,0.395809657003567,20000,10000,TRUE
50,"Clayton",0.7,2,2,"xi",0.3269,0.00469080366248685,0.171668667466987,20000,10000,TRUE
50,"Clayton",0.7,2,2,"HHG_fast",0.7444,0.00436197936721393,0.0650825501909782,20000,10000,TRUE
50,"Clayton",0.8,2,2,"B_n",0.6126,0.00487156278826415,9.3990301207677,20000,10000,TRUE
50,"Clayton",0.8,2,2,"P_n",0.6094,0.00487884863466781,9.33242179180288,20000,10000,TRUE
50,"Clayton",0.8,2,2,"Hoeffding",0.7034,0.00456758623344979,0.0210079244463743,20000,10000,TRUE
50,"Clayton",0.8,2,2,"dCov",0.7555,0.00429790355871325,0.325062157733866,5000,10000,FALSE
50,"Clayton",0.8,2,2,"HHG",0.5769,0.00494050999391763,3478.19160048445,5000,10000,FALSE
50,"Clayton",0.8,2,2,"Genest",0.7239,0.00447066874192218,0.0579027982222199,20000,10000,TRUE
50,"Clayton",0.8,2,2,"MIC",0.3394,0.00473505691623659,0.399387535914313,20000,10000,TRUE
50,"Clayton",0.8,2,2,"BET",0.2104,0.00407592737913717,18,20000,10000,TRUE
50,"Clayton",0.8,2,2,"BEAST",0.327532753275328,0.00469313380170661,0.395809657003567,20000,10000,TRUE
50,"Clayton",0.8,2,2,"xi",0.2915,0.00454453242919445,0.171668667466987,20000,10000,TRUE
50,"Clayton",0.8,2,2,"HHG_fast",0.7025,0.00457158342371656,0.0650825501909782,20000,10000,TRUE
50,"Clayton",0.9,2,2,"B_n",0.5518,0.00497309521324497,9.3990301207677,20000,10000,TRUE
50,"Clayton",0.9,2,2,"P_n",0.5476,0.00497729082935687,9.33242179180288,20000,10000,TRUE
50,"Clayton",0.9,2,2,"Hoeffding",0.6469,0.00477933457711427,0.0210079244463743,20000,10000,TRUE
50,"Clayton",0.9,2,2,"dCov",0.6825,0.00465503759383316,0.330081201859453,5000,10000,FALSE
50,"Clayton",0.9,2,2,"HHG",0.5273,0.00499254153713317,3444.57763011722,5000,10000,FALSE
50,"Clayton",0.9,2,2,"Genest",0.6667,0.00471392734352154,0.0579027982222199,20000,10000,TRUE
50,"Clayton",0.9,2,2,"MIC",0.2938,0.00455501437977972,0.399387535914313,20000,10000,TRUE
50,"Clayton",0.9,2,2,"BET",0.181,0.00385018181388879,18,20000,10000,TRUE
50,"Clayton",0.9,2,2,"BEAST",0.280756151230246,0.00449368595672445,0.395809657003567,20000,10000,TRUE
50,"Clayton",0.9,2,2,"xi",0.2565,0.0043670098465655,0.171668667466987,20000,10000,TRUE
50,"Clayton",0.9,2,2,"HHG_fast",0.6387,0.00480377257996254,0.0650825501909782,20000,10000,TRUE
50,"Clayton",1,2,2,"B_n",0.5045,0.00499979749589921,9.3990301207677,20000,10000,TRUE
50,"Clayton",1,2,2,"P_n",0.4995,0.00499999749999937,9.33242179180288,20000,10000,TRUE
50,"Clayton",1,2,2,"Hoeffding",0.6029,0.004892970365739,0.0210079244463743,20000,10000,TRUE
50,"Clayton",1,2,2,"dCov",0.67,0.0047021271782035,0.322104146473542,5000,10000,FALSE
50,"Clayton",1,2,2,"HHG",0.4864,0.00499815005777138,3423.62354800272,5000,10000,FALSE
50,"Clayton",1,2,2,"Genest",0.625,0.00484122918275927,0.0579027982222199,20000,10000,TRUE
50,"Clayton",1,2,2,"MIC",0.2751,0.00446564653773673,0.399387535914313,20000,10000,TRUE
50,"Clayton",1,2,2,"BET",0.1635,0.00369821240601456,18,20000,10000,TRUE
50,"Clayton",1,2,2,"BEAST",0.2562,0.00436533572592075,0.395809657003567,20000,10000,TRUE
50,"Clayton",1,2,2,"xi",0.2337,0.0042318354174046,0.171668667466987,20000,10000,TRUE
50,"Clayton",1,2,2,"HHG_fast",0.6008,0.00489733968599279,0.0650825501909782,20000,10000,TRUE
50,"Clayton",1.1,2,2,"B_n",0.4441,0.00496865364057508,9.3990301207677,20000,10000,TRUE
50,"Clayton",1.1,2,2,"P_n",0.4414,0.00496554166229627,9.33242179180288,20000,10000,TRUE
50,"Clayton",1.1,2,2,"Hoeffding",0.561,0.00496265050149615,0.0210079244463743,20000,10000,TRUE
50,"Clayton",1.1,2,2,"dCov",0.5964,0.00490619037543388,0.329508508556661,5000,10000,FALSE
50,"Clayton",1.1,2,2,"HHG",0.4209,0.00493703544650026,3467.73811979373,5000,10000,FALSE
50,"Clayton",1.1,2,2,"Genest",0.581,0.00493395378981198,0.0579027982222199,20000,10000,TRUE
50,"Clayton",1.1,2,2,"MIC",0.2454,0.00430324110409817,0.399387535914313,20000,10000,TRUE
50,"Clayton",1.1,2,2,"BET",0.1458,0.00352905596441881,18,20000,10000,TRUE
50,"Clayton",1.1,2,2,"BEAST",0.228622862286229,0.00419945769268224,0.395809657003567,20000,10000,TRUE
50,"Clayton",1.1,2,2,"xi",0.2162,0.00411652231865685,0.171668667466987,20000,10000,TRUE
50,"Clayton",1.1,2,2,"HHG_fast",0.5519,0.0049729909511279,0.0650825501909782,20000,10000,TRUE
50,"Clayton",1.2,2,2,"B_n",0.387,0.00487063650871218,9.3990301207677,20000,10000,TRUE
50,"Clayton",1.2,2,2,"P_n",0.383,0.00486118298359566,9.33242179180288,20000,10000,TRUE
50,"Clayton",1.2,2,2,"Hoeffding",0.4979,0.00499995589980552,0.0210079244463743,20000,10000,TRUE
50,"Clayton",1.2,2,2,"dCov",0.5488,0.00497612861570117,0.325873855111573,5000,10000,FALSE
50,"Clayton",1.2,2,2,"HHG",0.3752,0.00484174513992631,3432.67333687005,5000,10000,FALSE
50,"Clayton",1.2,2,2,"Genest",0.5137,0.00499812274759234,0.0579027982222199,20000,10000,TRUE
50,"Clayton",1.2,2,2,"MIC",0.2124,0.00409006405817806,0.399387535914313,20000,10000,TRUE
50,"Clayton",1.2,2,2,"BET",0.1302,0.00336523342429615,18,20000,10000,TRUE
50,"Clayton",1.2,2,2,"BEAST",0.1983,0.00398719337379064,0.395809657003567,20000,10000,TRUE
50,"Clayton",1.2,2,2,"xi",0.1832,0.00386830402114415,0.171668667466987,20000,10000,TRUE
50,"Clayton",1.2,2,2,"HHG_fast",0.4862,0.00499809523718786,0.0650825501909782,20000,10000,TRUE
50,"Clayton",1.3,2,2,"B_n",0.3692,0.00482588188831844,9.3990301207677,20000,10000,TRUE
50,"Clayton",1.3,2,2,"P_n",0.3639,0.00481120348769411,9.33242179180288,20000,10000,TRUE
50,"Clayton",1.3,2,2,"Hoeffding",0.4684,0.00499000440881569,0.0210079244463743,20000,10000,TRUE
50,"Clayton",1.3,2,2,"dCov",0.5116,0.00499865421888732,0.328267118330842,5000,10000,FALSE
50,"Clayton",1.3,2,2,"HHG",0.351,0.00477282934955776,3427.25919936398,5000,10000,FALSE
50,"Clayton",1.3,2,2,"Genest",0.486,0.00499803961568934,0.0579027982222199,20000,10000,TRUE
50,"Clayton",1.3,2,2,"MIC",0.1968,0.00397579878766519,0.399387535914313,20000,10000,TRUE
50,"Clayton",1.3,2,2,"BET",0.1187,0.00323435171247655,18,20000,10000,TRUE
50,"Clayton",1.3,2,2,"BEAST",0.185574229691877,0.00388762697498285,0.395809657003567,20000,10000,TRUE
50,"Clayton",1.3,2,2,"xi",0.1681,0.00373955064145413,0.171668667466987,20000,10000,TRUE
50,"Clayton",1.3,2,2,"HHG_fast",0.4617,0.00498530951897673,0.0650825501909782,20000,10000,TRUE
50,"Clayton",1.4,2,2,"B_n",0.3286,0.00469704204792761,9.3990301207677,20000,10000,TRUE
50,"Clayton",1.4,2,2,"P_n",0.3243,0.00468112710786622,9.33242179180288,20000,10000,TRUE
50,"Clayton",1.4,2,2,"Hoeffding",0.4233,0.00494082088321364,0.0210079244463743,20000,10000,TRUE
50,"Clayton",1.4,2,2,"dCov",0.4462,0.00497097133365301,0.331205382855061,5000,10000,FALSE
50,"Clayton",1.4,2,2,"HHG",0.2872,0.00452455699488911,3505.80044274542,5000,10000,FALSE
50,"Clayton",1.4,2,2,"Genest",0.4361,0.00495899979834644,0.0579027982222199,20000,10000,TRUE
50,"Clayton",1.4,2,2,"MIC",0.1716,0.00377032412399783,0.399387535914313,20000,10000,TRUE
50,"Clayton",1.4,2,2,"BET",0.1018,0.00302385118681459,18,20000,10000,TRUE
50,"Clayton",1.4,2,2,"BEAST",0.164749424827448,0.00370954244950066,0.395809657003567,20000,10000,TRUE
50,"Clayton",1.4,2,2,"xi",0.1542,0.00361140360524824,0.171668667466987,20000,10000,TRUE
50,"Clayton",1.4,2,2,"HHG_fast",0.4123,0.00492248626204279,0.0650825501909782,20000,10000,TRUE
50,"Clayton",1.5,2,2,"B_n",0.2852,0.00451509645522662,9.3990301207677,20000,10000,TRUE
50,"Clayton",1.5,2,2,"P_n",0.2824,0.00450166902381772,9.33242179180288,20000,10000,TRUE
50,"Clayton",1.5,2,2,"Hoeffding",0.381,0.00485632577160964,0.0210079244463743,20000,10000,TRUE
50,"Clayton",1.5,2,2,"dCov",0.4094,0.0049172313348062,0.330956741074673,5000,10000,FALSE
50,"Clayton",1.5,2,2,"HHG",0.2598,0.00438524754147357,3479.12427984392,5000,10000,FALSE
50,"Clayton",1.5,2,2,"Genest",0.3955,0.00488957820266738,0.0579027982222199,20000,10000,TRUE
50,"Clayton",1.5,2,2,"MIC",0.1603,0.00366884055254518,0.399387535914313,20000,10000,TRUE
50,"Clayton",1.5,2,2,"BET",0.0937,0.00291410895472355,18,20000,10000,TRUE
50,"Clayton",1.5,2,2,"BEAST",0.153392035221133,0.00360364979918764,0.395809657003567,20000,10000,TRUE
50,"Clayton",1.5,2,2,"xi",0.1413,0.00348330747996785,0.171668667466987,20000,10000,TRUE
50,"Clayton",1.5,2,2,"HHG_fast",0.3693,0.00482615281564933,0.0650825501909782,20000,10000,TRUE
50,"Clayton",1.6,2,2,"B_n",0.2687,0.00443283554849489,9.3990301207677,20000,10000,TRUE
50,"Clayton",1.6,2,2,"P_n",0.2656,0.004416521708313,9.33242179180288,20000,10000,TRUE
50,"Clayton",1.6,2,2,"Hoeffding",0.3549,0.00478483009102727,0.0210079244463743,20000,10000,TRUE
50,"Clayton",1.6,2,2,"dCov",0.3934,0.00488504288619865,0.328231516661313,5000,10000,FALSE
50,"Clayton",1.6,2,2,"HHG",0.2483,0.00432026746857182,3462.68125864298,5000,10000,FALSE
50,"Clayton",1.6,2,2,"Genest",0.3724,0.00483444143619509,0.0579027982222199,20000,10000,TRUE
50,"Clayton",1.6,2,2,"MIC",0.1492,0.00356285503494038,0.399387535914313,20000,10000,TRUE
50,"Clayton",1.6,2,2,"BET",0.0853,0.00279327603362074,18,20000,10000,TRUE
50,"Clayton",1.6,2,2,"BEAST",0.138741622486746,0.00345676705429352,0.395809657003567,20000,10000,TRUE
50,"Clayton",1.6,2,2,"xi",0.1337,0.00340329707783496,0.171668667466987,20000,10000,TRUE
50,"Clayton",1.6,2,2,"HHG_fast",0.3486,0.00476527061141338,0.0650825501909782,20000,10000,TRUE
50,"Clayton",1.7,2,2,"B_n",0.2411,0.00427750850379049,9.3990301207677,20000,10000,TRUE
50,"Clayton",1.7,2,2,"P_n",0.2383,0.00426043554111549,9.33242179180288,20000,10000,TRUE
50,"Clayton",1.7,2,2,"Hoeffding",0.3187,0.00465972434807039,0.0210079244463743,20000,10000,TRUE
50,"Clayton",1.7,2,2,"dCov",0.3555,0.00478664548509705,0.32800955915672,5000,10000,FALSE
50,"Clayton",1.7,2,2,"HHG",0.2347,0.00423811172575712,3398.55124076463,5000,10000,FALSE
50,"Clayton",1.7,2,2,"Genest",0.3346,0.00471850442407337,0.0579027982222199,20000,10000,TRUE
50,"Clayton",1.7,2,2,"MIC",0.1361,0.00342894721452518,0.399387535914313,20000,10000,TRUE
50,"Clayton",1.7,2,2,"BET",0.0769,0.0026643271195557,18,20000,10000,TRUE
50,"Clayton",1.7,2,2,"BEAST",0.129377626575946,0.00335617425527223,0.395809657003567,20000,10000,TRUE
50,"Clayton",1.7,2,2,"xi",0.1236,0.00329124657234915,0.171668667466987,20000,10000,TRUE
50,"Clayton",1.7,2,2,"HHG_fast",0.3093,0.00462205051897964,0.0650825501909782,20000,10000,TRUE
50,"Clayton",1.8,2,2,"B_n",0.2175,0.00412545452041348,9.3990301207677,20000,10000,TRUE
50,"Clayton",1.8,2,2,"P_n",0.2141,0.00410196526070127,9.33242179180288,20000,10000,TRUE
50,"Clayton",1.8,2,2,"Hoeffding",0.2971,0.00456980951462969,0.0210079244463743,20000,10000,TRUE
50,"Clayton",1.8,2,2,"dCov",0.3359,0.00472304128713692,0.326404414967287,5000,10000,FALSE
50,"Clayton",1.8,2,2,"HHG",0.2035,0.00402601229506319,3448.71164355823,5000,10000,FALSE
50,"Clayton",1.8,2,2,"Genest",0.3072,0.00461333025048067,0.0579027982222199,20000,10000,TRUE
50,"Clayton",1.8,2,2,"MIC",0.1294,0.00335642130847723,0.399387535914313,20000,10000,TRUE
50,"Clayton",1.8,2,2,"BET",0.0764,0.0026563704560923,18,20000,10000,TRUE
50,"Clayton",1.8,2,2,"BEAST",0.121348539415766,0.00326531884197281,0.395809657003567,20000,10000,TRUE
50,"Clayton",1.8,2,2,"xi",0.1118,0.00315120231023018,0.171668667466987,20000,10000,TRUE
50,"Clayton",1.8,2,2,"HHG_fast",0.2864,0.00452078577240727,0.0650825501909782,20000,10000,TRUE
50,"Clayton",1.9,2,2,"B_n",0.2041,0.00403042417122565,9.3990301207677,20000,10000,TRUE
50,"Clayton",1.9,2,2,"P_n",0.2019,0.00401417974186508,9.33242179180288,20000,10000,TRUE
50,"Clayton",1.9,2,2,"Hoeffding",0.2795,0.0044875355151798,0.0210079244463743,20000,10000,TRUE
50,"Clayton",1.9,2,2,"dCov",0.3097,0.00462369884399925,0.328793445057846,5000,10000,FALSE
50,"Clayton",1.9,2,2,"HHG",0.1955,0.00396585110663525,3451.50344712843,5000,10000,FALSE
50,"Clayton",1.9,2,2,"Genest",0.2934,0.00455320151102496,0.0579027982222199,20000,10000,TRUE
50,"Clayton",1.9,2,2,"MIC",0.1177,0.00322252556235013,0.399387535914313,20000,10000,TRUE
50,"Clayton",1.9,2,2,"BET",0.071,0.00256824843035093,18,20000,10000,TRUE
50,"Clayton",1.9,2,2,"BEAST",0.112501251126013,0.00315982150795096,0.395809657003567,20000,10000,TRUE
50,"Clayton",1.9,2,2,"xi",0.1065,0.00308476498294441,0.171668667466987,20000,10000,TRUE
50,"Clayton",1.9,2,2,"HHG_fast",0.2734,0.00445704431209742,0.0650825501909782,20000,10000,TRUE
50,"Clayton",2,2,2,"B_n",0.1876,0.00390392417959161,9.3990301207677,20000,10000,TRUE
50,"Clayton",2,2,2,"P_n",0.1843,0.00387728655118499,9.33242179180288,20000,10000,TRUE
50,"Clayton",2,2,2,"Hoeffding",0.2521,0.00434218366723472,0.0210079244463743,20000,10000,TRUE
50,"Clayton",2,2,2,"dCov",0.2774,0.00447715579358146,0.330492976483075,5000,10000,FALSE
50,"Clayton",2,2,2,"HHG",0.1638,0.00370093988062492,3499.90386333599,5000,10000,FALSE
50,"Clayton",2,2,2,"Genest",0.2658,0.00441758259685091,0.0579027982222199,20000,10000,TRUE
50,"Clayton",2,2,2,"MIC",0.1118,0.00315120231023018,0.399387535914313,20000,10000,TRUE
50,"Clayton",2,2,2,"BET",0.061,0.00239330315672712,18,20000,10000,TRUE
50,"Clayton",2,2,2,"BEAST",0.103593233910519,0.0030473213778412,0.395809657003567,20000,10000,TRUE
50,"Clayton",2,2,2,"xi",0.0966,0.00295412322017887,0.171668667466987,20000,10000,TRUE
50,"Clayton",2,2,2,"HHG_fast",0.2464,0.00430914190993984,0.0650825501909782,20000,10000,TRUE
