"n","scheme","nu","p","q","test","power","se","crit","R0","R1"
50,"linear",0.1,2,2,"B_n",1,0,9.42775537438443,10000,10000
50,"linear",0.1,2,2,"P_n",1,0,9.30505087589583,10000,10000
50,"linear",0.1,2,2,"Hoeffding",1,0,0.020079976023712,10000,10000
50,"linear",0.1,2,2,"dCov",1,0,0.323267440317312,10000,10000
50,"linear",0.1,2,2,"HHG",1,0,3458.49168571597,10000,10000
50,"linear",0.1,2,2,"Genest",1,0,0.0565357102222221,10000,10000
50,"linear",0.1,2,2,"MIC",1,0,0.400368663955449,10000,10000
50,"linear",0.1,2,1,"B_n",1,0,5.91696839351066,10000,10000
50,"linear",0.1,2,1,"P_n",1,0,5.91453832407467,10000,10000
50,"linear",0.1,2,1,"Hoeffding",1,0,0.0204579801393268,10000,10000
50,"linear",0.1,2,1,"dCov",1,0,0.321933219667803,10000,10000
50,"linear",0.1,2,1,"HHG",1,0,3453.73204684298,10000,10000
50,"linear",0.1,2,1,"Genest",1,0,0.0565631022222188,10000,10000
50,"linear",0.1,2,1,"MIC",1,0,0.4,10000,10000
50,"linear",0.2,2,2,"B_n",1,0,9.48225607002772,10000,10000
50,"linear",0.2,2,2,"P_n",1,0,9.36375238295503,10000,10000
50,"linear",0.2,2,2,"Hoeffding",1,0,0.0198311040419868,10000,10000
50,"linear",0.2,2,2,"dCov",1,0,0.323701614406264,10000,10000
50,"linear",0.2,2,2,"HHG",1,0,3481.70722411447,10000,10000
50,"linear",0.2,2,2,"Genest",1,0,0.0560083822222235,10000,10000
50,"linear",0.2,2,2,"MIC",0.9999,9.99949998749882e-05,0.401944011750206,10000,10000
50,"linear",0.2,2,1,"B_n",1,0,6.04862936037112,10000,10000
50,"linear",0.2,2,1,"P_n",1,0,6.03786191916973,10000,10000
50,"linear",0.2,2,1,"Hoeffding",1,0,0.0208115123940418,10000,10000
50,"linear",0.2,2,1,"dCov",1,0,0.32840032829044,10000,10000
50,"linear",0.2,2,1,"HHG",1,0,3478.72425444182,10000,10000
50,"linear",0.2,2,1,"Genest",1,0,0.058073966222221,10000,10000
50,"linear",0.2,2,1,"MIC",0.9999,9.99949998749882e-05,0.403316801233953,10000,10000
50,"linear",0.3,2,2,"B_n",0.9995,0.000223550889061069,9.34283463128288,10000,10000
50,"linear",0.3,2,2,"P_n",0.9995,0.000223550889061069,9.29618891818486,10000,10000
50,"linear",0.3,2,2,"Hoeffding",0.9999,9.99949998749882e-05,0.0205390653023466,10000,10000
50,"linear",0.3,2,2,"dCov",1,0,0.32519108017386,10000,10000
50,"linear",0.3,2,2,"HHG",0.998,0.000446766158073774,3433.33744056043,10000,10000
50,"linear",0.3,2,2,"Genest",1,0,0.0571265902222229,10000,10000
50,"linear",0.3,2,2,"MIC",0.9709,0.00168086852549508,0.402323546060888,10000,10000
50,"linear",0.3,2,1,"B_n",1,0,6.0441176329017,10000,10000
50,"linear",0.3,2,1,"P_n",1,0,6.03364166991018,10000,10000
50,"linear",0.3,2,1,"Hoeffding",1,0,0.0208378485529272,10000,10000
50,"linear",0.3,2,1,"dCov",1,0,0.329860198269839,10000,10000
50,"linear",0.3,2,1,"HHG",0.9984,0.000399679871897503,3454.49698824103,10000,10000
50,"linear",0.3,2,1,"Genest",1,0,0.0580531822222205,10000,10000
50,"linear",0.3,2,1,"MIC",0.9737,0.00160025966642917,0.398884337688554,10000,10000
50,"linear",0.4,2,2,"B_n",0.9698,0.0017113725485703,9.46484012719696,10000,10000
50,"linear",0.4,2,2,"P_n",0.969,0.0017331762749357,9.36762058192632,10000,10000
50,"linear",0.4,2,2,"Hoeffding",0.991,0.000944404574321832,0.0209050812739527,10000,10000
50,"linear",0.4,2,2,"dCov",0.9959,0.000638998435052856,0.328326762109929,10000,10000
50,"linear",0.4,2,2,"HHG",0.9543,0.00208833689810816,3458.16494320186,10000,10000
50,"linear",0.4,2,2,"Genest",0.993,0.000833726573883789,0.0579129102222243,10000,10000
50,"linear",0.4,2,2,"MIC",0.7968,0.00402380118793163,0.403066355306639,10000,10000
50,"linear",0.4,2,1,"B_n",0.9885,0.00106619651096784,6.26155668914541,10000,10000
50,"linear",0.4,2,1,"P_n",0.9885,0.00106619651096784,6.23657621275493,10000,10000
50,"linear",0.4,2,1,"Hoeffding",0.991,0.000944404574321832,0.0212351800109498,10000,10000
50,"linear",0.4,2,1,"dCov",0.9954,0.0006766712643522,0.331441298937638,10000,10000
50,"linear",0.4,2,1,"HHG",0.9542,0.00209051094232965,3462.05805455732,10000,10000
50,"linear",0.4,2,1,"Genest",0.9925,0.000862771696336867,0.0586213902222218,10000,10000
50,"linear",0.4,2,1,"MIC",0.8236,0.00381160123832491,0.4,10000,10000
50,"linear",0.5,2,2,"B_n",0.8654,0.00341295824762038,9.35246252752978,10000,10000
50,"linear",0.5,2,2,"P_n",0.8637,0.00343106849246703,9.27712980488089,10000,10000
50,"linear",0.5,2,2,"Hoeffding",0.9364,0.00244039013274517,0.0212727019577489,10000,10000
50,"linear",0.5,2,2,"dCov",0.9604,0.00195017537672897,0.329327281943309,10000,10000
50,"linear",0.5,2,2,"HHG",0.8236,0.00381160123832491,3451.85485172554,10000,10000
50,"linear",0.5,2,2,"Genest",0.9474,0.00223233599621562,0.0579383022222218,10000,10000
50,"linear",0.5,2,2,"MIC",0.5985,0.00490201744182943,0.401617333763058,10000,10000
50,"linear",0.5,2,1,"B_n",0.9273,0.002596434285708,6.07745432946744,10000,10000
50,"linear",0.5,2,1,"P_n",0.9273,0.002596434285708,6.06481557679864,10000,10000
50,"linear",0.5,2,1,"Hoeffding",0.9391,0.00239146795922504,0.020962850912798,10000,10000
50,"linear",0.5,2,1,"dCov",0.9606,0.00194544699233878,0.330145290672178,10000,10000
50,"linear",0.5,2,1,"HHG",0.8243,0.00380564725112562,3455.81622907107,10000,10000
50,"linear",0.5,2,1,"Genest",0.9478,0.00222430123859157,0.0581974382222223,10000,10000
50,"linear",0.5,2,1,"MIC",0.6133,0.00486993952734528,0.39912950993865,10000,10000
50,"linear",0.6,2,2,"B_n",0.7099,0.0045380831856633,9.34898272346642,10000,10000
50,"linear",0.6,2,2,"P_n",0.7066,0.00455320151102496,9.24680178272624,10000,10000
50,"linear",0.6,2,2,"Hoeffding",0.8336,0.00372439310492327,0.0208130227113972,10000,10000
50,"linear",0.6,2,2,"dCov",0.8742,0.00331623823028443,0.329061208324214,10000,10000
50,"linear",0.6,2,2,"HHG",0.6602,0.00473641172196844,3473.34014749436,10000,10000
50,"linear",0.6,2,2,"Genest",0.8539,0.00353206441051122,0.0571950702222189,10000,10000
50,"linear",0.6,2,2,"MIC",0.4254,0.00494403519404949,0.401925020811018,10000,10000
50,"linear",0.6,2,1,"B_n",0.8116,0.00391031251947974,5.97923415889073,10000,10000
50,"linear",0.6,2,1,"P_n",0.8116,0.00391031251947974,5.97290421766638,10000,10000
50,"linear",0.6,2,1,"Hoeffding",0.8384,0.00368083468794783,0.0207465451490494,10000,10000
50,"linear",0.6,2,1,"dCov",0.8771,0.00328322387296389,0.329087093242068,10000,10000
50,"linear",0.6,2,1,"HHG",0.6684,0.0047078810520233,3465.37805092083,10000,10000
50,"linear",0.6,2,1,"Genest",0.8573,0.00349766650783061,0.0571561262222244,10000,10000
50,"linear",0.6,2,1,"MIC",0.4386,0.0049621571921897,0.399624872126757,10000,10000
50,"linear",0.7,2,2,"B_n",0.5618,0.00496166060911062,9.41611314391318,10000,10000
50,"linear",0.7,2,2,"P_n",0.5548,0.00496987887176338,9.37993585004859,10000,10000
50,"linear",0.7,2,2,"Hoeffding",0.7137,0.00452031315286895,0.0211872982310408,10000,10000
50,"linear",0.7,2,2,"dCov",0.7532,0.0043114934767433,0.332307404933143,10000,10000
50,"linear",0.7,2,2,"HHG",0.5315,0.00499006763481218,3469.36394625063,10000,10000
50,"linear",0.7,2,2,"Genest",0.7375,0.00439992897669951,0.0577002222222199,10000,10000
50,"linear",0.7,2,2,"MIC",0.3275,0.00469301342422968,0.401572991804284,10000,10000
50,"linear",0.7,2,1,"B_n",0.6693,0.00470465205939823,6.08110375654383,10000,10000
50,"linear",0.7,2,1,"P_n",0.6693,0.00470465205939823,6.06822689962494,10000,10000
50,"linear",0.7,2,1,"Hoeffding",0.729,0.00444476096095167,0.0201161528441164,10000,10000
50,"linear",0.7,2,1,"dCov",0.7706,0.00420446952658715,0.327883248463591,10000,10000
50,"linear",0.7,2,1,"HHG",0.534,0.00498842660565433,3432.61055957132,10000,10000
50,"linear",0.7,2,1,"Genest",0.7474,0.00434503440722855,0.0567391022222198,10000,10000
50,"linear",0.7,2,1,"MIC",0.3272,0.00469190963254835,0.4,10000,10000
50,"linear",0.8,2,2,"B_n",0.4365,0.00495951358502021,9.40631433602307,10000,10000
50,"linear",0.8,2,2,"P_n",0.4363,0.00495925710162319,9.29361192321125,10000,10000
50,"linear",0.8,2,2,"Hoeffding",0.5914,0.00491575060392612,0.021306330117616,10000,10000
50,"linear",0.8,2,2,"dCov",0.6469,0.00477933457711427,0.329333923843083,10000,10000
50,"linear",0.8,2,2,"HHG",0.4156,0.00492825161695301,3463.49426630351,10000,10000
50,"linear",0.8,2,2,"Genest",0.6169,0.00486142355694297,0.0580495502222218,10000,10000
50,"linear",0.8,2,2,"MIC",0.2433,0.0042907471377372,0.4023246627788,10000,10000
50,"linear",0.8,2,1,"B_n",0.5525,0.00497236110917138,6.07293438852343,10000,10000
50,"linear",0.8,2,1,"P_n",0.5525,0.00497236110917138,6.06059015435521,10000,10000
50,"linear",0.8,2,1,"Hoeffding",0.6055,0.00488743030640847,0.0206992533368574,10000,10000
50,"linear",0.8,2,1,"dCov",0.6502,0.00476906657533736,0.330346726344988,10000,10000
50,"linear",0.8,2,1,"HHG",0.4175,0.00493146783422542,3469.67631558009,10000,10000
50,"linear",0.8,2,1,"Genest",0.6284,0.00483232283689739,0.0572396782222214,10000,10000
50,"linear",0.8,2,1,"MIC",0.2489,0.00432375750938926,0.402469838463622,10000,10000
50,"linear",0.9,2,2,"B_n",0.3305,0.00470393186600316,9.59324461035859,10000,10000
50,"linear",0.9,2,2,"P_n",0.3284,0.00469631174433725,9.48141309732389,10000,10000
50,"linear",0.9,2,2,"Hoeffding",0.5122,0.00499851137840057,0.0198915875323302,10000,10000
50,"linear",0.9,2,2,"dCov",0.5449,0.00497979909233294,0.328525076575582,10000,10000
50,"linear",0.9,2,2,"HHG",0.337,0.00472684884463212,3444.4669745462,10000,10000
50,"linear",0.9,2,2,"Genest",0.5293,0.00499140771726774,0.0563850862222236,10000,10000
50,"linear",0.9,2,2,"MIC",0.2026,0.00401936860713222,0.4,10000,10000
50,"linear",0.9,2,1,"B_n",0.4568,0.00498130264087618,5.99725057091974,10000,10000
50,"linear",0.9,2,1,"P_n",0.4568,0.00498130264087618,5.98977755841461,10000,10000
50,"linear",0.9,2,1,"Hoeffding",0.5092,0.00499915352834857,0.0207607043742566,10000,10000
50,"linear",0.9,2,1,"dCov",0.5434,0.00498112878773476,0.329876567619595,10000,10000
50,"linear",0.9,2,1,"HHG",0.3318,0.00470859596907613,3475.80674257271,10000,10000
50,"linear",0.9,2,1,"Genest",0.5205,0.00499579573241341,0.0577787822222224,10000,10000
50,"linear",0.9,2,1,"MIC",0.1996,0.00399699687265327,0.401679862252295,10000,10000
50,"linear",1,2,2,"B_n",0.2848,0.0045131913320842,9.55070644737193,10000,10000
50,"linear",1,2,2,"P_n",0.2876,0.00452643612569536,9.39048208709669,10000,10000
50,"linear",1,2,2,"Hoeffding",0.4262,0.00494523568700219,0.0212178585587796,10000,10000
50,"linear",1,2,2,"dCov",0.4653,0.00498794456665268,0.330298914053028,10000,10000
50,"linear",1,2,2,"HHG",0.2783,0.00448161923862347,3487.12027356473,10000,10000
50,"linear",1,2,2,"Genest",0.4374,0.00496065761769546,0.0585709902222199,10000,10000
50,"linear",1,2,2,"MIC",0.1702,0.00375808408633974,0.400898873974374,10000,10000
50,"linear",1,2,1,"B_n",0.3744,0.00483967602221471,6.06554088931404,10000,10000
50,"linear",1,2,1,"P_n",0.3744,0.00483967602221471,6.0536775854307,10000,10000
50,"linear",1,2,1,"Hoeffding",0.427,0.00494642294997102,0.0207279257679019,10000,10000
50,"linear",1,2,1,"dCov",0.4653,0.00498794456665268,0.329177872044215,10000,10000
50,"linear",1,2,1,"HHG",0.278,0.00448013392656961,3455.53006858154,10000,10000
50,"linear",1,2,1,"Genest",0.4421,0.00496636275356523,0.0576808782222221,10000,10000
50,"linear",1,2,1,"MIC",0.1714,0.00376858116537245,0.401427562881575,10000,10000
50,"linear",1.1,2,2,"B_n",0.2487,0.00432259540091367,9.36183091870196,10000,10000
50,"linear",1.1,2,2,"P_n",0.2463,0.00430855323745686,9.26528729833796,10000,10000
50,"linear",1.1,2,2,"Hoeffding",0.3697,0.00482723430133653,0.0206349704544167,10000,10000
50,"linear",1.1,2,2,"dCov",0.3917,0.00488130218281966,0.330337395491543,10000,10000
50,"linear",1.1,2,2,"HHG",0.2416,0.00428053080820592,3448.76068747656,10000,10000
50,"linear",1.1,2,2,"Genest",0.3793,0.00485212850200817,0.0579140782222225,10000,10000
50,"linear",1.1,2,2,"MIC",0.1405,0.00347505035934733,0.401925020811018,10000,10000
50,"linear",1.1,2,1,"B_n",0.3054,0.00460576638573864,6.14961192517797,10000,10000
50,"linear",1.1,2,1,"P_n",0.3054,0.00460576638573864,6.13221610095696,10000,10000
50,"linear",1.1,2,1,"Hoeffding",0.3533,0.0047799488490987,0.021578564820933,10000,10000
50,"linear",1.1,2,1,"dCov",0.3843,0.00486429347387676,0.332483608021295,10000,10000
50,"linear",1.1,2,1,"HHG",0.2358,0.00424497773845753,3458.77341914481,10000,10000
50,"linear",1.1,2,1,"Genest",0.3651,0.00481458191331293,0.0587989582222221,10000,10000
50,"linear",1.1,2,1,"MIC",0.1434,0.00350480299018361,0.4,10000,10000
50,"linear",1.2,2,2,"B_n",0.2181,0.00412955675587587,9.36419041349932,10000,10000
50,"linear",1.2,2,2,"P_n",0.217,0.00412202620079009,9.28974562259517,10000,10000
50,"linear",1.2,2,2,"Hoeffding",0.3219,0.00467204869409556,0.0204890124412392,10000,10000
50,"linear",1.2,2,2,"dCov",0.3508,0.00477220452202124,0.327005870123583,10000,10000
50,"linear",1.2,2,2,"HHG",0.2167,0.00411996492703518,3437.46351738014,10000,10000
50,"linear",1.2,2,2,"Genest",0.3373,0.00472788229548918,0.0566008302222235,10000,10000
50,"linear",1.2,2,2,"MIC",0.1239,0.00329467433899012,0.401188691100539,10000,10000
50,"linear",1.2,2,1,"B_n",0.2736,0.0044580605648645,5.85469906450336,10000,10000
50,"linear",1.2,2,1,"P_n",0.2736,0.0044580605648645,5.8560916975526,10000,10000
50,"linear",1.2,2,1,"Hoeffding",0.3051,0.00460449769247418,0.0201371320961316,10000,10000
50,"linear",1.2,2,1,"dCov",0.3407,0.00473944627567398,0.32621133035121,10000,10000
50,"linear",1.2,2,1,"HHG",0.1983,0.00398719337379064,3447.54543209637,10000,10000
50,"linear",1.2,2,1,"Genest",0.3217,0.00467128579729393,0.0564580942222225,10000,10000
50,"linear",1.2,2,1,"MIC",0.1288,0.00334978447067867,0.398332313985313,10000,10000
50,"linear",1.3,2,2,"B_n",0.1808,0.00384852387286346,9.43270574912127,10000,10000
50,"linear",1.3,2,2,"P_n",0.1811,0.00385101012722636,9.35404436719938,10000,10000
50,"linear",1.3,2,2,"Hoeffding",0.2692,0.00443544090254847,0.0212571268100209,10000,10000
50,"linear",1.3,2,2,"dCov",0.2961,0.004565356393536,0.33192095380997,10000,10000
50,"linear",1.3,2,2,"HHG",0.1807,0.00384769424460936,3466.29359445017,10000,10000
50,"linear",1.3,2,2,"Genest",0.2792,0.00448606018684547,0.0588951342222223,10000,10000
50,"linear",1.3,2,2,"MIC",0.1215,0.0032670743793186,0.398282263185926,10000,10000
50,"linear",1.3,2,1,"B_n",0.2336,0.00423120597466018,6.11887946959381,10000,10000
50,"linear",1.3,2,1,"P_n",0.2336,0.00423120597466018,6.10352237372925,10000,10000
50,"linear",1.3,2,1,"Hoeffding",0.2645,0.00441066604947598,0.0223607676187959,10000,10000
50,"linear",1.3,2,1,"dCov",0.2917,0.00454544948272445,0.334344477040909,10000,10000
50,"linear",1.3,2,1,"HHG",0.1823,0.00386091582399824,3457.82839102941,10000,10000
50,"linear",1.3,2,1,"Genest",0.2766,0.00447316934622422,0.0595288302222225,10000,10000
50,"linear",1.3,2,1,"MIC",0.1117,0.00314996999985714,0.399512171426289,10000,10000
50,"linear",1.4,2,2,"B_n",0.159,0.00365676086174636,9.4708042289845,10000,10000
50,"linear",1.4,2,2,"P_n",0.1609,0.00367438688763173,9.33670650226872,10000,10000
50,"linear",1.4,2,2,"Hoeffding",0.2456,0.00430442377095936,0.0208562083482792,10000,10000
50,"linear",1.4,2,2,"dCov",0.2689,0.00443387855043415,0.329475903378133,10000,10000
50,"linear",1.4,2,2,"HHG",0.1671,0.00373065128362328,3427.51792799331,10000,10000
50,"linear",1.4,2,2,"Genest",0.2547,0.00435692448867317,0.0578071502222213,10000,10000
50,"linear",1.4,2,2,"MIC",0.1009,0.0030119626491708,0.403552490638172,10000,10000
50,"linear",1.4,2,1,"B_n",0.203,0.00402232519819072,6.11942379439803,10000,10000
50,"linear",1.4,2,1,"P_n",0.203,0.00402232519819072,6.10403075231385,10000,10000
50,"linear",1.4,2,1,"Hoeffding",0.2404,0.00427326385798958,0.0210878532726689,10000,10000
50,"linear",1.4,2,1,"dCov",0.2637,0.0044063852532433,0.328708529018029,10000,10000
50,"linear",1.4,2,1,"HHG",0.162,0.00368450810828257,3434.41867768837,10000,10000
50,"linear",1.4,2,1,"Genest",0.2532,0.00434844523939304,0.0572507502222215,10000,10000
50,"linear",1.4,2,1,"MIC",0.1088,0.00311388117949288,0.399996563218572,10000,10000
50,"linear",1.5,2,2,"B_n",0.1387,0.00345633201530177,9.53713371677842,10000,10000
50,"linear",1.5,2,2,"P_n",0.1394,0.003463634507277,9.43593472978368,10000,10000
50,"linear",1.5,2,2,"Hoeffding",0.2191,0.00413636543356604,0.0206482565274028,10000,10000
50,"linear",1.5,2,2,"dCov",0.2314,0.004217274475298,0.329574711279332,10000,10000
50,"linear",1.5,2,2,"HHG",0.1421,0.00349152674341756,3451.89503271161,10000,10000
50,"linear",1.5,2,2,"Genest",0.2228,0.00416125173475482,0.0574596942222203,10000,10000
50,"linear",1.5,2,2,"MIC",0.0939,0.00291689543864706,0.400294239388007,10000,10000
50,"linear",1.5,2,1,"B_n",0.1886,0.00391190541807953,5.94485246814103,10000,10000
50,"linear",1.5,2,1,"P_n",0.1886,0.00391190541807953,5.94068550977506,10000,10000
50,"linear",1.5,2,1,"Hoeffding",0.2191,0.00413636543356604,0.0201597396590458,10000,10000
50,"linear",1.5,2,1,"dCov",0.2401,0.00427143992115071,0.32724446398493,10000,10000
50,"linear",1.5,2,1,"HHG",0.1504,0.00357463061028689,3410.26320341348,10000,10000
50,"linear",1.5,2,1,"Genest",0.2255,0.00417911174772822,0.0572268622222229,10000,10000
50,"linear",1.5,2,1,"MIC",0.095,0.00293214938227915,0.400670020938002,10000,10000
50,"linear",1.6,2,2,"B_n",0.1375,0.00344374432848898,9.45736653799357,10000,10000
50,"linear",1.6,2,2,"P_n",0.1356,0.00342363315791865,9.39695196470566,10000,10000
50,"linear",1.6,2,2,"Hoeffding",0.2046,0.00403409023201019,0.0204196322377239,10000,10000
50,"linear",1.6,2,2,"dCov",0.2187,0.00413364621127643,0.330267306120011,10000,10000
50,"linear",1.6,2,2,"HHG",0.1382,0.00345109779635408,3437.04884760173,10000,10000
50,"linear",1.6,2,2,"Genest",0.2119,0.00408654364958947,0.0573050862222228,10000,10000
50,"linear",1.6,2,2,"MIC",0.0945,0.00292523076012816,0.40179360434944,10000,10000
50,"linear",1.6,2,1,"B_n",0.1568,0.00363612101008754,6.07437922318173,10000,10000
50,"linear",1.6,2,1,"P_n",0.1568,0.00363612101008754,6.06194090376016,10000,10000
50,"linear",1.6,2,1,"Hoeffding",0.1848,0.00388135234164589,0.0210205497555174,10000,10000
50,"linear",1.6,2,1,"dCov",0.1978,0.00398340507606244,0.331588995349032,10000,10000
50,"linear",1.6,2,1,"HHG",0.1224,0.00327747219667841,3449.93005351984,10000,10000
50,"linear",1.6,2,1,"Genest",0.1889,0.00391429163451064,0.058527182222225,10000,10000
50,"linear",1.6,2,1,"MIC",0.0832,0.00276184286301737,0.401820750229988,10000,10000
50,"linear",1.7,2,2,"B_n",0.1164,0.00320703975653561,9.56653752356076,10000,10000
50,"linear",1.7,2,2,"P_n",0.1169,0.00321301089322772,9.47927450218546,10000,10000
50,"linear",1.7,2,2,"Hoeffding",0.1793,0.00383603323760366,0.0206324925900055,10000,10000
50,"linear",1.7,2,2,"dCov",0.1909,0.00393010419709198,0.329583955244382,10000,10000
50,"linear",1.7,2,2,"HHG",0.1223,0.0032763197340919,3471.31101931398,10000,10000
50,"linear",1.7,2,2,"Genest",0.1841,0.00387565723458615,0.0575457422222222,10000,10000
50,"linear",1.7,2,2,"MIC",0.0845,0.00278136207639351,0.401650444023584,10000,10000
50,"linear",1.7,2,1,"B_n",0.1427,0.00349766650783061,6.16592457156673,10000,10000
50,"linear",1.7,2,1,"P_n",0.1427,0.00349766650783061,6.14743898553049,10000,10000
50,"linear",1.7,2,1,"Hoeffding",0.1774,0.00382006858577173,0.0208799014517925,10000,10000
50,"linear",1.7,2,1,"dCov",0.1906,0.00392774286327402,0.329675434929268,10000,10000
50,"linear",1.7,2,1,"HHG",0.1153,0.00319383640783306,3464.61441453952,10000,10000
50,"linear",1.7,2,1,"Genest",0.1846,0.00387972731000518,0.0576099342222207,10000,10000
50,"linear",1.7,2,1,"MIC",0.0816,0.00273754342431312,0.40103044299842,10000,10000
50,"linear",1.8,2,2,"B_n",0.1049,0.00306424525780819,9.45830995808489,10000,10000
50,"linear",1.8,2,2,"P_n",0.1037,0.00304870972708128,9.39052672136874,10000,10000
50,"linear",1.8,2,2,"Hoeffding",0.1536,0.00360564890137684,0.0212948847439068,10000,10000
50,"linear",1.8,2,2,"dCov",0.1684,0.00374221111109462,0.330423946790574,10000,10000
50,"linear",1.8,2,2,"HHG",0.0988,0.00298393297511858,3494.7832136449,10000,10000
50,"linear",1.8,2,2,"Genest",0.1617,0.00368175379404979,0.0579553902222201,10000,10000
50,"linear",1.8,2,2,"MIC",0.0815,0.00273601443709641,0.4,10000,10000
50,"linear",1.8,2,1,"B_n",0.1509,0.00357951379379938,5.83291717389842,10000,10000
50,"linear",1.8,2,1,"P_n",0.1509,0.00357951379379938,5.83562869787309,10000,10000
50,"linear",1.8,2,1,"Hoeffding",0.1701,0.00375720627594493,0.0202033972701014,10000,10000
50,"linear",1.8,2,1,"dCov",0.1858,0.0038894518894055,0.325871195692055,10000,10000
50,"linear",1.8,2,1,"HHG",0.1249,0.00330605489972565,3410.61144394216,10000,10000
50,"linear",1.8,2,1,"Genest",0.1715,0.0037694528780713,0.0568678542222213,10000,10000
50,"linear",1.8,2,1,"MIC",0.0784,0.002688,0.4,10000,10000
50,"linear",1.9,2,2,"B_n",0.1056,0.00307324974579028,9.40395937810852,10000,10000
50,"linear",1.9,2,2,"P_n",0.1054,0.0030706813576143,9.29159737563026,10000,10000
50,"linear",1.9,2,2,"Hoeffding",0.1592,0.00365862487828419,0.0204028063584361,10000,10000
50,"linear",1.9,2,2,"dCov",0.1689,0.00374663569085653,0.32831127496019,10000,10000
50,"linear",1.9,2,2,"HHG",0.112,0.00315366453510832,3420.40629928925,10000,10000
50,"linear",1.9,2,2,"Genest",0.1637,0.00370003121608454,0.0573102542222192,10000,10000
50,"linear",1.9,2,2,"MIC",0.0727,0.002596434285708,0.401925020811018,10000,10000
50,"linear",1.9,2,1,"B_n",0.1399,0.00346883251253213,5.90540451182131,10000,10000
50,"linear",1.9,2,1,"P_n",0.1399,0.00346883251253213,5.90369019784477,10000,10000
50,"linear",1.9,2,1,"Hoeffding",0.1575,0.00364271533337427,0.0203814731257906,10000,10000
50,"linear",1.9,2,1,"dCov",0.1666,0.00372618357035721,0.329792265677042,10000,10000
50,"linear",1.9,2,1,"HHG",0.1035,0.00304610817273451,3450.4859627261,10000,10000
50,"linear",1.9,2,1,"Genest",0.1629,0.00369274410161332,0.0571859502222227,10000,10000
50,"linear",1.9,2,1,"MIC",0.0785,0.00268956780914704,0.400978473822742,10000,10000
50,"linear",2,2,2,"B_n",0.0915,0.00288318833932159,9.374856927893,10000,10000
50,"linear",2,2,2,"P_n",0.0906,0.00287039439798784,9.31525011359523,10000,10000
50,"linear",2,2,2,"Hoeffding",0.1426,0.00349664467740147,0.0206817194963092,10000,10000
50,"linear",2,2,2,"dCov",0.1538,0.00360756926475432,0.328801156652258,10000,10000
50,"linear",2,2,2,"HHG",0.0927,0.00290011568734766,3474.78334340622,10000,10000
50,"linear",2,2,2,"Genest",0.1449,0.00351999985795454,0.0575234702222178,10000,10000
50,"linear",2,2,2,"MIC",0.0692,0.00253793932157568,0.401964606290568,10000,10000
50,"linear",2,2,1,"B_n",0.1268,0.0033274879413756,5.97334733234359,10000,10000
50,"linear",2,2,1,"P_n",0.1268,0.0033274879413756,5.96738939457951,10000,10000
50,"linear",2,2,1,"Hoeffding",0.1476,0.00354703030717247,0.0207988398874813,10000,10000
50,"linear",2,2,1,"dCov",0.1578,0.00364553370578301,0.328980791986016,10000,10000
50,"linear",2,2,1,"HHG",0.102,0.00302648310750283,3450.68843473291,10000,10000
50,"linear",2,2,1,"Genest",0.1512,0.00358243715925346,0.0571308462222216,10000,10000
50,"linear",2,2,1,"MIC",0.077,0.00266591447724791,0.398003041353036,10000,10000
50,"quadratic",0.1,2,2,"B_n",1,0,9.4715770885712,10000,10000
50,"quadratic",0.1,2,2,"P_n",1,0,9.36036546359258,10000,10000
50,"quadratic",0.1,2,2,"Hoeffding",1,0,0.0205070654533784,10000,10000
50,"quadratic",0.1,2,2,"dCov",1,0,0.323527314854095,10000,10000
50,"quadratic",0.1,2,2,"HHG",1,0,3509.09167096711,10000,10000
50,"quadratic",0.1,2,2,"Genest",1,0,0.0571935502222221,10000,10000
50,"quadratic",0.1,2,2,"MIC",1,0,0.398073219064217,10000,10000
50,"quadratic",0.1,2,1,"B_n",1,0,5.7125781752409,10000,10000
50,"quadratic",0.1,2,1,"P_n",1,0,5.72240509538379,10000,10000
50,"quadratic",0.1,2,1,"Hoeffding",1,0,0.0197076355981801,10000,10000
50,"quadratic",0.1,2,1,"dCov",1,0,0.317723084201223,10000,10000
50,"quadratic",0.1,2,1,"HHG",1,0,3454.84127396333,10000,10000
50,"quadratic",0.1,2,1,"Genest",1,0,0.0557620302222223,10000,10000
50,"quadratic",0.1,2,1,"MIC",1,0,0.397487118828947,10000,10000
50,"quadratic",0.2,2,2,"B_n",1,0,9.2895642392376,10000,10000
50,"quadratic",0.2,2,2,"P_n",1,0,9.19210762463438,10000,10000
50,"quadratic",0.2,2,2,"Hoeffding",0.9987,0.00036032069049667,0.0198192338915214,10000,10000
50,"quadratic",0.2,2,2,"dCov",0.9987,0.00036032069049667,0.322611941213775,10000,10000
50,"quadratic",0.2,2,2,"HHG",1,0,3415.88016637748,10000,10000
50,"quadratic",0.2,2,2,"Genest",0.9988,0.000346202253025595,0.0558048142222184,10000,10000
50,"quadratic",0.2,2,2,"MIC",0.9948,0.000719232924719105,0.401383650822103,10000,10000
50,"quadratic",0.2,2,1,"B_n",1,0,6.07617774384752,10000,10000
50,"quadratic",0.2,2,1,"P_n",1,0,6.06362222244147,10000,10000
50,"quadratic",0.2,2,1,"Hoeffding",0.9973,0.000518913287553907,0.021232230172365,10000,10000
50,"quadratic",0.2,2,1,"dCov",0.9988,0.000346202253025595,0.327936554022367,10000,10000
50,"quadratic",0.2,2,1,"HHG",1,0,3473.79613954702,10000,10000
50,"quadratic",0.2,2,1,"Genest",0.9981,0.000435475602072035,0.0581602862222211,10000,10000
50,"quadratic",0.2,2,1,"MIC",0.9951,0.00069828289396204,0.401931907222816,10000,10000
50,"quadratic",0.3,2,2,"B_n",0.9988,0.000346202253025595,9.47729608168219,10000,10000
50,"quadratic",0.3,2,2,"P_n",0.9985,0.00038700775186034,9.38418877979955,10000,10000
50,"quadratic",0.3,2,2,"Hoeffding",0.896,0.00305260544453423,0.0213358757008816,10000,10000
50,"quadratic",0.3,2,2,"dCov",0.9176,0.00274973162326799,0.328487624250468,10000,10000
50,"quadratic",0.3,2,2,"HHG",0.9836,0.00127008031242123,3490.45780386273,10000,10000
50,"quadratic",0.3,2,2,"Genest",0.8954,0.00306037317985895,0.0581109582222237,10000,10000
50,"quadratic",0.3,2,2,"MIC",0.8829,0.00321539406605162,0.401166312636981,10000,10000
50,"quadratic",0.3,2,1,"B_n",0.9998,0.0001414072133945,5.91046624131873,10000,10000
50,"quadratic",0.3,2,1,"P_n",0.9998,0.0001414072133945,5.90843886901883,10000,10000
50,"quadratic",0.3,2,1,"Hoeffding",0.9093,0.00287182015453614,0.0207203977798335,10000,10000
50,"quadratic",0.3,2,1,"dCov",0.9189,0.00272988626136694,0.328486328356959,10000,10000
50,"quadratic",0.3,2,1,"HHG",0.9847,0.00122743268654538,3434.8731822962,10000,10000
50,"quadratic",0.3,2,1,"Genest",0.9176,0.00274973162326799,0.0563359502222223,10000,10000
50,"quadratic",0.3,2,1,"MIC",0.899,0.0030132872415354,0.39735068243982,10000,10000
50,"quadratic",0.4,2,2,"B_n",0.9713,0.00166962001665049,9.30109095772026,10000,10000
50,"quadratic",0.4,2,2,"P_n",0.9706,0.00168924953751659,9.20400026174563,10000,10000
50,"quadratic",0.4,2,2,"Hoeffding",0.6629,0.00472719356489662,0.0198670684740131,10000,10000
50,"quadratic",0.4,2,2,"dCov",0.689,0.00462902797572017,0.326235300502202,10000,10000
50,"quadratic",0.4,2,2,"HHG",0.8712,0.00334978447067867,3406.51589397783,10000,10000
50,"quadratic",0.4,2,2,"Genest",0.6439,0.00478845267283702,0.05669249422222,10000,10000
50,"quadratic",0.4,2,2,"MIC",0.6475,0.00477748626371652,0.399666756867147,10000,10000
50,"quadratic",0.4,2,1,"B_n",0.9874,0.00111540306616039,5.94284500018449,10000,10000
50,"quadratic",0.4,2,1,"P_n",0.9874,0.00111540306616039,5.93880359272714,10000,10000
50,"quadratic",0.4,2,1,"Hoeffding",0.6451,0.00478483009102727,0.0207646689573147,10000,10000
50,"quadratic",0.4,2,1,"dCov",0.6897,0.0046261637454807,0.327420072363746,10000,10000
50,"quadratic",0.4,2,1,"HHG",0.8598,0.00347194412397435,3448.32874143815,10000,10000
50,"quadratic",0.4,2,1,"Genest",0.6336,0.00481820547507057,0.0576356142222257,10000,10000
50,"quadratic",0.4,2,1,"MIC",0.6402,0.00479941621449943,0.401925020811018,10000,10000
50,"quadratic",0.5,2,2,"B_n",0.8712,0.00334978447067867,9.28141434726261,10000,10000
50,"quadratic",0.5,2,2,"P_n",0.868,0.0033849076796864,9.20752193048526,10000,10000
50,"quadratic",0.5,2,2,"Hoeffding",0.4231,0.00494050999391763,0.0205073486378825,10000,10000
50,"quadratic",0.5,2,2,"dCov",0.4667,0.0049888987762832,0.325533274408337,10000,10000
50,"quadratic",0.5,2,2,"HHG",0.6675,0.00471109063805824,3432.51817302283,10000,10000
50,"quadratic",0.5,2,2,"Genest",0.4146,0.00492652859526868,0.056636398222222,10000,10000
50,"quadratic",0.5,2,2,"MIC",0.4396,0.00496338432926567,0.398855264200757,10000,10000
50,"quadratic",0.5,2,1,"B_n",0.9371,0.0024278301011397,5.80010205869892,10000,10000
50,"quadratic",0.5,2,1,"P_n",0.9371,0.0024278301011397,5.80478264124931,10000,10000
50,"quadratic",0.5,2,1,"Hoeffding",0.4227,0.00493988572742326,0.0205292954369537,10000,10000
50,"quadratic",0.5,2,1,"dCov",0.4446,0.00496921361987991,0.328631933890633,10000,10000
50,"quadratic",0.5,2,1,"HHG",0.6701,0.00470176551946181,3428.87957306007,10000,10000
50,"quadratic",0.5,2,1,"Genest",0.4019,0.0049028194949437,0.0571175822222209,10000,10000
50,"quadratic",0.5,2,1,"MIC",0.44,0.00496386945839634,0.398336007058097,10000,10000
50,"quadratic",0.6,2,2,"B_n",0.711,0.00453297915283095,9.41929260118549,10000,10000
50,"quadratic",0.6,2,2,"P_n",0.7071,0.00455092946550482,9.33661372630006,10000,10000
50,"quadratic",0.6,2,2,"Hoeffding",0.2807,0.00449341195529633,0.0208245860786497,10000,10000
50,"quadratic",0.6,2,2,"dCov",0.3049,0.00460365061663024,0.328036666525711,10000,10000
50,"quadratic",0.6,2,2,"HHG",0.4995,0.00499999749999937,3429.04565446831,10000,10000
50,"quadratic",0.6,2,2,"Genest",0.2733,0.00445653576222608,0.0572677582222198,10000,10000
50,"quadratic",0.6,2,2,"MIC",0.3142,0.00464196467026624,0.397557469053444,10000,10000
50,"quadratic",0.6,2,1,"B_n",0.8062,0.00395274031527496,6.04764492966191,10000,10000
50,"quadratic",0.6,2,1,"P_n",0.8062,0.00395274031527496,6.03694116172649,10000,10000
50,"quadratic",0.6,2,1,"Hoeffding",0.2718,0.00444887356529718,0.0207422501840699,10000,10000
50,"quadratic",0.6,2,1,"dCov",0.2807,0.00449341195529633,0.330959295521384,10000,10000
50,"quadratic",0.6,2,1,"HHG",0.4599,0.00498389395954609,3481.74310882607,10000,10000
50,"quadratic",0.6,2,1,"Genest",0.2543,0.00435467002194196,0.0578951822222239,10000,10000
50,"quadratic",0.6,2,1,"MIC",0.2952,0.0045613261229603,0.401939609504226,10000,10000
50,"quadratic",0.7,2,2,"B_n",0.5684,0.00495299343831586,9.40992541998436,10000,10000
50,"quadratic",0.7,2,2,"P_n",0.5662,0.00495598184016043,9.31608757752091,10000,10000
50,"quadratic",0.7,2,2,"Hoeffding",0.2164,0.00411790043590177,0.0198274698408503,10000,10000
50,"quadratic",0.7,2,2,"dCov",0.2259,0.00418173636184779,0.327365216745613,10000,10000
50,"quadratic",0.7,2,2,"HHG",0.3708,0.00483019005837244,3428.35527389614,10000,10000
50,"quadratic",0.7,2,2,"Genest",0.2181,0.00412955675587587,0.0555728302222237,10000,10000
50,"quadratic",0.7,2,2,"MIC",0.2255,0.00417911174772822,0.399865572049286,10000,10000
50,"quadratic",0.7,2,1,"B_n",0.6756,0.00468150232297283,5.96836896758521,10000,10000
50,"quadratic",0.7,2,1,"P_n",0.6756,0.00468150232297283,5.96272511985679,10000,10000
50,"quadratic",0.7,2,1,"Hoeffding",0.1918,0.00393716598583296,0.0214078989597689,10000,10000
50,"quadratic",0.7,2,1,"dCov",0.1932,0.00394808510546569,0.33133634725368,10000,10000
50,"quadratic",0.7,2,1,"HHG",0.3559,0.00478785118816364,3438.92797358943,10000,10000
50,"quadratic",0.7,2,1,"Genest",0.1774,0.00382006858577173,0.0584033902222213,10000,10000
50,"quadratic",0.7,2,1,"MIC",0.2305,0.00421152881979929,0.399226476466868,10000,10000
50,"quadratic",0.8,2,2,"B_n",0.4308,0.00495188206644706,9.59881096719002,10000,10000
50,"quadratic",0.8,2,2,"P_n",0.4281,0.00494803385194564,9.47709173394597,10000,10000
50,"quadratic",0.8,2,2,"Hoeffding",0.1467,0.00353806599712329,0.0212508731522211,10000,10000
50,"quadratic",0.8,2,2,"dCov",0.1509,0.00357951379379938,0.331872323167491,10000,10000
50,"quadratic",0.8,2,2,"HHG",0.2634,0.00440477513614486,3466.76599043602,10000,10000
50,"quadratic",0.8,2,2,"Genest",0.1339,0.00340544842862141,0.0587905582222217,10000,10000
50,"quadratic",0.8,2,2,"MIC",0.1691,0.00374840219293501,0.400234061166017,10000,10000
50,"quadratic",0.8,2,1,"B_n",0.5633,0.0049597692486647,6.03452111916015,10000,10000
50,"quadratic",0.8,2,1,"P_n",0.5633,0.0049597692486647,6.02466365846366,10000,10000
50,"quadratic",0.8,2,1,"Hoeffding",0.1471,0.00354205575901905,0.0212773745020672,10000,10000
50,"quadratic",0.8,2,1,"dCov",0.1587,0.00365396100143392,0.330472570839807,10000,10000
50,"quadratic",0.8,2,1,"HHG",0.2838,0.0045084094756355,3421.44749828935,10000,10000
50,"quadratic",0.8,2,1,"Genest",0.14,0.00346987031457949,0.0580068622222197,10000,10000
50,"quadratic",0.8,2,1,"MIC",0.1893,0.00391746742168968,0.395923052011394,10000,10000
50,"quadratic",0.9,2,2,"B_n",0.376,0.00484380016103059,9.26428508201212,10000,10000
50,"quadratic",0.9,2,2,"P_n",0.3709,0.0048304574317553,9.21955191935007,10000,10000
50,"quadratic",0.9,2,2,"Hoeffding",0.1288,0.00334978447067867,0.0206965394853594,10000,10000
50,"quadratic",0.9,2,2,"dCov",0.1459,0.00353005934794303,0.325915627652635,10000,10000
50,"quadratic",0.9,2,2,"HHG",0.2246,0.0041731863126393,3440.22783318772,10000,10000
50,"quadratic",0.9,2,2,"Genest",0.1296,0.00335862829143089,0.05674956622222,10000,10000
50,"quadratic",0.9,2,2,"MIC",0.1461,0.00353206441051122,0.4,10000,10000
50,"quadratic",0.9,2,1,"B_n",0.466,0.00498842660565433,5.94442944503081,10000,10000
50,"quadratic",0.9,2,1,"P_n",0.466,0.00498842660565433,5.94028895056037,10000,10000
50,"quadratic",0.9,2,1,"Hoeffding",0.1324,0.00338925124474418,0.020191597915762,10000,10000
50,"quadratic",0.9,2,1,"dCov",0.1402,0.00347194412397435,0.327820832512341,10000,10000
50,"quadratic",0.9,2,1,"HHG",0.2308,0.00421344704487905,3403.16082943382,10000,10000
50,"quadratic",0.9,2,1,"Genest",0.1256,0.0033139800844302,0.0568033102222194,10000,10000
50,"quadratic",0.9,2,1,"MIC",0.1392,0.00346155109741283,0.400165514220387,10000,10000
50,"quadratic",1,2,2,"B_n",0.2842,0.00451032548714613,9.45689183663386,10000,10000
50,"quadratic",1,2,2,"P_n",0.2854,0.00451604738681958,9.33367970227987,10000,10000
50,"quadratic",1,2,2,"Hoeffding",0.1157,0.00319864830827023,0.0200541354377088,10000,10000
50,"quadratic",1,2,2,"dCov",0.1142,0.00318054020568834,0.328614890397945,10000,10000
50,"quadratic",1,2,2,"HHG",0.19,0.00392300904918661,3427.65881528514,10000,10000
50,"quadratic",1,2,2,"Genest",0.1051,0.00306682229677561,0.0571068782222194,10000,10000
50,"quadratic",1,2,2,"MIC",0.128,0.00334089808285138,0.398853905458793,10000,10000
50,"quadratic",1,2,1,"B_n",0.3933,0.00488482456184457,6.01638485733443,10000,10000
50,"quadratic",1,2,1,"P_n",0.3933,0.00488482456184457,6.0076912691755,10000,10000
50,"quadratic",1,2,1,"Hoeffding",0.1179,0.00322489674253301,0.0199232334006683,10000,10000
50,"quadratic",1,2,1,"dCov",0.126,0.00331849363416596,0.326156932742343,10000,10000
50,"quadratic",1,2,1,"HHG",0.1989,0.00399172631827384,3387.70305188779,10000,10000
50,"quadratic",1,2,1,"Genest",0.1184,0.00323081166272502,0.0562588142222206,10000,10000
50,"quadratic",1,2,1,"MIC",0.115,0.00319021942818985,0.401925020811018,10000,10000
50,"quadratic",1.1,2,2,"B_n",0.2296,0.0042057560556932,9.65069317211725,10000,10000
50,"quadratic",1.1,2,2,"P_n",0.2286,0.00419930994331212,9.5266430543356,10000,10000
50,"quadratic",1.1,2,2,"Hoeffding",0.097,0.00295957767257425,0.0208646566859861,10000,10000
50,"quadratic",1.1,2,2,"dCov",0.1007,0.00300931071842042,0.328401370393886,10000,10000
50,"quadratic",1.1,2,2,"HHG",0.1455,0.00352604239906442,3496.42781727229,10000,10000
50,"quadratic",1.1,2,2,"Genest",0.0932,0.00290712504031044,0.0577941742222222,10000,10000
50,"quadratic",1.1,2,2,"MIC",0.1073,0.00309494281045708,0.401961862327909,10000,10000
50,"quadratic",1.1,2,1,"B_n",0.3305,0.00470393186600316,5.97632062170716,10000,10000
50,"quadratic",1.1,2,1,"P_n",0.3305,0.00470393186600316,5.97017486481155,10000,10000
50,"quadratic",1.1,2,1,"Hoeffding",0.1002,0.00300266481645887,0.0209310634522079,10000,10000
50,"quadratic",1.1,2,1,"dCov",0.0955,0.0029390432116592,0.331449040914916,10000,10000
50,"quadratic",1.1,2,1,"HHG",0.1548,0.00361713920108143,3462.63194639953,10000,10000
50,"quadratic",1.1,2,1,"Genest",0.098,0.00297314648142334,0.0571522062222202,10000,10000
50,"quadratic",1.1,2,1,"MIC",0.1006,0.00300798337761365,0.404330887438383,10000,10000
50,"quadratic",1.2,2,2,"B_n",0.2116,0.00408442700999785,9.4447620794067,10000,10000
50,"quadratic",1.2,2,2,"P_n",0.212,0.00408724846320847,9.32220667905294,10000,10000
50,"quadratic",1.2,2,2,"Hoeffding",0.0841,0.00277537727165155,0.0213707073948913,10000,10000
50,"quadratic",1.2,2,2,"dCov",0.0904,0.00286753971201795,0.329276943400071,10000,10000
50,"quadratic",1.2,2,2,"HHG",0.1285,0.00334645708175079,3487.67012793706,10000,10000
50,"quadratic",1.2,2,2,"Genest",0.0808,0.00272527723360395,0.0582060782222203,10000,10000
50,"quadratic",1.2,2,2,"MIC",0.0947,0.00292800119535495,0.399650658234708,10000,10000
50,"quadratic",1.2,2,1,"B_n",0.2649,0.00441279945159532,6.20919112656244,10000,10000
50,"quadratic",1.2,2,1,"P_n",0.2649,0.00441279945159532,6.18778949071547,10000,10000
50,"quadratic",1.2,2,1,"Hoeffding",0.0857,0.00279920542297274,0.0207676659933168,10000,10000
50,"quadratic",1.2,2,1,"dCov",0.0927,0.00290011568734766,0.328461761644054,10000,10000
50,"quadratic",1.2,2,1,"HHG",0.1297,0.00335973079278683,3456.03528203846,10000,10000
50,"quadratic",1.2,2,1,"Genest",0.0852,0.00279179082310978,0.0569608782222217,10000,10000
50,"quadratic",1.2,2,1,"MIC",0.0964,0.00295139018091475,0.400504467381186,10000,10000
50,"quadratic",1.3,2,2,"B_n",0.1811,0.00385101012722636,9.55571874723599,10000,10000
50,"quadratic",1.3,2,2,"P_n",0.18,0.00384187454245971,9.45020429507675,10000,10000
50,"quadratic",1.3,2,2,"Hoeffding",0.0825,0.00275124971603815,0.0202909956767166,10000,10000
50,"quadratic",1.3,2,2,"dCov",0.0838,0.00277087639565535,0.327399929430901,10000,10000
50,"quadratic",1.3,2,2,"HHG",0.1193,0.00324141188373215,3436.18667029172,10000,10000
50,"quadratic",1.3,2,2,"Genest",0.0806,0.00272219837631279,0.056612062222222,10000,10000
50,"quadratic",1.3,2,2,"MIC",0.0862,0.00280659152710187,0.401067172648429,10000,10000
50,"quadratic",1.3,2,1,"B_n",0.2372,0.00425365913067796,6.0075846236582,10000,10000
50,"quadratic",1.3,2,1,"P_n",0.2372,0.00425365913067796,5.99945341013864,10000,10000
50,"quadratic",1.3,2,1,"Hoeffding",0.0747,0.00262906656439125,0.0205061451037399,10000,10000
50,"quadratic",1.3,2,1,"dCov",0.0813,0.00273295279871424,0.327708905579582,10000,10000
50,"quadratic",1.3,2,1,"HHG",0.1118,0.00315120231023018,3463.29679193521,10000,10000
50,"quadratic",1.3,2,1,"Genest",0.075,0.00263391343821318,0.0567808302222231,10000,10000
50,"quadratic",1.3,2,1,"MIC",0.0903,0.00286611077943613,0.399531559980591,10000,10000
50,"quadratic",1.4,2,2,"B_n",0.1644,0.00370638152380459,9.42905222145689,10000,10000
50,"quadratic",1.4,2,2,"P_n",0.1635,0.00369821240601456,9.32962455592138,10000,10000
50,"quadratic",1.4,2,2,"Hoeffding",0.078,0.00268171586861845,0.0202132851290377,10000,10000
50,"quadratic",1.4,2,2,"dCov",0.08,0.00271293199325011,0.327464656483694,10000,10000
50,"quadratic",1.4,2,2,"HHG",0.1155,0.00319624388931758,3425.46127738863,10000,10000
50,"quadratic",1.4,2,2,"Genest",0.076,0.0026499811320083,0.0566247022222206,10000,10000
50,"quadratic",1.4,2,2,"MIC",0.0776,0.00267541099646391,0.400094563144922,10000,10000
50,"quadratic",1.4,2,1,"B_n",0.2057,0.00404212209117934,6.12493140940122,10000,10000
50,"quadratic",1.4,2,1,"P_n",0.2057,0.00404212209117934,6.10917431828212,10000,10000
50,"quadratic",1.4,2,1,"Hoeffding",0.0738,0.00261445137648418,0.0212575751854858,10000,10000
50,"quadratic",1.4,2,1,"dCov",0.0704,0.00255819936674216,0.331814935591182,10000,10000
50,"quadratic",1.4,2,1,"HHG",0.1068,0.00308858802691456,3459.89243871849,10000,10000
50,"quadratic",1.4,2,1,"Genest",0.0699,0.00254978410850801,0.0582257262222218,10000,10000
50,"quadratic",1.4,2,1,"MIC",0.0728,0.00259807929055293,0.404282544803567,10000,10000
50,"quadratic",1.5,2,2,"B_n",0.1406,0.00347608457894799,9.49478110088809,10000,10000
50,"quadratic",1.5,2,2,"P_n",0.1387,0.00345633201530177,9.40274662853466,10000,10000
50,"quadratic",1.5,2,2,"Hoeffding",0.0716,0.00257824436390347,0.020791595083917,10000,10000
50,"quadratic",1.5,2,2,"dCov",0.0717,0.0025799052308176,0.330259979848193,10000,10000
50,"quadratic",1.5,2,2,"HHG",0.0984,0.00297854729692177,3446.0774327281,10000,10000
50,"quadratic",1.5,2,2,"Genest",0.0696,0.00254471688012635,0.0579377902222223,10000,10000
50,"quadratic",1.5,2,2,"MIC",0.079,0.0026973876250921,0.40037532204172,10000,10000
50,"quadratic",1.5,2,1,"B_n",0.1877,0.00390472419000369,6.03110147052153,10000,10000
50,"quadratic",1.5,2,1,"P_n",0.1877,0.00390472419000369,6.0214639629238,10000,10000
50,"quadratic",1.5,2,1,"Hoeffding",0.0717,0.0025799052308176,0.0205636551567898,10000,10000
50,"quadratic",1.5,2,1,"dCov",0.0731,0.00260300576257526,0.329659937329225,10000,10000
50,"quadratic",1.5,2,1,"HHG",0.0996,0.00299465924605789,3438.73499930084,10000,10000
50,"quadratic",1.5,2,1,"Genest",0.0697,0.00254640746935757,0.0572080462222194,10000,10000
50,"quadratic",1.5,2,1,"MIC",0.0712,0.00257158628087801,0.4,10000,10000
50,"quadratic",1.6,2,2,"B_n",0.1321,0.00338599453632164,9.39668444402929,10000,10000
50,"quadratic",1.6,2,2,"P_n",0.1324,0.00338925124474418,9.28786914407751,10000,10000
50,"quadratic",1.6,2,2,"Hoeffding",0.0646,0.00245818713689581,0.021017269535011,10000,10000
50,"quadratic",1.6,2,2,"dCov",0.0681,0.002519174269478,0.329684943001418,10000,10000
50,"quadratic",1.6,2,2,"HHG",0.096,0.00294591242232351,3414.07017257777,10000,10000
50,"quadratic",1.6,2,2,"Genest",0.067,0.00250021999032085,0.057481582222223,10000,10000
50,"quadratic",1.6,2,2,"MIC",0.0737,0.0026128205066556,0.401925020811018,10000,10000
50,"quadratic",1.6,2,1,"B_n",0.176,0.00380820167533181,5.93035521433565,10000,10000
50,"quadratic",1.6,2,1,"P_n",0.176,0.00380820167533181,5.92709311764228,10000,10000
50,"quadratic",1.6,2,1,"Hoeffding",0.069,0.00253454137863243,0.0206337669202741,10000,10000
50,"quadratic",1.6,2,1,"dCov",0.066,0.00248282097622845,0.329955259195397,10000,10000
50,"quadratic",1.6,2,1,"HHG",0.0968,0.00295685238048841,3446.21154373865,10000,10000
50,"quadratic",1.6,2,1,"Genest",0.0677,0.00251230392269725,0.0571003022222221,10000,10000
50,"quadratic",1.6,2,1,"MIC",0.0695,0.00254302477376844,0.401852760522849,10000,10000
50,"quadratic",1.7,2,2,"B_n",0.1221,0.00327401267560161,9.41960392171451,10000,10000
50,"quadratic",1.7,2,2,"P_n",0.1229,0.00328322387296389,9.29030777596649,10000,10000
50,"quadratic",1.7,2,2,"Hoeffding",0.0699,0.00254978410850801,0.0198282957956541,10000,10000
50,"quadratic",1.7,2,2,"dCov",0.0727,0.002596434285708,0.326761823092794,10000,10000
50,"quadratic",1.7,2,2,"HHG",0.0976,0.00296773044598056,3399.99199467762,10000,10000
50,"quadratic",1.7,2,2,"Genest",0.0719,0.00258322259977726,0.0561951982222215,10000,10000
50,"quadratic",1.7,2,2,"MIC",0.0706,0.00256155499648163,0.40005490273199,10000,10000
50,"quadratic",1.7,2,1,"B_n",0.1536,0.00360564890137684,6.04190486362009,10000,10000
50,"quadratic",1.7,2,1,"P_n",0.1536,0.00360564890137684,6.0315716827686,10000,10000
50,"quadratic",1.7,2,1,"Hoeffding",0.0658,0.00247932168142821,0.0202488483830165,10000,10000
50,"quadratic",1.7,2,1,"dCov",0.0692,0.00253793932157568,0.326568268160061,10000,10000
50,"quadratic",1.7,2,1,"HHG",0.0934,0.00290992164842973,3409.76527563805,10000,10000
50,"quadratic",1.7,2,1,"Genest",0.0666,0.00249327976769555,0.0560883502222225,10000,10000
50,"quadratic",1.7,2,1,"MIC",0.069,0.00253454137863243,0.399519886426893,10000,10000
50,"quadratic",1.8,2,2,"B_n",0.1212,0.00326359556317875,9.1892718817903,10000,10000
50,"quadratic",1.8,2,2,"P_n",0.1212,0.00326359556317875,9.11437478189508,10000,10000
50,"quadratic",1.8,2,2,"Hoeffding",0.0633,0.00243501765907354,0.0202960693990825,10000,10000
50,"quadratic",1.8,2,2,"dCov",0.0692,0.00253793932157568,0.325428624523899,10000,10000
50,"quadratic",1.8,2,2,"HHG",0.0755,0.00264196423140057,3449.71169772888,10000,10000
50,"quadratic",1.8,2,2,"Genest",0.0633,0.00243501765907354,0.0566247182222218,10000,10000
50,"quadratic",1.8,2,2,"MIC",0.071,0.00256824843035093,0.398810320528982,10000,10000
50,"quadratic",1.8,2,1,"B_n",0.1528,0.00359794608075218,5.90604770806096,10000,10000
50,"quadratic",1.8,2,1,"P_n",0.1528,0.00359794608075218,5.90429364705527,10000,10000
50,"quadratic",1.8,2,1,"Hoeffding",0.0646,0.00245818713689581,0.0205030300741943,10000,10000
50,"quadratic",1.8,2,1,"dCov",0.0688,0.00253113729378712,0.327023224499177,10000,10000
50,"quadratic",1.8,2,1,"HHG",0.0811,0.00272988626136695,3434.67676901995,10000,10000
50,"quadratic",1.8,2,1,"Genest",0.0673,0.00250540834995016,0.0570039982222198,10000,10000
50,"quadratic",1.8,2,1,"MIC",0.0665,0.00249154068800812,0.399666414419827,10000,10000
50,"quadratic",1.9,2,2,"B_n",0.1133,0.0031695916140727,9.32056715561166,10000,10000
50,"quadratic",1.9,2,2,"P_n",0.1146,0.0031853860048666,9.21093711197444,10000,10000
50,"quadratic",1.9,2,2,"Hoeffding",0.0678,0.00251402386623516,0.0204568474013102,10000,10000
50,"quadratic",1.9,2,2,"dCov",0.0665,0.00249154068800812,0.328125608288889,10000,10000
50,"quadratic",1.9,2,2,"HHG",0.0857,0.00279920542297274,3432.57111325747,10000,10000
50,"quadratic",1.9,2,2,"Genest",0.0662,0.00248631373724235,0.0568372942222214,10000,10000
50,"quadratic",1.9,2,2,"MIC",0.0641,0.00244930990280936,0.403001742841777,10000,10000
50,"quadratic",1.9,2,1,"B_n",0.1293,0.00335531682557698,5.98534522483441,10000,10000
50,"quadratic",1.9,2,1,"P_n",0.1293,0.00335531682557698,5.97862837749376,10000,10000
50,"quadratic",1.9,2,1,"Hoeffding",0.0587,0.00235062353429893,0.0210376588193094,10000,10000
50,"quadratic",1.9,2,1,"dCov",0.0633,0.00243501765907354,0.328279547011406,10000,10000
50,"quadratic",1.9,2,1,"HHG",0.0759,0.00264838044850055,3462.13572964259,10000,10000
50,"quadratic",1.9,2,1,"Genest",0.0595,0.00236558132390328,0.057636302222221,10000,10000
50,"quadratic",1.9,2,1,"MIC",0.0634,0.00243681021009023,0.401243103353822,10000,10000
50,"quadratic",2,2,2,"B_n",0.0998,0.00299733147983335,9.48934871371894,10000,10000
50,"quadratic",2,2,2,"P_n",0.1007,0.00300931071842042,9.35570384840043,10000,10000
50,"quadratic",2,2,2,"Hoeffding",0.0547,0.00227393733422889,0.0214274150918462,10000,10000
50,"quadratic",2,2,2,"dCov",0.0569,0.00231651440746653,0.330558026873625,10000,10000
50,"quadratic",2,2,2,"HHG",0.072,0.00258487910742456,3475.78831571989,10000,10000
50,"quadratic",2,2,2,"Genest",0.0523,0.00222631332026739,0.0581710862222208,10000,10000
50,"quadratic",2,2,2,"MIC",0.0626,0.00242242110294639,0.402138096770684,10000,10000
50,"quadratic",2,2,1,"B_n",0.1256,0.0033139800844302,6.03743297514332,10000,10000
50,"quadratic",2,2,1,"P_n",0.1256,0.0033139800844302,6.02738803435309,10000,10000
50,"quadratic",2,2,1,"Hoeffding",0.0654,0.00247230337944193,0.0204245171704204,10000,10000
50,"quadratic",2,2,1,"dCov",0.0677,0.00251230392269725,0.326856371097315,10000,10000
50,"quadratic",2,2,1,"HHG",0.082,0.00274364720764168,3434.43998652516,10000,10000
50,"quadratic",2,2,1,"Genest",0.0635,0.00243860103337959,0.0566208782222213,10000,10000
50,"quadratic",2,2,1,"MIC",0.0632,0.00243322337651108,0.398884337688554,10000,10000
50,"cubic",0.1,2,2,"B_n",0.891,0.00311639214477254,9.35382636708557,10000,10000
50,"cubic",0.1,2,2,"P_n",0.8907,0.00312015240012407,9.24786678604737,10000,10000
50,"cubic",0.1,2,2,"Hoeffding",1,0,0.0203880807642206,10000,10000
50,"cubic",0.1,2,2,"dCov",0.9999,9.99949998749882e-05,0.326315890430441,10000,10000
50,"cubic",0.1,2,2,"HHG",1,0,3475.34938830689,10000,10000
50,"cubic",0.1,2,2,"Genest",1,0,0.0569012782222217,10000,10000
50,"cubic",0.1,2,2,"MIC",1,0,0.4,10000,10000
50,"cubic",0.1,2,1,"B_n",0.5434,0.00498112878773476,6.05735240215455,10000,10000
50,"cubic",0.1,2,1,"P_n",0.5434,0.00498112878773476,6.04602045527787,10000,10000
50,"cubic",0.1,2,1,"Hoeffding",1,0,0.0204634078423228,10000,10000
50,"cubic",0.1,2,1,"dCov",0.9998,0.0001414072133945,0.325956536123801,10000,10000
50,"cubic",0.1,2,1,"HHG",1,0,3464.07002864451,10000,10000
50,"cubic",0.1,2,1,"Genest",1,0,0.0568836302222209,10000,10000
50,"cubic",0.1,2,1,"MIC",1,0,0.398100945084883,10000,10000
50,"cubic",0.2,2,2,"B_n",0.8715,0.00334645708175079,9.40127673519157,10000,10000
50,"cubic",0.2,2,2,"P_n",0.8715,0.00334645708175079,9.31885840650076,10000,10000
50,"cubic",0.2,2,2,"Hoeffding",1,0,0.0205026288961468,10000,10000
50,"cubic",0.2,2,2,"dCov",0.9989,0.00033148001448051,0.327648824120524,10000,10000
50,"cubic",0.2,2,2,"HHG",1,0,3475.91659845504,10000,10000
50,"cubic",0.2,2,2,"Genest",0.9999,9.99949998749882e-05,0.0572996302222235,10000,10000
50,"cubic",0.2,2,2,"MIC",1,0,0.398940504385867,10000,10000
50,"cubic",0.2,2,1,"B_n",0.5391,0.004984688455661,6.04301739486278,10000,10000
50,"cubic",0.2,2,1,"P_n",0.5391,0.004984688455661,6.03261243357811,10000,10000
50,"cubic",0.2,2,1,"Hoeffding",1,0,0.0212157346749986,10000,10000
50,"cubic",0.2,2,1,"dCov",0.999,0.000316069612585582,0.32981028355469,10000,10000
50,"cubic",0.2,2,1,"HHG",1,0,3477.26757828508,10000,10000
50,"cubic",0.2,2,1,"Genest",0.9998,0.0001414072133945,0.0588723502222198,10000,10000
50,"cubic",0.2,2,1,"MIC",1,0,0.399129929013979,10000,10000
50,"cubic",0.3,2,2,"B_n",0.8448,0.0036209523609128,9.51343294348155,10000,10000
50,"cubic",0.3,2,2,"P_n",0.8455,0.00361427378597693,9.40876035254435,10000,10000
50,"cubic",0.3,2,2,"Hoeffding",0.9994,0.000244875478560032,0.0202822405557967,10000,10000
50,"cubic",0.3,2,2,"dCov",0.996,0.00063118935352238,0.330468793152827,10000,10000
50,"cubic",0.3,2,2,"HHG",1,0,3486.80157736063,10000,10000
50,"cubic",0.3,2,2,"Genest",0.9966,0.00058210308365443,0.0576805422222188,10000,10000
50,"cubic",0.3,2,2,"MIC",1,0,0.4,10000,10000
50,"cubic",0.3,2,1,"B_n",0.5159,0.00499747126054768,6.26811626077447,10000,10000
50,"cubic",0.3,2,1,"P_n",0.5159,0.00499747126054768,6.24268365024466,10000,10000
50,"cubic",0.3,2,1,"Hoeffding",0.9998,0.0001414072133945,0.021226495686156,10000,10000
50,"cubic",0.3,2,1,"dCov",0.9964,0.000598919026246457,0.329514685956801,10000,10000
50,"cubic",0.3,2,1,"HHG",1,0,3467.3887118588,10000,10000
50,"cubic",0.3,2,1,"Genest",0.9961,0.000623280835578956,0.0579933742222207,10000,10000
50,"cubic",0.3,2,1,"MIC",1,0,0.401241919033722,10000,10000
50,"cubic",0.4,2,2,"B_n",0.8305,0.00375192950360211,9.14807634895351,10000,10000
50,"cubic",0.4,2,2,"P_n",0.829,0.00376508964036715,9.09431550105551,10000,10000
50,"cubic",0.4,2,2,"Hoeffding",0.9913,0.000928671631956099,0.0201245303856973,10000,10000
50,"cubic",0.4,2,2,"dCov",0.9859,0.00117903307841638,0.327437412108463,10000,10000
50,"cubic",0.4,2,2,"HHG",1,0,3394.9683218357,10000,10000
50,"cubic",0.4,2,2,"Genest",0.9765,0.00151485147786837,0.0563086542222219,10000,10000
50,"cubic",0.4,2,2,"MIC",0.9992,0.000282729552753161,0.397044513271276,10000,10000
50,"cubic",0.4,2,1,"B_n",0.5039,0.00499984789768649,6.18957257656955,10000,10000
50,"cubic",0.4,2,1,"P_n",0.5039,0.00499984789768649,6.16949780362787,10000,10000
50,"cubic",0.4,2,1,"Hoeffding",0.9859,0.00117903307841638,0.0210162547905378,10000,10000
50,"cubic",0.4,2,1,"dCov",0.9846,0.00123137484138665,0.329635004423517,10000,10000
50,"cubic",0.4,2,1,"HHG",1,0,3466.51066666409,10000,10000
50,"cubic",0.4,2,1,"Genest",0.9674,0.00177587274318854,0.0580547342222209,10000,10000
50,"cubic",0.4,2,1,"MIC",0.9996,0.000199959995999189,0.397856576492358,10000,10000
50,"cubic",0.5,2,2,"B_n",0.7752,0.00417450547969457,9.50228601206456,10000,10000
50,"cubic",0.5,2,2,"P_n",0.7727,0.00419087950196614,9.4719252706133,10000,10000
50,"cubic",0.5,2,2,"Hoeffding",0.9357,0.00245286587484926,0.0203559629217089,10000,10000
50,"cubic",0.5,2,2,"dCov",0.9559,0.0020531729103999,0.327338331271695,10000,10000
50,"cubic",0.5,2,2,"HHG",0.9989,0.00033148001448051,3460.88065156341,10000,10000
50,"cubic",0.5,2,2,"Genest",0.9093,0.00287182015453614,0.056284238222222,10000,10000
50,"cubic",0.5,2,2,"MIC",0.9956,0.000661864034375638,0.400413330438609,10000,10000
50,"cubic",0.5,2,1,"B_n",0.4941,0.00499965188788179,6.12670384002134,10000,10000
50,"cubic",0.5,2,1,"P_n",0.4941,0.00499965188788179,6.11082946684999,10000,10000
50,"cubic",0.5,2,1,"Hoeffding",0.9374,0.00242242110294639,0.0203444939492911,10000,10000
50,"cubic",0.5,2,1,"dCov",0.9559,0.0020531729103999,0.329290849456926,10000,10000
50,"cubic",0.5,2,1,"HHG",0.9995,0.000223550889061069,3455.61488883067,10000,10000
50,"cubic",0.5,2,1,"Genest",0.9042,0.00294316768125773,0.0567065582222209,10000,10000
50,"cubic",0.5,2,1,"MIC",0.9962,0.000615269046840488,0.402000581384437,10000,10000
50,"cubic",0.6,2,2,"B_n",0.7408,0.00438195572775445,9.59549448045266,10000,10000
50,"cubic",0.6,2,2,"P_n",0.7393,0.00439016525884846,9.49907271591039,10000,10000
50,"cubic",0.6,2,2,"Hoeffding",0.8099,0.00392379905193933,0.0210619654892484,10000,10000
50,"cubic",0.6,2,2,"dCov",0.8915,0.00311010851900701,0.330518657412242,10000,10000
50,"cubic",0.6,2,2,"HHG",0.993,0.000833726573883789,3474.701286227,10000,10000
50,"cubic",0.6,2,2,"Genest",0.788,0.00408724846320847,0.0570438382222235,10000,10000
50,"cubic",0.6,2,2,"MIC",0.9731,0.00161791192590944,0.4,10000,10000
50,"cubic",0.6,2,1,"B_n",0.49,0.00499899989997999,5.97424310945416,10000,10000
50,"cubic",0.6,2,1,"P_n",0.49,0.00499899989997999,5.96822863033846,10000,10000
50,"cubic",0.6,2,1,"Hoeffding",0.8217,0.00382765084614571,0.0201142885461308,10000,10000
50,"cubic",0.6,2,1,"dCov",0.8929,0.00309240343422394,0.328153591994511,10000,10000
50,"cubic",0.6,2,1,"HHG",0.9937,0.000791221208006963,3416.15096232569,10000,10000
50,"cubic",0.6,2,1,"Genest",0.7942,0.0040428499848498,0.056449454222222,10000,10000
50,"cubic",0.6,2,1,"MIC",0.9741,0.00158836991913093,0.398742996802268,10000,10000
50,"cubic",0.7,2,2,"B_n",0.7037,0.00456624911716389,9.34483950578155,10000,10000
50,"cubic",0.7,2,2,"P_n",0.7037,0.00456624911716389,9.2440583133022,10000,10000
50,"cubic",0.7,2,2,"Hoeffding",0.6859,0.00464156428373022,0.0206667107175895,10000,10000
50,"cubic",0.7,2,2,"dCov",0.8096,0.00392616657822869,0.330486093248733,10000,10000
50,"cubic",0.7,2,2,"HHG",0.9744,0.00157938722294439,3428.21908796502,10000,10000
50,"cubic",0.7,2,2,"Genest",0.6511,0.00476622271825394,0.0577145102222215,10000,10000
50,"cubic",0.7,2,2,"MIC",0.9249,0.00263552632314686,0.402139747065119,10000,10000
50,"cubic",0.7,2,1,"B_n",0.4801,0.00499603833051749,5.95662346663604,10000,10000
50,"cubic",0.7,2,1,"P_n",0.4801,0.00499603833051749,5.95171864132115,10000,10000
50,"cubic",0.7,2,1,"Hoeffding",0.722,0.00448013392656961,0.0193287347316355,10000,10000
50,"cubic",0.7,2,1,"dCov",0.8382,0.00368267239922315,0.32448580033565,10000,10000
50,"cubic",0.7,2,1,"HHG",0.9739,0.00159432713079844,3405.35289733385,10000,10000
50,"cubic",0.7,2,1,"Genest",0.6875,0.00463512405443479,0.0560939342222187,10000,10000
50,"cubic",0.7,2,1,"MIC",0.9271,0.00259972286984594,0.401925020811018,10000,10000
50,"cubic",0.8,2,2,"B_n",0.6286,0.00483179097230002,9.55514138629215,10000,10000
50,"cubic",0.8,2,2,"P_n",0.63,0.00482804308182932,9.43540898480708,10000,10000
50,"cubic",0.8,2,2,"Hoeffding",0.5581,0.00496612917673312,0.0206036549680001,10000,10000
50,"cubic",0.8,2,2,"dCov",0.6969,0.00459598074408499,0.329399253779019,10000,10000
50,"cubic",0.8,2,2,"HHG",0.9241,0.00264838044850055,3433.44702960107,10000,10000
50,"cubic",0.8,2,2,"Genest",0.5344,0.00498815236335058,0.0573486542222202,10000,10000
50,"cubic",0.8,2,2,"MIC",0.8577,0.00349357567543627,0.396792647160379,10000,10000
50,"cubic",0.8,2,1,"B_n",0.4414,0.00496554166229627,6.03452643355431,10000,10000
50,"cubic",0.8,2,1,"P_n",0.4414,0.00496554166229627,6.02466858753844,10000,10000
50,"cubic",0.8,2,1,"Hoeffding",0.5529,0.0049719371476317,0.0209733759368687,10000,10000
50,"cubic",0.8,2,1,"dCov",0.7107,0.00453437437801512,0.329875915432707,10000,10000
50,"cubic",0.8,2,1,"HHG",0.9283,0.0025799052308176,3455.87907279493,10000,10000
50,"cubic",0.8,2,1,"Genest",0.5443,0.00498033643441886,0.0575225262222211,10000,10000
50,"cubic",0.8,2,1,"MIC",0.8591,0.00347918366862113,0.39797204828031,10000,10000
50,"cubic",0.9,2,2,"B_n",0.5923,0.00491406868083872,9.57908326721597,10000,10000
50,"cubic",0.9,2,2,"P_n",0.5917,0.00491519185790341,9.47928891188589,10000,10000
50,"cubic",0.9,2,2,"Hoeffding",0.4442,0.00496876604399925,0.0213378579924106,10000,10000
50,"cubic",0.9,2,2,"dCov",0.5855,0.00492635514351128,0.332263157315195,10000,10000
50,"cubic",0.9,2,2,"HHG",0.862,0.00344899985503044,3447.15504802376,10000,10000
50,"cubic",0.9,2,2,"Genest",0.4499,0.00497483658023055,0.057507422222222,10000,10000
50,"cubic",0.9,2,2,"MIC",0.7649,0.00424061304530371,0.401925020811018,10000,10000
50,"cubic",0.9,2,1,"B_n",0.4435,0.00496797493955032,5.84049247921403,10000,10000
50,"cubic",0.9,2,1,"P_n",0.4435,0.00496797493955032,5.84274639138137,10000,10000
50,"cubic",0.9,2,1,"Hoeffding",0.4797,0.00499587740041727,0.0201203770129698,10000,10000
50,"cubic",0.9,2,1,"dCov",0.6262,0.00483811492215718,0.327048195437199,10000,10000
50,"cubic",0.9,2,1,"HHG",0.8732,0.0033274879413756,3397.56927160586,10000,10000
50,"cubic",0.9,2,1,"Genest",0.4661,0.00498849466272141,0.0567899822222195,10000,10000
50,"cubic",0.9,2,1,"MIC",0.7778,0.00415724860935691,0.39765633874446,10000,10000
50,"cubic",1,2,2,"B_n",0.5559,0.00496865364057508,9.42957993877833,10000,10000
50,"cubic",1,2,2,"P_n",0.5571,0.0049672888983831,9.31967810254869,10000,10000
50,"cubic",1,2,2,"Hoeffding",0.3782,0.00484937892930631,0.0208856595367101,10000,10000
50,"cubic",1,2,2,"dCov",0.5074,0.00499945237001014,0.330776483201547,10000,10000
50,"cubic",1,2,2,"HHG",0.7734,0.00418631628045469,3478.98891351094,10000,10000
50,"cubic",1,2,2,"Genest",0.3689,0.00482506777154477,0.0576659022222218,10000,10000
50,"cubic",1,2,2,"MIC",0.6739,0.00468784374739602,0.399387535914313,10000,10000
50,"cubic",1,2,1,"B_n",0.4108,0.00491979023943095,6.00905503002158,10000,10000
50,"cubic",1,2,1,"P_n",0.4108,0.00491979023943095,6.00082997047743,10000,10000
50,"cubic",1,2,1,"Hoeffding",0.3815,0.00485754824988903,0.0208921727803055,10000,10000
50,"cubic",1,2,1,"dCov",0.5124,0.00499846216350589,0.330550222097447,10000,10000
50,"cubic",1,2,1,"HHG",0.794,0.00404430463738824,3437.62096788765,10000,10000
50,"cubic",1,2,1,"Genest",0.3827,0.00486045995765833,0.0574938062222239,10000,10000
50,"cubic",1,2,1,"MIC",0.6815,0.00465894569618492,0.399032650972848,10000,10000
50,"cubic",1.1,2,2,"B_n",0.501,0.00499998999999,9.47616781267189,10000,10000
50,"cubic",1.1,2,2,"P_n",0.5044,0.00499980639625176,9.33889658626242,10000,10000
50,"cubic",1.1,2,2,"Hoeffding",0.3147,0.00464396285514861,0.0212704836791331,10000,10000
50,"cubic",1.1,2,2,"dCov",0.4258,0.0049446370948736,0.33163667547524,10000,10000
50,"cubic",1.1,2,2,"HHG",0.7039,0.004565356393536,3428.67806704118,10000,10000
50,"cubic",1.1,2,2,"Genest",0.3025,0.00459340559933477,0.0585128942222228,10000,10000
50,"cubic",1.1,2,2,"MIC",0.5795,0.00493639291385927,0.403598502184943,10000,10000
50,"cubic",1.1,2,1,"B_n",0.3709,0.0048304574317553,6.01421320123358,10000,10000
50,"cubic",1.1,2,1,"P_n",0.3709,0.0048304574317553,6.00565853294868,10000,10000
50,"cubic",1.1,2,1,"Hoeffding",0.3201,0.00466514726455661,0.0207102739338103,10000,10000
50,"cubic",1.1,2,1,"dCov",0.4205,0.00493639291385927,0.33173674846452,10000,10000
50,"cubic",1.1,2,1,"HHG",0.7087,0.00454361431021604,3417.53989276876,10000,10000
50,"cubic",1.1,2,1,"Genest",0.3121,0.00463350396568299,0.05776212622222,10000,10000
50,"cubic",1.1,2,1,"MIC",0.5913,0.00491593643164759,0.398001070410905,10000,10000
50,"cubic",1.2,2,2,"B_n",0.4593,0.00498340756912376,9.3236010561665,10000,10000
50,"cubic",1.2,2,2,"P_n",0.4585,0.00498274773593848,9.23367395039804,10000,10000
50,"cubic",1.2,2,2,"Hoeffding",0.2698,0.00443855787390454,0.0206405869470822,10000,10000
50,"cubic",1.2,2,2,"dCov",0.3694,0.00482642352057919,0.329348927857982,10000,10000
50,"cubic",1.2,2,2,"HHG",0.6166,0.00486214397154177,3425.20454973642,10000,10000
50,"cubic",1.2,2,2,"Genest",0.2714,0.00444681953760213,0.05726620622222,10000,10000
50,"cubic",1.2,2,2,"MIC",0.5048,0.00499976959469134,0.401797188450905,10000,10000
50,"cubic",1.2,2,1,"B_n",0.3736,0.00483759278980776,5.94241712898135,10000,10000
50,"cubic",1.2,2,1,"P_n",0.3736,0.00483759278980776,5.93840244499314,10000,10000
50,"cubic",1.2,2,1,"Hoeffding",0.2893,0.00453437437801512,0.0199532273593989,10000,10000
50,"cubic",1.2,2,1,"dCov",0.3983,0.00489547862828549,0.326786322245309,10000,10000
50,"cubic",1.2,2,1,"HHG",0.6156,0.00486453122099139,3460.90213389325,10000,10000
50,"cubic",1.2,2,1,"Genest",0.2891,0.0045334444961861,0.0568705262222224,10000,10000
50,"cubic",1.2,2,1,"MIC",0.5214,0.00499541830080325,0.399995711750839,10000,10000
50,"cubic",1.3,2,2,"B_n",0.4072,0.00491312690656368,9.55635426221563,10000,10000
50,"cubic",1.3,2,2,"P_n",0.4068,0.00491236969292825,9.44298549773323,10000,10000
50,"cubic",1.3,2,2,"Hoeffding",0.2323,0.00422299313283837,0.0206706517019388,10000,10000
50,"cubic",1.3,2,2,"dCov",0.3176,0.00465542951831515,0.329204929855329,10000,10000
50,"cubic",1.3,2,2,"HHG",0.5424,0.00498198996385982,3436.21429492752,10000,10000
50,"cubic",1.3,2,2,"Genest",0.2402,0.00427204822070163,0.0569570542222205,10000,10000
50,"cubic",1.3,2,2,"MIC",0.4421,0.00496636275356523,0.401754667268972,10000,10000
50,"cubic",1.3,2,1,"B_n",0.3318,0.00470859596907613,5.97674409296194,10000,10000
50,"cubic",1.3,2,1,"P_n",0.3318,0.00470859596907613,5.97057154186819,10000,10000
50,"cubic",1.3,2,1,"Hoeffding",0.2423,0.00428474865073787,0.0207015424115992,10000,10000
50,"cubic",1.3,2,1,"dCov",0.3381,0.00473062775961077,0.326796627779619,10000,10000
50,"cubic",1.3,2,1,"HHG",0.5558,0.00496876604399925,3428.33695682979,10000,10000
50,"cubic",1.3,2,1,"Genest",0.2485,0.00432143205430792,0.0568590062222222,10000,10000
50,"cubic",1.3,2,1,"MIC",0.4453,0.00496998903419313,0.399633728393115,10000,10000
50,"cubic",1.4,2,2,"B_n",0.3799,0.00485361710479926,9.47314643151338,10000,10000
50,"cubic",1.4,2,2,"P_n",0.383,0.00486118298359566,9.32267508436616,10000,10000
50,"cubic",1.4,2,2,"Hoeffding",0.2005,0.00400374512175788,0.0214602172969095,10000,10000
50,"cubic",1.4,2,2,"dCov",0.2668,0.00442286965668219,0.331030313521665,10000,10000
50,"cubic",1.4,2,2,"HHG",0.461,0.00498476679494638,3472.80982630517,10000,10000
50,"cubic",1.4,2,2,"Genest",0.2068,0.00405010814670423,0.0577782702222223,10000,10000
50,"cubic",1.4,2,2,"MIC",0.4017,0.0049024188927508,0.395897233574699,10000,10000
50,"cubic",1.4,2,1,"B_n",0.3117,0.00463187985595482,5.90479697370315,10000,10000
50,"cubic",1.4,2,1,"P_n",0.3117,0.00463187985595482,5.90312019091504,10000,10000
50,"cubic",1.4,2,1,"Hoeffding",0.2153,0.00411030303019133,0.0199677169665276,10000,10000
50,"cubic",1.4,2,1,"dCov",0.2839,0.00450888888751985,0.327696421644208,10000,10000
50,"cubic",1.4,2,1,"HHG",0.4745,0.00499349326624158,3446.02684093473,10000,10000
50,"cubic",1.4,2,1,"Genest",0.2179,0.00412819076594094,0.0564593422222247,10000,10000
50,"cubic",1.4,2,1,"MIC",0.3913,0.00488041299481919,0.399889643027386,10000,10000
50,"cubic",1.5,2,2,"B_n",0.3372,0.00472753804849839,9.43409628238303,10000,10000
50,"cubic",1.5,2,2,"P_n",0.3362,0.00472408255643358,9.34365666125429,10000,10000
50,"cubic",1.5,2,2,"Hoeffding",0.1924,0.00394185540069648,0.0204621807094716,10000,10000
50,"cubic",1.5,2,2,"dCov",0.242,0.00428294291346499,0.328920080088587,10000,10000
50,"cubic",1.5,2,2,"HHG",0.4114,0.00492087431255869,3441.65339391389,10000,10000
50,"cubic",1.5,2,2,"Genest",0.19,0.00392300904918661,0.0573234542222196,10000,10000
50,"cubic",1.5,2,2,"MIC",0.3453,0.00475465992474751,0.399226476466868,10000,10000
50,"cubic",1.5,2,1,"B_n",0.2853,0.00451557205678306,5.92592922498019,10000,10000
50,"cubic",1.5,2,1,"P_n",0.2853,0.00451557205678306,5.92294267637796,10000,10000
50,"cubic",1.5,2,1,"Hoeffding",0.1785,0.00382933088149875,0.0204848590685118,10000,10000
50,"cubic",1.5,2,1,"dCov",0.2378,0.0042573602149689,0.327953290378423,10000,10000
50,"cubic",1.5,2,1,"HHG",0.4139,0.0049253100410025,3433.32660153015,10000,10000
50,"cubic",1.5,2,1,"Genest",0.1835,0.00387075896950456,0.0565342222222206,10000,10000
50,"cubic",1.5,2,1,"MIC",0.3438,0.00474975325674924,0.399627781168589,10000,10000
50,"cubic",1.6,2,2,"B_n",0.3184,0.00465855599944876,9.4021176000843,10000,10000
50,"cubic",1.6,2,2,"P_n",0.3177,0.00465582119502027,9.30676089873429,10000,10000
50,"cubic",1.6,2,2,"Hoeffding",0.1673,0.003732434996085,0.0202817213842059,10000,10000
50,"cubic",1.6,2,2,"dCov",0.2181,0.00412955675587587,0.32724205391925,10000,10000
50,"cubic",1.6,2,2,"HHG",0.3794,0.00485237714939801,3412.82094161255,10000,10000
50,"cubic",1.6,2,2,"Genest",0.1686,0.00374398237175337,0.0567079982222209,10000,10000
50,"cubic",1.6,2,2,"MIC",0.3141,0.00464156428373022,0.396998023036774,10000,10000
50,"cubic",1.6,2,1,"B_n",0.2708,0.00444372996479309,6.01556500428703,10000,10000
50,"cubic",1.6,2,1,"P_n",0.2708,0.00444372996479309,6.00692387720625,10000,10000
50,"cubic",1.6,2,1,"Hoeffding",0.1638,0.00370093988062492,0.0208666389775151,10000,10000
50,"cubic",1.6,2,1,"dCov",0.2153,0.00411030303019133,0.328516913999079,10000,10000
50,"cubic",1.6,2,1,"HHG",0.3549,0.00478483009102727,3468.25027994716,10000,10000
50,"cubic",1.6,2,1,"Genest",0.1639,0.00370184805198701,0.0579121902222225,10000,10000
50,"cubic",1.6,2,1,"MIC",0.3032,0.00459640903314751,0.40254902105337,10000,10000
50,"cubic",1.7,2,2,"B_n",0.2848,0.0045131913320842,9.46837591994939,10000,10000
50,"cubic",1.7,2,2,"P_n",0.2849,0.00451366802057927,9.37853856757618,10000,10000
50,"cubic",1.7,2,2,"Hoeffding",0.1611,0.00367623163035193,0.0203249542185052,10000,10000
50,"cubic",1.7,2,2,"dCov",0.1953,0.00396431469487476,0.328365605405013,10000,10000
50,"cubic",1.7,2,2,"HHG",0.3232,0.00467698364333253,3476.07945797675,10000,10000
50,"cubic",1.7,2,2,"Genest",0.1583,0.00365022067826043,0.0572460302222194,10000,10000
50,"cubic",1.7,2,2,"MIC",0.2693,0.00443596111344543,0.401925020811018,10000,10000
50,"cubic",1.7,2,1,"B_n",0.2407,0.00427508491143743,6.08565455838269,10000,10000
50,"cubic",1.7,2,1,"P_n",0.2407,0.00427508491143743,6.07248040525657,10000,10000
50,"cubic",1.7,2,1,"Hoeffding",0.1481,0.00355199085021344,0.0211818941267534,10000,10000
50,"cubic",1.7,2,1,"dCov",0.182,0.00385844528275315,0.331908022790482,10000,10000
50,"cubic",1.7,2,1,"HHG",0.329,0.00469849976056188,3442.1675462543,10000,10000
50,"cubic",1.7,2,1,"Genest",0.143,0.00350072849561345,0.0582814222222221,10000,10000
50,"cubic",1.7,2,1,"MIC",0.2601,0.00438688944469769,0.402578691343727,10000,10000
50,"cubic",1.8,2,2,"B_n",0.2703,0.00444114748685517,9.30499738330007,10000,10000
50,"cubic",1.8,2,2,"P_n",0.2699,0.00443907636789456,9.24101965946952,10000,10000
50,"cubic",1.8,2,2,"Hoeffding",0.1396,0.00346571551054036,0.0204468415488304,10000,10000
50,"cubic",1.8,2,2,"dCov",0.17,0.00375632799419859,0.32957225139196,10000,10000
50,"cubic",1.8,2,2,"HHG",0.29,0.00453762052181537,3452.93769178419,10000,10000
50,"cubic",1.8,2,2,"Genest",0.1377,0.00344584837159153,0.0571667982222212,10000,10000
50,"cubic",1.8,2,2,"MIC",0.2475,0.00431559671424474,0.400052536288355,10000,10000
50,"cubic",1.8,2,1,"B_n",0.2332,0.00422868490195238,6.07354947752486,10000,10000
50,"cubic",1.8,2,1,"P_n",0.2332,0.00422868490195238,6.06116517948947,10000,10000
50,"cubic",1.8,2,1,"Hoeffding",0.1322,0.00338708074896363,0.0209317242160509,10000,10000
50,"cubic",1.8,2,1,"dCov",0.1667,0.00372707807806598,0.329335971022787,10000,10000
50,"cubic",1.8,2,1,"HHG",0.2766,0.00447316934622422,3473.14258336,10000,10000
50,"cubic",1.8,2,1,"Genest",0.1372,0.00344058367141391,0.0570100942222192,10000,10000
50,"cubic",1.8,2,1,"MIC",0.2432,0.00429014871537107,0.400054880427114,10000,10000
50,"cubic",1.9,2,2,"B_n",0.2527,0.00434560364046239,9.29118610305805,10000,10000
50,"cubic",1.9,2,2,"P_n",0.2523,0.00434332487847732,9.20539131317799,10000,10000
50,"cubic",1.9,2,2,"Hoeffding",0.1373,0.00344163783684455,0.0200280116672016,10000,10000
50,"cubic",1.9,2,2,"dCov",0.1572,0.00363989230609918,0.328051378946633,10000,10000
50,"cubic",1.9,2,2,"HHG",0.2656,0.004416521708313,3418.67379194571,10000,10000
50,"cubic",1.9,2,2,"Genest",0.1338,0.00340437307003801,0.0563635662222207,10000,10000
50,"cubic",1.9,2,2,"MIC",0.2014,0.00401046181879344,0.403304525112299,10000,10000
50,"cubic",1.9,2,1,"B_n",0.2243,0.00417120498177685,6.02502795538177,10000,10000
50,"cubic",1.9,2,1,"P_n",0.2243,0.00417120498177685,6.01578051865312,10000,10000
50,"cubic",1.9,2,1,"Hoeffding",0.1356,0.00342363315791865,0.0201619815363703,10000,10000
50,"cubic",1.9,2,1,"dCov",0.1644,0.00370638152380459,0.328058360788483,10000,10000
50,"cubic",1.9,2,1,"HHG",0.2639,0.0044074572034224,3454.73219308934,10000,10000
50,"cubic",1.9,2,1,"Genest",0.137,0.00343847349851646,0.0567656622222182,10000,10000
50,"cubic",1.9,2,1,"MIC",0.2195,0.00413907900383648,0.401710975081148,10000,10000
50,"cubic",2,2,2,"B_n",0.2223,0.00415791666583158,9.48420277623963,10000,10000
50,"cubic",2,2,2,"P_n",0.2204,0.00414516392920714,9.39911584656505,10000,10000
50,"cubic",2,2,2,"Hoeffding",0.1247,0.00330378434526226,0.0206210944137137,10000,10000
50,"cubic",2,2,2,"dCov",0.1402,0.00347194412397435,0.330173788921579,10000,10000
50,"cubic",2,2,2,"HHG",0.2295,0.00420511295924378,3487.39957274528,10000,10000
50,"cubic",2,2,2,"Genest",0.1242,0.00329809581425404,0.0572212622222217,10000,10000
50,"cubic",2,2,2,"MIC",0.1929,0.00394575201957751,0.402525621619817,10000,10000
50,"cubic",2,2,1,"B_n",0.2115,0.00408372072992265,5.99479782168116,10000,10000
50,"cubic",2,2,1,"P_n",0.2115,0.00408372072992265,5.98748099823547,10000,10000
50,"cubic",2,2,1,"Hoeffding",0.1224,0.00327747219667841,0.0209191225056164,10000,10000
50,"cubic",2,2,1,"dCov",0.1415,0.00348536583445698,0.329425120473434,10000,10000
50,"cubic",2,2,1,"HHG",0.2384,0.00426104963594652,3448.01182578217,10000,10000
50,"cubic",2,2,1,"Genest",0.1203,0.00325312019452095,0.0575167662222186,10000,10000
50,"cubic",2,2,1,"MIC",0.2036,0.00402674856428856,0.399920843844098,10000,10000
50,"sine",0.1,2,2,"B_n",0.5611,0.00496252748103222,9.31228382908966,10000,10000
50,"sine",0.1,2,2,"P_n",0.5588,0.00496530522727455,9.24050788629612,10000,10000
50,"sine",0.1,2,2,"Hoeffding",0.9968,0.000564779603031128,0.0210967263871321,10000,10000
50,"sine",0.1,2,2,"dCov",0.9971,0.000537735064878609,0.320535327228762,10000,10000
50,"sine",0.1,2,2,"HHG",1,0,3518.00789519181,10000,10000
50,"sine",0.1,2,2,"Genest",0.9834,0.00127767131923668,0.0568055182222202,10000,10000
50,"sine",0.1,2,2,"MIC",1,0,0.40229406832931,10000,10000
50,"sine",0.1,2,1,"B_n",0.6544,0.00475563497337632,6.05767924107583,10000,10000
50,"sine",0.1,2,1,"P_n",0.6544,0.00475563497337632,6.04632610924137,10000,10000
50,"sine",0.1,2,1,"Hoeffding",0.998,0.000446766158073774,0.0204595376540996,10000,10000
50,"sine",0.1,2,1,"dCov",0.997,0.000546900356555013,0.321890968818761,10000,10000
50,"sine",0.1,2,1,"HHG",1,0,3522.55024744281,10000,10000
50,"sine",0.1,2,1,"Genest",0.979,0.00143384099536873,0.0573645742222214,10000,10000
50,"sine",0.1,2,1,"MIC",1,0,0.398753212320073,10000,10000
50,"sine",0.2,2,2,"B_n",0.4638,0.00498687838231493,9.41219093607264,10000,10000
50,"sine",0.2,2,2,"P_n",0.46,0.00498397431775085,9.33425039587996,10000,10000
50,"sine",0.2,2,2,"Hoeffding",0.9524,0.00212918388120895,0.0196199899941475,10000,10000
50,"sine",0.2,2,2,"dCov",0.958,0.0020058913230781,0.319729799016153,10000,10000
50,"sine",0.2,2,2,"HHG",0.9959,0.000638998435052856,3455.80380326023,10000,10000
50,"sine",0.2,2,2,"Genest",0.906,0.00291828716887149,0.0556356302222205,10000,10000
50,"sine",0.2,2,2,"MIC",0.9997,0.000173179098045915,0.400031334737924,10000,10000
50,"sine",0.2,2,1,"B_n",0.6026,0.00489360031060977,5.94979014658672,10000,10000
50,"sine",0.2,2,1,"P_n",0.6026,0.00489360031060977,5.94531400499991,10000,10000
50,"sine",0.2,2,1,"Hoeffding",0.9474,0.00223233599621562,0.0202304649889558,10000,10000
50,"sine",0.2,2,1,"dCov",0.9484,0.00221218082443547,0.324900009262139,10000,10000
50,"sine",0.2,2,1,"HHG",0.9952,0.000691155554126568,3458.76444579285,10000,10000
50,"sine",0.2,2,1,"Genest",0.8959,0.00305390225776792,0.0567221742222175,10000,10000
50,"sine",0.2,2,1,"MIC",1,0,0.400370616747701,10000,10000
50,"sine",0.3,2,2,"B_n",0.3651,0.00481458191331293,9.32536970737383,10000,10000
50,"sine",0.3,2,2,"P_n",0.364,0.00481148625686492,9.21686943352908,10000,10000
50,"sine",0.3,2,2,"Hoeffding",0.7518,0.00431968471071674,0.0202154562102362,10000,10000
50,"sine",0.3,2,2,"dCov",0.7667,0.00422931566568399,0.325990659158511,10000,10000
50,"sine",0.3,2,2,"HHG",0.8615,0.00345424014799203,3442.40456016448,10000,10000
50,"sine",0.3,2,2,"Genest",0.7254,0.0044631249142277,0.0564848142222222,10000,10000
50,"sine",0.3,2,2,"MIC",0.9662,0.00180714028232454,0.401735958697802,10000,10000
50,"sine",0.3,2,1,"B_n",0.5016,0.00499997439993446,5.7284076065092,10000,10000
50,"sine",0.3,2,1,"P_n",0.5016,0.00499997439993446,5.73731518098051,10000,10000
50,"sine",0.3,2,1,"Hoeffding",0.7543,0.00430501463412147,0.0200477637863656,10000,10000
50,"sine",0.3,2,1,"dCov",0.7679,0.00422172464758184,0.323909149716268,10000,10000
50,"sine",0.3,2,1,"HHG",0.8613,0.00345633201530177,3448.89651307988,10000,10000
50,"sine",0.3,2,1,"Genest",0.7267,0.00445653576222608,0.0558545742222228,10000,10000
50,"sine",0.3,2,1,"MIC",0.9689,0.00173587989215844,0.402338214490729,10000,10000
50,"sine",0.4,2,2,"B_n",0.2575,0.00437257075414452,9.57532302934512,10000,10000
50,"sine",0.4,2,2,"P_n",0.259,0.00438085608072212,9.41556365074123,10000,10000
50,"sine",0.4,2,2,"Hoeffding",0.5277,0.0049923212036086,0.0215042052898865,10000,10000
50,"sine",0.4,2,2,"dCov",0.5466,0.00497823703734565,0.329447863082897,10000,10000
50,"sine",0.4,2,2,"HHG",0.594,0.0049108451411137,3447.6162035433,10000,10000
50,"sine",0.4,2,2,"Genest",0.532,0.00498974949271003,0.0573603662222207,10000,10000
50,"sine",0.4,2,2,"MIC",0.8178,0.00386009274499979,0.39755857178605,10000,10000
50,"sine",0.4,2,1,"B_n",0.3584,0.00479530436990187,5.9739168350467,10000,10000
50,"sine",0.4,2,1,"P_n",0.3584,0.00479530436990187,5.96792295642054,10000,10000
50,"sine",0.4,2,1,"Hoeffding",0.5097,0.00499905901145406,0.0215508363382356,10000,10000
50,"sine",0.4,2,1,"dCov",0.5336,0.00498869762563337,0.330044874952552,10000,10000
50,"sine",0.4,2,1,"HHG",0.5652,0.00495730733362377,3482.18040959893,10000,10000
50,"sine",0.4,2,1,"Genest",0.5039,0.00499984789768649,0.0582957102222225,10000,10000
50,"sine",0.4,2,1,"MIC",0.8057,0.00395660852245961,0.399706069690629,10000,10000
50,"sine",0.5,2,2,"B_n",0.1939,0.00395351476537018,9.47395470362767,10000,10000
50,"sine",0.5,2,2,"P_n",0.1948,0.00396046663917271,9.35278632580134,10000,10000
50,"sine",0.5,2,2,"Hoeffding",0.3931,0.00488438726965829,0.0200183361966433,10000,10000
50,"sine",0.5,2,2,"dCov",0.4079,0.00491444391564295,0.325512964327158,10000,10000
50,"sine",0.5,2,2,"HHG",0.3855,0.00486713211244569,3427.03223498743,10000,10000
50,"sine",0.5,2,2,"Genest",0.4034,0.00490579697908505,0.0556136942222217,10000,10000
50,"sine",0.5,2,2,"MIC",0.5783,0.00493831054106564,0.401571249544519,10000,10000
50,"sine",0.5,2,1,"B_n",0.2828,0.00450360033750776,5.91577442498242,10000,10000
50,"sine",0.5,2,1,"P_n",0.2828,0.00450360033750776,5.91341834378963,10000,10000
50,"sine",0.5,2,1,"Hoeffding",0.3777,0.00484812035741688,0.0207013064245124,10000,10000
50,"sine",0.5,2,1,"dCov",0.4076,0.00491388074743374,0.326812103396478,10000,10000
50,"sine",0.5,2,1,"HHG",0.3934,0.00488504288619865,3425.86362290455,10000,10000
50,"sine",0.5,2,1,"Genest",0.3864,0.00486924059787561,0.0574192942222198,10000,10000
50,"sine",0.5,2,1,"MIC",0.58,0.00493558507170123,0.401735958697802,10000,10000
50,"sine",0.6,2,2,"B_n",0.1558,0.00362665631125973,9.53502764295593,10000,10000
50,"sine",0.6,2,2,"P_n",0.1558,0.00362665631125973,9.41081195329093,10000,10000
50,"sine",0.6,2,2,"Hoeffding",0.2791,0.00448556785702769,0.0211011629443637,10000,10000
50,"sine",0.6,2,2,"dCov",0.2965,0.00456714079047274,0.329136882784761,10000,10000
50,"sine",0.6,2,2,"HHG",0.2634,0.00440477513614486,3448.98901105938,10000,10000
50,"sine",0.6,2,2,"Genest",0.2855,0.00451652244542192,0.0576232462222217,10000,10000
50,"sine",0.6,2,2,"MIC",0.4136,0.00492478466534325,0.397484439431647,10000,10000
50,"sine",0.6,2,1,"B_n",0.2188,0.00413432654733513,6.04784399783709,10000,10000
50,"sine",0.6,2,1,"P_n",0.2188,0.00413432654733513,6.03712737694579,10000,10000
50,"sine",0.6,2,1,"Hoeffding",0.2829,0.00450408248148277,0.0210449744189998,10000,10000
50,"sine",0.6,2,1,"dCov",0.2961,0.004565356393536,0.329195099418549,10000,10000
50,"sine",0.6,2,1,"HHG",0.2719,0.00444938636218524,3449.89556740759,10000,10000
50,"sine",0.6,2,1,"Genest",0.2979,0.00457335314621559,0.0569100142222205,10000,10000
50,"sine",0.6,2,1,"MIC",0.4182,0.00493263377922992,0.399302195841342,10000,10000
50,"sine",0.7,2,2,"B_n",0.1331,0.00339682778486046,9.47677658604442,10000,10000
50,"sine",0.7,2,2,"P_n",0.1342,0.00340867070864875,9.35770241642975,10000,10000
50,"sine",0.7,2,2,"Hoeffding",0.2214,0.00415189161708251,0.0215481932828636,10000,10000
50,"sine",0.7,2,2,"dCov",0.2353,0.00424186173749216,0.330468154142791,10000,10000
50,"sine",0.7,2,2,"HHG",0.2015,0.00401120617769768,3461.60370443653,10000,10000
50,"sine",0.7,2,2,"Genest",0.2285,0.00419866347782244,0.0581030702222207,10000,10000
50,"sine",0.7,2,2,"MIC",0.2913,0.00454361431021604,0.401300316077669,10000,10000
50,"sine",0.7,2,1,"B_n",0.1767,0.00381414616919698,5.95897845167729,10000,10000
50,"sine",0.7,2,1,"P_n",0.1767,0.00381414616919698,5.9539256721065,10000,10000
50,"sine",0.7,2,1,"Hoeffding",0.2177,0.00412682335459128,0.0209056240442523,10000,10000
50,"sine",0.7,2,1,"dCov",0.2239,0.00416855838390204,0.32974851559939,10000,10000
50,"sine",0.7,2,1,"HHG",0.1908,0.00392931749798868,3460.94038523292,10000,10000
50,"sine",0.7,2,1,"Genest",0.2247,0.00417384606807678,0.0577336942222219,10000,10000
50,"sine",0.7,2,1,"MIC",0.2937,0.00455456155957958,0.400368663955449,10000,10000
50,"sine",0.8,2,2,"B_n",0.107,0.00309113247855863,9.58771113938384,10000,10000
50,"sine",0.8,2,2,"P_n",0.1053,0.00306939586889668,9.50940525801394,10000,10000
50,"sine",0.8,2,2,"Hoeffding",0.1822,0.00386009274499979,0.020782415186241,10000,10000
50,"sine",0.8,2,2,"dCov",0.1835,0.00387075896950456,0.32969940290826,10000,10000
50,"sine",0.8,2,2,"HHG",0.1594,0.00366048685286534,3435.84064372749,10000,10000
50,"sine",0.8,2,2,"Genest",0.1852,0.0038845972764239,0.0573029582222211,10000,10000
50,"sine",0.8,2,2,"MIC",0.2226,0.00415991874920653,0.400100698950457,10000,10000
50,"sine",0.8,2,1,"B_n",0.1499,0.00356973374357248,6.00743518517708,10000,10000
50,"sine",0.8,2,1,"P_n",0.1499,0.00356973374357248,5.99931348407864,10000,10000
50,"sine",0.8,2,1,"Hoeffding",0.1774,0.00382006858577173,0.0208844324038589,10000,10000
50,"sine",0.8,2,1,"dCov",0.1777,0.00382260003139225,0.330581644810768,10000,10000
50,"sine",0.8,2,1,"HHG",0.1518,0.00358826922066893,3461.45464233334,10000,10000
50,"sine",0.8,2,1,"Genest",0.1817,0.00385597082457842,0.0579308462222186,10000,10000
50,"sine",0.8,2,1,"MIC",0.229,0.0042018924307983,0.4,10000,10000
50,"sine",0.9,2,2,"B_n",0.0999,0.00299866620349782,9.4117140982355,10000,10000
50,"sine",0.9,2,2,"P_n",0.0997,0.00299599582776746,9.33417744557492,10000,10000
50,"sine",0.9,2,2,"Hoeffding",0.1542,0.00361140360524824,0.0203707357133417,10000,10000
50,"sine",0.9,2,2,"dCov",0.1606,0.00367161599299273,0.327389910631006,10000,10000
50,"sine",0.9,2,2,"HHG",0.1321,0.00338599453632164,3446.33126667137,10000,10000
50,"sine",0.9,2,2,"Genest",0.1539,0.00360852864752381,0.0572696302222229,10000,10000
50,"sine",0.9,2,2,"MIC",0.1698,0.00375457001532799,0.401943170437458,10000,10000
50,"sine",0.9,2,1,"B_n",0.1301,0.00336413421254266,5.94917192702384,10000,10000
50,"sine",0.9,2,1,"P_n",0.1301,0.00336413421254266,5.9447345212718,10000,10000
50,"sine",0.9,2,1,"Hoeffding",0.1446,0.00351697085572229,0.0213156280088353,10000,10000
50,"sine",0.9,2,1,"dCov",0.157,0.00363800769652842,0.328673599068068,10000,10000
50,"sine",0.9,2,1,"HHG",0.1222,0.00327516656065001,3484.53204526616,10000,10000
50,"sine",0.9,2,1,"Genest",0.1565,0.00363328707921628,0.0568541902222206,10000,10000
50,"sine",0.9,2,1,"MIC",0.1843,0.00387728655118499,0.398853905458793,10000,10000
50,"sine",1,2,2,"B_n",0.0896,0.00285607843029564,9.46413807432659,10000,10000
50,"sine",1,2,2,"P_n",0.0896,0.00285607843029564,9.36400602058219,10000,10000
50,"sine",1,2,2,"Hoeffding",0.1359,0.00342682345620547,0.0203837386018237,10000,10000
50,"sine",1,2,2,"dCov",0.1369,0.00343741748991885,0.329337923504451,10000,10000
50,"sine",1,2,2,"HHG",0.1126,0.00316103210992865,3463.37981331898,10000,10000
50,"sine",1,2,2,"Genest",0.1363,0.00343106849246703,0.0573488782222211,10000,10000
50,"sine",1,2,2,"MIC",0.1581,0.00364834743411315,0.397279556513265,10000,10000
50,"sine",1,2,1,"B_n",0.117,0.00321420285607489,6.00882290078755,10000,10000
50,"sine",1,2,1,"P_n",0.117,0.00321420285607489,6.00061266105851,10000,10000
50,"sine",1,2,1,"Hoeffding",0.1365,0.00343318729462871,0.0205411183900017,10000,10000
50,"sine",1,2,1,"dCov",0.1329,0.00339466625752812,0.330896599713869,10000,10000
50,"sine",1,2,1,"HHG",0.1064,0.00308348893301079,3482.79150999911,10000,10000
50,"sine",1,2,1,"Genest",0.1382,0.00345109779635408,0.0577002702222218,10000,10000
50,"sine",1,2,1,"MIC",0.1381,0.00345004913008496,0.40381393635017,10000,10000
50,"sine",1.1,2,2,"B_n",0.0835,0.0027663649433869,9.31864507506021,10000,10000
50,"sine",1.1,2,2,"P_n",0.0846,0.00278285536814258,9.19789570916644,10000,10000
50,"sine",1.1,2,2,"Hoeffding",0.1164,0.00320703975653561,0.0201575213804301,10000,10000
50,"sine",1.1,2,2,"dCov",0.1235,0.00329010258198738,0.327177013450963,10000,10000
50,"sine",1.1,2,2,"HHG",0.1013,0.00301725554105051,3426.21068379212,10000,10000
50,"sine",1.1,2,2,"Genest",0.1274,0.00333420515265633,0.0558689742222233,10000,10000
50,"sine",1.1,2,2,"MIC",0.1348,0.0034150982416323,0.395044985195905,10000,10000
50,"sine",1.1,2,1,"B_n",0.0964,0.00295139018091475,6.0516437254838,10000,10000
50,"sine",1.1,2,1,"P_n",0.0964,0.00295139018091475,6.04068142565919,10000,10000
50,"sine",1.1,2,1,"Hoeffding",0.1115,0.003147502978553,0.0207868281447639,10000,10000
50,"sine",1.1,2,1,"dCov",0.1166,0.00320943047907257,0.328738774223659,10000,10000
50,"sine",1.1,2,1,"HHG",0.0965,0.00295275718608896,3455.2912798707,10000,10000
50,"sine",1.1,2,1,"Genest",0.1155,0.00319624388931758,0.0575413262222206,10000,10000
50,"sine",1.1,2,1,"MIC",0.1161,0.00320344798615492,0.400316129402213,10000,10000
50,"sine",1.2,2,2,"B_n",0.0754,0.00264035679407159,9.37850136416973,10000,10000
50,"sine",1.2,2,2,"P_n",0.0754,0.00264035679407159,9.28282786817037,10000,10000
50,"sine",1.2,2,2,"Hoeffding",0.1068,0.00308858802691456,0.0200391266589892,10000,10000
50,"sine",1.2,2,2,"dCov",0.1163,0.00320584325880103,0.325098461927097,10000,10000
50,"sine",1.2,2,2,"HHG",0.0908,0.00287324485555965,3441.9054048586,10000,10000
50,"sine",1.2,2,2,"Genest",0.108,0.00310380411753061,0.0566886702222213,10000,10000
50,"sine",1.2,2,2,"MIC",0.1083,0.00310758925857328,0.403001742841777,10000,10000
50,"sine",1.2,2,1,"B_n",0.0868,0.00281541755340127,6.05828060031559,10000,10000
50,"sine",1.2,2,1,"P_n",0.0868,0.00281541755340127,6.04688847795097,10000,10000
50,"sine",1.2,2,1,"Hoeffding",0.1057,0.00307453264741164,0.0206160206913477,10000,10000
50,"sine",1.2,2,1,"dCov",0.1061,0.00307965566257009,0.328713291808799,10000,10000
50,"sine",1.2,2,1,"HHG",0.0891,0.00284888030636599,3458.20687674849,10000,10000
50,"sine",1.2,2,1,"Genest",0.1074,0.0030962112331041,0.0574747342222218,10000,10000
50,"sine",1.2,2,1,"MIC",0.103,0.00303958878797774,0.403802020954765,10000,10000
50,"sine",1.3,2,2,"B_n",0.0755,0.00264196423140057,9.3396938557844,10000,10000
50,"sine",1.3,2,2,"P_n",0.0751,0.00263552632314686,9.25155504758784,10000,10000
50,"sine",1.3,2,2,"Hoeffding",0.096,0.00294591242232351,0.0206552653438804,10000,10000
50,"sine",1.3,2,2,"dCov",0.1032,0.00304219920452294,0.326837735516064,10000,10000
50,"sine",1.3,2,2,"HHG",0.0852,0.00279179082310978,3447.86975058351,10000,10000
50,"sine",1.3,2,2,"Genest",0.1028,0.00303697481056396,0.0565220942222205,10000,10000
50,"sine",1.3,2,2,"MIC",0.1024,0.00303173613627571,0.399547442146576,10000,10000
50,"sine",1.3,2,1,"B_n",0.0836,0.00276786993914093,6.02249199346085,10000,10000
50,"sine",1.3,2,1,"P_n",0.0836,0.00276786993914093,6.01340718095346,10000,10000
50,"sine",1.3,2,1,"Hoeffding",0.0916,0.00288460465228773,0.0209259425324246,10000,10000
50,"sine",1.3,2,1,"dCov",0.0952,0.00293490987936597,0.32944453090294,10000,10000
50,"sine",1.3,2,1,"HHG",0.0792,0.00270050661913649,3457.02238746647,10000,10000
50,"sine",1.3,2,1,"Genest",0.0939,0.00291689543864706,0.0578576142222236,10000,10000
50,"sine",1.3,2,1,"MIC",0.1043,0.00305649325207827,0.399266085901473,10000,10000
50,"sine",1.4,2,2,"B_n",0.08,0.00271293199325011,9.21333067266045,10000,10000
50,"sine",1.4,2,2,"P_n",0.0784,0.002688,9.18917782157455,10000,10000
50,"sine",1.4,2,2,"Hoeffding",0.0985,0.00297989513238302,0.0196555768468349,10000,10000
50,"sine",1.4,2,2,"dCov",0.1041,0.00305390225776792,0.324756556561527,10000,10000
50,"sine",1.4,2,2,"HHG",0.0865,0.00281100960510632,3411.92676342941,10000,10000
50,"sine",1.4,2,2,"Genest",0.1019,0.00302516759866292,0.0558505262222224,10000,10000
50,"sine",1.4,2,2,"MIC",0.0877,0.00282858109305708,0.401742686716755,10000,10000
50,"sine",1.4,2,1,"B_n",0.0796,0.00270672939171983,6.03866960749119,10000,10000
50,"sine",1.4,2,1,"P_n",0.0796,0.00270672939171983,6.02854500137852,10000,10000
50,"sine",1.4,2,1,"Hoeffding",0.0872,0.00282127914251674,0.0211519001680228,10000,10000
50,"sine",1.4,2,1,"dCov",0.0878,0.00283003816228686,0.331278701605475,10000,10000
50,"sine",1.4,2,1,"HHG",0.0737,0.0026128205066556,3479.4558182419,10000,10000
50,"sine",1.4,2,1,"Genest",0.0889,0.00284599349964121,0.0579039342222207,10000,10000
50,"sine",1.4,2,1,"MIC",0.0871,0.00281981541949114,0.401961862327909,10000,10000
50,"sine",1.5,2,2,"B_n",0.0665,0.00249154068800812,9.47525830271246,10000,10000
50,"sine",1.5,2,2,"P_n",0.0657,0.00247756957520874,9.42148456493542,10000,10000
50,"sine",1.5,2,2,"Hoeffding",0.0824,0.00274973162326799,0.0207374124487908,10000,10000
50,"sine",1.5,2,2,"dCov",0.089,0.00284743744444018,0.326573321642531,10000,10000
50,"sine",1.5,2,2,"HHG",0.081,0.00272835115042034,3430.59006512648,10000,10000
50,"sine",1.5,2,2,"Genest",0.0863,0.00280806534824245,0.0566730062222221,10000,10000
50,"sine",1.5,2,2,"MIC",0.0868,0.00281541755340127,0.399387535914313,10000,10000
50,"sine",1.5,2,1,"B_n",0.0824,0.00274973162326799,5.87171686092554,10000,10000
50,"sine",1.5,2,1,"P_n",0.0824,0.00274973162326799,5.87207243643602,10000,10000
50,"sine",1.5,2,1,"Hoeffding",0.0877,0.00282858109305708,0.0201193622684967,10000,10000
50,"sine",1.5,2,1,"dCov",0.0876,0.00282712291915297,0.328664443777315,10000,10000
50,"sine",1.5,2,1,"HHG",0.0722,0.00258818778298639,3460.30868855975,10000,10000
50,"sine",1.5,2,1,"Genest",0.0885,0.00284020685866364,0.0571833582222204,10000,10000
50,"sine",1.5,2,1,"MIC",0.085,0.00278881695347687,0.399467753722509,10000,10000
50,"sine",1.6,2,2,"B_n",0.0731,0.00260300576257526,9.16225911109769,10000,10000
50,"sine",1.6,2,2,"P_n",0.0704,0.00255819936674216,9.13804340616532,10000,10000
50,"sine",1.6,2,2,"Hoeffding",0.0851,0.00279030446367417,0.0202614028960335,10000,10000
50,"sine",1.6,2,2,"dCov",0.0846,0.00278285536814258,0.327488776656774,10000,10000
50,"sine",1.6,2,2,"HHG",0.0779,0.0026801416007368,3432.36296985188,10000,10000
50,"sine",1.6,2,2,"Genest",0.0865,0.00281100960510632,0.0564203662222197,10000,10000
50,"sine",1.6,2,2,"MIC",0.0774,0.0026722507367386,0.401275826930458,10000,10000
50,"sine",1.6,2,1,"B_n",0.0768,0.00266273844002748,5.93172241329431,10000,10000
50,"sine",1.6,2,1,"P_n",0.0768,0.00266273844002748,5.92837525343502,10000,10000
50,"sine",1.6,2,1,"Hoeffding",0.0837,0.00276937375592389,0.0199225726368253,10000,10000
50,"sine",1.6,2,1,"dCov",0.0862,0.00280659152710187,0.328653383267511,10000,10000
50,"sine",1.6,2,1,"HHG",0.0695,0.00254302477376844,3466.05122056225,10000,10000
50,"sine",1.6,2,1,"Genest",0.0847,0.0027843474998642,0.0567953582222211,10000,10000
50,"sine",1.6,2,1,"MIC",0.0814,0.0027344842292469,0.400429894553522,10000,10000
50,"sine",1.7,2,2,"B_n",0.0596,0.00236744250194171,9.46855940955174,10000,10000
50,"sine",1.7,2,2,"P_n",0.0602,0.00237857015872982,9.37667191365117,10000,10000
50,"sine",1.7,2,2,"Hoeffding",0.0741,0.00261933560278174,0.0208310049274104,10000,10000
50,"sine",1.7,2,2,"dCov",0.0743,0.00262258479367207,0.328042825098241,10000,10000
50,"sine",1.7,2,2,"HHG",0.0705,0.00255987792677698,3421.98571136395,10000,10000
50,"sine",1.7,2,2,"Genest",0.0768,0.00266273844002748,0.0566862542222217,10000,10000
50,"sine",1.7,2,2,"MIC",0.0812,0.00273142014344187,0.398995868127046,10000,10000
50,"sine",1.7,2,1,"B_n",0.0713,0.00257325299960964,6.0289352914545,10000,10000
50,"sine",1.7,2,1,"P_n",0.0713,0.00257325299960964,6.01943699363576,10000,10000
50,"sine",1.7,2,1,"Hoeffding",0.0777,0.00267698916695604,0.0212033689516509,10000,10000
50,"sine",1.7,2,1,"dCov",0.0799,0.00271138322632563,0.331070211336817,10000,10000
50,"sine",1.7,2,1,"HHG",0.0717,0.0025799052308176,3449.93983279044,10000,10000
50,"sine",1.7,2,1,"Genest",0.0805,0.00272065708974872,0.0576679982222211,10000,10000
50,"sine",1.7,2,1,"MIC",0.0747,0.00262906656439125,0.4,10000,10000
50,"sine",1.8,2,2,"B_n",0.0649,0.00246349325146224,9.37320941612079,10000,10000
50,"sine",1.8,2,2,"P_n",0.065,0.00246525860712421,9.26866264874061,10000,10000
50,"sine",1.8,2,2,"Hoeffding",0.0724,0.00259149069070294,0.0203145235892692,10000,10000
50,"sine",1.8,2,2,"dCov",0.0743,0.00262258479367207,0.32742649889124,10000,10000
50,"sine",1.8,2,2,"HHG",0.0692,0.00253793932157568,3426.5043872758,10000,10000
50,"sine",1.8,2,2,"Genest",0.0758,0.00264677841913523,0.0561860942222244,10000,10000
50,"sine",1.8,2,2,"MIC",0.0699,0.00254978410850801,0.401551977644859,10000,10000
50,"sine",1.8,2,1,"B_n",0.0666,0.00249327976769555,6.01028046079257,10000,10000
50,"sine",1.8,2,1,"P_n",0.0666,0.00249327976769555,6.00197713600169,10000,10000
50,"sine",1.8,2,1,"Hoeffding",0.0704,0.00255819936674216,0.0213767250656044,10000,10000
50,"sine",1.8,2,1,"dCov",0.0699,0.00254978410850801,0.33191985191872,10000,10000
50,"sine",1.8,2,1,"HHG",0.0669,0.00249848734237338,3463.21489836868,10000,10000
50,"sine",1.8,2,1,"Genest",0.0707,0.00256323057878139,0.0585892622222254,10000,10000
50,"sine",1.8,2,1,"MIC",0.0745,0.0026258284407021,0.401925020811018,10000,10000
50,"sine",1.9,2,2,"B_n",0.0623,0.0024169962763728,9.61485386456759,10000,10000
50,"sine",1.9,2,2,"P_n",0.0618,0.00240791943386817,9.53693598688987,10000,10000
50,"sine",1.9,2,2,"Hoeffding",0.0698,0.00254809654448178,0.0213704242103872,10000,10000
50,"sine",1.9,2,2,"dCov",0.0709,0.00256657729281625,0.331569707788278,10000,10000
50,"sine",1.9,2,2,"HHG",0.065,0.00246525860712421,3460.67319159009,10000,10000
50,"sine",1.9,2,2,"Genest",0.0709,0.00256657729281625,0.05821073422222,10000,10000
50,"sine",1.9,2,2,"MIC",0.0675,0.00250885930255166,0.400389149891751,10000,10000
50,"sine",1.9,2,1,"B_n",0.0667,0.00249501723440941,6.03901425879524,10000,10000
50,"sine",1.9,2,1,"P_n",0.0667,0.00249501723440941,6.02886743778682,10000,10000
50,"sine",1.9,2,1,"Hoeffding",0.068,0.00251745903640953,0.0213886424134871,10000,10000
50,"sine",1.9,2,1,"dCov",0.0718,0.00258156464184029,0.330076377665062,10000,10000
50,"sine",1.9,2,1,"HHG",0.0645,0.00245641507078914,3439.29373862911,10000,10000
50,"sine",1.9,2,1,"Genest",0.0698,0.00254809654448178,0.0584509422222227,10000,10000
50,"sine",1.9,2,1,"MIC",0.0695,0.00254302477376844,0.400407997543073,10000,10000
50,"sine",2,2,2,"B_n",0.0602,0.00237857015872982,9.360530089252,10000,10000
50,"sine",2,2,2,"P_n",0.0602,0.00237857015872982,9.292347672561,10000,10000
50,"sine",2,2,2,"Hoeffding",0.0617,0.0024060987095296,0.020880821801431,10000,10000
50,"sine",2,2,2,"dCov",0.0667,0.00249501723440941,0.328937362715644,10000,10000
50,"sine",2,2,2,"HHG",0.0624,0.00241880631717382,3443.350545348,10000,10000
50,"sine",2,2,2,"Genest",0.0673,0.00250540834995016,0.0570173262222221,10000,10000
50,"sine",2,2,2,"MIC",0.061,0.00239330315672712,0.401617333763058,10000,10000
50,"sine",2,2,1,"B_n",0.0662,0.00248631373724235,6.07344957941328,10000,10000
50,"sine",2,2,1,"P_n",0.0662,0.00248631373724235,6.06107181552093,10000,10000
50,"sine",2,2,1,"Hoeffding",0.0681,0.002519174269478,0.0210554994430705,10000,10000
50,"sine",2,2,1,"dCov",0.0697,0.00254640746935757,0.33017412244617,10000,10000
50,"sine",2,2,1,"HHG",0.0618,0.00240791943386817,3477.41035742339,10000,10000
50,"sine",2,2,1,"Genest",0.0681,0.002519174269478,0.0578511662222238,10000,10000
50,"sine",2,2,1,"MIC",0.0672,0.0025036804907975,0.4,10000,10000
50,"fourth root",0.1,2,2,"B_n",1,0,9.4399400701852,10000,10000
50,"fourth root",0.1,2,2,"P_n",1,0,9.32492294448573,10000,10000
50,"fourth root",0.1,2,2,"Hoeffding",1,0,0.0205702863939285,10000,10000
50,"fourth root",0.1,2,2,"dCov",1,0,0.327475517504917,10000,10000
50,"fourth root",0.1,2,2,"HHG",1,0,3465.76430978421,10000,10000
50,"fourth root",0.1,2,2,"Genest",1,0,0.0570247182222214,10000,10000
50,"fourth root",0.1,2,2,"MIC",1,0,0.398883278478151,10000,10000
50,"fourth root",0.1,2,1,"B_n",1,0,5.93065017102714,10000,10000
50,"fourth root",0.1,2,1,"P_n",1,0,5.92736980288468,10000,10000
50,"fourth root",0.1,2,1,"Hoeffding",1,0,0.0204039626951613,10000,10000
50,"fourth root",0.1,2,1,"dCov",1,0,0.323950574883985,10000,10000
50,"fourth root",0.1,2,1,"HHG",1,0,3456.82891198584,10000,10000
50,"fourth root",0.1,2,1,"Genest",1,0,0.0564237262222216,10000,10000
50,"fourth root",0.1,2,1,"MIC",1,0,0.401571249544519,10000,10000
50,"fourth root",0.2,2,2,"B_n",1,0,9.38565774427881,10000,10000
50,"fourth root",0.2,2,2,"P_n",1,0,9.34580475292062,10000,10000
50,"fourth root",0.2,2,2,"Hoeffding",1,0,0.0210587324661594,10000,10000
50,"fourth root",0.2,2,2,"dCov",1,0,0.329223632396748,10000,10000
50,"fourth root",0.2,2,2,"HHG",1,0,3423.92509192091,10000,10000
50,"fourth root",0.2,2,2,"Genest",1,0,0.0576070222222219,10000,10000
50,"fourth root",0.2,2,2,"MIC",0.9995,0.000223550889061069,0.40004041356745,10000,10000
50,"fourth root",0.2,2,1,"B_n",1,0,5.86101435376115,10000,10000
50,"fourth root",0.2,2,1,"P_n",1,0,5.86202281211681,10000,10000
50,"fourth root",0.2,2,1,"Hoeffding",1,0,0.0201664416923106,10000,10000
50,"fourth root",0.2,2,1,"dCov",1,0,0.324549966370418,10000,10000
50,"fourth root",0.2,2,1,"HHG",1,0,3438.82022019076,10000,10000
50,"fourth root",0.2,2,1,"Genest",1,0,0.056704222222222,10000,10000
50,"fourth root",0.2,2,1,"MIC",0.9993,0.000264482513599677,0.4,10000,10000
50,"fourth root",0.3,2,2,"B_n",0.9996,0.000199959995999189,9.4722598884741,10000,10000
50,"fourth root",0.3,2,2,"P_n",0.9996,0.000199959995999189,9.40460824629457,10000,10000
50,"fourth root",0.3,2,2,"Hoeffding",0.9994,0.000244875478560032,0.0210554522456531,10000,10000
50,"fourth root",0.3,2,2,"dCov",1,0,0.32730664002305,10000,10000
50,"fourth root",0.3,2,2,"HHG",0.9986,0.000373903730925483,3448.11549175099,10000,10000
50,"fourth root",0.3,2,2,"Genest",0.9997,0.000173179098045915,0.0575253742222209,10000,10000
50,"fourth root",0.3,2,2,"MIC",0.9605,0.00194781287602275,0.401925020811018,10000,10000
50,"fourth root",0.3,2,1,"B_n",0.9998,0.0001414072133945,6.08553525748523,10000,10000
50,"fourth root",0.3,2,1,"P_n",0.9998,0.0001414072133945,6.07236889917108,10000,10000
50,"fourth root",0.3,2,1,"Hoeffding",0.9994,0.000244875478560032,0.0208988748135701,10000,10000
50,"fourth root",0.3,2,1,"dCov",0.9999,9.99949998749882e-05,0.331024764158821,10000,10000
50,"fourth root",0.3,2,1,"HHG",0.9983,0.000411959949509662,3474.09253115048,10000,10000
50,"fourth root",0.3,2,1,"Genest",0.9997,0.000173179098045915,0.0573606222222196,10000,10000
50,"fourth root",0.3,2,1,"MIC",0.9618,0.00191678793819243,0.401925020811018,10000,10000
50,"fourth root",0.4,2,2,"B_n",0.9814,0.0013510751274448,9.63728967806819,10000,10000
50,"fourth root",0.4,2,2,"P_n",0.9804,0.00138621210498249,9.55187059370016,10000,10000
50,"fourth root",0.4,2,2,"Hoeffding",0.9888,0.00105235735375394,0.0208480903924937,10000,10000
50,"fourth root",0.4,2,2,"dCov",0.9944,0.00074623320751626,0.331501732374406,10000,10000
50,"fourth root",0.4,2,2,"HHG",0.9683,0.00175200199771575,3462.5929199956,10000,10000
50,"fourth root",0.4,2,2,"Genest",0.9909,0.000949588858401361,0.0579122862222225,10000,10000
50,"fourth root",0.4,2,2,"MIC",0.822,0.0038251274488571,0.398882132906445,10000,10000
50,"fourth root",0.4,2,1,"B_n",0.9908,0.000954743944730732,5.93407993746615,10000,10000
50,"fourth root",0.4,2,1,"P_n",0.9908,0.000954743944730732,5.93058583366858,10000,10000
50,"fourth root",0.4,2,1,"Hoeffding",0.9897,0.00100964894889263,0.0203615322169571,10000,10000
50,"fourth root",0.4,2,1,"dCov",0.9952,0.000691155554126568,0.328095083219114,10000,10000
50,"fourth root",0.4,2,1,"HHG",0.97,0.0017058722109232,3414.41160498755,10000,10000
50,"fourth root",0.4,2,1,"Genest",0.9917,0.000907254650029416,0.057077310222221,10000,10000
50,"fourth root",0.4,2,1,"MIC",0.8088,0.0039324618243538,0.401925020811018,10000,10000
50,"fourth root",0.5,2,2,"B_n",0.9124,0.00282712291915297,9.45192966762995,10000,10000
50,"fourth root",0.5,2,2,"P_n",0.9114,0.00284165515149182,9.38831744268845,10000,10000
50,"fourth root",0.5,2,2,"Hoeffding",0.947,0.00224033479640879,0.0203337329381336,10000,10000
50,"fourth root",0.5,2,2,"dCov",0.968,0.00176,0.327104000132901,10000,10000
50,"fourth root",0.5,2,2,"HHG",0.8699,0.00336413421254266,3453.32184560308,10000,10000
50,"fourth root",0.5,2,2,"Genest",0.9528,0.00212066404694379,0.0572276142222221,10000,10000
50,"fourth root",0.5,2,2,"MIC",0.6252,0.00484071234427331,0.400715506462866,10000,10000
50,"fourth root",0.5,2,1,"B_n",0.9457,0.00226608715631151,6.13230253502152,10000,10000
50,"fourth root",0.5,2,1,"P_n",0.9457,0.00226608715631151,6.11605727440113,10000,10000
50,"fourth root",0.5,2,1,"Hoeffding",0.9475,0.00223033069296909,0.0203478685646321,10000,10000
50,"fourth root",0.5,2,1,"dCov",0.9701,0.00170311449996763,0.324946503727045,10000,10000
50,"fourth root",0.5,2,1,"HHG",0.8682,0.00338273203195287,3474.03606745862,10000,10000
50,"fourth root",0.5,2,1,"Genest",0.9559,0.0020531729103999,0.0560832942222202,10000,10000
50,"fourth root",0.5,2,1,"MIC",0.626,0.00483863617148469,0.401552683451007,10000,10000
50,"fourth root",0.6,2,2,"B_n",0.7885,0.00408372072992265,9.46942967280747,10000,10000
50,"fourth root",0.6,2,2,"P_n",0.7876,0.00409006405817806,9.36427512835618,10000,10000
50,"fourth root",0.6,2,2,"Hoeffding",0.8582,0.00348844893899853,0.0204314315920633,10000,10000
50,"fourth root",0.6,2,2,"dCov",0.8908,0.00311889980602135,0.32963119375428,10000,10000
50,"fourth root",0.6,2,2,"HHG",0.7329,0.00442445013532755,3443.29799621989,10000,10000
50,"fourth root",0.6,2,2,"Genest",0.8704,0.00335862829143089,0.0574295502222204,10000,10000
50,"fourth root",0.6,2,2,"MIC",0.4707,0.00499140771726774,0.398885057752337,10000,10000
50,"fourth root",0.6,2,1,"B_n",0.8607,0.00346259310344141,6.08821431588142,10000,10000
50,"fourth root",0.6,2,1,"P_n",0.8607,0.00346259310344141,6.07487276849977,10000,10000
50,"fourth root",0.6,2,1,"Hoeffding",0.8605,0.00346467530946263,0.0209995469047933,10000,10000
50,"fourth root",0.6,2,1,"dCov",0.9002,0.00299733147983335,0.328330032854403,10000,10000
50,"fourth root",0.6,2,1,"HHG",0.7382,0.00439614330976596,3460.37043235346,10000,10000
50,"fourth root",0.6,2,1,"Genest",0.877,0.00328437208610718,0.0572761262222207,10000,10000
50,"fourth root",0.6,2,1,"MIC",0.4632,0.00498643921049881,0.4,10000,10000
50,"fourth root",0.7,2,2,"B_n",0.6477,0.00477686832558738,9.42836736128565,10000,10000
50,"fourth root",0.7,2,2,"P_n",0.6444,0.0047869472526862,9.3781634966543,10000,10000
50,"fourth root",0.7,2,2,"Hoeffding",0.7464,0.00435071304500768,0.0206996545149049,10000,10000
50,"fourth root",0.7,2,2,"dCov",0.7928,0.00405300086355777,0.329397626169053,10000,10000
50,"fourth root",0.7,2,2,"HHG",0.5873,0.00492319723350589,3453.83920405474,10000,10000
50,"fourth root",0.7,2,2,"Genest",0.7639,0.00424684341599735,0.0574059502222216,10000,10000
50,"fourth root",0.7,2,2,"MIC",0.3466,0.00475887003394713,0.399905118770584,10000,10000
50,"fourth root",0.7,2,1,"B_n",0.7264,0.0044580605648645,6.13759976677315,10000,10000
50,"fourth root",0.7,2,1,"P_n",0.7264,0.0044580605648645,6.1210029415035,10000,10000
50,"fourth root",0.7,2,1,"Hoeffding",0.7375,0.00439992897669951,0.0208005625932149,10000,10000
50,"fourth root",0.7,2,1,"dCov",0.7826,0.00412476956932142,0.330655221349206,10000,10000
50,"fourth root",0.7,2,1,"HHG",0.5845,0.00492808025502832,3470.1286867613,10000,10000
50,"fourth root",0.7,2,1,"Genest",0.7542,0.00430560518394337,0.0578658702222214,10000,10000
50,"fourth root",0.7,2,1,"MIC",0.3426,0.0047457901344244,0.403001742841777,10000,10000
50,"fourth root",0.8,2,2,"B_n",0.527,0.00499270467782744,9.60705170175503,10000,10000
50,"fourth root",0.8,2,2,"P_n",0.5226,0.00499488978857392,9.51233834772534,10000,10000
50,"fourth root",0.8,2,2,"Hoeffding",0.6285,0.0048320570153921,0.0219903386886669,10000,10000
50,"fourth root",0.8,2,2,"dCov",0.6741,0.00468710134304775,0.334807788330366,10000,10000
50,"fourth root",0.8,2,2,"HHG",0.4724,0.0049923765883595,3491.95507172792,10000,10000
50,"fourth root",0.8,2,2,"Genest",0.6411,0.00479677798110357,0.0602815022222252,10000,10000
50,"fourth root",0.8,2,2,"MIC",0.2597,0.00438469964763836,0.403390701029585,10000,10000
50,"fourth root",0.8,2,1,"B_n",0.6383,0.00480492570181892,5.88981829330906,10000,10000
50,"fourth root",0.8,2,1,"P_n",0.6383,0.00480492570181892,5.88906448415547,10000,10000
50,"fourth root",0.8,2,1,"Hoeffding",0.6511,0.00476622271825394,0.019948153637033,10000,10000
50,"fourth root",0.8,2,1,"dCov",0.7028,0.00457025338466042,0.324735064130662,10000,10000
50,"fourth root",0.8,2,1,"HHG",0.491,0.00499918993437937,3439.3594436397,10000,10000
50,"fourth root",0.8,2,1,"Genest",0.6781,0.00467204869409556,0.0557534382222209,10000,10000
50,"fourth root",0.8,2,1,"MIC",0.2746,0.0044631249142277,0.401895984364332,10000,10000
50,"fourth root",0.9,2,2,"B_n",0.4201,0.00493574705591768,9.58710429608069,10000,10000
50,"fourth root",0.9,2,2,"P_n",0.4203,0.00493607040063247,9.44780155863766,10000,10000
50,"fourth root",0.9,2,2,"Hoeffding",0.5455,0.00497925446226641,0.0208222262077819,10000,10000
50,"fourth root",0.9,2,2,"dCov",0.5833,0.00493012281794277,0.330176536000336,10000,10000
50,"fourth root",0.9,2,2,"HHG",0.3862,0.00486877356220229,3461.67528489325,10000,10000
50,"fourth root",0.9,2,2,"Genest",0.561,0.00496265050149615,0.0575006062222233,10000,10000
50,"fourth root",0.9,2,2,"MIC",0.2106,0.00407734766729549,0.401943170437458,10000,10000
50,"fourth root",0.9,2,1,"B_n",0.522,0.00499515765516965,6.10036963475675,10000,10000
50,"fourth root",0.9,2,1,"P_n",0.522,0.00499515765516965,6.08623138316181,10000,10000
50,"fourth root",0.9,2,1,"Hoeffding",0.5331,0.00498903187001246,0.0214274858879722,10000,10000
50,"fourth root",0.9,2,1,"dCov",0.5851,0.00492704769613609,0.330802193135849,10000,10000
50,"fourth root",0.9,2,1,"HHG",0.3862,0.00486877356220229,3454.86346019023,10000,10000
50,"fourth root",0.9,2,1,"Genest",0.5494,0.00497553655398089,0.0583231342222211,10000,10000
50,"fourth root",0.9,2,1,"MIC",0.2226,0.00415991874920653,0.399400293769229,10000,10000
50,"fourth root",1,2,2,"B_n",0.3512,0.00477345325733897,9.46721318865506,10000,10000
50,"fourth root",1,2,2,"P_n",0.3499,0.00476938140642998,9.36686198691831,10000,10000
50,"fourth root",1,2,2,"Hoeffding",0.4479,0.0049727818170517,0.0210841482754063,10000,10000
50,"fourth root",1,2,2,"dCov",0.4914,0.00499926034529109,0.329903585132746,10000,10000
50,"fourth root",1,2,2,"HHG",0.3268,0.00469043452144895,3418.10610470763,10000,10000
50,"fourth root",1,2,2,"Genest",0.4638,0.00498687838231493,0.0579710862222213,10000,10000
50,"fourth root",1,2,2,"MIC",0.1851,0.00388378668312254,0.398861570986803,10000,10000
50,"fourth root",1,2,1,"B_n",0.4571,0.00498156190366034,5.84344598844066,10000,10000
50,"fourth root",1,2,1,"P_n",0.4571,0.00498156190366034,5.84552118111997,10000,10000
50,"fourth root",1,2,1,"Hoeffding",0.4724,0.0049923765883595,0.0201823708206687,10000,10000
50,"fourth root",1,2,1,"dCov",0.5124,0.00499846216350589,0.326943626706477,10000,10000
50,"fourth root",1,2,1,"HHG",0.3239,0.00467962380966676,3448.5979678559,10000,10000
50,"fourth root",1,2,1,"Genest",0.4917,0.00499931105253514,0.0563589262222231,10000,10000
50,"fourth root",1,2,1,"MIC",0.1865,0.00389509627608869,0.398946948171636,10000,10000
50,"fourth root",1.1,2,2,"B_n",0.2928,0.00455047426099742,9.36161735159783,10000,10000
50,"fourth root",1.1,2,2,"P_n",0.2938,0.00455501437977972,9.24836689467052,10000,10000
50,"fourth root",1.1,2,2,"Hoeffding",0.3837,0.00486286242865249,0.020899842360626,10000,10000
50,"fourth root",1.1,2,2,"dCov",0.4203,0.00493607040063247,0.329482272276105,10000,10000
50,"fourth root",1.1,2,2,"HHG",0.2679,0.0044286520522615,3446.94534534038,10000,10000
50,"fourth root",1.1,2,2,"Genest",0.3949,0.00488829203301112,0.0577071182222195,10000,10000
50,"fourth root",1.1,2,2,"MIC",0.151,0.00358048879344706,0.402138032580702,10000,10000
50,"fourth root",1.1,2,1,"B_n",0.3795,0.00485262557797323,5.92305469159532,10000,10000
50,"fourth root",1.1,2,1,"P_n",0.3795,0.00485262557797323,5.92024673199227,10000,10000
50,"fourth root",1.1,2,1,"Hoeffding",0.4072,0.00491312690656368,0.0198223017236497,10000,10000
50,"fourth root",1.1,2,1,"dCov",0.44,0.00496386945839634,0.327540176380382,10000,10000
50,"fourth root",1.1,2,1,"HHG",0.2806,0.00449292376966269,3424.49761051139,10000,10000
50,"fourth root",1.1,2,1,"Genest",0.4212,0.00493751516453367,0.0562545262222209,10000,10000
50,"fourth root",1.1,2,1,"MIC",0.1554,0.00362285577963021,0.399032650972848,10000,10000
50,"fourth root",1.2,2,2,"B_n",0.2679,0.0044286520522615,9.26480669322947,10000,10000
50,"fourth root",1.2,2,2,"P_n",0.2654,0.00441545965897097,9.18704561569117,10000,10000
50,"fourth root",1.2,2,2,"Hoeffding",0.3501,0.0047700103773472,0.020209886914988,10000,10000
50,"fourth root",1.2,2,2,"dCov",0.3813,0.00485705991315734,0.327984856061592,10000,10000
50,"fourth root",1.2,2,2,"HHG",0.2369,0.00425180420527568,3428.33989292988,10000,10000
50,"fourth root",1.2,2,2,"Genest",0.3632,0.00480921781581995,0.0569001902222225,10000,10000
50,"fourth root",1.2,2,2,"MIC",0.1467,0.00353806599712329,0.397886136885265,10000,10000
50,"fourth root",1.2,2,1,"B_n",0.3243,0.00468112710786622,5.97414964241849,10000,10000
50,"fourth root",1.2,2,1,"P_n",0.3243,0.00468112710786622,5.96814106667693,10000,10000
50,"fourth root",1.2,2,1,"Hoeffding",0.3443,0.00475139463736701,0.0208891757443033,10000,10000
50,"fourth root",1.2,2,1,"dCov",0.3793,0.00485212850200817,0.328892739065487,10000,10000
50,"fourth root",1.2,2,1,"HHG",0.2358,0.00424497773845753,3457.27028540003,10000,10000
50,"fourth root",1.2,2,1,"Genest",0.3612,0.0048034837357901,0.0570899662222204,10000,10000
50,"fourth root",1.2,2,1,"MIC",0.133,0.00339574734042449,0.4021863082793,10000,10000
50,"fourth root",1.3,2,2,"B_n",0.2215,0.00415256246190229,9.34733857618185,10000,10000
50,"fourth root",1.3,2,2,"P_n",0.2212,0.00415054887936523,9.27082799892299,10000,10000
50,"fourth root",1.3,2,2,"Hoeffding",0.2964,0.00456669508506973,0.0208624384073703,10000,10000
50,"fourth root",1.3,2,2,"dCov",0.326,0.00468747266658697,0.329979610617588,10000,10000
50,"fourth root",1.3,2,2,"HHG",0.2031,0.00402306338503385,3440.84087605152,10000,10000
50,"fourth root",1.3,2,2,"Genest",0.3084,0.00461832696980194,0.0574605902222205,10000,10000
50,"fourth root",1.3,2,2,"MIC",0.1172,0.00321658452399436,0.403001742841777,10000,10000
50,"fourth root",1.3,2,1,"B_n",0.2825,0.00450215226308485,6.01904441680828,10000,10000
50,"fourth root",1.3,2,1,"P_n",0.2825,0.00450215226308485,6.01018056745277,10000,10000
50,"fourth root",1.3,2,1,"Hoeffding",0.3101,0.00462534312240724,0.0204917734901546,10000,10000
50,"fourth root",1.3,2,1,"dCov",0.3347,0.00471885483989495,0.328019934267901,10000,10000
50,"fourth root",1.3,2,1,"HHG",0.2141,0.00410196526070127,3432.27822578781,10000,10000
50,"fourth root",1.3,2,1,"Genest",0.3196,0.00466321605761517,0.0572434862222211,10000,10000
50,"fourth root",1.3,2,1,"MIC",0.1188,0.00323553025020629,0.401943170437458,10000,10000
50,"fourth root",1.4,2,2,"B_n",0.1951,0.00396277667803776,9.38874059001687,10000,10000
50,"fourth root",1.4,2,2,"P_n",0.1972,0.00397884606387329,9.25793898671741,10000,10000
50,"fourth root",1.4,2,2,"Hoeffding",0.2681,0.0044296996512179,0.0206270412883007,10000,10000
50,"fourth root",1.4,2,2,"dCov",0.2916,0.00454499108910018,0.328555221016485,10000,10000
50,"fourth root",1.4,2,2,"HHG",0.1875,0.003903123748999,3416.04448010985,10000,10000
50,"fourth root",1.4,2,2,"Genest",0.2789,0.00448458236628563,0.057088574222221,10000,10000
50,"fourth root",1.4,2,2,"MIC",0.116,0.00320224920954007,0.399185501085922,10000,10000
50,"fourth root",1.4,2,1,"B_n",0.2488,0.0043231766098553,6.01666975466766,10000,10000
50,"fourth root",1.4,2,1,"P_n",0.2488,0.0043231766098553,6.00795792144542,10000,10000
50,"fourth root",1.4,2,1,"Hoeffding",0.2738,0.00445907568897412,0.0202076686363722,10000,10000
50,"fourth root",1.4,2,1,"dCov",0.2973,0.00457069699280099,0.327836286451187,10000,10000
50,"fourth root",1.4,2,1,"HHG",0.18,0.00384187454245971,3448.67648448729,10000,10000
50,"fourth root",1.4,2,1,"Genest",0.2793,0.00448655223974936,0.05718579022222,10000,10000
50,"fourth root",1.4,2,1,"MIC",0.1014,0.00301857648569653,0.403483876560618,10000,10000
50,"fourth root",1.5,2,2,"B_n",0.1729,0.00378160799131798,9.3652214207379,10000,10000
50,"fourth root",1.5,2,2,"P_n",0.1722,0.00377554181542199,9.2764974001307,10000,10000
50,"fourth root",1.5,2,2,"Hoeffding",0.2371,0.0042530411472263,0.0206852121051936,10000,10000
50,"fourth root",1.5,2,2,"dCov",0.2585,0.0043781017576114,0.329599730825301,10000,10000
50,"fourth root",1.5,2,2,"HHG",0.1618,0.00368267239922315,3458.76422590521,10000,10000
50,"fourth root",1.5,2,2,"Genest",0.2446,0.00429849787716593,0.0573153582222197,10000,10000
50,"fourth root",1.5,2,2,"MIC",0.1046,0.00306037317985895,0.399801997453915,10000,10000
50,"fourth root",1.5,2,1,"B_n",0.2273,0.00419087950196614,5.92343393401298,10000,10000
50,"fourth root",1.5,2,1,"P_n",0.2273,0.00419087950196614,5.92060250237319,10000,10000
50,"fourth root",1.5,2,1,"Hoeffding",0.2367,0.00425056596231608,0.0203281636428854,10000,10000
50,"fourth root",1.5,2,1,"dCov",0.257,0.00436979404549002,0.329979260638625,10000,10000
50,"fourth root",1.5,2,1,"HHG",0.1606,0.00367161599299273,3436.00636580991,10000,10000
50,"fourth root",1.5,2,1,"Genest",0.2494,0.00432665737030332,0.057043950222221,10000,10000
50,"fourth root",1.5,2,1,"MIC",0.1057,0.00307453264741164,0.399519199129158,10000,10000
50,"fourth root",1.6,2,2,"B_n",0.1549,0.00361809328237955,9.48593510076932,10000,10000
50,"fourth root",1.6,2,2,"P_n",0.1532,0.00360180177133612,9.40852284722892,10000,10000
50,"fourth root",1.6,2,2,"Hoeffding",0.2109,0.00407947533391244,0.0209217655609885,10000,10000
50,"fourth root",1.6,2,2,"dCov",0.2308,0.00421344704487905,0.329121248834378,10000,10000
50,"fourth root",1.6,2,2,"HHG",0.1424,0.003494599261718,3467.74862711298,10000,10000
50,"fourth root",1.6,2,2,"Genest",0.2229,0.00416191770701921,0.057282286222222,10000,10000
50,"fourth root",1.6,2,2,"MIC",0.0926,0.00289871074790156,0.401571249544519,10000,10000
50,"fourth root",1.6,2,1,"B_n",0.1916,0.00393559957312733,6.1269966083759,10000,10000
50,"fourth root",1.6,2,1,"P_n",0.1916,0.00393559957312733,6.11110286027792,10000,10000
50,"fourth root",1.6,2,1,"Hoeffding",0.2115,0.00408372072992265,0.0212043836961241,10000,10000
50,"fourth root",1.6,2,1,"dCov",0.2334,0.00422994609894736,0.329862132122511,10000,10000
50,"fourth root",1.6,2,1,"HHG",0.1448,0.00351899076440959,3468.00148593436,10000,10000
50,"fourth root",1.6,2,1,"Genest",0.216,0.00411514276787574,0.0579657422222203,10000,10000
50,"fourth root",1.6,2,1,"MIC",0.0974,0.00296501669472534,0.400646600293779,10000,10000
50,"fourth root",1.7,2,2,"B_n",0.1363,0.00343106849246703,9.54470509575761,10000,10000
50,"fourth root",1.7,2,2,"P_n",0.1376,0.00344479665582745,9.40807457209853,10000,10000
50,"fourth root",1.7,2,2,"Hoeffding",0.2048,0.00403555398923122,0.0199225490381166,10000,10000
50,"fourth root",1.7,2,2,"dCov",0.2141,0.00410196526070127,0.327254985402861,10000,10000
50,"fourth root",1.7,2,2,"HHG",0.1385,0.00345424014799203,3432.32031721783,10000,10000
50,"fourth root",1.7,2,2,"Genest",0.2005,0.00400374512175788,0.0573626222222199,10000,10000
50,"fourth root",1.7,2,2,"MIC",0.0901,0.00286324972714571,0.4,10000,10000
50,"fourth root",1.7,2,1,"B_n",0.1797,0.00383937377706313,6.04719012260149,10000,10000
50,"fourth root",1.7,2,1,"P_n",0.1797,0.00383937377706313,6.03651575451494,10000,10000
50,"fourth root",1.7,2,1,"Hoeffding",0.1927,0.00394419459459089,0.0210634522078952,10000,10000
50,"fourth root",1.7,2,1,"dCov",0.218,0.00412887393849703,0.327791292277415,10000,10000
50,"fourth root",1.7,2,1,"HHG",0.1369,0.00343741748991885,3461.50446696759,10000,10000
50,"fourth root",1.7,2,1,"Genest",0.2019,0.00401417974186508,0.0575772142222204,10000,10000
50,"fourth root",1.7,2,1,"MIC",0.0877,0.00282858109305708,0.401261187929527,10000,10000
50,"fourth root",1.8,2,2,"B_n",0.1295,0.00335752513021124,9.59859706185089,10000,10000
50,"fourth root",1.8,2,2,"P_n",0.1297,0.00335973079278683,9.46617289642137,10000,10000
50,"fourth root",1.8,2,2,"Hoeffding",0.178,0.0038251274488571,0.021256536842304,10000,10000
50,"fourth root",1.8,2,2,"dCov",0.1952,0.00396354588720756,0.330101536790295,10000,10000
50,"fourth root",1.8,2,2,"HHG",0.1285,0.00334645708175079,3450.52758656358,10000,10000
50,"fourth root",1.8,2,2,"Genest",0.1879,0.0039063229513188,0.0575073262222198,10000,10000
50,"fourth root",1.8,2,2,"MIC",0.0873,0.00282274175226853,0.400000165079174,10000,10000
50,"fourth root",1.8,2,1,"B_n",0.1666,0.00372618357035721,5.9952359975162,10000,10000
50,"fourth root",1.8,2,1,"P_n",0.1666,0.00372618357035721,5.98789134684255,10000,10000
50,"fourth root",1.8,2,1,"Hoeffding",0.1836,0.00387157642311243,0.0207241263758047,10000,10000
50,"fourth root",1.8,2,1,"dCov",0.1944,0.00395738095209445,0.330421394781464,10000,10000
50,"fourth root",1.8,2,1,"HHG",0.1351,0.00341830352660497,3418.59183507597,10000,10000
50,"fourth root",1.8,2,1,"Genest",0.1934,0.00394963846446735,0.0569983182222199,10000,10000
50,"fourth root",1.8,2,1,"MIC",0.0873,0.00282274175226853,0.4,10000,10000
50,"fourth root",1.9,2,2,"B_n",0.1104,0.00313387683229574,9.60481603923364,10000,10000
50,"fourth root",1.9,2,2,"P_n",0.1117,0.00314996999985714,9.46244005018684,10000,10000
50,"fourth root",1.9,2,2,"Hoeffding",0.1624,0.00368817353170916,0.0205086701655685,10000,10000
50,"fourth root",1.9,2,2,"dCov",0.1745,0.00379538864940074,0.328045232194387,10000,10000
50,"fourth root",1.9,2,2,"HHG",0.1145,0.00318417571751309,3433.05026198835,10000,10000
50,"fourth root",1.9,2,2,"Genest",0.1665,0.00372528857942576,0.057066894222218,10000,10000
50,"fourth root",1.9,2,2,"MIC",0.0741,0.00261933560278174,0.402142921114172,10000,10000
50,"fourth root",1.9,2,1,"B_n",0.1519,0.00358923933445514,6.01283789214252,10000,10000
50,"fourth root",1.9,2,1,"P_n",0.1519,0.00358923933445514,6.00437116300025,10000,10000
50,"fourth root",1.9,2,1,"Hoeffding",0.1613,0.0036780743603141,0.0207879136853631,10000,10000
50,"fourth root",1.9,2,1,"dCov",0.179,0.00383352318370451,0.327093158312861,10000,10000
50,"fourth root",1.9,2,1,"HHG",0.1272,0.00333196878736881,3390.74654899091,10000,10000
50,"fourth root",1.9,2,1,"Genest",0.1738,0.00378937409079653,0.0564401902222237,10000,10000
50,"fourth root",1.9,2,1,"MIC",0.0778,0.00267856603428028,0.39949208257639,10000,10000
50,"fourth root",2,2,2,"B_n",0.1193,0.00324141188373215,9.45408253675568,10000,10000
50,"fourth root",2,2,2,"P_n",0.1201,0.00325078436688747,9.35089601128461,10000,10000
50,"fourth root",2,2,2,"Hoeffding",0.1569,0.00363706461311866,0.020583100492741,10000,10000
50,"fourth root",2,2,2,"dCov",0.1684,0.00374221111109462,0.328704319472953,10000,10000
50,"fourth root",2,2,2,"HHG",0.109,0.00311639214477254,3456.20543831705,10000,10000
50,"fourth root",2,2,2,"Genest",0.1628,0.00369183098204671,0.0568289902222213,10000,10000
50,"fourth root",2,2,2,"MIC",0.0785,0.00268956780914704,0.400321130209286,10000,10000
50,"fourth root",2,2,1,"B_n",0.1412,0.00348227741571518,5.90122191173938,10000,10000
50,"fourth root",2,2,1,"P_n",0.1412,0.00348227741571518,5.89976582432769,10000,10000
50,"fourth root",2,2,1,"Hoeffding",0.1576,0.00364365530751744,0.0198840831429704,10000,10000
50,"fourth root",2,2,1,"dCov",0.1728,0.00378074278416292,0.325087192256007,10000,10000
50,"fourth root",2,2,1,"HHG",0.1165,0.00320823549634375,3404.01942824659,10000,10000
50,"fourth root",2,2,1,"Genest",0.1677,0.00373599665417409,0.0556244622222218,10000,10000
50,"fourth root",2,2,1,"MIC",0.0798,0.00270983320519917,0.398245269350311,10000,10000
50,"circle",0.1,2,2,"B_n",1,0,9.40845615439486,10000,10000
50,"circle",0.1,2,2,"P_n",1,0,9.27869467383744,10000,10000
50,"circle",0.1,2,2,"Hoeffding",0.9779,0.00147008809259854,0.020842049123072,10000,10000
50,"circle",0.1,2,2,"dCov",0.0697,0.00254640746935757,0.312497069993821,10000,10000
50,"circle",0.1,2,2,"HHG",1,0,3638.6085607639,10000,10000
50,"circle",0.1,2,2,"Genest",0.2178,0.00412750723803121,0.0573859662222234,10000,10000
50,"circle",0.1,2,2,"MIC",0.9299,0.00255315471524935,0.400177787084008,10000,10000
50,"circle",0.2,2,2,"B_n",1,0,9.67684244566605,10000,10000
50,"circle",0.2,2,2,"P_n",1,0,9.63203844185319,10000,10000
50,"circle",0.2,2,2,"Hoeffding",0.6032,0.00489233850014489,0.0205097557061677,10000,10000
50,"circle",0.2,2,2,"dCov",0.0715,0.0025765820382825,0.312356158728052,10000,10000
50,"circle",0.2,2,2,"HHG",0.9821,0.00132588046218353,3616.70615078878,10000,10000
50,"circle",0.2,2,2,"Genest",0.1467,0.00353806599712329,0.0570617582222206,10000,10000
50,"circle",0.2,2,2,"MIC",0.6022,0.00489443725059378,0.404112967820326,10000,10000
50,"circle",0.3,2,2,"B_n",0.9987,0.00036032069049667,9.35103459454456,10000,10000
50,"circle",0.3,2,2,"P_n",0.9986,0.000373903730925483,9.26787237866584,10000,10000
50,"circle",0.3,2,2,"Hoeffding",0.2539,0.0043524107113185,0.0202385357473239,10000,10000
50,"circle",0.3,2,2,"dCov",0.0639,0.00244574712511331,0.311409500640028,10000,10000
50,"circle",0.3,2,2,"HHG",0.845,0.00361904683583951,3584.2657991631,10000,10000
50,"circle",0.3,2,2,"Genest",0.0992,0.0029893035978301,0.0569460782222206,10000,10000
50,"circle",0.3,2,2,"MIC",0.3486,0.00476527061141338,0.397535857360216,10000,10000
50,"circle",0.4,2,2,"B_n",0.9835,0.00127388186265446,9.47170574974545,10000,10000
50,"circle",0.4,2,2,"P_n",0.9826,0.001307564147566,9.37951659064305,10000,10000
50,"circle",0.4,2,2,"Hoeffding",0.1203,0.00325312019452095,0.019813688194982,10000,10000
50,"circle",0.4,2,2,"dCov",0.0616,0.00240427619045733,0.313525201271496,10000,10000
50,"circle",0.4,2,2,"HHG",0.5994,0.00490020040406512,3610.13965766617,10000,10000
50,"circle",0.4,2,2,"Genest",0.072,0.00258487910742456,0.0571383662222211,10000,10000
50,"circle",0.4,2,2,"MIC",0.1886,0.00391190541807953,0.3997120045626,10000,10000
50,"circle",0.5,2,2,"B_n",0.9317,0.00252260004756997,9.43272904678107,10000,10000
50,"circle",0.5,2,2,"P_n",0.9294,0.00256155499648163,9.3392987486825,10000,10000
50,"circle",0.5,2,2,"Hoeffding",0.0596,0.00236744250194171,0.0208100020766863,10000,10000
50,"circle",0.5,2,2,"dCov",0.0582,0.00234121250637357,0.314769382811693,10000,10000
50,"circle",0.5,2,2,"HHG",0.4343,0.00495664715306627,3597.79480262746,10000,10000
50,"circle",0.5,2,2,"Genest",0.0587,0.00235062353429893,0.057812382222219,10000,10000
50,"circle",0.5,2,2,"MIC",0.1335,0.00340114319016415,0.401925020811018,10000,10000
50,"circle",0.6,2,2,"B_n",0.839,0.00367530951077593,9.34794344008263,10000,10000
50,"circle",0.6,2,2,"P_n",0.8349,0.00371270777196375,9.29123662801372,10000,10000
50,"circle",0.6,2,2,"Hoeffding",0.0483,0.00214399416976819,0.020146878362816,10000,10000
50,"circle",0.6,2,2,"dCov",0.0482,0.00214188608473934,0.319953572835878,10000,10000
50,"circle",0.6,2,2,"HHG",0.3361,0.00472373570386828,3529.7000549464,10000,10000
50,"circle",0.6,2,2,"Genest",0.056,0.00229921725811199,0.0566708942222227,10000,10000
50,"circle",0.6,2,2,"MIC",0.1038,0.00305000918031405,0.395632774703149,10000,10000
50,"circle",0.7,2,2,"B_n",0.7028,0.00457025338466042,9.43342265647316,10000,10000
50,"circle",0.7,2,2,"P_n",0.6988,0.00458779424124491,9.33486129413798,10000,10000
50,"circle",0.7,2,2,"Hoeffding",0.0385,0.00192399974012472,0.0202518454190187,10000,10000
50,"circle",0.7,2,2,"dCov",0.0453,0.00207961318518613,0.318548983787587,10000,10000
50,"circle",0.7,2,2,"HHG",0.245,0.00430087200460558,3532.97527366301,10000,10000
50,"circle",0.7,2,2,"Genest",0.0473,0.00212279791784334,0.0568259022222226,10000,10000
50,"circle",0.7,2,2,"MIC",0.0843,0.00277837200532974,0.397562123079775,10000,10000
50,"circle",0.8,2,2,"B_n",0.5868,0.0049240812340984,9.41131713714604,10000,10000
50,"circle",0.8,2,2,"P_n",0.5883,0.00492141351646049,9.25990747622507,10000,10000
50,"circle",0.8,2,2,"Hoeffding",0.0323,0.00176795673023974,0.0208549340180105,10000,10000
50,"circle",0.8,2,2,"dCov",0.0438,0.00204649847300212,0.321726593876574,10000,10000
50,"circle",0.8,2,2,"HHG",0.2011,0.00400822641576047,3544.46349141631,10000,10000
50,"circle",0.8,2,2,"Genest",0.0451,0.00207523468552354,0.0570771342222207,10000,10000
50,"circle",0.8,2,2,"MIC",0.0694,0.00254133114725334,0.400637851284131,10000,10000
50,"circle",0.9,2,2,"B_n",0.4553,0.00497997901602005,9.47851976479991,10000,10000
50,"circle",0.9,2,2,"P_n",0.4517,0.00497661642082249,9.36884732932149,10000,10000
50,"circle",0.9,2,2,"Hoeffding",0.0335,0.00179938183829892,0.0209575884007627,10000,10000
50,"circle",0.9,2,2,"dCov",0.0455,0.0020839805661282,0.322622445335506,10000,10000
50,"circle",0.9,2,2,"HHG",0.1619,0.00368359050384268,3508.63258496996,10000,10000
50,"circle",0.9,2,2,"Genest",0.0471,0.00211852755469453,0.0573518542222205,10000,10000
50,"circle",0.9,2,2,"MIC",0.0665,0.00249154068800812,0.400126932925768,10000,10000
50,"circle",1,2,2,"B_n",0.3574,0.00479234013817884,9.43855331178359,10000,10000
50,"circle",1,2,2,"P_n",0.3517,0.00477500900522711,9.35998137929885,10000,10000
50,"circle",1,2,2,"Hoeffding",0.0278,0.00164399391726369,0.0214261407615775,10000,10000
50,"circle",1,2,2,"dCov",0.0413,0.00198983190244804,0.32702678993917,10000,10000
50,"circle",1,2,2,"HHG",0.1392,0.00346155109741283,3520.37580211895,10000,10000
50,"circle",1,2,2,"Genest",0.0435,0.00203979778409528,0.0580680142222216,10000,10000
50,"circle",1,2,2,"MIC",0.0596,0.00236744250194171,0.401167689589183,10000,10000
50,"circle",1.1,2,2,"B_n",0.2707,0.00444321403940886,9.56576268038602,10000,10000
50,"circle",1.1,2,2,"P_n",0.268,0.00442917599560008,9.45566441821548,10000,10000
50,"circle",1.1,2,2,"Hoeffding",0.029,0.0016780643611018,0.0209257065453378,10000,10000
50,"circle",1.1,2,2,"dCov",0.0371,0.00189006851727656,0.324139441585725,10000,10000
50,"circle",1.1,2,2,"HHG",0.1156,0.00319744648117838,3471.32409710195,10000,10000
50,"circle",1.1,2,2,"Genest",0.0384,0.00192159933388831,0.0572271182222222,10000,10000
50,"circle",1.1,2,2,"MIC",0.0547,0.00227393733422889,0.4,10000,10000
50,"circle",1.2,2,2,"B_n",0.2118,0.00408583846964121,9.48789649360371,10000,10000
50,"circle",1.2,2,2,"P_n",0.209,0.00406594392484697,9.39805757514795,10000,10000
50,"circle",1.2,2,2,"Hoeffding",0.0334,0.00179678713263425,0.0204479506881383,10000,10000
50,"circle",1.2,2,2,"dCov",0.0407,0.00197594306598141,0.323885719385053,10000,10000
50,"circle",1.2,2,2,"HHG",0.0937,0.00291410895472355,3485.301268001,10000,10000
50,"circle",1.2,2,2,"Genest",0.0409,0.0019805855194866,0.0567576302222231,10000,10000
50,"circle",1.2,2,2,"MIC",0.0574,0.00232605330979322,0.399532701427733,10000,10000
50,"circle",1.3,2,2,"B_n",0.1842,0.00387647210747092,9.41502842979696,10000,10000
50,"circle",1.3,2,2,"P_n",0.1813,0.00385266544096422,9.35130709633775,10000,10000
50,"circle",1.3,2,2,"Hoeffding",0.0365,0.00187530664159225,0.0202533321376654,10000,10000
50,"circle",1.3,2,2,"dCov",0.0444,0.00205982135147687,0.324129103692254,10000,10000
50,"circle",1.3,2,2,"HHG",0.0943,0.00292245632987047,3445.07559684317,10000,10000
50,"circle",1.3,2,2,"Genest",0.0475,0.00212705782714058,0.0560004942222213,10000,10000
50,"circle",1.3,2,2,"MIC",0.0546,0.00227197799285116,0.399222330846487,10000,10000
50,"circle",1.4,2,2,"B_n",0.1294,0.00335642130847723,9.74745620816887,10000,10000
50,"circle",1.4,2,2,"P_n",0.1281,0.00334201122080702,9.60122688241851,10000,10000
50,"circle",1.4,2,2,"Hoeffding",0.0289,0.001675254905977,0.0215531490116861,10000,10000
50,"circle",1.4,2,2,"dCov",0.0356,0.00185290690537868,0.327856738541087,10000,10000
50,"circle",1.4,2,2,"HHG",0.0626,0.00242242110294639,3514.69168715426,10000,10000
50,"circle",1.4,2,2,"Genest",0.0356,0.00185290690537868,0.0585796622222208,10000,10000
50,"circle",1.4,2,2,"MIC",0.0474,0.00212492917529032,0.401248492319448,10000,10000
50,"circle",1.5,2,2,"B_n",0.1123,0.00315735189676412,9.59388922231773,10000,10000
50,"circle",1.5,2,2,"P_n",0.1123,0.00315735189676412,9.47665554931652,10000,10000
50,"circle",1.5,2,2,"Hoeffding",0.0334,0.00179678713263425,0.0211968793067643,10000,10000
50,"circle",1.5,2,2,"dCov",0.0351,0.00184032578637588,0.330058835562854,10000,10000
50,"circle",1.5,2,2,"HHG",0.063,0.00242962960140018,3499.73452679532,10000,10000
50,"circle",1.5,2,2,"Genest",0.0388,0.0019311799501859,0.05776380622222,10000,10000
50,"circle",1.5,2,2,"MIC",0.0525,0.00223033069296909,0.400000165079174,10000,10000
50,"circle",1.6,2,2,"B_n",0.0964,0.00295139018091475,9.48636726329084,10000,10000
50,"circle",1.6,2,2,"P_n",0.0975,0.00296637404923924,9.36996341050396,10000,10000
50,"circle",1.6,2,2,"Hoeffding",0.0366,0.00187777634450964,0.0207283033472408,10000,10000
50,"circle",1.6,2,2,"dCov",0.0394,0.00194544699233878,0.325474277042197,10000,10000
50,"circle",1.6,2,2,"HHG",0.0631,0.00243142735856945,3448.4229498057,10000,10000
50,"circle",1.6,2,2,"Genest",0.0411,0.00198521510169553,0.0575941422222251,10000,10000
50,"circle",1.6,2,2,"MIC",0.0537,0.00225424732449658,0.397662151900905,10000,10000
50,"circle",1.7,2,2,"B_n",0.0871,0.00281981541949114,9.48944691767194,10000,10000
50,"circle",1.7,2,2,"P_n",0.0866,0.00281248004437365,9.39428337725996,10000,10000
50,"circle",1.7,2,2,"Hoeffding",0.0367,0.00188024227162353,0.0212835101663237,10000,10000
50,"circle",1.7,2,2,"dCov",0.0397,0.00195253450673733,0.330337829998804,10000,10000
50,"circle",1.7,2,2,"HHG",0.0576,0.00232985493110623,3491.13080848462,10000,10000
50,"circle",1.7,2,2,"Genest",0.0422,0.00201045169054121,0.0580793262222236,10000,10000
50,"circle",1.7,2,2,"MIC",0.0578,0.00233364864536202,0.39837914544608,10000,10000
50,"circle",1.8,2,2,"B_n",0.0774,0.0026722507367386,9.3411934855488,10000,10000
50,"circle",1.8,2,2,"P_n",0.0759,0.00264838044850055,9.27265975156214,10000,10000
50,"circle",1.8,2,2,"Hoeffding",0.0388,0.0019311799501859,0.0204130717967113,10000,10000
50,"circle",1.8,2,2,"dCov",0.0416,0.0019967333322204,0.325668074229835,10000,10000
50,"circle",1.8,2,2,"HHG",0.0589,0.00235437443920885,3437.30575681366,10000,10000
50,"circle",1.8,2,2,"Genest",0.0436,0.0020420342798298,0.056607006222222,10000,10000
50,"circle",1.8,2,2,"MIC",0.0514,0.00220812227922278,0.401038425854923,10000,10000
50,"circle",1.9,2,2,"B_n",0.0671,0.00250195103868961,9.52715665743275,10000,10000
50,"circle",1.9,2,2,"P_n",0.0673,0.00250540834995016,9.41209908569489,10000,10000
50,"circle",1.9,2,2,"Hoeffding",0.039,0.0019359493795035,0.0212131388170439,10000,10000
50,"circle",1.9,2,2,"dCov",0.0424,0.00201499975186103,0.329202881421044,10000,10000
50,"circle",1.9,2,2,"HHG",0.0561,0.00230114732253283,3444.12681703372,10000,10000
50,"circle",1.9,2,2,"Genest",0.0459,0.00209268225012781,0.0580243662222207,10000,10000
50,"circle",1.9,2,2,"MIC",0.0482,0.00214188608473934,0.401243103353822,10000,10000
50,"circle",2,2,2,"B_n",0.0602,0.00237857015872982,9.44531500037612,10000,10000
50,"circle",2,2,2,"P_n",0.0603,0.00238041824056194,9.34431623438159,10000,10000
50,"circle",2,2,2,"Hoeffding",0.0405,0.00197128765024286,0.0203636325020295,10000,10000
50,"circle",2,2,2,"dCov",0.0442,0.00205539193342778,0.326307594223878,10000,10000
50,"circle",2,2,2,"HHG",0.0493,0.00216493671962947,3461.97662871463,10000,10000
50,"circle",2,2,2,"Genest",0.0479,0.00213554653426237,0.0569330062222215,10000,10000
50,"circle",2,2,2,"MIC",0.0565,0.00230884711490389,0.398857627460017,10000,10000
50,"two curves",0.1,2,2,"B_n",0.9995,0.000223550889061069,9.5264260202106,10000,10000
50,"two curves",0.1,2,2,"P_n",0.9995,0.000223550889061069,9.41160977911981,10000,10000
50,"two curves",0.1,2,2,"Hoeffding",0.9999,9.99949998749882e-05,0.0209607742264343,10000,10000
50,"two curves",0.1,2,2,"dCov",0.9999,9.99949998749882e-05,0.317209836155998,10000,10000
50,"two curves",0.1,2,2,"HHG",1,0,3520.4739955783,10000,10000
50,"two curves",0.1,2,2,"Genest",0.9997,0.000173179098045915,0.0569264782222225,10000,10000
50,"two curves",0.1,2,2,"MIC",0.9964,0.000598919026246457,0.400843431686239,10000,10000
50,"two curves",0.2,2,2,"B_n",0.9906,0.000964968393264772,9.40269679709981,10000,10000
50,"two curves",0.2,2,2,"P_n",0.9903,0.000980097444135023,9.30032196645449,10000,10000
50,"two curves",0.2,2,2,"Hoeffding",0.9978,0.00046852534616603,0.0198082132945685,10000,10000
50,"two curves",0.2,2,2,"dCov",0.9994,0.000244875478560032,0.322814643607757,10000,10000
50,"two curves",0.2,2,2,"HHG",0.9971,0.000537735064878609,3464.61540183125,10000,10000
50,"two curves",0.2,2,2,"Genest",0.9958,0.000646711682281987,0.0561125422222219,10000,10000
50,"two curves",0.2,2,2,"MIC",0.9221,0.0026801416007368,0.399920843844098,10000,10000
50,"two curves",0.3,2,2,"B_n",0.9616,0.00192159933388831,9.60939010242654,10000,10000
50,"two curves",0.3,2,2,"P_n",0.9621,0.00190954418644869,9.48300846994217,10000,10000
50,"two curves",0.3,2,2,"Hoeffding",0.9857,0.00118724513054381,0.0204765051256395,10000,10000
50,"two curves",0.3,2,2,"dCov",0.9959,0.000638998435052856,0.326163794069699,10000,10000
50,"two curves",0.3,2,2,"HHG",0.9815,0.00134750695731042,3468.22098434603,10000,10000
50,"two curves",0.3,2,2,"Genest",0.9789,0.00143717744207179,0.0574902222222195,10000,10000
50,"two curves",0.3,2,2,"MIC",0.7891,0.00407947533391244,0.402606838691612,10000,10000
50,"two curves",0.4,2,2,"B_n",0.9138,0.00280659152710187,9.48704995462537,10000,10000
50,"two curves",0.4,2,2,"P_n",0.9125,0.00282566363886433,9.40294475410018,10000,10000
50,"two curves",0.4,2,2,"Hoeffding",0.9483,0.00221420662992414,0.0212016226472087,10000,10000
50,"two curves",0.4,2,2,"dCov",0.9752,0.00155515143957108,0.329580016261551,10000,10000
50,"two curves",0.4,2,2,"HHG",0.9302,0.00254809654448178,3479.03233735856,10000,10000
50,"two curves",0.4,2,2,"Genest",0.9444,0.00229147637997864,0.057479678222223,10000,10000
50,"two curves",0.4,2,2,"MIC",0.6609,0.00473403833951522,0.403001742841777,10000,10000
50,"two curves",0.5,2,2,"B_n",0.8397,0.00366884055254518,9.47856304247027,10000,10000
50,"two curves",0.5,2,2,"P_n",0.8377,0.00368725792425754,9.40303587322556,10000,10000
50,"two curves",0.5,2,2,"Hoeffding",0.8968,0.00304219920452294,0.0214305065226831,10000,10000
50,"two curves",0.5,2,2,"dCov",0.9367,0.00243501765907354,0.3294880754444,10000,10000
50,"two curves",0.5,2,2,"HHG",0.8417,0.00365022067826043,3476.1746535819,10000,10000
50,"two curves",0.5,2,2,"Genest",0.8951,0.00306424525780819,0.0582917902222212,10000,10000
50,"two curves",0.5,2,2,"MIC",0.5488,0.00497612861570117,0.399844815682099,10000,10000
50,"two curves",0.6,2,2,"B_n",0.7426,0.00437201601094964,9.41056635481799,10000,10000
50,"two curves",0.6,2,2,"P_n",0.7427,0.00437146096860077,9.32742104101189,10000,10000
50,"two curves",0.6,2,2,"Hoeffding",0.8302,0.00375457001532799,0.0205462157110763,10000,10000
50,"two curves",0.6,2,2,"dCov",0.8808,0.00324023702836691,0.327807727929954,10000,10000
50,"two curves",0.6,2,2,"HHG",0.7289,0.00444527603192423,3446.16658734829,10000,10000
50,"two curves",0.6,2,2,"Genest",0.8398,0.00366791439376657,0.0566711502222199,10000,10000
50,"two curves",0.6,2,2,"MIC",0.4438,0.00496831520739174,0.399387535914313,10000,10000
50,"two curves",0.7,2,2,"B_n",0.6232,0.00484584110346181,9.52780006264086,10000,10000
50,"two curves",0.7,2,2,"P_n",0.6252,0.00484071234427331,9.39080019987476,10000,10000
50,"two curves",0.7,2,2,"Hoeffding",0.7375,0.00439992897669951,0.0209137420000377,10000,10000
50,"two curves",0.7,2,2,"dCov",0.7936,0.00404720940896317,0.329041612991521,10000,10000
50,"two curves",0.7,2,2,"HHG",0.6198,0.00485435845400811,3422.40464130534,10000,10000
50,"two curves",0.7,2,2,"Genest",0.755,0.00430087200460558,0.0566465582222208,10000,10000
50,"two curves",0.7,2,2,"MIC",0.3546,0.00478391931370085,0.398106596925903,10000,10000
50,"two curves",0.8,2,2,"B_n",0.5476,0.00497729082935687,9.40419953635502,10000,10000
50,"two curves",0.8,2,2,"P_n",0.5453,0.0049794368155445,9.28970301464029,10000,10000
50,"two curves",0.8,2,2,"Hoeffding",0.6704,0.00470067909987483,0.0202886358058487,10000,10000
50,"two curves",0.8,2,2,"dCov",0.7203,0.0044885176840467,0.327927209980335,10000,10000
50,"two curves",0.8,2,2,"HHG",0.5362,0.00498687838231493,3427.72601172454,10000,10000
50,"two curves",0.8,2,2,"Genest",0.6855,0.00464316433049704,0.0564360782222222,10000,10000
50,"two curves",0.8,2,2,"MIC",0.3033,0.00459683706476529,0.397486059618544,10000,10000
50,"two curves",0.9,2,2,"B_n",0.4505,0.00497543716672214,9.3777026241723,10000,10000
50,"two curves",0.9,2,2,"P_n",0.4479,0.0049727818170517,9.29840122728467,10000,10000
50,"two curves",0.9,2,2,"Hoeffding",0.5702,0.00495047432070908,0.0211075109969982,10000,10000
50,"two curves",0.9,2,2,"dCov",0.6215,0.00485013144151785,0.329943432637558,10000,10000
50,"two curves",0.9,2,2,"HHG",0.4333,0.004955311392839,3453.17309184508,10000,10000
50,"two curves",0.9,2,2,"Genest",0.5843,0.00492842277001476,0.0579385582222234,10000,10000
50,"two curves",0.9,2,2,"MIC",0.2459,0.00430619542055397,0.400675779407057,10000,10000
50,"two curves",1,2,2,"B_n",0.3832,0.00486166391269491,9.3340976334911,10000,10000
50,"two curves",1,2,2,"P_n",0.3822,0.00485925055949989,9.24916755139177,10000,10000
50,"two curves",1,2,2,"Hoeffding",0.5206,0.00499575459765589,0.0200045545507749,10000,10000
50,"two curves",1,2,2,"dCov",0.5664,0.00495571427747807,0.325981710656189,10000,10000
50,"two curves",1,2,2,"HHG",0.3829,0.00486094219262069,3434.96893790148,10000,10000
50,"two curves",1,2,2,"Genest",0.5427,0.00498173373435393,0.0559872142222203,10000,10000
50,"two curves",1,2,2,"MIC",0.2166,0.00411927712104927,0.398701859345631,10000,10000
50,"two curves",1.1,2,2,"B_n",0.3155,0.00464714697421977,9.52618853074033,10000,10000
50,"two curves",1.1,2,2,"P_n",0.313,0.00463714351729597,9.45251846597498,10000,10000
50,"two curves",1.1,2,2,"Hoeffding",0.4484,0.00497330312770094,0.0204218741150484,10000,10000
50,"two curves",1.1,2,2,"dCov",0.4963,0.00499986309812579,0.326124143544457,10000,10000
50,"two curves",1.1,2,2,"HHG",0.3099,0.00462452148875967,3457.22497821191,10000,10000
50,"two curves",1.1,2,2,"Genest",0.4676,0.0049894913568419,0.0565500622222236,10000,10000
50,"two curves",1.1,2,2,"MIC",0.1775,0.00382091284904537,0.399391690552862,10000,10000
50,"two curves",1.2,2,2,"B_n",0.291,0.00454223513261918,9.34590597479177,10000,10000
50,"two curves",1.2,2,2,"P_n",0.291,0.00454223513261918,9.239660091914,10000,10000
50,"two curves",1.2,2,2,"Hoeffding",0.4072,0.00491312690656368,0.0202863231323981,10000,10000
50,"two curves",1.2,2,2,"dCov",0.439,0.00496265050149615,0.329079111853774,10000,10000
50,"two curves",1.2,2,2,"HHG",0.2821,0.00450021766140261,3440.09537912817,10000,10000
50,"two curves",1.2,2,2,"Genest",0.4221,0.00493894310556419,0.0567332142222221,10000,10000
50,"two curves",1.2,2,2,"MIC",0.1566,0.00363423224354196,0.40054848368737,10000,10000
50,"two curves",1.3,2,2,"B_n",0.2527,0.00434560364046239,9.2736438033664,10000,10000
50,"two curves",1.3,2,2,"P_n",0.2525,0.00434446486923303,9.18508020956168,10000,10000
50,"two curves",1.3,2,2,"Hoeffding",0.3485,0.00476495278045859,0.0204002812966074,10000,10000
50,"two curves",1.3,2,2,"dCov",0.3755,0.00484251742381997,0.328688365196982,10000,10000
50,"two curves",1.3,2,2,"HHG",0.2405,0.00427387119600018,3421.40147307212,10000,10000
50,"two curves",1.3,2,2,"Genest",0.3516,0.00477469831507709,0.0572017582222228,10000,10000
50,"two curves",1.3,2,2,"MIC",0.1416,0.00348639412574081,0.397629695494593,10000,10000
50,"two curves",1.4,2,2,"B_n",0.2126,0.00409146966260291,9.39795528642568,10000,10000
50,"two curves",1.4,2,2,"P_n",0.2113,0.00408230706831321,9.31544281650502,10000,10000
50,"two curves",1.4,2,2,"Hoeffding",0.2949,0.00455997796047306,0.0208527865355208,10000,10000
50,"two curves",1.4,2,2,"dCov",0.322,0.00467242977475317,0.33078080310417,10000,10000
50,"two curves",1.4,2,2,"HHG",0.207,0.00405155525693529,3441.68387670464,10000,10000
50,"two curves",1.4,2,2,"Genest",0.2982,0.00457467769356487,0.0584981742222201,10000,10000
50,"two curves",1.4,2,2,"MIC",0.1249,0.00330605489972565,0.399852714652418,10000,10000
50,"two curves",1.5,2,2,"B_n",0.1796,0.00383853930551714,9.57321391313295,10000,10000
50,"two curves",1.5,2,2,"P_n",0.1791,0.00383436031170781,9.48838586089657,10000,10000
50,"two curves",1.5,2,2,"Hoeffding",0.274,0.00446008968519692,0.0206299911268855,10000,10000
50,"two curves",1.5,2,2,"dCov",0.3025,0.00459340559933477,0.32807364729368,10000,10000
50,"two curves",1.5,2,2,"HHG",0.1871,0.00389991781964697,3439.21495712872,10000,10000
50,"two curves",1.5,2,2,"Genest",0.2853,0.00451557205678306,0.0568507982222221,10000,10000
50,"two curves",1.5,2,2,"MIC",0.1161,0.00320344798615492,0.39951107878362,10000,10000
50,"two curves",1.6,2,2,"B_n",0.1661,0.00372170377649807,9.48217350347615,10000,10000
50,"two curves",1.6,2,2,"P_n",0.1667,0.00372707807806598,9.35824481177143,10000,10000
50,"two curves",1.6,2,2,"Hoeffding",0.2575,0.00437257075414452,0.0207541203345353,10000,10000
50,"two curves",1.6,2,2,"dCov",0.2735,0.00445755257961137,0.330431730040871,10000,10000
50,"two curves",1.6,2,2,"HHG",0.17,0.00375632799419859,3441.5455291386,10000,10000
50,"two curves",1.6,2,2,"Genest",0.2647,0.00441173333282963,0.0572210862222247,10000,10000
50,"two curves",1.6,2,2,"MIC",0.1049,0.00306424525780819,0.4,10000,10000
50,"two curves",1.7,2,2,"B_n",0.1487,0.00355792509758145,9.73532124826526,10000,10000
50,"two curves",1.7,2,2,"P_n",0.149,0.00356088472152638,9.60103979571488,10000,10000
50,"two curves",1.7,2,2,"Hoeffding",0.2246,0.0041731863126393,0.0217663397458891,10000,10000
50,"two curves",1.7,2,2,"dCov",0.2477,0.00431676626654722,0.331903525901057,10000,10000
50,"two curves",1.7,2,2,"HHG",0.1552,0.0036209523609128,3479.97380370508,10000,10000
50,"two curves",1.7,2,2,"Genest",0.2299,0.00420768332933932,0.0591392942222219,10000,10000
50,"two curves",1.7,2,2,"MIC",0.1008,0.00301063714186881,0.401503424007529,10000,10000
50,"two curves",1.8,2,2,"B_n",0.1479,0.00355000830984943,9.37581861697626,10000,10000
50,"two curves",1.8,2,2,"P_n",0.147,0.00354105916358369,9.27270627209041,10000,10000
50,"two curves",1.8,2,2,"Hoeffding",0.2078,0.00405732867783718,0.0210643725575336,10000,10000
50,"two curves",1.8,2,2,"dCov",0.2262,0.00418370123216274,0.330094522583203,10000,10000
50,"two curves",1.8,2,2,"HHG",0.1494,0.00356482313726782,3408.25529557688,10000,10000
50,"two curves",1.8,2,2,"Genest",0.2168,0.00412065237553473,0.0576447022222217,10000,10000
50,"two curves",1.8,2,2,"MIC",0.0893,0.00285176278817155,0.402337108450796,10000,10000
50,"two curves",1.9,2,2,"B_n",0.1273,0.00333308730758737,9.52362504777028,10000,10000
50,"two curves",1.9,2,2,"P_n",0.1262,0.00332074630166172,9.43877236524063,10000,10000
50,"two curves",1.9,2,2,"Hoeffding",0.1975,0.00398112735289893,0.0202956210236176,10000,10000
50,"two curves",1.9,2,2,"dCov",0.2063,0.00404648378224848,0.329130285435584,10000,10000
50,"two curves",1.9,2,2,"HHG",0.1352,0.00341937070233691,3429.50109120355,10000,10000
50,"two curves",1.9,2,2,"Genest",0.1993,0.00399474041709846,0.0573525582222209,10000,10000
50,"two curves",1.9,2,2,"MIC",0.0891,0.00284888030636599,0.401219824879698,10000,10000
50,"two curves",2,2,2,"B_n",0.1194,0.00324258600502747,9.61821108785627,10000,10000
50,"two curves",2,2,2,"P_n",0.1191,0.00323906143813297,9.49859426564992,10000,10000
50,"two curves",2,2,2,"Hoeffding",0.1885,0.00391110917771417,0.0202386301421586,10000,10000
50,"two curves",2,2,2,"dCov",0.1971,0.00397808484072424,0.328884065719539,10000,10000
50,"two curves",2,2,2,"HHG",0.1288,0.00334978447067867,3442.35754830789,10000,10000
50,"two curves",2,2,2,"Genest",0.1907,0.00392853038679861,0.0568322382222196,10000,10000
50,"two curves",2,2,2,"MIC",0.0894,0.00285320241132661,0.398862842734496,10000,10000
50,"X",0.1,2,2,"B_n",1,0,9.42816894411105,10000,10000
50,"X",0.1,2,2,"P_n",1,0,9.33386733992275,10000,10000
50,"X",0.1,2,2,"Hoeffding",0.953,0.00211638843315683,0.020988927485888,10000,10000
50,"X",0.1,2,2,"dCov",0.5545,0.00497020874813121,0.324027186815681,10000,10000
50,"X",0.1,2,2,"HHG",1,0,3496.29937731986,10000,10000
50,"X",0.1,2,2,"Genest",0.502,0.00499995999984,0.0575403182222193,10000,10000
50,"X",0.1,2,2,"MIC",0.9928,0.000845467917782809,0.401925020811018,10000,10000
50,"X",0.2,2,2,"B_n",1,0,9.68329996188292,10000,10000
50,"X",0.2,2,2,"P_n",1,0,9.55560154479172,10000,10000
50,"X",0.2,2,2,"Hoeffding",0.7615,0.00426166340763791,0.0206064160169155,10000,10000
50,"X",0.2,2,2,"dCov",0.5195,0.00499619605299872,0.323387277540182,10000,10000
50,"X",0.2,2,2,"HHG",1,0,3489.01513044601,10000,10000
50,"X",0.2,2,2,"Genest",0.4578,0.00498215977262873,0.0572384942222219,10000,10000
50,"X",0.2,2,2,"MIC",0.9262,0.00261445137648418,0.405444343870574,10000,10000
50,"X",0.3,2,2,"B_n",1,0,9.5316471415674,10000,10000
50,"X",0.3,2,2,"P_n",1,0,9.42374240550639,10000,10000
50,"X",0.3,2,2,"Hoeffding",0.5478,0.00497709915513043,0.0206353008363382,10000,10000
50,"X",0.3,2,2,"dCov",0.4581,0.0049824129696363,0.323648209318828,10000,10000
50,"X",0.3,2,2,"HHG",1,0,3503.5421613234,10000,10000
50,"X",0.3,2,2,"Genest",0.3765,0.00484507739876258,0.0578789742222215,10000,10000
50,"X",0.3,2,2,"MIC",0.7695,0.00421152881979929,0.39997815494156,10000,10000
50,"X",0.4,2,2,"B_n",1,0,9.50875621797549,10000,10000
50,"X",0.4,2,2,"P_n",1,0,9.43360252940493,10000,10000
50,"X",0.4,2,2,"Hoeffding",0.4199,0.00493542287955146,0.0204534727859691,10000,10000
50,"X",0.4,2,2,"dCov",0.3956,0.00488979181560933,0.325106859510933,10000,10000
50,"X",0.4,2,2,"HHG",0.9999,9.99949998749882e-05,3478.75589491113,10000,10000
50,"X",0.4,2,2,"Genest",0.3199,0.00466437552090309,0.0575123022222213,10000,10000
50,"X",0.4,2,2,"MIC",0.5191,0.00499635056816473,0.401925020811018,10000,10000
50,"X",0.5,2,2,"B_n",1,0,9.56783665736735,10000,10000
50,"X",0.5,2,2,"P_n",1,0,9.43318442983524,10000,10000
50,"X",0.5,2,2,"Hoeffding",0.3194,0.00466244184950333,0.021057812116521,10000,10000
50,"X",0.5,2,2,"dCov",0.3388,0.00473301764205459,0.325003372833456,10000,10000
50,"X",0.5,2,2,"HHG",0.9973,0.000518913287553907,3495.41452857214,10000,10000
50,"X",0.5,2,2,"Genest",0.2699,0.00443907636789456,0.0575798862222213,10000,10000
50,"X",0.5,2,2,"MIC",0.3584,0.00479530436990187,0.396105774363065,10000,10000
50,"X",0.6,2,2,"B_n",0.9996,0.000199959995999189,9.43550492547779,10000,10000
50,"X",0.6,2,2,"P_n",0.9995,0.000223550889061069,9.31782661925646,10000,10000
50,"X",0.6,2,2,"Hoeffding",0.2598,0.00438524754147357,0.0202991372312107,10000,10000
50,"X",0.6,2,2,"dCov",0.2889,0.00453251354107189,0.324426550192203,10000,10000
50,"X",0.6,2,2,"HHG",0.9893,0.00102885907684192,3499.08020314226,10000,10000
50,"X",0.6,2,2,"Genest",0.2315,0.00421791121291096,0.0564577902222204,10000,10000
50,"X",0.6,2,2,"MIC",0.2191,0.00413636543356604,0.399801997453914,10000,10000
50,"X",0.7,2,2,"B_n",0.9958,0.000646711682281987,9.51757128108969,10000,10000
50,"X",0.7,2,2,"P_n",0.9956,0.000661864034375638,9.38962612224543,10000,10000
50,"X",0.7,2,2,"Hoeffding",0.2127,0.00409217191720974,0.0204382516188714,10000,10000
50,"X",0.7,2,2,"dCov",0.2393,0.00426656196486117,0.326116458355719,10000,10000
50,"X",0.7,2,2,"HHG",0.9607,0.00194307771331977,3467.68639415987,10000,10000
50,"X",0.7,2,2,"Genest",0.183,0.00386666522988479,0.0576405102222219,10000,10000
50,"X",0.7,2,2,"MIC",0.1296,0.00335862829143089,0.404320577936465,10000,10000
50,"X",0.8,2,2,"B_n",0.9843,0.00124312147435398,9.6087007179081,10000,10000
50,"X",0.8,2,2,"P_n",0.9837,0.00126626655961531,9.52814740581515,10000,10000
50,"X",0.8,2,2,"Hoeffding",0.1785,0.00382933088149875,0.0211325020294889,10000,10000
50,"X",0.8,2,2,"dCov",0.2043,0.00403189173961802,0.32926008568772,10000,10000
50,"X",0.8,2,2,"HHG",0.903,0.00295957767257425,3475.67518609631,10000,10000
50,"X",0.8,2,2,"Genest",0.1605,0.00367069135177558,0.0577880942222191,10000,10000
50,"X",0.8,2,2,"MIC",0.1082,0.00310632837929283,0.398284462066697,10000,10000
50,"X",0.9,2,2,"B_n",0.9526,0.00212492917529032,9.37398950869054,10000,10000
50,"X",0.9,2,2,"P_n",0.951,0.0021586801523153,9.29208098685091,10000,10000
50,"X",0.9,2,2,"Hoeffding",0.1576,0.00364365530751744,0.0212376342766524,10000,10000
50,"X",0.9,2,2,"dCov",0.1817,0.00385597082457842,0.326954081073014,10000,10000
50,"X",0.9,2,2,"HHG",0.8128,0.00390071993355073,3469.36865226019,10000,10000
50,"X",0.9,2,2,"Genest",0.1418,0.00348844893899853,0.0576841102222219,10000,10000
50,"X",0.9,2,2,"MIC",0.0838,0.00277087639565535,0.402000234248089,10000,10000
50,"X",1,2,2,"B_n",0.896,0.00305260544453423,9.33008981971882,10000,10000
50,"X",1,2,2,"P_n",0.8943,0.00307453264741164,9.25641779872959,10000,10000
50,"X",1,2,2,"Hoeffding",0.1426,0.00349664467740147,0.0202660754403519,10000,10000
50,"X",1,2,2,"dCov",0.1721,0.00377467336335212,0.322516723319512,10000,10000
50,"X",1,2,2,"HHG",0.7112,0.00453204766082617,3432.25539356977,10000,10000
50,"X",1,2,2,"Genest",0.1298,0.00336083263492843,0.05625967822222,10000,10000
50,"X",1,2,2,"MIC",0.0726,0.0025947878525999,0.401925020811018,10000,10000
50,"X",1.1,2,2,"B_n",0.8176,0.00386173846861747,9.37536055647009,10000,10000
50,"X",1.1,2,2,"P_n",0.8173,0.00386420379897334,9.25154964796818,10000,10000
50,"X",1.1,2,2,"Hoeffding",0.1262,0.00332074630166172,0.021045399195756,10000,10000
50,"X",1.1,2,2,"dCov",0.148,0.00355099985919459,0.327401740790992,10000,10000
50,"X",1.1,2,2,"HHG",0.5921,0.00491444391564295,3459.28129850498,10000,10000
50,"X",1.1,2,2,"Genest",0.1134,0.00317081125266074,0.0573527022222217,10000,10000
50,"X",1.1,2,2,"MIC",0.0721,0.00258653416756864,0.399687393406103,10000,10000
50,"X",1.2,2,2,"B_n",0.7137,0.00452031315286895,9.60300761393218,10000,10000
50,"X",1.2,2,2,"P_n",0.7106,0.00453483891665404,9.48734955967584,10000,10000
50,"X",1.2,2,2,"Hoeffding",0.1108,0.00313884309897771,0.0212286667673545,10000,10000
50,"X",1.2,2,2,"dCov",0.1298,0.00336083263492843,0.328513302509664,10000,10000
50,"X",1.2,2,2,"HHG",0.4811,0.00499642662309775,3516.23857011889,10000,10000
50,"X",1.2,2,2,"Genest",0.1039,0.00305130775242354,0.05752833422222,10000,10000
50,"X",1.2,2,2,"MIC",0.065,0.00246525860712421,0.402417207996887,10000,10000
50,"X",1.3,2,2,"B_n",0.6159,0.00486381732798427,9.60144458147274,10000,10000
50,"X",1.3,2,2,"P_n",0.6135,0.0048694737908731,9.50885406936665,10000,10000
50,"X",1.3,2,2,"Hoeffding",0.108,0.00310380411753061,0.0207473003077271,10000,10000
50,"X",1.3,2,2,"dCov",0.1167,0.00321062470556744,0.328160748981933,10000,10000
50,"X",1.3,2,2,"HHG",0.4008,0.00490060567685261,3508.77839030316,10000,10000
50,"X",1.3,2,2,"Genest",0.0956,0.0029404190177592,0.0572482862222206,10000,10000
50,"X",1.3,2,2,"MIC",0.0617,0.0024060987095296,0.400471385551767,10000,10000
50,"X",1.4,2,2,"B_n",0.5542,0.00497053679193706,9.35658079527106,10000,10000
50,"X",1.4,2,2,"P_n",0.5549,0.00496976850567509,9.21462445821293,10000,10000
50,"X",1.4,2,2,"Hoeffding",0.0982,0.00297584878648093,0.020382322679303,10000,10000
50,"X",1.4,2,2,"dCov",0.1161,0.00320344798615492,0.32365290352569,10000,10000
50,"X",1.4,2,2,"HHG",0.3579,0.00479382509067655,3430.17841684313,10000,10000
50,"X",1.4,2,2,"Genest",0.0911,0.00287751264115381,0.0563223662222188,10000,10000
50,"X",1.4,2,2,"MIC",0.0611,0.0023951365305552,0.399468871614362,10000,10000
50,"X",1.5,2,2,"B_n",0.4627,0.00498606768907122,9.53694067851059,10000,10000
50,"X",1.5,2,2,"P_n",0.4611,0.00498484493239258,9.4260453204089,10000,10000
50,"X",1.5,2,2,"Hoeffding",0.0928,0.00290151960186382,0.0205651418754366,10000,10000
50,"X",1.5,2,2,"dCov",0.1036,0.00304740939159805,0.327407279574564,10000,10000
50,"X",1.5,2,2,"HHG",0.3083,0.00461791197404195,3431.12331145223,10000,10000
50,"X",1.5,2,2,"Genest",0.08,0.00271293199325011,0.0577493902222213,10000,10000
50,"X",1.5,2,2,"MIC",0.0584,0.00234498272914749,0.3994281648302,10000,10000
50,"X",1.6,2,2,"B_n",0.4008,0.00490060567685261,9.31697553226012,10000,10000
50,"X",1.6,2,2,"P_n",0.401,0.00490101009996919,9.21275607760099,10000,10000
50,"X",1.6,2,2,"Hoeffding",0.0874,0.00282420325047614,0.0205866402990428,10000,10000
50,"X",1.6,2,2,"dCov",0.0972,0.00296229910711258,0.327232127553028,10000,10000
50,"X",1.6,2,2,"HHG",0.262,0.00439722639853806,3416.32296017037,10000,10000
50,"X",1.6,2,2,"Genest",0.0751,0.00263552632314686,0.0576368142222197,10000,10000
50,"X",1.6,2,2,"MIC",0.0505,0.00218974313562116,0.401285727057762,10000,10000
50,"X",1.7,2,2,"B_n",0.3323,0.00471037907179454,9.48777927549834,10000,10000
50,"X",1.7,2,2,"P_n",0.3288,0.00469777138651936,9.41103816771547,10000,10000
50,"X",1.7,2,2,"Hoeffding",0.0819,0.00274212308257671,0.0205778379807057,10000,10000
50,"X",1.7,2,2,"dCov",0.0855,0.0027962430151902,0.328420437511448,10000,10000
50,"X",1.7,2,2,"HHG",0.2107,0.00407805725805806,3472.8483177914,10000,10000
50,"X",1.7,2,2,"Genest",0.0735,0.00260955455969022,0.057004590222221,10000,10000
50,"X",1.7,2,2,"MIC",0.0539,0.00225820260384227,0.400634522211871,10000,10000
50,"X",1.8,2,2,"B_n",0.2892,0.00453390957121996,9.40675616933442,10000,10000
50,"X",1.8,2,2,"P_n",0.2901,0.0045380831856633,9.29356529241403,10000,10000
50,"X",1.8,2,2,"Hoeffding",0.0787,0.00269269957477621,0.0207678547829863,10000,10000
50,"X",1.8,2,2,"dCov",0.0859,0.00280216327147438,0.327672675193183,10000,10000
50,"X",1.8,2,2,"HHG",0.1904,0.00392616657822869,3461.34079406026,10000,10000
50,"X",1.8,2,2,"Genest",0.0699,0.00254978410850801,0.0574618862222246,10000,10000
50,"X",1.8,2,2,"MIC",0.0557,0.00229341470301383,0.399032650972848,10000,10000
50,"X",1.9,2,2,"B_n",0.2608,0.00439071019312366,9.46328910936051,10000,10000
50,"X",1.9,2,2,"P_n",0.2605,0.00438907450381057,9.3711240111033,10000,10000
50,"X",1.9,2,2,"Hoeffding",0.0755,0.00264196423140057,0.0208096952934735,10000,10000
50,"X",1.9,2,2,"dCov",0.0815,0.00273601443709641,0.327934363523373,10000,10000
50,"X",1.9,2,2,"HHG",0.1719,0.00377293506437627,3436.57298272879,10000,10000
50,"X",1.9,2,2,"Genest",0.0693,0.0025396359975398,0.0575655982222201,10000,10000
50,"X",1.9,2,2,"MIC",0.0571,0.00232033596705305,0.397593235499454,10000,10000
50,"X",2,2,2,"B_n",0.2241,0.0041698823724417,9.57938172248666,10000,10000
50,"X",2,2,2,"P_n",0.2225,0.00415925173558899,9.48878546412899,10000,10000
50,"X",2,2,2,"Hoeffding",0.0719,0.00258322259977726,0.0213144480734014,10000,10000
50,"X",2,2,2,"dCov",0.0752,0.00263713784243448,0.330524536295454,10000,10000
50,"X",2,2,2,"HHG",0.1444,0.00351494864827354,3464.11838062931,10000,10000
50,"X",2,2,2,"Genest",0.0642,0.00245108873768373,0.0582174062222224,10000,10000
50,"X",2,2,2,"MIC",0.0539,0.00225820260384227,0.401246862426532,10000,10000
50,"diamond",0.1,2,2,"B_n",0.9966,0.00058210308365443,9.42425357412369,10000,10000
50,"diamond",0.1,2,2,"P_n",0.9962,0.000615269046840488,9.3468276549336,10000,10000
50,"diamond",0.1,2,2,"Hoeffding",0.0954,0.00293766642081772,0.0210825435632162,10000,10000
50,"diamond",0.1,2,2,"dCov",0.096,0.00294591242232351,0.329406099996382,10000,10000
50,"diamond",0.1,2,2,"HHG",0.9785,0.00145043958853859,3442.19405049801,10000,10000
50,"diamond",0.1,2,2,"Genest",0.0669,0.00249848734237338,0.0571934542222226,10000,10000
50,"diamond",0.1,2,2,"MIC",0.1286,0.00334756687759931,0.401363873645743,10000,10000
50,"diamond",0.2,2,2,"B_n",0.9939,0.000778639197574846,9.45268767709632,10000,10000
50,"diamond",0.2,2,2,"P_n",0.993,0.000833726573883789,9.38054376284209,10000,10000
50,"diamond",0.2,2,2,"Hoeffding",0.0816,0.00273754342431312,0.0210103551133682,10000,10000
50,"diamond",0.2,2,2,"dCov",0.0838,0.00277087639565535,0.33112959914697,10000,10000
50,"diamond",0.2,2,2,"HHG",0.9665,0.00179938183829892,3454.38577435852,10000,10000
50,"diamond",0.2,2,2,"Genest",0.0664,0.00248979999196723,0.0576936302222198,10000,10000
50,"diamond",0.2,2,2,"MIC",0.1139,0.00317689770058779,0.40251449484217,10000,10000
50,"diamond",0.3,2,2,"B_n",0.9887,0.00105699148530156,9.49931888012264,10000,10000
50,"diamond",0.3,2,2,"P_n",0.9881,0.00108436110221642,9.37701013928733,10000,10000
50,"diamond",0.3,2,2,"Hoeffding",0.082,0.00274364720764168,0.019803257565746,10000,10000
50,"diamond",0.3,2,2,"dCov",0.0773,0.0026706686428683,0.329710120893763,10000,10000
50,"diamond",0.3,2,2,"HHG",0.9503,0.00217324434889407,3409.81392892145,10000,10000
50,"diamond",0.3,2,2,"Genest",0.0619,0.00240973836754117,0.0569890062222194,10000,10000
50,"diamond",0.3,2,2,"MIC",0.1003,0.00300399583887861,0.403822235227677,10000,10000
50,"diamond",0.4,2,2,"B_n",0.9797,0.00141024501417307,9.43877196919445,10000,10000
50,"diamond",0.4,2,2,"P_n",0.9788,0.00144050546684141,9.32679174568401,10000,10000
50,"diamond",0.4,2,2,"Hoeffding",0.0555,0.0022895359791888,0.0211861890917329,10000,10000
50,"diamond",0.4,2,2,"dCov",0.0671,0.00250195103868961,0.330401622659909,10000,10000
50,"diamond",0.4,2,2,"HHG",0.9064,0.00291271419813204,3472.48227715882,10000,10000
50,"diamond",0.4,2,2,"Genest",0.0546,0.00227197799285116,0.0573568942222203,10000,10000
50,"diamond",0.4,2,2,"MIC",0.0996,0.00299465924605789,0.4,10000,10000
50,"diamond",0.5,2,2,"B_n",0.9553,0.00206644404714959,9.54664928704734,10000,10000
50,"diamond",0.5,2,2,"P_n",0.9531,0.00211424667434999,9.4274361776001,10000,10000
50,"diamond",0.5,2,2,"Hoeffding",0.0451,0.00207523468552354,0.0205057203269837,10000,10000
50,"diamond",0.5,2,2,"dCov",0.0567,0.00231268480342653,0.330853326452591,10000,10000
50,"diamond",0.5,2,2,"HHG",0.8398,0.00366791439376657,3449.02289406567,10000,10000
50,"diamond",0.5,2,2,"Genest",0.0519,0.00221825133832936,0.057012750222222,10000,10000
50,"diamond",0.5,2,2,"MIC",0.0949,0.00293076764688025,0.398091021415146,10000,10000
50,"diamond",0.6,2,2,"B_n",0.9325,0.00250885930255166,9.32976208861022,10000,10000
50,"diamond",0.6,2,2,"P_n",0.9315,0.00252601959612351,9.21196839838619,10000,10000
50,"diamond",0.6,2,2,"Hoeffding",0.0542,0.00226411925480969,0.0197968151182767,10000,10000
50,"diamond",0.6,2,2,"dCov",0.0632,0.00243322337651108,0.32839689869605,10000,10000
50,"diamond",0.6,2,2,"HHG",0.7845,0.00411168760972912,3421.23381244263,10000,10000
50,"diamond",0.6,2,2,"Genest",0.0595,0.00236558132390328,0.0564563502222239,10000,10000
50,"diamond",0.6,2,2,"MIC",0.0891,0.00284888030636599,0.399555040632429,10000,10000
50,"diamond",0.7,2,2,"B_n",0.8837,0.00320584325880103,9.30076474292921,10000,10000
50,"diamond",0.7,2,2,"P_n",0.8803,0.00324610397245683,9.23983079158963,10000,10000
50,"diamond",0.7,2,2,"Hoeffding",0.0415,0.00199443601050523,0.0203680218618437,10000,10000
50,"diamond",0.7,2,2,"dCov",0.0593,0.00236185329773041,0.326235959169864,10000,10000
50,"diamond",0.7,2,2,"HHG",0.6896,0.0046265736782202,3456.0174603953,10000,10000
50,"diamond",0.7,2,2,"Genest",0.0557,0.00229341470301383,0.056080910222223,10000,10000
50,"diamond",0.7,2,2,"MIC",0.0746,0.00262744819168714,0.402256624025881,10000,10000
50,"diamond",0.8,2,2,"B_n",0.8175,0.00386256067913502,9.29591016196844,10000,10000
50,"diamond",0.8,2,2,"P_n",0.8153,0.00388054003973674,9.17675721682633,10000,10000
50,"diamond",0.8,2,2,"Hoeffding",0.0371,0.00189006851727656,0.0203221931695898,10000,10000
50,"diamond",0.8,2,2,"dCov",0.0576,0.00232985493110623,0.326819386946802,10000,10000
50,"diamond",0.8,2,2,"HHG",0.6237,0.00484456716332842,3396.23304904145,10000,10000
50,"diamond",0.8,2,2,"Genest",0.0527,0.00223433905215838,0.0567322382222213,10000,10000
50,"diamond",0.8,2,2,"MIC",0.0654,0.00247230337944193,0.403001742841777,10000,10000
50,"diamond",0.9,2,2,"B_n",0.725,0.00446514277487294,9.44609686236719,10000,10000
50,"diamond",0.9,2,2,"P_n",0.7189,0.00449536194315875,9.35013108865108,10000,10000
50,"diamond",0.9,2,2,"Hoeffding",0.0327,0.00177850245993645,0.020813848666201,10000,10000
50,"diamond",0.9,2,2,"dCov",0.0497,0.00217324434889407,0.32917866328157,10000,10000
50,"diamond",0.9,2,2,"HHG",0.506,0.00499963998703907,3445.94983436506,10000,10000
50,"diamond",0.9,2,2,"Genest",0.0516,0.00221218082443547,0.0567281422222238,10000,10000
50,"diamond",0.9,2,2,"MIC",0.079,0.0026973876250921,0.397183377350094,10000,10000
50,"diamond",1,2,2,"B_n",0.6437,0.00478905324672842,9.33548443240436,10000,10000
50,"diamond",1,2,2,"P_n",0.6349,0.00481458191331293,9.28653239938296,10000,10000
50,"diamond",1,2,2,"Hoeffding",0.0317,0.00175200199771576,0.0205835252694972,10000,10000
50,"diamond",1,2,2,"dCov",0.0485,0.00214820273717357,0.327451948271066,10000,10000
50,"diamond",1,2,2,"HHG",0.441,0.00496506797536549,3423.6609197872,10000,10000
50,"diamond",1,2,2,"Genest",0.0476,0.00212918388120895,0.0570049262222243,10000,10000
50,"diamond",1,2,2,"MIC",0.072,0.00258487910742456,0.398855264200756,10000,10000
50,"diamond",1.1,2,2,"B_n",0.5504,0.00497453354597192,9.47756868353974,10000,10000
50,"diamond",1.1,2,2,"P_n",0.547,0.00497786098640772,9.3485729965221,10000,10000
50,"diamond",1.1,2,2,"Hoeffding",0.0361,0.00186538977160271,0.0201182059317714,10000,10000
50,"diamond",1.1,2,2,"dCov",0.0463,0.00210134028657902,0.328040952103516,10000,10000
50,"diamond",1.1,2,2,"HHG",0.3587,0.00479618921645091,3434.95216138359,10000,10000
50,"diamond",1.1,2,2,"Genest",0.0494,0.0021670173049609,0.0566860302222207,10000,10000
50,"diamond",1.1,2,2,"MIC",0.0653,0.00247054467678688,0.399208722427643,10000,10000
50,"diamond",1.2,2,2,"B_n",0.4797,0.00499587740041727,9.26582427096879,10000,10000
50,"diamond",1.2,2,2,"P_n",0.4737,0.0049930783090194,9.20467509315752,10000,10000
50,"diamond",1.2,2,2,"Hoeffding",0.0336,0.00180197225283854,0.0201165068247466,10000,10000
50,"diamond",1.2,2,2,"dCov",0.0412,0.0019875250941812,0.32665836077799,10000,10000
50,"diamond",1.2,2,2,"HHG",0.2857,0.0045174717486665,3453.02352604723,10000,10000
50,"diamond",1.2,2,2,"Genest",0.0448,0.00206864593393843,0.0562858542222239,10000,10000
50,"diamond",1.2,2,2,"MIC",0.0621,0.00241337087908179,0.400468295626702,10000,10000
50,"diamond",1.3,2,2,"B_n",0.3881,0.00487317545343896,9.57170123602237,10000,10000
50,"diamond",1.3,2,2,"P_n",0.3866,0.00486970676735263,9.42541825397129,10000,10000
50,"diamond",1.3,2,2,"Hoeffding",0.0285,0.0016639636414297,0.0214783647038834,10000,10000
50,"diamond",1.3,2,2,"dCov",0.0361,0.00186538977160271,0.331817014288042,10000,10000
50,"diamond",1.3,2,2,"HHG",0.2333,0.00422931566568399,3475.15084372359,10000,10000
50,"diamond",1.3,2,2,"Genest",0.0416,0.0019967333322204,0.0578739982222193,10000,10000
50,"diamond",1.3,2,2,"MIC",0.0606,0.00238595138257258,0.401244542017559,10000,10000
50,"diamond",1.4,2,2,"B_n",0.3271,0.00469154121797944,9.39696702300381,10000,10000
50,"diamond",1.4,2,2,"P_n",0.3238,0.00467924737537993,9.29631368712927,10000,10000
50,"diamond",1.4,2,2,"Hoeffding",0.0314,0.00174396215555269,0.0207957012592271,10000,10000
50,"diamond",1.4,2,2,"dCov",0.0413,0.00198983190244804,0.328146124173567,10000,10000
50,"diamond",1.4,2,2,"HHG",0.2062,0.00404575777821659,3441.77896241843,10000,10000
50,"diamond",1.4,2,2,"Genest",0.0468,0.00211210227025114,0.0567343502222208,10000,10000
50,"diamond",1.4,2,2,"MIC",0.0571,0.00232033596705305,0.3991696497734,10000,10000
50,"diamond",1.5,2,2,"B_n",0.2883,0.00452971422939682,9.3430153208541,10000,10000
50,"diamond",1.5,2,2,"P_n",0.2834,0.00450648909906592,9.26463900249058,10000,10000
50,"diamond",1.5,2,2,"Hoeffding",0.0372,0.00189251578593152,0.0200816279333195,10000,10000
50,"diamond",1.5,2,2,"dCov",0.0449,0.0020708449966137,0.326433638813261,10000,10000
50,"diamond",1.5,2,2,"HHG",0.1734,0.00378592709913965,3436.71921717305,10000,10000
50,"diamond",1.5,2,2,"Genest",0.0477,0.00213130734526956,0.0565270542222201,10000,10000
50,"diamond",1.5,2,2,"MIC",0.0576,0.00232985493110623,0.40019489895309,10000,10000
50,"diamond",1.6,2,2,"B_n",0.2262,0.00418370123216274,9.51911858905782,10000,10000
50,"diamond",1.6,2,2,"P_n",0.2231,0.00416324861136108,9.4397915211973,10000,10000
50,"diamond",1.6,2,2,"Hoeffding",0.0357,0.00185541127516246,0.0202960693990825,10000,10000
50,"diamond",1.6,2,2,"dCov",0.0364,0.0018728331479339,0.331313706652692,10000,10000
50,"diamond",1.6,2,2,"HHG",0.1534,0.00360372640470944,3419.70341299632,10000,10000
50,"diamond",1.6,2,2,"Genest",0.0423,0.00201272725424981,0.0573015502222203,10000,10000
50,"diamond",1.6,2,2,"MIC",0.0559,0.00229728513685176,0.400063385030605,10000,10000
50,"diamond",1.7,2,2,"B_n",0.2083,0.00406092489465146,9.37501710238756,10000,10000
50,"diamond",1.7,2,2,"P_n",0.2079,0.00405804866900337,9.28614703490167,10000,10000
50,"diamond",1.7,2,2,"Hoeffding",0.033,0.00178636502428815,0.0205506050708905,10000,10000
50,"diamond",1.7,2,2,"dCov",0.04,0.00195959179422654,0.328182377052193,10000,10000
50,"diamond",1.7,2,2,"HHG",0.1219,0.00327170276767313,3461.9439341088,10000,10000
50,"diamond",1.7,2,2,"Genest",0.0441,0.0020531729103999,0.0566907182222208,10000,10000
50,"diamond",1.7,2,2,"MIC",0.0563,0.00230500130151807,0.398335050628675,10000,10000
50,"diamond",1.8,2,2,"B_n",0.1794,0.00383686903607616,9.36830238935082,10000,10000
50,"diamond",1.8,2,2,"P_n",0.1776,0.00382175666415328,9.28121854732592,10000,10000
50,"diamond",1.8,2,2,"Hoeffding",0.0389,0.00193356639399841,0.0206026166248183,10000,10000
50,"diamond",1.8,2,2,"dCov",0.039,0.0019359493795035,0.328876325465701,10000,10000
50,"diamond",1.8,2,2,"HHG",0.1169,0.00321301089322772,3430.54104686599,10000,10000
50,"diamond",1.8,2,2,"Genest",0.0443,0.00205760807735584,0.0571911662222206,10000,10000
50,"diamond",1.8,2,2,"MIC",0.0546,0.00227197799285116,0.398412410867897,10000,10000
50,"diamond",1.9,2,2,"B_n",0.1508,0.00357853824906204,9.31127536437748,10000,10000
50,"diamond",1.9,2,2,"P_n",0.1503,0.00357365233339786,9.2340463907563,10000,10000
50,"diamond",1.9,2,2,"Hoeffding",0.0373,0.00189495936631897,0.0204683635711454,10000,10000
50,"diamond",1.9,2,2,"dCov",0.04,0.00195959179422654,0.329208712036081,10000,10000
50,"diamond",1.9,2,2,"HHG",0.1016,0.0030212156493703,3419.85542212846,10000,10000
50,"diamond",1.9,2,2,"Genest",0.0448,0.00206864593393843,0.0573966542222235,10000,10000
50,"diamond",1.9,2,2,"MIC",0.054,0.00226017698422048,0.399167270710081,10000,10000
50,"diamond",2,2,2,"B_n",0.1275,0.00333532232325453,9.48209781454845,10000,10000
50,"diamond",2,2,2,"P_n",0.1258,0.00331623823028443,9.39109704528437,10000,10000
50,"diamond",2,2,2,"Hoeffding",0.0366,0.00187777634450964,0.0206588995450169,10000,10000
50,"diamond",2,2,2,"dCov",0.0396,0.00195017537672898,0.328552633892045,10000,10000
50,"diamond",2,2,2,"HHG",0.0895,0.00285464095815919,3452.14088947464,10000,10000
50,"diamond",2,2,2,"Genest",0.0427,0.00202179895142915,0.0576592462222204,10000,10000
50,"diamond",2,2,2,"MIC",0.051,0.00219997727260988,0.403482209571354,10000,10000
50,"heteroscedastic",0.1,2,2,"B_n",0.9951,0.00069828289396204,9.36690177239413,10000,10000
50,"heteroscedastic",0.1,2,2,"P_n",0.9949,0.000712319450808413,9.3019163426889,10000,10000
50,"heteroscedastic",0.1,2,2,"Hoeffding",0.8794,0.00325661849162594,0.019872071400253,10000,10000
50,"heteroscedastic",0.1,2,2,"dCov",0.9823,0.00131858674344921,0.338819396640773,10000,10000
50,"heteroscedastic",0.1,2,2,"HHG",0.9964,0.000598919026246457,3424.37227460675,10000,10000
50,"heteroscedastic",0.1,2,2,"Genest",0.8185,0.00385431900599834,0.0563034542222227,10000,10000
50,"heteroscedastic",0.1,2,2,"MIC",0.8169,0.00386748484159925,0.399387549805378,10000,10000
50,"heteroscedastic",0.2,2,2,"B_n",0.9795,0.00141703034547606,9.52977662118247,10000,10000
50,"heteroscedastic",0.2,2,2,"P_n",0.9788,0.00144050546684141,9.40958731350055,10000,10000
50,"heteroscedastic",0.2,2,2,"Hoeffding",0.7236,0.00447216994310368,0.0208517009949215,10000,10000
50,"heteroscedastic",0.2,2,2,"dCov",0.9551,0.0020708449966137,0.341742628819455,10000,10000
50,"heteroscedastic",0.2,2,2,"HHG",0.9848,0.00122347701245262,3448.794228064,10000,10000
50,"heteroscedastic",0.2,2,2,"Genest",0.6649,0.00472025412451491,0.0574539982222208,10000,10000
50,"heteroscedastic",0.2,2,2,"MIC",0.7502,0.00432897170237921,0.396862278083419,10000,10000
50,"heteroscedastic",0.3,2,2,"B_n",0.9433,0.00231268480342653,9.43290121739677,10000,10000
50,"heteroscedastic",0.3,2,2,"P_n",0.9419,0.00233932447514234,9.32544809845648,10000,10000
50,"heteroscedastic",0.3,2,2,"Hoeffding",0.5763,0.00494144017468592,0.0197785025203421,10000,10000
50,"heteroscedastic",0.3,2,2,"dCov",0.9139,0.00280511657511769,0.337519320302475,10000,10000
50,"heteroscedastic",0.3,2,2,"HHG",0.9585,0.00199443601050522,3423.01859112436,10000,10000
50,"heteroscedastic",0.3,2,2,"Genest",0.5314,0.00499013065961203,0.0561719982222193,10000,10000
50,"heteroscedastic",0.3,2,2,"MIC",0.6273,0.00483523225915778,0.397132498965334,10000,10000
50,"heteroscedastic",0.4,2,2,"B_n",0.8716,0.00334534661881247,9.44656668632829,10000,10000
50,"heteroscedastic",0.4,2,2,"P_n",0.8681,0.00338382017843738,9.36113994231294,10000,10000
50,"heteroscedastic",0.4,2,2,"Hoeffding",0.3894,0.00487614232770127,0.0211099888614095,10000,10000
50,"heteroscedastic",0.4,2,2,"dCov",0.8255,0.00379538864940074,0.339212931205833,10000,10000
50,"heteroscedastic",0.4,2,2,"HHG",0.9063,0.00291410895472355,3411.81776222025,10000,10000
50,"heteroscedastic",0.4,2,2,"Genest",0.3679,0.00482233957742505,0.0573013902222216,10000,10000
50,"heteroscedastic",0.4,2,2,"MIC",0.4967,0.00499989109881405,0.398859547087927,10000,10000
50,"heteroscedastic",0.5,2,2,"B_n",0.7804,0.00413975651457909,9.37496141388405,10000,10000
50,"heteroscedastic",0.5,2,2,"P_n",0.7772,0.00416125173475482,9.28453228245346,10000,10000
50,"heteroscedastic",0.5,2,2,"Hoeffding",0.2875,0.00452596674755792,0.0213881232418962,10000,10000
50,"heteroscedastic",0.5,2,2,"dCov",0.7285,0.00444733347074401,0.338262657059309,10000,10000
50,"heteroscedastic",0.5,2,2,"HHG",0.8237,0.00381075202551937,3426.21699147191,10000,10000
50,"heteroscedastic",0.5,2,2,"Genest",0.2672,0.00442497638411777,0.0582195982222203,10000,10000
50,"heteroscedastic",0.5,2,2,"MIC",0.3901,0.00487772477698363,0.398964230462988,10000,10000
50,"heteroscedastic",0.6,2,2,"B_n",0.6884,0.00463147319974973,9.34590998487285,10000,10000
50,"heteroscedastic",0.6,2,2,"P_n",0.6855,0.00464316433049704,9.25411468668602,10000,10000
50,"heteroscedastic",0.6,2,2,"Hoeffding",0.2226,0.00415991874920653,0.0207915006890822,10000,10000
50,"heteroscedastic",0.6,2,2,"dCov",0.6029,0.004892970365739,0.339142648126467,10000,10000
50,"heteroscedastic",0.6,2,2,"HHG",0.7213,0.00448359576679254,3453.90821430152,10000,10000
50,"heteroscedastic",0.6,2,2,"Genest",0.2107,0.00407805725805806,0.0571662062222256,10000,10000
50,"heteroscedastic",0.6,2,2,"MIC",0.3005,0.00458475462811261,0.400549142942945,10000,10000
50,"heteroscedastic",0.7,2,2,"B_n",0.5792,0.00493687512501582,9.45696689630284,10000,10000
50,"heteroscedastic",0.7,2,2,"P_n",0.5742,0.0049446370948736,9.38469021752418,10000,10000
50,"heteroscedastic",0.7,2,2,"Hoeffding",0.1885,0.00391110917771417,0.0198750684362551,10000,10000
50,"heteroscedastic",0.7,2,2,"dCov",0.5095,0.00499909741853467,0.337340086568826,10000,10000
50,"heteroscedastic",0.7,2,2,"HHG",0.6352,0.00481374033366986,3408.55287634141,10000,10000
50,"heteroscedastic",0.7,2,2,"Genest",0.1712,0.00376683633836141,0.0566483022222247,10000,10000
50,"heteroscedastic",0.7,2,2,"MIC",0.2308,0.00421344704487905,0.397620766852151,10000,10000
50,"heteroscedastic",0.8,2,2,"B_n",0.5002,0.00499999959999998,9.39550228388948,10000,10000
50,"heteroscedastic",0.8,2,2,"P_n",0.4956,0.00499980639625176,9.32780866501114,10000,10000
50,"heteroscedastic",0.8,2,2,"Hoeffding",0.1423,0.00349357567543627,0.0211441597915762,10000,10000
50,"heteroscedastic",0.8,2,2,"dCov",0.4179,0.00493213533877569,0.33712374228104,10000,10000
50,"heteroscedastic",0.8,2,2,"HHG",0.5431,0.00498138926405074,3408.63808039463,10000,10000
50,"heteroscedastic",0.8,2,2,"Genest",0.1363,0.00343106849246703,0.0576625262222213,10000,10000
50,"heteroscedastic",0.8,2,2,"MIC",0.1899,0.00392221863235593,0.399884667437769,10000,10000
50,"heteroscedastic",0.9,2,2,"B_n",0.4152,0.00492756491585854,9.37112247926331,10000,10000
50,"heteroscedastic",0.9,2,2,"P_n",0.4151,0.00492739271826389,9.24783797744237,10000,10000
50,"heteroscedastic",0.9,2,2,"Hoeffding",0.1169,0.00321301089322772,0.02049453453907,10000,10000
50,"heteroscedastic",0.9,2,2,"dCov",0.348,0.00476336015854355,0.33525900122355,10000,10000
50,"heteroscedastic",0.9,2,2,"HHG",0.4573,0.00498173373435393,3373.59540897574,10000,10000
50,"heteroscedastic",0.9,2,2,"Genest",0.115,0.00319021942818985,0.0568615022222214,10000,10000
50,"heteroscedastic",0.9,2,2,"MIC",0.1458,0.00352905596441881,0.400345911637361,10000,10000
50,"heteroscedastic",1,2,2,"B_n",0.345,0.00475368278285373,9.60262841143286,10000,10000
50,"heteroscedastic",1,2,2,"P_n",0.3472,0.00476079993278441,9.449443921374,10000,10000
50,"heteroscedastic",1,2,2,"Hoeffding",0.1165,0.00320823549634375,0.0195710226736393,10000,10000
50,"heteroscedastic",1,2,2,"dCov",0.3136,0.00463955859969459,0.332435756063299,10000,10000
50,"heteroscedastic",1,2,2,"HHG",0.3964,0.00489149302360741,3385.15416398166,10000,10000
50,"heteroscedastic",1,2,2,"Genest",0.1096,0.00312390524824297,0.0561929262222176,10000,10000
50,"heteroscedastic",1,2,2,"MIC",0.1266,0.00332524344973417,0.397566716873863,10000,10000
50,"heteroscedastic",1.1,2,2,"B_n",0.324,0.00468,9.27553245093809,10000,10000
50,"heteroscedastic",1.1,2,2,"P_n",0.3239,0.00467962380966676,9.16795003778805,10000,10000
50,"heteroscedastic",1.1,2,2,"Hoeffding",0.0976,0.00296773044598056,0.020163326662765,10000,10000
50,"heteroscedastic",1.1,2,2,"dCov",0.2508,0.00433473597811908,0.334877792772269,10000,10000
50,"heteroscedastic",1.1,2,2,"HHG",0.3359,0.00472304128713692,3402.50816698823,10000,10000
50,"heteroscedastic",1.1,2,2,"Genest",0.0956,0.0029404190177592,0.0562401742222207,10000,10000
50,"heteroscedastic",1.1,2,2,"MIC",0.1076,0.003098745552639,0.400368987151339,10000,10000
50,"heteroscedastic",1.2,2,2,"B_n",0.2582,0.00437644558974518,9.50361283847955,10000,10000
50,"heteroscedastic",1.2,2,2,"P_n",0.2579,0.00437478673765933,9.37687875107688,10000,10000
50,"heteroscedastic",1.2,2,2,"Hoeffding",0.0864,0.00280953804031908,0.0212025429968472,10000,10000
50,"heteroscedastic",1.2,2,2,"dCov",0.2098,0.00407165764769093,0.336089382180752,10000,10000
50,"heteroscedastic",1.2,2,2,"HHG",0.2798,0.00448900835374585,3445.48912679542,10000,10000
50,"heteroscedastic",1.2,2,2,"Genest",0.0833,0.00276335140725895,0.0582845102222236,10000,10000
50,"heteroscedastic",1.2,2,2,"MIC",0.094,0.00291828716887149,0.400262097567201,10000,10000
50,"heteroscedastic",1.3,2,2,"B_n",0.2191,0.00413636543356604,9.40827072907825,10000,10000
50,"heteroscedastic",1.3,2,2,"P_n",0.2163,0.00411721155638133,9.36884959915404,10000,10000
50,"heteroscedastic",1.3,2,2,"Hoeffding",0.0809,0.00272681480852661,0.0202182644565689,10000,10000
50,"heteroscedastic",1.3,2,2,"dCov",0.1865,0.00389509627608869,0.333502788881659,10000,10000
50,"heteroscedastic",1.3,2,2,"HHG",0.2414,0.00427932284362842,3407.4355421727,10000,10000
50,"heteroscedastic",1.3,2,2,"Genest",0.0782,0.00268486051779231,0.0571610542222213,10000,10000
50,"heteroscedastic",1.3,2,2,"MIC",0.0791,0.00269894775792345,0.40089543111055,10000,10000
50,"heteroscedastic",1.4,2,2,"B_n",0.1961,0.00397045073008091,9.62688461014258,10000,10000
50,"heteroscedastic",1.4,2,2,"P_n",0.1945,0.00395815297834735,9.50090676324302,10000,10000
50,"heteroscedastic",1.4,2,2,"Hoeffding",0.0781,0.00268328884021083,0.0207714653854141,10000,10000
50,"heteroscedastic",1.4,2,2,"dCov",0.1587,0.00365396100143392,0.335633089293924,10000,10000
50,"heteroscedastic",1.4,2,2,"HHG",0.2169,0.00412133946672681,3417.81095230178,10000,10000
50,"heteroscedastic",1.4,2,2,"Genest",0.0775,0.00267383152049638,0.0571050542222211,10000,10000
50,"heteroscedastic",1.4,2,2,"MIC",0.0718,0.00258156464184029,0.400377629043535,10000,10000
50,"heteroscedastic",1.5,2,2,"B_n",0.1808,0.00384852387286346,9.26611071411961,10000,10000
50,"heteroscedastic",1.5,2,2,"P_n",0.1802,0.00384353951456207,9.17420380880283,10000,10000
50,"heteroscedastic",1.5,2,2,"Hoeffding",0.0692,0.00253793932157568,0.021100478581812,10000,10000
50,"heteroscedastic",1.5,2,2,"dCov",0.1477,0.00354802353430752,0.333251611280627,10000,10000
50,"heteroscedastic",1.5,2,2,"HHG",0.1923,0.00394107485338708,3404.08836824012,10000,10000
50,"heteroscedastic",1.5,2,2,"Genest",0.0697,0.00254640746935757,0.0573194542222214,10000,10000
50,"heteroscedastic",1.5,2,2,"MIC",0.0732,0.00260464508138825,0.39951342292238,10000,10000
50,"heteroscedastic",1.6,2,2,"B_n",0.1586,0.00365302669029395,9.32952335010076,10000,10000
50,"heteroscedastic",1.6,2,2,"P_n",0.1559,0.00362760513286659,9.27664193329842,10000,10000
50,"heteroscedastic",1.6,2,2,"Hoeffding",0.0706,0.00256155499648163,0.0202525297815704,10000,10000
50,"heteroscedastic",1.6,2,2,"dCov",0.1418,0.00348844893899853,0.331709186485933,10000,10000
50,"heteroscedastic",1.6,2,2,"HHG",0.1632,0.00369548048296835,3429.29223580582,10000,10000
50,"heteroscedastic",1.6,2,2,"Genest",0.0712,0.00257158628087801,0.0564392462222189,10000,10000
50,"heteroscedastic",1.6,2,2,"MIC",0.0678,0.00251402386623516,0.401925020811018,10000,10000
50,"heteroscedastic",1.7,2,2,"B_n",0.1382,0.00345109779635408,9.44534803980794,10000,10000
50,"heteroscedastic",1.7,2,2,"P_n",0.1356,0.00342363315791865,9.38210286672527,10000,10000
50,"heteroscedastic",1.7,2,2,"Hoeffding",0.0664,0.00248979999196723,0.0210803960807265,10000,10000
50,"heteroscedastic",1.7,2,2,"dCov",0.1231,0.00328551959361073,0.334144017237375,10000,10000
50,"heteroscedastic",1.7,2,2,"HHG",0.1542,0.00361140360524824,3409.16539094462,10000,10000
50,"heteroscedastic",1.7,2,2,"Genest",0.0676,0.00251058240255125,0.05707614222222,10000,10000
50,"heteroscedastic",1.7,2,2,"MIC",0.0685,0.00252601959612351,0.398377605279911,10000,10000
50,"heteroscedastic",1.8,2,2,"B_n",0.1268,0.0033274879413756,9.47585208191127,10000,10000
50,"heteroscedastic",1.8,2,2,"P_n",0.1271,0.00333084959132051,9.36509325767928,10000,10000
50,"heteroscedastic",1.8,2,2,"Hoeffding",0.064,0.00244752936652454,0.0200657460023787,10000,10000
50,"heteroscedastic",1.8,2,2,"dCov",0.1022,0.00302911142086256,0.334463919132551,10000,10000
50,"heteroscedastic",1.8,2,2,"HHG",0.1342,0.00340867070864875,3415.00995509986,10000,10000
50,"heteroscedastic",1.8,2,2,"Genest",0.06,0.00237486841740758,0.0564640622222196,10000,10000
50,"heteroscedastic",1.8,2,2,"MIC",0.063,0.00242962960140018,0.401537700074106,10000,10000
50,"heteroscedastic",1.9,2,2,"B_n",0.1137,0.00317446546681485,9.56575800842545,10000,10000
50,"heteroscedastic",1.9,2,2,"P_n",0.1134,0.00317081125266074,9.46893193135882,10000,10000
50,"heteroscedastic",1.9,2,2,"Hoeffding",0.0587,0.00235062353429893,0.02091959447979,10000,10000
50,"heteroscedastic",1.9,2,2,"dCov",0.0961,0.00294728332536931,0.334412189699947,10000,10000
50,"heteroscedastic",1.9,2,2,"HHG",0.1188,0.00323553025020629,3438.9671988518,10000,10000
50,"heteroscedastic",1.9,2,2,"Genest",0.0576,0.00232985493110623,0.0575699662222194,10000,10000
50,"heteroscedastic",1.9,2,2,"MIC",0.0615,0.00240245187256686,0.401925020811018,10000,10000
50,"heteroscedastic",2,2,2,"B_n",0.104,0.00305260544453423,9.43865255932792,10000,10000
50,"heteroscedastic",2,2,2,"P_n",0.1037,0.00304870972708128,9.3278652226504,10000,10000
50,"heteroscedastic",2,2,2,"Hoeffding",0.0565,0.00230884711490389,0.0207170231644924,10000,10000
50,"heteroscedastic",2,2,2,"dCov",0.0922,0.00289308071093774,0.333606860259586,10000,10000
50,"heteroscedastic",2,2,2,"HHG",0.1079,0.00310254073301222,3450.52786375814,10000,10000
50,"heteroscedastic",2,2,2,"Genest",0.0567,0.00231268480342653,0.0574165262222219,10000,10000
50,"heteroscedastic",2,2,2,"MIC",0.0579,0.00233554254938762,0.401852760522849,10000,10000
100,"linear",0.1,3,3,"B_n",1,0,16.9490547162018,10000,10000
100,"linear",0.1,3,3,"P_n",1,0,16.7726927528626,10000,10000
100,"linear",0.1,3,3,"Hoeffding",1,0,0.00954220500290088,10000,10000
100,"linear",0.1,3,3,"dCov",1,0,0.230535568155739,10000,10000
100,"linear",0.1,3,3,"HHG",1,0,14278.5479465751,10000,10000
100,"linear",0.1,3,3,"Genest",1,0,0.05737256,10000,10000
100,"linear",0.1,3,3,"MIC",1,0,0.299387836439852,10000,10000
100,"linear",0.1,3,1,"B_n",1,0,7.76134181266249,10000,10000
100,"linear",0.1,3,1,"P_n",1,0,7.7279043551163,10000,10000
100,"linear",0.1,3,1,"Hoeffding",1,0,0.00913781527137565,10000,10000
100,"linear",0.1,3,1,"dCov",1,0,0.227059130182156,10000,10000
100,"linear",0.1,3,1,"HHG",1,0,14191.3556763678,10000,10000
100,"linear",0.1,3,1,"Genest",1,0,0.0563699510000036,10000,10000
100,"linear",0.1,3,1,"MIC",1,0,0.299859896716249,10000,10000
100,"linear",0.2,3,3,"B_n",1,0,16.9729871048837,10000,10000
100,"linear",0.2,3,3,"P_n",1,0,16.799609796366,10000,10000
100,"linear",0.2,3,3,"Hoeffding",1,0,0.00980746277736337,10000,10000
100,"linear",0.2,3,3,"dCov",1,0,0.232842423255199,10000,10000
100,"linear",0.2,3,3,"HHG",1,0,14189.8155754344,10000,10000
100,"linear",0.2,3,3,"Genest",1,0,0.0578153780000042,10000,10000
100,"linear",0.2,3,3,"MIC",1,0,0.299964803935426,10000,10000
100,"linear",0.2,3,1,"B_n",1,0,7.8425149672473,10000,10000
100,"linear",0.2,3,1,"P_n",1,0,7.80548845743387,10000,10000
100,"linear",0.2,3,1,"Hoeffding",1,0,0.00995399503131461,10000,10000
100,"linear",0.2,3,1,"dCov",1,0,0.232243483991924,10000,10000
100,"linear",0.2,3,1,"HHG",1,0,14332.9604891611,10000,10000
100,"linear",0.2,3,1,"Genest",1,0,0.0578003399999959,10000,10000
100,"linear",0.2,3,1,"MIC",1,0,0.299768883063611,10000,10000
100,"linear",0.3,3,3,"B_n",1,0,17.1046805479885,10000,10000
100,"linear",0.3,3,3,"P_n",1,0,16.9097625843869,10000,10000
100,"linear",0.3,3,3,"Hoeffding",1,0,0.00988697197091895,10000,10000
100,"linear",0.3,3,3,"dCov",1,0,0.232610943406108,10000,10000
100,"linear",0.3,3,3,"HHG",1,0,14215.7583843069,10000,10000
100,"linear",0.3,3,3,"Genest",1,0,0.0575754839999978,10000,10000
100,"linear",0.3,3,3,"MIC",1,0,0.300114973355883,10000,10000
100,"linear",0.3,3,1,"B_n",1,0,7.91475624911534,10000,10000
100,"linear",0.3,3,1,"P_n",1,0,7.87448078023999,10000,10000
100,"linear",0.3,3,1,"Hoeffding",1,0,0.00962742961914537,10000,10000
100,"linear",0.3,3,1,"dCov",1,0,0.234569514013188,10000,10000
100,"linear",0.3,3,1,"HHG",1,0,14137.5882373574,10000,10000
100,"linear",0.3,3,1,"Genest",1,0,0.0582364269999916,10000,10000
100,"linear",0.3,3,1,"MIC",1,0,0.298212491244819,10000,10000
100,"linear",0.4,3,3,"B_n",0.9993,0.000264482513599677,16.9183290245417,10000,10000
100,"linear",0.4,3,3,"P_n",0.9993,0.000264482513599677,16.7434328156086,10000,10000
100,"linear",0.4,3,3,"Hoeffding",1,0,0.00996223145615634,10000,10000
100,"linear",0.4,3,3,"dCov",1,0,0.234592299602177,10000,10000
100,"linear",0.4,3,3,"HHG",0.9996,0.000199959995999189,14234.4835711956,10000,10000
100,"linear",0.4,3,3,"Genest",1,0,0.0587464089999985,10000,10000
100,"linear",0.4,3,3,"MIC",0.9839,0.0012586020022231,0.300921092215696,10000,10000
100,"linear",0.4,3,1,"B_n",1,0,7.82541546525376,10000,10000
100,"linear",0.4,3,1,"P_n",1,0,7.78915044710307,10000,10000
100,"linear",0.4,3,1,"Hoeffding",1,0,0.0096901876964469,10000,10000
100,"linear",0.4,3,1,"dCov",1,0,0.233788262879318,10000,10000
100,"linear",0.4,3,1,"HHG",0.9999,9.99949998749882e-05,14061.9794581798,10000,10000
100,"linear",0.4,3,1,"Genest",1,0,0.057461035999996,10000,10000
100,"linear",0.4,3,1,"MIC",0.9865,0.0011540255629751,0.298123596456578,10000,10000
100,"linear",0.5,3,3,"B_n",0.9834,0.00127767131923668,17.0244170291036,10000,10000
100,"linear",0.5,3,3,"P_n",0.9816,0.00134392856953039,16.8917363118045,10000,10000
100,"linear",0.5,3,3,"Hoeffding",0.9997,0.000173179098045915,0.0095979645763335,10000,10000
100,"linear",0.5,3,3,"dCov",0.9996,0.000199959995999189,0.233286281272831,10000,10000
100,"linear",0.5,3,3,"HHG",0.9921,0.00088530164350915,14141.0910103635,10000,10000
100,"linear",0.5,3,3,"Genest",0.9996,0.000199959995999189,0.0573515420000008,10000,10000
100,"linear",0.5,3,3,"MIC",0.8926,0.0030962112331041,0.299036295546672,10000,10000
100,"linear",0.5,3,1,"B_n",0.9979,0.000457776146167534,7.59851894771042,10000,10000
100,"linear",0.5,3,1,"P_n",0.9979,0.000457776146167534,7.57208363437511,10000,10000
100,"linear",0.5,3,1,"Hoeffding",0.9992,0.000282729552753161,0.00935157845549964,10000,10000
100,"linear",0.5,3,1,"dCov",0.9995,0.000223550889061069,0.231857520126292,10000,10000
100,"linear",0.5,3,1,"HHG",0.993,0.000833726573883789,14101.3036361844,10000,10000
100,"linear",0.5,3,1,"Genest",0.9994,0.000244875478560032,0.0564873239999969,10000,10000
100,"linear",0.5,3,1,"MIC",0.9001,0.00299866620349782,0.297702075277167,10000,10000
100,"linear",0.6,3,3,"B_n",0.9174,0.00275276660834151,16.9331762830266,10000,10000
100,"linear",0.6,3,3,"P_n",0.9147,0.00279327603362074,16.7941350102675,10000,10000
100,"linear",0.6,3,3,"Hoeffding",0.9914,0.000923365583070977,0.00965233613751655,10000,10000
100,"linear",0.6,3,3,"dCov",0.9939,0.000778639197574846,0.234046031031214,10000,10000
100,"linear",0.6,3,3,"HHG",0.9543,0.00208833689810816,14069.5029199688,10000,10000
100,"linear",0.6,3,3,"Genest",0.9917,0.000907254650029416,0.0574514669999924,10000,10000
100,"linear",0.6,3,3,"MIC",0.7346,0.00441545965897097,0.299959217424217,10000,10000
100,"linear",0.6,3,1,"B_n",0.9765,0.00151485147786837,7.89853453369476,10000,10000
100,"linear",0.6,3,1,"P_n",0.9765,0.00151485147786837,7.85899311697789,10000,10000
100,"linear",0.6,3,1,"Hoeffding",0.9901,0.000990049998737438,0.00973840352292118,10000,10000
100,"linear",0.6,3,1,"dCov",0.9945,0.00073957758213726,0.23324011771319,10000,10000
100,"linear",0.6,3,1,"HHG",0.9491,0.00219793516737869,14107.0062436105,10000,10000
100,"linear",0.6,3,1,"Genest",0.9912,0.00093394646527518,0.0577425260000005,10000,10000
100,"linear",0.6,3,1,"MIC",0.7339,0.00441917175497853,0.29878369794198,10000,10000
100,"linear",0.7,3,3,"B_n",0.7902,0.00407165764769093,16.9214200943153,10000,10000
100,"linear",0.7,3,3,"P_n",0.7844,0.00411237935993264,16.780052446251,10000,10000
100,"linear",0.7,3,3,"Hoeffding",0.958,0.0020058913230781,0.0101000172405732,10000,10000
100,"linear",0.7,3,3,"dCov",0.9694,0.00172231356030196,0.236143093498573,10000,10000
100,"linear",0.7,3,3,"HHG",0.8616,0.00345319330475431,14225.41836104,10000,10000
100,"linear",0.7,3,3,"Genest",0.9611,0.00193356639399841,0.0588513510000009,10000,10000
100,"linear",0.7,3,3,"MIC",0.5853,0.00492670183794392,0.298698896785396,10000,10000
100,"linear",0.7,3,1,"B_n",0.9226,0.0026722507367386,7.67214540931432,10000,10000
100,"linear",0.7,3,1,"P_n",0.9226,0.0026722507367386,7.64257643464768,10000,10000
100,"linear",0.7,3,1,"Hoeffding",0.9566,0.00203755834272298,0.00984101481892351,10000,10000
100,"linear",0.7,3,1,"dCov",0.9711,0.001675254905977,0.233421215801119,10000,10000
100,"linear",0.7,3,1,"HHG",0.8713,0.00334867600702128,14102.5701543681,10000,10000
100,"linear",0.7,3,1,"Genest",0.962,0.0019119623427254,0.0577995750000072,10000,10000
100,"linear",0.7,3,1,"MIC",0.5753,0.00494297390241947,0.298639940699006,10000,10000
100,"linear",0.8,3,3,"B_n",0.668,0.00470930992821666,16.7256595818099,10000,10000
100,"linear",0.8,3,3,"P_n",0.6619,0.00473062775961077,16.5554093330473,10000,10000
100,"linear",0.8,3,3,"Hoeffding",0.9037,0.00295002220330627,0.00965879869598571,10000,10000
100,"linear",0.8,3,3,"dCov",0.9204,0.00270672939171983,0.23298987400715,10000,10000
100,"linear",0.8,3,3,"HHG",0.7635,0.00424932641721014,14084.7823960572,10000,10000
100,"linear",0.8,3,3,"Genest",0.9075,0.0028973047820345,0.0575813799999999,10000,10000
100,"linear",0.8,3,3,"MIC",0.4553,0.00497997901602005,0.298048729062307,10000,10000
100,"linear",0.8,3,1,"B_n",0.8257,0.00379367249508969,7.94539059697461,10000,10000
100,"linear",0.8,3,1,"P_n",0.8257,0.00379367249508969,7.90372178864053,10000,10000
100,"linear",0.8,3,1,"Hoeffding",0.9014,0.00298124202305013,0.00988116357133293,10000,10000
100,"linear",0.8,3,1,"dCov",0.92,0.00271293199325011,0.235538850196104,10000,10000
100,"linear",0.8,3,1,"HHG",0.7616,0.00426104963594652,14129.807474391,10000,10000
100,"linear",0.8,3,1,"Genest",0.9067,0.00290852385240348,0.0581938730000065,10000,10000
100,"linear",0.8,3,1,"MIC",0.445,0.0049696579359147,0.298865140160148,10000,10000
100,"linear",0.9,3,3,"B_n",0.5334,0.00498883192741548,16.8638621481647,10000,10000
100,"linear",0.9,3,3,"P_n",0.5316,0.00499000440881569,16.6655931668965,10000,10000
100,"linear",0.9,3,3,"Hoeffding",0.8243,0.00380564725112562,0.00981983667412607,10000,10000
100,"linear",0.9,3,3,"dCov",0.8542,0.00352905596441881,0.233887072853652,10000,10000
100,"linear",0.9,3,3,"HHG",0.6531,0.00475983602658747,14132.3367403398,10000,10000
100,"linear",0.9,3,3,"Genest",0.8353,0.00370909571189529,0.0579690880000077,10000,10000
100,"linear",0.9,3,3,"MIC",0.3445,0.00475204955782239,0.300236172050142,10000,10000
100,"linear",0.9,3,1,"B_n",0.7259,0.00446059626059118,7.7938754718142,10000,10000
100,"linear",0.9,3,1,"P_n",0.7259,0.00446059626059118,7.75900738294935,10000,10000
100,"linear",0.9,3,1,"Hoeffding",0.8249,0.00380052614778533,0.0097631406905155,10000,10000
100,"linear",0.9,3,1,"dCov",0.8534,0.00353706714666261,0.23435212607353,10000,10000
100,"linear",0.9,3,1,"HHG",0.6599,0.00473742535561248,14070.2862912861,10000,10000
100,"linear",0.9,3,1,"Genest",0.8323,0.00373599665417409,0.0578057479999968,10000,10000
100,"linear",0.9,3,1,"MIC",0.3732,0.00483654587489874,0.297251209923767,10000,10000
100,"linear",1,3,3,"B_n",0.4341,0.00495638164390112,16.8206384759202,10000,10000
100,"linear",1,3,3,"P_n",0.4303,0.00495118076826124,16.6579688242174,10000,10000
100,"linear",1,3,3,"Hoeffding",0.74,0.00438634243989226,0.00966583107001,10000,10000
100,"linear",1,3,3,"dCov",0.7622,0.0042573602149689,0.235374437799679,10000,10000
100,"linear",1,3,3,"HHG",0.5449,0.00497979909233294,14121.4614553998,10000,10000
100,"linear",1,3,3,"Genest",0.7457,0.00435467002194196,0.0580028030000041,10000,10000
100,"linear",1,3,3,"MIC",0.2928,0.00455047426099742,0.298329124940114,10000,10000
100,"linear",1,3,1,"B_n",0.632,0.00482261339939249,7.76408459103072,10000,10000
100,"linear",1,3,1,"P_n",0.632,0.00482261339939249,7.73052691284368,10000,10000
100,"linear",1,3,1,"Hoeffding",0.7423,0.0043736793435276,0.00977496801594739,10000,10000
100,"linear",1,3,1,"dCov",0.7797,0.00414448923270407,0.232812420215743,10000,10000
100,"linear",1,3,1,"HHG",0.5635,0.00495951358502021,14044.7460619103,10000,10000
100,"linear",1,3,1,"Genest",0.7537,0.00430855323745686,0.0577289060000001,10000,10000
100,"linear",1,3,1,"MIC",0.2902,0.00453854558201193,0.299101504063089,10000,10000
100,"linear",1.1,3,3,"B_n",0.3643,0.00481233321788922,16.8950649058941,10000,10000
100,"linear",1.1,3,3,"P_n",0.3637,0.00481063727587105,16.6867309392563,10000,10000
100,"linear",1.1,3,3,"Hoeffding",0.6494,0.00477157877436808,0.0102049928062446,10000,10000
100,"linear",1.1,3,3,"dCov",0.6825,0.00465503759383316,0.23574638942364,10000,10000
100,"linear",1.1,3,3,"HHG",0.4596,0.00498365167322115,14257.7563839755,10000,10000
100,"linear",1.1,3,3,"Genest",0.6636,0.00472477555022458,0.0587533639999951,10000,10000
100,"linear",1.1,3,3,"MIC",0.2371,0.0042530411472263,0.297685761197518,10000,10000
100,"linear",1.1,3,1,"B_n",0.5416,0.00498266434751529,7.70058427009691,10000,10000
100,"linear",1.1,3,1,"P_n",0.5416,0.00498266434751529,7.66979045854091,10000,10000
100,"linear",1.1,3,1,"Hoeffding",0.6583,0.00474279569452449,0.00969424480976395,10000,10000
100,"linear",1.1,3,1,"dCov",0.689,0.00462902797572017,0.233201700153253,10000,10000
100,"linear",1.1,3,1,"HHG",0.48,0.00499599839871872,14012.7704462011,10000,10000
100,"linear",1.1,3,1,"Genest",0.6686,0.0047071651766217,0.0576768780000011,10000,10000
100,"linear",1.1,3,1,"MIC",0.2356,0.0042437323195508,0.299059689529447,10000,10000
100,"linear",1.2,3,3,"B_n",0.3049,0.00460365061663024,16.9309908177852,10000,10000
100,"linear",1.2,3,3,"P_n",0.3058,0.00460745439478244,16.7106520682351,10000,10000
100,"linear",1.2,3,3,"Hoeffding",0.6042,0.00489021840003082,0.00950095978722636,10000,10000
100,"linear",1.2,3,3,"dCov",0.6297,0.00482884986306263,0.233252822971267,10000,10000
100,"linear",1.2,3,3,"HHG",0.4134,0.00492443336841915,14139.8016830736,10000,10000
100,"linear",1.2,3,3,"Genest",0.6158,0.00486405550955167,0.0569454110000056,10000,10000
100,"linear",1.2,3,3,"MIC",0.2179,0.00412819076594094,0.297551336473886,10000,10000
100,"linear",1.2,3,1,"B_n",0.4617,0.00498530951897673,7.77797911130791,10000,10000
100,"linear",1.2,3,1,"P_n",0.4617,0.00498530951897673,7.74381134867624,10000,10000
100,"linear",1.2,3,1,"Hoeffding",0.5989,0.00490121199296664,0.00938621102142825,10000,10000
100,"linear",1.2,3,1,"dCov",0.625,0.00484122918275927,0.232034382546274,10000,10000
100,"linear",1.2,3,1,"HHG",0.4102,0.00491869860837193,14065.5041851903,10000,10000
100,"linear",1.2,3,1,"Genest",0.6013,0.00489630789473048,0.0573168900000008,10000,10000
100,"linear",1.2,3,1,"MIC",0.1976,0.00398188698985795,0.298862962004813,10000,10000
100,"linear",1.3,3,3,"B_n",0.2506,0.00433358558240171,17.0458043323263,10000,10000
100,"linear",1.3,3,3,"P_n",0.2493,0.00432607801594007,16.8588050683531,10000,10000
100,"linear",1.3,3,3,"Hoeffding",0.5334,0.00498883192741548,0.0094199271007997,10000,10000
100,"linear",1.3,3,3,"dCov",0.5598,0.00496411079650727,0.231711124463718,10000,10000
100,"linear",1.3,3,3,"HHG",0.3564,0.00478935319223797,14084.6062914636,10000,10000
100,"linear",1.3,3,3,"Genest",0.5459,0.00497888732549753,0.0563254060000014,10000,10000
100,"linear",1.3,3,3,"MIC",0.1763,0.00381075202551937,0.299574858992913,10000,10000
100,"linear",1.3,3,1,"B_n",0.3974,0.00489360031060977,7.78741544445188,10000,10000
100,"linear",1.3,3,1,"P_n",0.3974,0.00489360031060977,7.75283226753997,10000,10000
100,"linear",1.3,3,1,"Hoeffding",0.5164,0.00499730967621579,0.00972873259738134,10000,10000
100,"linear",1.3,3,1,"dCov",0.5427,0.00498173373435393,0.233816613373807,10000,10000
100,"linear",1.3,3,1,"HHG",0.3449,0.0047533566034961,14180.1823514586,10000,10000
100,"linear",1.3,3,1,"Genest",0.523,0.00499470719862536,0.0579396729999979,10000,10000
100,"linear",1.3,3,1,"MIC",0.1756,0.00380479486963489,0.298714894017017,10000,10000
100,"linear",1.4,3,3,"B_n",0.2284,0.00419801667457384,16.7677349683756,10000,10000
100,"linear",1.4,3,3,"P_n",0.2289,0.00420124731478641,16.5716012987506,10000,10000
100,"linear",1.4,3,3,"Hoeffding",0.4622,0.00498569112561137,0.00976962649320896,10000,10000
100,"linear",1.4,3,3,"dCov",0.494,0.00499963998703907,0.233496957314787,10000,10000
100,"linear",1.4,3,3,"HHG",0.3067,0.0046112374694869,14158.9238518376,10000,10000
100,"linear",1.4,3,3,"Genest",0.4759,0.00499418852267313,0.0577052220000004,10000,10000
100,"linear",1.4,3,3,"MIC",0.1482,0.00355298128337316,0.299798058491092,10000,10000
100,"linear",1.4,3,1,"B_n",0.3364,0.00472477555022458,7.97777229673591,10000,10000
100,"linear",1.4,3,1,"P_n",0.3364,0.00472477555022458,7.93462056443707,10000,10000
100,"linear",1.4,3,1,"Hoeffding",0.4552,0.00497988915539292,0.0100058568803966,10000,10000
100,"linear",1.4,3,1,"dCov",0.4687,0.00499019348322287,0.237603902852114,10000,10000
100,"linear",1.4,3,1,"HHG",0.3067,0.0046112374694869,14164.7631787279,10000,10000
100,"linear",1.4,3,1,"Genest",0.4587,0.00498291390654103,0.0591448110000004,10000,10000
100,"linear",1.4,3,1,"MIC",0.1448,0.00351899076440959,0.30104910975231,10000,10000
100,"linear",1.5,3,3,"B_n",0.1965,0.00397350915438734,16.8164927771806,10000,10000
100,"linear",1.5,3,3,"P_n",0.194,0.00395428881089887,16.7072097738716,10000,10000
100,"linear",1.5,3,3,"Hoeffding",0.4036,0.00490619037543388,0.00995920107343156,10000,10000
100,"linear",1.5,3,3,"dCov",0.4299,0.0049506160222744,0.234284055085159,10000,10000
100,"linear",1.5,3,3,"HHG",0.2682,0.00443022301921698,14121.1541071406,10000,10000
100,"linear",1.5,3,3,"Genest",0.414,0.00492548474771773,0.0580384960000013,10000,10000
100,"linear",1.5,3,3,"MIC",0.1267,0.00332636603518013,0.30067856900304,10000,10000
100,"linear",1.5,3,1,"B_n",0.2916,0.00454499108910018,7.90508491279778,10000,10000
100,"linear",1.5,3,1,"P_n",0.2916,0.00454499108910018,7.86524739700751,10000,10000
100,"linear",1.5,3,1,"Hoeffding",0.3942,0.00488678176308294,0.00997083513974161,10000,10000
100,"linear",1.5,3,1,"dCov",0.4168,0.00493029167494176,0.235439897513527,10000,10000
100,"linear",1.5,3,1,"HHG",0.2674,0.00442602801617884,14098.6359588015,10000,10000
100,"linear",1.5,3,1,"Genest",0.4041,0.00490717016211992,0.0582236980000004,10000,10000
100,"linear",1.5,3,1,"MIC",0.1322,0.00338708074896363,0.299928548459632,10000,10000
100,"linear",1.6,3,3,"B_n",0.1748,0.00379795945212689,16.8432411245348,10000,10000
100,"linear",1.6,3,3,"P_n",0.1768,0.00381499357797625,16.6414502277828,10000,10000
100,"linear",1.6,3,3,"Hoeffding",0.3817,0.00485803571415444,0.00957494416073208,10000,10000
100,"linear",1.6,3,3,"dCov",0.4019,0.0049028194949437,0.232837649329351,10000,10000
100,"linear",1.6,3,3,"HHG",0.2357,0.00424435519248802,14259.4162507131,10000,10000
100,"linear",1.6,3,3,"Genest",0.396,0.00489064412935556,0.0567582559999964,10000,10000
100,"linear",1.6,3,3,"MIC",0.1227,0.00328092532679426,0.299479146166138,10000,10000
100,"linear",1.6,3,1,"B_n",0.267,0.00442392359789362,7.91775961665453,10000,10000
100,"linear",1.6,3,1,"P_n",0.267,0.00442392359789362,7.87734795744749,10000,10000
100,"linear",1.6,3,1,"Hoeffding",0.3726,0.00483496887270228,0.00985320409013339,10000,10000
100,"linear",1.6,3,1,"dCov",0.3996,0.00489816128766704,0.235335436450113,10000,10000
100,"linear",1.6,3,1,"HHG",0.2402,0.00427204822070163,14189.1946352319,10000,10000
100,"linear",1.6,3,1,"Genest",0.3846,0.00486500606371667,0.058162156000004,10000,10000
100,"linear",1.6,3,1,"MIC",0.1293,0.00335531682557698,0.297667553592192,10000,10000
100,"linear",1.7,3,3,"B_n",0.1638,0.00370093988062492,16.7369743634987,10000,10000
100,"linear",1.7,3,3,"P_n",0.1602,0.00366791439376657,16.6537690151326,10000,10000
100,"linear",1.7,3,3,"Hoeffding",0.3399,0.00473674983506623,0.00964859315328755,10000,10000
100,"linear",1.7,3,3,"dCov",0.362,0.00480578817677184,0.232546326815656,10000,10000
100,"linear",1.7,3,3,"HHG",0.2277,0.00419347958144546,13974.6683740517,10000,10000
100,"linear",1.7,3,3,"Genest",0.3455,0.00475531018967217,0.0574508569999968,10000,10000
100,"linear",1.7,3,3,"MIC",0.1119,0.00315243382166858,0.300371594359285,10000,10000
100,"linear",1.7,3,1,"B_n",0.2388,0.00426350278526941,7.88209341505146,10000,10000
100,"linear",1.7,3,1,"P_n",0.2388,0.00426350278526941,7.84329330239686,10000,10000
100,"linear",1.7,3,1,"Hoeffding",0.3382,0.00473096987942219,0.00966623751187448,10000,10000
100,"linear",1.7,3,1,"dCov",0.357,0.0047911480878804,0.234806762163207,10000,10000
100,"linear",1.7,3,1,"HHG",0.2181,0.00412955675587587,14152.6691340744,10000,10000
100,"linear",1.7,3,1,"Genest",0.3407,0.00473944627567398,0.0582490629999998,10000,10000
100,"linear",1.7,3,1,"MIC",0.1139,0.00317689770058779,0.299261370688024,10000,10000
100,"linear",1.8,3,3,"B_n",0.1503,0.00357365233339786,16.7735820544963,10000,10000
100,"linear",1.8,3,3,"P_n",0.1499,0.00356973374357248,16.5926609100802,10000,10000
100,"linear",1.8,3,3,"Hoeffding",0.2939,0.00455546693545239,0.00992015409725277,10000,10000
100,"linear",1.8,3,3,"dCov",0.3183,0.00465816605543426,0.234300542634739,10000,10000
100,"linear",1.8,3,3,"HHG",0.1975,0.00398112735289893,14042.9456404345,10000,10000
100,"linear",1.8,3,3,"Genest",0.3072,0.00461333025048067,0.0575795399999982,10000,10000
100,"linear",1.8,3,3,"MIC",0.1098,0.00312640304503434,0.298227392064601,10000,10000
100,"linear",1.8,3,1,"B_n",0.2328,0.00422615853938302,7.66723660129782,10000,10000
100,"linear",1.8,3,1,"P_n",0.2328,0.00422615853938302,7.63787823793611,10000,10000
100,"linear",1.8,3,1,"Hoeffding",0.3007,0.00458562438496657,0.00994258012483343,10000,10000
100,"linear",1.8,3,1,"dCov",0.3204,0.00466630303345164,0.234930213324224,10000,10000
100,"linear",1.8,3,1,"HHG",0.1997,0.00399774824119779,14123.2217893493,10000,10000
100,"linear",1.8,3,1,"Genest",0.3094,0.00462246297984094,0.0584018769999998,10000,10000
100,"linear",1.8,3,1,"MIC",0.1061,0.00307965566257009,0.300182228114786,10000,10000
100,"linear",1.9,3,3,"B_n",0.1305,0.00336852712620813,17.0371543385591,10000,10000
100,"linear",1.9,3,3,"P_n",0.1284,0.00334534661881247,16.8981087992209,10000,10000
100,"linear",1.9,3,3,"Hoeffding",0.279,0.00448507525020484,0.00979602861138207,10000,10000
100,"linear",1.9,3,3,"dCov",0.2908,0.00454131434719069,0.235298242495042,10000,10000
100,"linear",1.9,3,3,"HHG",0.1822,0.00386009274499979,14117.7251967824,10000,10000
100,"linear",1.9,3,3,"Genest",0.2924,0.00454865078897029,0.0574550880000058,10000,10000
100,"linear",1.9,3,3,"MIC",0.0938,0.00291550270107918,0.300349323319342,10000,10000
100,"linear",1.9,3,1,"B_n",0.2015,0.00401120617769768,7.77312227365296,10000,10000
100,"linear",1.9,3,1,"P_n",0.2015,0.00401120617769768,7.73916799525102,10000,10000
100,"linear",1.9,3,1,"Hoeffding",0.2674,0.00442602801617884,0.00996985755408067,10000,10000
100,"linear",1.9,3,1,"dCov",0.2856,0.00451699723267571,0.235230649047774,10000,10000
100,"linear",1.9,3,1,"HHG",0.1792,0.00383519699624413,14078.2076001208,10000,10000
100,"linear",1.9,3,1,"Genest",0.2761,0.00447066874192218,0.0583861870000045,10000,10000
100,"linear",1.9,3,1,"MIC",0.1025,0.00303304714767179,0.297765579188864,10000,10000
100,"linear",2,3,3,"B_n",0.1207,0.00325778314195405,16.9793195828022,10000,10000
100,"linear",2,3,3,"P_n",0.1199,0.00324844562829671,16.8198826861454,10000,10000
100,"linear",2,3,3,"Hoeffding",0.2632,0.00440370026227944,0.00950128719872826,10000,10000
100,"linear",2,3,3,"dCov",0.2725,0.00445245718676777,0.233319355599363,10000,10000
100,"linear",2,3,3,"HHG",0.1708,0.00376334106878449,14022.2582322452,10000,10000
100,"linear",2,3,3,"Genest",0.2654,0.00441545965897097,0.057396298999994,10000,10000
100,"linear",2,3,3,"MIC",0.0904,0.00286753971201795,0.299688778345961,10000,10000
100,"linear",2,3,1,"B_n",0.1734,0.00378592709913965,7.87665421563912,10000,10000
100,"linear",2,3,1,"P_n",0.1734,0.00378592709913965,7.83809878388057,10000,10000
100,"linear",2,3,1,"Hoeffding",0.2539,0.0043524107113185,0.00953147812545824,10000,10000
100,"linear",2,3,1,"dCov",0.2667,0.00442234225269822,0.23351033102072,10000,10000
100,"linear",2,3,1,"HHG",0.1614,0.0036789949714562,14119.991085828,10000,10000
100,"linear",2,3,1,"Genest",0.2592,0.00438195572775445,0.0572186199999922,10000,10000
100,"linear",2,3,1,"MIC",0.0886,0.00284165515149182,0.300839974206676,10000,10000
100,"quadratic",0.1,3,3,"B_n",1,0,16.8142164004496,10000,10000
100,"quadratic",0.1,3,3,"P_n",1,0,16.6548250604623,10000,10000
100,"quadratic",0.1,3,3,"Hoeffding",1,0,0.00967253802489443,10000,10000
100,"quadratic",0.1,3,3,"dCov",1,0,0.22906461965959,10000,10000
100,"quadratic",0.1,3,3,"HHG",1,0,14351.5613188305,10000,10000
100,"quadratic",0.1,3,3,"Genest",1,0,0.0571633690000049,10000,10000
100,"quadratic",0.1,3,3,"MIC",1,0,0.298353603406051,10000,10000
100,"quadratic",0.1,3,1,"B_n",1,0,7.7459494138337,10000,10000
100,"quadratic",0.1,3,1,"P_n",1,0,7.7131851305941,10000,10000
100,"quadratic",0.1,3,1,"Hoeffding",1,0,0.00966777030243525,10000,10000
100,"quadratic",0.1,3,1,"dCov",1,0,0.226711274712326,10000,10000
100,"quadratic",0.1,3,1,"HHG",1,0,14262.6011843476,10000,10000
100,"quadratic",0.1,3,1,"Genest",1,0,0.0574132209999987,10000,10000
100,"quadratic",0.1,3,1,"MIC",1,0,0.299625093223424,10000,10000
100,"quadratic",0.2,3,3,"B_n",1,0,16.8991489343137,10000,10000
100,"quadratic",0.2,3,3,"P_n",1,0,16.7247816543488,10000,10000
100,"quadratic",0.2,3,3,"Hoeffding",1,0,0.00961853505069631,10000,10000
100,"quadratic",0.2,3,3,"dCov",1,0,0.230878407554236,10000,10000
100,"quadratic",0.2,3,3,"HHG",1,0,14083.5127043762,10000,10000
100,"quadratic",0.2,3,3,"Genest",1,0,0.0569133770000013,10000,10000
100,"quadratic",0.2,3,3,"MIC",1,0,0.299689128442188,10000,10000
100,"quadratic",0.2,3,1,"B_n",1,0,7.90780863111711,10000,10000
100,"quadratic",0.2,3,1,"P_n",1,0,7.86784786644904,10000,10000
100,"quadratic",0.2,3,1,"Hoeffding",1,0,0.0097875690419873,10000,10000
100,"quadratic",0.2,3,1,"dCov",1,0,0.231110024399769,10000,10000
100,"quadratic",0.2,3,1,"HHG",1,0,14132.3345903813,10000,10000
100,"quadratic",0.2,3,1,"Genest",1,0,0.0576299750000027,10000,10000
100,"quadratic",0.2,3,1,"MIC",1,0,0.300003207859361,10000,10000
100,"quadratic",0.3,3,3,"B_n",1,0,17.1652147605152,10000,10000
100,"quadratic",0.3,3,3,"P_n",1,0,16.982355853046,10000,10000
100,"quadratic",0.3,3,3,"Hoeffding",0.9999,9.99949998749882e-05,0.0101150150781962,10000,10000
100,"quadratic",0.3,3,3,"dCov",1,0,0.234459482589136,10000,10000
100,"quadratic",0.3,3,3,"HHG",1,0,14347.5193180146,10000,10000
100,"quadratic",0.3,3,3,"Genest",1,0,0.0583912429999976,10000,10000
100,"quadratic",0.3,3,3,"MIC",0.9978,0.00046852534616603,0.299446926879981,10000,10000
100,"quadratic",0.3,3,1,"B_n",1,0,7.93310159110861,10000,10000
100,"quadratic",0.3,3,1,"P_n",1,0,7.89199283744209,10000,10000
100,"quadratic",0.3,3,1,"Hoeffding",0.9995,0.000223550889061069,0.00962652907148489,10000,10000
100,"quadratic",0.3,3,1,"dCov",0.9997,0.000173179098045915,0.233255426919102,10000,10000
100,"quadratic",0.3,3,1,"HHG",1,0,14125.681917813,10000,10000
100,"quadratic",0.3,3,1,"Genest",0.9996,0.000199959995999189,0.0575688420000011,10000,10000
100,"quadratic",0.3,3,1,"MIC",0.996,0.00063118935352238,0.300333959580873,10000,10000
100,"quadratic",0.4,3,3,"B_n",0.9999,9.99949998749882e-05,16.7865435511024,10000,10000
100,"quadratic",0.4,3,3,"P_n",0.9999,9.99949998749882e-05,16.6736701965006,10000,10000
100,"quadratic",0.4,3,3,"Hoeffding",0.9834,0.00127767131923668,0.00964985896732951,10000,10000
100,"quadratic",0.4,3,3,"dCov",0.9889,0.00104770177054351,0.234225601126761,10000,10000
100,"quadratic",0.4,3,3,"HHG",0.9986,0.000373903730925483,13992.5340287187,10000,10000
100,"quadratic",0.4,3,3,"Genest",0.9852,0.00120751645951515,0.0576958020000024,10000,10000
100,"quadratic",0.4,3,3,"MIC",0.9341,0.00248107214727827,0.297439261482416,10000,10000
100,"quadratic",0.4,3,1,"B_n",1,0,7.60389752232716,10000,10000
100,"quadratic",0.4,3,1,"P_n",1,0,7.57723521136051,10000,10000
100,"quadratic",0.4,3,1,"Hoeffding",0.985,0.00121552457811432,0.00981895073712084,10000,10000
100,"quadratic",0.4,3,1,"dCov",0.9888,0.00105235735375394,0.233683140737178,10000,10000
100,"quadratic",0.4,3,1,"HHG",0.9979,0.000457776146167534,14202.6161916314,10000,10000
100,"quadratic",0.4,3,1,"Genest",0.9865,0.0011540255629751,0.0581218990000067,10000,10000
100,"quadratic",0.4,3,1,"MIC",0.9287,0.00257325299960964,0.299629969667066,10000,10000
100,"quadratic",0.5,3,3,"B_n",0.9878,0.00109777775528565,16.9110342288162,10000,10000
100,"quadratic",0.5,3,3,"P_n",0.9872,0.00112410675649602,16.740644558334,10000,10000
100,"quadratic",0.5,3,3,"Hoeffding",0.8896,0.00313387683229574,0.00949090101520144,10000,10000
100,"quadratic",0.5,3,3,"dCov",0.9092,0.00287324485555965,0.232986755411566,10000,10000
100,"quadratic",0.5,3,3,"HHG",0.9677,0.00176795673023974,14092.7510434291,10000,10000
100,"quadratic",0.5,3,3,"Genest",0.8958,0.00305519819324377,0.0568785499999976,10000,10000
100,"quadratic",0.5,3,3,"MIC",0.7405,0.0043836029701605,0.299911483584587,10000,10000
100,"quadratic",0.5,3,1,"B_n",0.9985,0.00038700775186034,7.67261196033861,10000,10000
100,"quadratic",0.5,3,1,"P_n",0.9985,0.00038700775186034,7.64302294789927,10000,10000
100,"quadratic",0.5,3,1,"Hoeffding",0.8753,0.00330378434526226,0.00986639087062503,10000,10000
100,"quadratic",0.5,3,1,"dCov",0.8979,0.00302779771451132,0.233782927340416,10000,10000
100,"quadratic",0.5,3,1,"HHG",0.9649,0.00184032578637588,14088.8826875682,10000,10000
100,"quadratic",0.5,3,1,"Genest",0.8814,0.00323317243585924,0.0580477360000011,10000,10000
100,"quadratic",0.5,3,1,"MIC",0.737,0.00440262421744123,0.299534274141646,10000,10000
100,"quadratic",0.6,3,3,"B_n",0.9244,0.00264357031304257,17.1105631445979,10000,10000
100,"quadratic",0.6,3,3,"P_n",0.92,0.00271293199325011,16.9390399257705,10000,10000
100,"quadratic",0.6,3,3,"Hoeffding",0.6947,0.00460534374395658,0.00962988022450467,10000,10000
100,"quadratic",0.6,3,3,"dCov",0.7149,0.00451462058206446,0.234677033431948,10000,10000
100,"quadratic",0.6,3,3,"HHG",0.8667,0.00339898676078622,14187.4767838845,10000,10000
100,"quadratic",0.6,3,3,"Genest",0.6863,0.00463996023689859,0.0581340029999986,10000,10000
100,"quadratic",0.6,3,3,"MIC",0.5479,0.00497700301386286,0.299915700600698,10000,10000
100,"quadratic",0.6,3,1,"B_n",0.9821,0.00132588046218353,7.81566928978195,10000,10000
100,"quadratic",0.6,3,1,"P_n",0.9821,0.00132588046218353,7.77983698801277,10000,10000
100,"quadratic",0.6,3,1,"Hoeffding",0.6991,0.0045864931047588,0.00954470940203635,10000,10000
100,"quadratic",0.6,3,1,"dCov",0.7292,0.00444372996479309,0.232390788875032,10000,10000
100,"quadratic",0.6,3,1,"HHG",0.8738,0.00332074630166172,14097.4804143318,10000,10000
100,"quadratic",0.6,3,1,"Genest",0.7001,0.00458213912927139,0.0576069739999971,10000,10000
100,"quadratic",0.6,3,1,"MIC",0.5369,0.00498636530952156,0.300202771104577,10000,10000
100,"quadratic",0.7,3,3,"B_n",0.8025,0.00398112735289893,16.8854392078183,10000,10000
100,"quadratic",0.7,3,3,"P_n",0.7947,0.00403920672904965,16.7853443075841,10000,10000
100,"quadratic",0.7,3,3,"Hoeffding",0.5131,0.00499828360539896,0.00948834547877257,10000,10000
100,"quadratic",0.7,3,3,"dCov",0.5431,0.00498138926405074,0.232604800529768,10000,10000
100,"quadratic",0.7,3,3,"HHG",0.7122,0.00452737407334539,14175.7671194746,10000,10000
100,"quadratic",0.7,3,3,"Genest",0.5113,0.00499872293691099,0.0573053140000033,10000,10000
100,"quadratic",0.7,3,3,"MIC",0.3991,0.0048971337535338,0.298402128693417,10000,10000
100,"quadratic",0.7,3,1,"B_n",0.9256,0.00262420730888396,8.04140616230788,10000,10000
100,"quadratic",0.7,3,1,"P_n",0.9256,0.00262420730888396,7.99531016532944,10000,10000
100,"quadratic",0.7,3,1,"Hoeffding",0.506,0.00499963998703907,0.00976645730925922,10000,10000
100,"quadratic",0.7,3,1,"dCov",0.524,0.00499423667841243,0.23460147172434,10000,10000
100,"quadratic",0.7,3,1,"HHG",0.7067,0.00455274763192514,14249.0239688591,10000,10000
100,"quadratic",0.7,3,1,"Genest",0.492,0.00499935995903476,0.0587878440000033,10000,10000
100,"quadratic",0.7,3,1,"MIC",0.3966,0.00489191618897953,0.299694285006016,10000,10000
100,"quadratic",0.8,3,3,"B_n",0.6763,0.00467887069708065,16.8298893690507,10000,10000
100,"quadratic",0.8,3,3,"P_n",0.6669,0.00471321960023082,16.7184036960598,10000,10000
100,"quadratic",0.8,3,3,"Hoeffding",0.3709,0.0048304574317553,0.0096909514352445,10000,10000
100,"quadratic",0.8,3,3,"dCov",0.3997,0.00489836615617902,0.233496950404021,10000,10000
100,"quadratic",0.8,3,3,"HHG",0.5794,0.00493655385871561,14132.9354390479,10000,10000
100,"quadratic",0.8,3,3,"Genest",0.3738,0.00483811492215718,0.0574010359999937,10000,10000
100,"quadratic",0.8,3,3,"MIC",0.2934,0.00455320151102496,0.298440204306174,10000,10000
100,"quadratic",0.8,3,1,"B_n",0.8396,0.00366976620508718,7.88208238188774,10000,10000
100,"quadratic",0.8,3,1,"P_n",0.8396,0.00366976620508718,7.84328278517486,10000,10000
100,"quadratic",0.8,3,1,"Hoeffding",0.3583,0.00479500896766628,0.00989862662497051,10000,10000
100,"quadratic",0.8,3,1,"dCov",0.3771,0.00484660283084967,0.235286950349065,10000,10000
100,"quadratic",0.8,3,1,"HHG",0.589,0.00492015243666291,14119.8589054322,10000,10000
100,"quadratic",0.8,3,1,"Genest",0.3411,0.00474078885840743,0.0587803279999974,10000,10000
100,"quadratic",0.8,3,1,"MIC",0.3092,0.00462163780493452,0.296502395401089,10000,10000
100,"quadratic",0.9,3,3,"B_n",0.5514,0.00497351022920432,16.9465891057688,10000,10000
100,"quadratic",0.9,3,3,"P_n",0.5472,0.00497767174490243,16.7524451563272,10000,10000
100,"quadratic",0.9,3,3,"Hoeffding",0.2741,0.00446059626059118,0.00965994496830283,10000,10000
100,"quadratic",0.9,3,3,"dCov",0.2849,0.00451366802057927,0.234492812001124,10000,10000
100,"quadratic",0.9,3,3,"HHG",0.4648,0.00498759420963655,14035.4043752374,10000,10000
100,"quadratic",0.9,3,3,"Genest",0.2598,0.00438524754147357,0.0583505920000009,10000,10000
100,"quadratic",0.9,3,3,"MIC",0.2266,0.00418631628045469,0.299144317601305,10000,10000
100,"quadratic",0.9,3,1,"B_n",0.747,0.00434730951279064,7.81565480091519,10000,10000
100,"quadratic",0.9,3,1,"P_n",0.747,0.00434730951279064,7.77982314066744,10000,10000
100,"quadratic",0.9,3,1,"Hoeffding",0.2872,0.00452455699488911,0.00950347149168945,10000,10000
100,"quadratic",0.9,3,1,"dCov",0.3103,0.0046261637454807,0.232241223804796,10000,10000
100,"quadratic",0.9,3,1,"HHG",0.4731,0.00499275865629413,14153.884380088,10000,10000
100,"quadratic",0.9,3,1,"Genest",0.2939,0.00455546693545239,0.0565194820000083,10000,10000
100,"quadratic",0.9,3,1,"MIC",0.2302,0.00420960758266136,0.29910449106089,10000,10000
100,"quadratic",1,3,3,"B_n",0.4584,0.00498266434751529,16.8103835140669,10000,10000
100,"quadratic",1,3,3,"P_n",0.4518,0.0049767133733017,16.6957931801576,10000,10000
100,"quadratic",1,3,3,"Hoeffding",0.2312,0.004216,0.0092825391246783,10000,10000
100,"quadratic",1,3,3,"dCov",0.2371,0.0042530411472263,0.231668830976869,10000,10000
100,"quadratic",1,3,3,"HHG",0.3821,0.00485900802633624,14039.8481858922,10000,10000
100,"quadratic",1,3,3,"Genest",0.22,0.0041424630354416,0.0568091100000013,10000,10000
100,"quadratic",1,3,3,"MIC",0.1728,0.00378074278416292,0.300758685814915,10000,10000
100,"quadratic",1,3,1,"B_n",0.6439,0.00478845267283702,7.83073549747195,10000,10000
100,"quadratic",1,3,1,"P_n",0.6439,0.00478845267283702,7.79423387892892,10000,10000
100,"quadratic",1,3,1,"Hoeffding",0.2172,0.00412339859824393,0.00986472658416692,10000,10000
100,"quadratic",1,3,1,"dCov",0.2288,0.0042006018616384,0.234739285776689,10000,10000
100,"quadratic",1,3,1,"HHG",0.3765,0.00484507739876258,14127.4465731236,10000,10000
100,"quadratic",1,3,1,"Genest",0.2138,0.00409987268094998,0.0582288419999951,10000,10000
100,"quadratic",1,3,1,"MIC",0.1842,0.00387647210747092,0.299894846652788,10000,10000
100,"quadratic",1.1,3,3,"B_n",0.3695,0.00482669400314542,17.0012455941336,10000,10000
100,"quadratic",1.1,3,3,"P_n",0.367,0.00481986514334167,16.8197725130423,10000,10000
100,"quadratic",1.1,3,3,"Hoeffding",0.1643,0.00370547581290177,0.0102029625892844,10000,10000
100,"quadratic",1.1,3,3,"dCov",0.1759,0.00380735065366982,0.236623106569629,10000,10000
100,"quadratic",1.1,3,3,"HHG",0.3115,0.00463106629190298,14148.5496607632,10000,10000
100,"quadratic",1.1,3,3,"Genest",0.1645,0.00370728674369815,0.058784760999998,10000,10000
100,"quadratic",1.1,3,3,"MIC",0.1629,0.00369274410161332,0.298702105229145,10000,10000
100,"quadratic",1.1,3,1,"B_n",0.5431,0.00498138926405074,7.87885892725224,10000,10000
100,"quadratic",1.1,3,1,"P_n",0.5431,0.00498138926405074,7.84020435389325,10000,10000
100,"quadratic",1.1,3,1,"Hoeffding",0.1694,0.00375104838678469,0.0100753564468586,10000,10000
100,"quadratic",1.1,3,1,"dCov",0.1759,0.00380735065366982,0.236497466063001,10000,10000
100,"quadratic",1.1,3,1,"HHG",0.3046,0.00460237808094902,14191.0362113805,10000,10000
100,"quadratic",1.1,3,1,"Genest",0.1669,0.00372886564520633,0.0587987089999999,10000,10000
100,"quadratic",1.1,3,1,"MIC",0.1492,0.00356285503494038,0.299190302707328,10000,10000
100,"quadratic",1.2,3,3,"B_n",0.3164,0.00465071005331444,16.8864649333587,10000,10000
100,"quadratic",1.2,3,3,"P_n",0.3144,0.00464276469358506,16.6848444366123,10000,10000
100,"quadratic",1.2,3,3,"Hoeffding",0.15,0.00357071421427142,0.00976385727674386,10000,10000
100,"quadratic",1.2,3,3,"dCov",0.155,0.00361904683583951,0.234246268431175,10000,10000
100,"quadratic",1.2,3,3,"HHG",0.255,0.0043586121644395,14130.0008572644,10000,10000
100,"quadratic",1.2,3,3,"Genest",0.1485,0.00355594924035763,0.0576331379999982,10000,10000
100,"quadratic",1.2,3,3,"MIC",0.1284,0.00334534661881247,0.300246156188567,10000,10000
100,"quadratic",1.2,3,1,"B_n",0.4991,0.00499999189999344,7.55366859678085,10000,10000
100,"quadratic",1.2,3,1,"P_n",0.4991,0.00499999189999344,7.52911599338908,10000,10000
100,"quadratic",1.2,3,1,"Hoeffding",0.157,0.00363800769652842,0.00954206952227938,10000,10000
100,"quadratic",1.2,3,1,"dCov",0.1647,0.00370909571189529,0.232321950984741,10000,10000
100,"quadratic",1.2,3,1,"HHG",0.2674,0.00442602801617884,14067.4362716035,10000,10000
100,"quadratic",1.2,3,1,"Genest",0.151,0.00358048879344706,0.0574061729999986,10000,10000
100,"quadratic",1.2,3,1,"MIC",0.1419,0.00348947546201431,0.298885957122235,10000,10000
100,"quadratic",1.3,3,3,"B_n",0.2739,0.00445958282802327,16.9841578608917,10000,10000
100,"quadratic",1.3,3,3,"P_n",0.2707,0.00444321403940886,16.8121874033874,10000,10000
100,"quadratic",1.3,3,3,"Hoeffding",0.1325,0.00339033552911802,0.00973296835916497,10000,10000
100,"quadratic",1.3,3,3,"dCov",0.1379,0.00344794997063472,0.233523453064627,10000,10000
100,"quadratic",1.3,3,3,"HHG",0.2283,0.00419736953341018,14127.67957912,10000,10000
100,"quadratic",1.3,3,3,"Genest",0.1315,0.00337946371485181,0.0573828369999943,10000,10000
100,"quadratic",1.3,3,3,"MIC",0.1212,0.00326359556317875,0.298995955844867,10000,10000
100,"quadratic",1.3,3,1,"B_n",0.3995,0.00489795620641916,7.91185941620347,10000,10000
100,"quadratic",1.3,3,1,"P_n",0.3995,0.00489795620641916,7.87171522449588,10000,10000
100,"quadratic",1.3,3,1,"Hoeffding",0.113,0.00316592798401985,0.0103412949450321,10000,10000
100,"quadratic",1.3,3,1,"dCov",0.1187,0.00323435171247655,0.237273001076407,10000,10000
100,"quadratic",1.3,3,1,"HHG",0.2181,0.00412955675587587,14205.3949751049,10000,10000
100,"quadratic",1.3,3,1,"Genest",0.1162,0.00320464600229105,0.0587286560000044,10000,10000
100,"quadratic",1.3,3,1,"MIC",0.1197,0.00324610397245683,0.298858043018112,10000,10000
100,"quadratic",1.4,3,3,"B_n",0.2483,0.00432026746857182,16.6692968536128,10000,10000
100,"quadratic",1.4,3,3,"P_n",0.2453,0.00430264930014055,16.5445464442776,10000,10000
100,"quadratic",1.4,3,3,"Hoeffding",0.123,0.00328437208610718,0.00944397225463131,10000,10000
100,"quadratic",1.4,3,3,"dCov",0.1212,0.00326359556317875,0.234657930149335,10000,10000
100,"quadratic",1.4,3,3,"HHG",0.212,0.00408724846320847,13983.5074549378,10000,10000
100,"quadratic",1.4,3,3,"Genest",0.1165,0.00320823549634375,0.0575929470000004,10000,10000
100,"quadratic",1.4,3,3,"MIC",0.107,0.00309113247855863,0.300163742913335,10000,10000
100,"quadratic",1.4,3,1,"B_n",0.3459,0.00475660793002745,7.86345088939481,10000,10000
100,"quadratic",1.4,3,1,"P_n",0.3459,0.00475660793002745,7.82548814120675,10000,10000
100,"quadratic",1.4,3,1,"Hoeffding",0.1177,0.00322252556235013,0.00958880568784838,10000,10000
100,"quadratic",1.4,3,1,"dCov",0.1144,0.00318296465578869,0.23511514218478,10000,10000
100,"quadratic",1.4,3,1,"HHG",0.1929,0.00394575201957751,14098.2220486808,10000,10000
100,"quadratic",1.4,3,1,"Genest",0.1124,0.00315857942752751,0.0581865270000009,10000,10000
100,"quadratic",1.4,3,1,"MIC",0.0985,0.00297989513238302,0.300281645703616,10000,10000
100,"quadratic",1.5,3,3,"B_n",0.2083,0.00406092489465146,16.6552738645022,10000,10000
100,"quadratic",1.5,3,3,"P_n",0.2056,0.0040413938189689,16.526016397828,10000,10000
100,"quadratic",1.5,3,3,"Hoeffding",0.1033,0.00304350308033358,0.00952632786947955,10000,10000
100,"quadratic",1.5,3,3,"dCov",0.108,0.00310380411753061,0.232984642751872,10000,10000
100,"quadratic",1.5,3,3,"HHG",0.1704,0.00375983829439512,14038.8762645026,10000,10000
100,"quadratic",1.5,3,3,"Genest",0.0975,0.00296637404923924,0.057552581999999,10000,10000
100,"quadratic",1.5,3,3,"MIC",0.0875,0.00282566363886433,0.30036775369489,10000,10000
100,"quadratic",1.5,3,1,"B_n",0.31,0.00462493243193887,7.91100404202787,10000,10000
100,"quadratic",1.5,3,1,"P_n",0.31,0.00462493243193887,7.87089858090141,10000,10000
100,"quadratic",1.5,3,1,"Hoeffding",0.1119,0.00315243382166858,0.00947431592912079,10000,10000
100,"quadratic",1.5,3,1,"dCov",0.1213,0.00326475588673947,0.231366221068642,10000,10000
100,"quadratic",1.5,3,1,"HHG",0.1802,0.00384353951456207,14101.8366509985,10000,10000
100,"quadratic",1.5,3,1,"Genest",0.1131,0.00316714998066085,0.056535131999998,10000,10000
100,"quadratic",1.5,3,1,"MIC",0.1024,0.00303173613627571,0.299899727540268,10000,10000
100,"quadratic",1.6,3,3,"B_n",0.187,0.00389911528426642,16.8796240263033,10000,10000
100,"quadratic",1.6,3,3,"P_n",0.182,0.00385844528275315,16.7628505483212,10000,10000
100,"quadratic",1.6,3,3,"Hoeffding",0.099,0.00298662016332844,0.0097873213249686,10000,10000
100,"quadratic",1.6,3,3,"dCov",0.099,0.00298662016332844,0.234799591744841,10000,10000
100,"quadratic",1.6,3,3,"HHG",0.1685,0.0037430969797749,14026.417778935,10000,10000
100,"quadratic",1.6,3,3,"Genest",0.0995,0.00299332173345934,0.0574250639999948,10000,10000
100,"quadratic",1.6,3,3,"MIC",0.0854,0.00279476009703874,0.301280430034055,10000,10000
100,"quadratic",1.6,3,1,"B_n",0.2848,0.0045131913320842,7.83873906327635,10000,10000
100,"quadratic",1.6,3,1,"P_n",0.2848,0.0045131913320842,7.80188096903306,10000,10000
100,"quadratic",1.6,3,1,"Hoeffding",0.094,0.00291828716887149,0.00987037161006232,10000,10000
100,"quadratic",1.6,3,1,"dCov",0.0991,0.00298796234916038,0.23376367870696,10000,10000
100,"quadratic",1.6,3,1,"HHG",0.1557,0.00362570696554479,14063.5591334813,10000,10000
100,"quadratic",1.6,3,1,"Genest",0.0931,0.00290572521068321,0.0579451910000033,10000,10000
100,"quadratic",1.6,3,1,"MIC",0.0942,0.00292106761304835,0.297910153506337,10000,10000
100,"quadratic",1.7,3,3,"B_n",0.153,0.00359987499782979,17.1384620992981,10000,10000
100,"quadratic",1.7,3,3,"P_n",0.1536,0.00360564890137684,16.9341176325774,10000,10000
100,"quadratic",1.7,3,3,"Hoeffding",0.0883,0.00283730699784144,0.00982385858904635,10000,10000
100,"quadratic",1.7,3,3,"dCov",0.0893,0.00285176278817155,0.234619326217034,10000,10000
100,"quadratic",1.7,3,3,"HHG",0.1384,0.00345319330475431,14143.8497632153,10000,10000
100,"quadratic",1.7,3,3,"Genest",0.0875,0.00282566363886433,0.0578597440000079,10000,10000
100,"quadratic",1.7,3,3,"MIC",0.0857,0.00279920542297274,0.299265291480511,10000,10000
100,"quadratic",1.7,3,1,"B_n",0.2484,0.00432084991639376,7.85330584237892,10000,10000
100,"quadratic",1.7,3,1,"P_n",0.2484,0.00432084991639376,7.81579732556528,10000,10000
100,"quadratic",1.7,3,1,"Hoeffding",0.0905,0.0028689675843411,0.00990561118230484,10000,10000
100,"quadratic",1.7,3,1,"dCov",0.0916,0.00288460465228773,0.23565099677224,10000,10000
100,"quadratic",1.7,3,1,"HHG",0.132,0.0033849076796864,14221.1420970494,10000,10000
100,"quadratic",1.7,3,1,"Genest",0.0828,0.00275579679947561,0.058985469999997,10000,10000
100,"quadratic",1.7,3,1,"MIC",0.0811,0.00272988626136695,0.298896157361603,10000,10000
100,"quadratic",1.8,3,3,"B_n",0.1534,0.00360372640470944,16.6700280749945,10000,10000
100,"quadratic",1.8,3,3,"P_n",0.1512,0.00358243715925346,16.5465755103945,10000,10000
100,"quadratic",1.8,3,3,"Hoeffding",0.0826,0.00275276660834151,0.00958665792152537,10000,10000
100,"quadratic",1.8,3,3,"dCov",0.0836,0.00276786993914093,0.234593847696383,10000,10000
100,"quadratic",1.8,3,3,"HHG",0.1292,0.00335421168085737,14080.0280903383,10000,10000
100,"quadratic",1.8,3,3,"Genest",0.0815,0.00273601443709641,0.0579083059999947,10000,10000
100,"quadratic",1.8,3,3,"MIC",0.0794,0.0027036205355042,0.299909561099598,10000,10000
100,"quadratic",1.8,3,1,"B_n",0.2261,0.00418304661700058,7.83479560912887,10000,10000
100,"quadratic",1.8,3,1,"P_n",0.2261,0.00418304661700058,7.7981132309373,10000,10000
100,"quadratic",1.8,3,1,"Hoeffding",0.0791,0.00269894775792345,0.0100122603321241,10000,10000
100,"quadratic",1.8,3,1,"dCov",0.0822,0.00274669182836371,0.236137305035428,10000,10000
100,"quadratic",1.8,3,1,"HHG",0.131,0.00337400355660749,14050.8040171427,10000,10000
100,"quadratic",1.8,3,1,"Genest",0.0796,0.00270672939171983,0.0585058729999981,10000,10000
100,"quadratic",1.8,3,1,"MIC",0.0759,0.00264838044850055,0.299442535796201,10000,10000
100,"quadratic",1.9,3,3,"B_n",0.1383,0.0034521458543926,16.776233529387,10000,10000
100,"quadratic",1.9,3,3,"P_n",0.1365,0.00343318729462871,16.6241094478156,10000,10000
100,"quadratic",1.9,3,3,"Hoeffding",0.0743,0.00262258479367207,0.00991940032026554,10000,10000
100,"quadratic",1.9,3,3,"dCov",0.077,0.00266591447724791,0.234697985026043,10000,10000
100,"quadratic",1.9,3,3,"HHG",0.122,0.00327285807819404,13975.5562013845,10000,10000
100,"quadratic",1.9,3,3,"Genest",0.0725,0.00259313998850814,0.0582896729999995,10000,10000
100,"quadratic",1.9,3,3,"MIC",0.082,0.00274364720764168,0.296698710812834,10000,10000
100,"quadratic",1.9,3,1,"B_n",0.2145,0.0041047502969121,7.7499070781288,10000,10000
100,"quadratic",1.9,3,1,"P_n",0.2145,0.0041047502969121,7.71696995404871,10000,10000
100,"quadratic",1.9,3,1,"Hoeffding",0.0882,0.00283585542649833,0.00930743435299768,10000,10000
100,"quadratic",1.9,3,1,"dCov",0.0861,0.00280511657511769,0.232590726614541,10000,10000
100,"quadratic",1.9,3,1,"HHG",0.1234,0.00328895788966657,14032.6152343155,10000,10000
100,"quadratic",1.9,3,1,"Genest",0.087,0.00281835058145718,0.0564766169999972,10000,10000
100,"quadratic",1.9,3,1,"MIC",0.0784,0.002688,0.298790730907115,10000,10000
100,"quadratic",2,3,3,"B_n",0.1177,0.00322252556235013,17.0118407264481,10000,10000
100,"quadratic",2,3,3,"P_n",0.1178,0.0032237115255556,16.8203101883334,10000,10000
100,"quadratic",2,3,3,"Hoeffding",0.0706,0.00256155499648163,0.010176274899213,10000,10000
100,"quadratic",2,3,3,"dCov",0.0706,0.00256155499648163,0.23620005414239,10000,10000
100,"quadratic",2,3,3,"HHG",0.101,0.0030132872415354,14208.5524368992,10000,10000
100,"quadratic",2,3,3,"Genest",0.0701,0.00255315471524935,0.0585732979999972,10000,10000
100,"quadratic",2,3,3,"MIC",0.0685,0.00252601959612351,0.301426186807171,10000,10000
100,"quadratic",2,3,1,"B_n",0.1935,0.0039504145352102,7.67143811680123,10000,10000
100,"quadratic",2,3,1,"P_n",0.1935,0.0039504145352102,7.64189950599093,10000,10000
100,"quadratic",2,3,1,"Hoeffding",0.0835,0.0027663649433869,0.00963926092930141,10000,10000
100,"quadratic",2,3,1,"dCov",0.0857,0.00279920542297274,0.232685845807248,10000,10000
100,"quadratic",2,3,1,"HHG",0.1159,0.00320104967159212,14098.1115238251,10000,10000
100,"quadratic",2,3,1,"Genest",0.0815,0.00273601443709641,0.0572121739999981,10000,10000
100,"quadratic",2,3,1,"MIC",0.0736,0.00261118823526761,0.299972605475593,10000,10000
100,"cubic",0.1,3,3,"B_n",1,0,16.7012045099576,10000,10000
100,"cubic",0.1,3,3,"P_n",1,0,16.5335303888749,10000,10000
100,"cubic",0.1,3,3,"Hoeffding",1,0,0.00945771955298832,10000,10000
100,"cubic",0.1,3,3,"dCov",1,0,0.231157702147904,10000,10000
100,"cubic",0.1,3,3,"HHG",1,0,14113.0527220663,10000,10000
100,"cubic",0.1,3,3,"Genest",1,0,0.0576921620000013,10000,10000
100,"cubic",0.1,3,3,"MIC",1,0,0.300643005356547,10000,10000
100,"cubic",0.1,3,1,"B_n",1,0,7.79758577797614,10000,10000
100,"cubic",0.1,3,1,"P_n",1,0,7.76255387541586,10000,10000
100,"cubic",0.1,3,1,"Hoeffding",1,0,0.00969345118553513,10000,10000
100,"cubic",0.1,3,1,"dCov",1,0,0.231533381583912,10000,10000
100,"cubic",0.1,3,1,"HHG",1,0,14218.2915059236,10000,10000
100,"cubic",0.1,3,1,"Genest",1,0,0.0574873519999983,10000,10000
100,"cubic",0.1,3,1,"MIC",1,0,0.300120636385359,10000,10000
100,"cubic",0.2,3,3,"B_n",1,0,16.8833324055364,10000,10000
100,"cubic",0.2,3,3,"P_n",1,0,16.7182593653927,10000,10000
100,"cubic",0.2,3,3,"Hoeffding",1,0,0.00975061271775189,10000,10000
100,"cubic",0.2,3,3,"dCov",1,0,0.234579384325253,10000,10000
100,"cubic",0.2,3,3,"HHG",1,0,14179.8490282749,10000,10000
100,"cubic",0.2,3,3,"Genest",1,0,0.0581768870000008,10000,10000
100,"cubic",0.2,3,3,"MIC",1,0,0.299960227529185,10000,10000
100,"cubic",0.2,3,1,"B_n",1,0,7.80784287039832,10000,10000
100,"cubic",0.2,3,1,"P_n",1,0,7.77235735698746,10000,10000
100,"cubic",0.2,3,1,"Hoeffding",1,0,0.00959530875767988,10000,10000
100,"cubic",0.2,3,1,"dCov",1,0,0.231773579072891,10000,10000
100,"cubic",0.2,3,1,"HHG",1,0,14115.1857643659,10000,10000
100,"cubic",0.2,3,1,"Genest",1,0,0.0576844979999992,10000,10000
100,"cubic",0.2,3,1,"MIC",1,0,0.299150102613588,10000,10000
100,"cubic",0.3,3,3,"B_n",1,0,16.7733799841246,10000,10000
100,"cubic",0.3,3,3,"P_n",1,0,16.6500729054837,10000,10000
100,"cubic",0.3,3,3,"Hoeffding",1,0,0.00985656852556705,10000,10000
100,"cubic",0.3,3,3,"dCov",1,0,0.23409931351104,10000,10000
100,"cubic",0.3,3,3,"HHG",1,0,14146.1686558508,10000,10000
100,"cubic",0.3,3,3,"Genest",1,0,0.0583465979999993,10000,10000
100,"cubic",0.3,3,3,"MIC",1,0,0.299736382969741,10000,10000
100,"cubic",0.3,3,1,"B_n",1,0,7.76056409831621,10000,10000
100,"cubic",0.3,3,1,"P_n",1,0,7.72716071165468,10000,10000
100,"cubic",0.3,3,1,"Hoeffding",1,0,0.00986216440653112,10000,10000
100,"cubic",0.3,3,1,"dCov",1,0,0.232944401255182,10000,10000
100,"cubic",0.3,3,1,"HHG",1,0,14168.2099907205,10000,10000
100,"cubic",0.3,3,1,"Genest",1,0,0.0572903630000025,10000,10000
100,"cubic",0.3,3,1,"MIC",1,0,0.299702022449668,10000,10000
100,"cubic",0.4,3,3,"B_n",1,0,16.9730409385044,10000,10000
100,"cubic",0.4,3,3,"P_n",1,0,16.7942473744291,10000,10000
100,"cubic",0.4,3,3,"Hoeffding",1,0,0.00968277411714451,10000,10000
100,"cubic",0.4,3,3,"dCov",1,0,0.233055273353708,10000,10000
100,"cubic",0.4,3,3,"HHG",1,0,14086.5625576934,10000,10000
100,"cubic",0.4,3,3,"Genest",1,0,0.0575176849999968,10000,10000
100,"cubic",0.4,3,3,"MIC",1,0,0.299412312189449,10000,10000
100,"cubic",0.4,3,1,"B_n",1,0,7.82088212628952,10000,10000
100,"cubic",0.4,3,1,"P_n",1,0,7.78481841939814,10000,10000
100,"cubic",0.4,3,1,"Hoeffding",1,0,0.00946586034445016,10000,10000
100,"cubic",0.4,3,1,"dCov",1,0,0.232211871679804,10000,10000
100,"cubic",0.4,3,1,"HHG",1,0,14078.1799993716,10000,10000
100,"cubic",0.4,3,1,"Genest",1,0,0.056790714999997,10000,10000
100,"cubic",0.4,3,1,"MIC",1,0,0.300435887584671,10000,10000
100,"cubic",0.5,3,3,"B_n",1,0,17.0095104607951,10000,10000
100,"cubic",0.5,3,3,"P_n",1,0,16.855170856547,10000,10000
100,"cubic",0.5,3,3,"Hoeffding",1,0,0.00955536920328894,10000,10000
100,"cubic",0.5,3,3,"dCov",0.9999,9.99949998749882e-05,0.235067523284664,10000,10000
100,"cubic",0.5,3,3,"HHG",1,0,14111.470769006,10000,10000
100,"cubic",0.5,3,3,"Genest",1,0,0.0576855239999989,10000,10000
100,"cubic",0.5,3,3,"MIC",1,0,0.300297415833363,10000,10000
100,"cubic",0.5,3,1,"B_n",1,0,7.6707776519541,10000,10000
100,"cubic",0.5,3,1,"P_n",1,0,7.64126738604275,10000,10000
100,"cubic",0.5,3,1,"Hoeffding",1,0,0.00944369133157792,10000,10000
100,"cubic",0.5,3,1,"dCov",1,0,0.233094404575693,10000,10000
100,"cubic",0.5,3,1,"HHG",1,0,14129.5075491621,10000,10000
100,"cubic",0.5,3,1,"Genest",1,0,0.0577570820000053,10000,10000
100,"cubic",0.5,3,1,"MIC",1,0,0.298763184383293,10000,10000
100,"cubic",0.6,3,3,"B_n",1,0,17.0476294669307,10000,10000
100,"cubic",0.6,3,3,"P_n",1,0,16.8716528719735,10000,10000
100,"cubic",0.6,3,3,"Hoeffding",0.9998,0.0001414072133945,0.00970900489217867,10000,10000
100,"cubic",0.6,3,3,"dCov",0.9998,0.0001414072133945,0.233504545049976,10000,10000
100,"cubic",0.6,3,3,"HHG",1,0,14011.2619096211,10000,10000
100,"cubic",0.6,3,3,"Genest",0.9995,0.000223550889061069,0.0575700140000018,10000,10000
100,"cubic",0.6,3,3,"MIC",1,0,0.298893047474244,10000,10000
100,"cubic",0.6,3,1,"B_n",1,0,7.62638694426344,10000,10000
100,"cubic",0.6,3,1,"P_n",1,0,7.59877192009925,10000,10000
100,"cubic",0.6,3,1,"Hoeffding",0.9999,9.99949998749882e-05,0.0095846277045651,10000,10000
100,"cubic",0.6,3,1,"dCov",1,0,0.234206154218266,10000,10000
100,"cubic",0.6,3,1,"HHG",1,0,14027.3500091476,10000,10000
100,"cubic",0.6,3,1,"Genest",1,0,0.0572169860000065,10000,10000
100,"cubic",0.6,3,1,"MIC",1,0,0.299031974321573,10000,10000
100,"cubic",0.7,3,3,"B_n",1,0,17.0637002040314,10000,10000
100,"cubic",0.7,3,3,"P_n",1,0,16.8777301854017,10000,10000
100,"cubic",0.7,3,3,"Hoeffding",0.9978,0.00046852534616603,0.00912297881508117,10000,10000
100,"cubic",0.7,3,3,"dCov",0.9991,0.000299864969611326,0.232279778736168,10000,10000
100,"cubic",0.7,3,3,"HHG",1,0,14165.932745019,10000,10000
100,"cubic",0.7,3,3,"Genest",0.9984,0.000399679871897503,0.0565868389999953,10000,10000
100,"cubic",0.7,3,3,"MIC",0.9996,0.000199959995999189,0.299745186646569,10000,10000
100,"cubic",0.7,3,1,"B_n",1,0,7.73545491425148,10000,10000
100,"cubic",0.7,3,1,"P_n",1,0,7.70314830557294,10000,10000
100,"cubic",0.7,3,1,"Hoeffding",0.997,0.000546900356555013,0.00964386262158721,10000,10000
100,"cubic",0.7,3,1,"dCov",0.999,0.000316069612585582,0.234718716854595,10000,10000
100,"cubic",0.7,3,1,"HHG",1,0,14012.7079187288,10000,10000
100,"cubic",0.7,3,1,"Genest",0.9974,0.000509238647394328,0.0571362699999991,10000,10000
100,"cubic",0.7,3,1,"MIC",0.9994,0.000244875478560032,0.298777959525056,10000,10000
100,"cubic",0.8,3,3,"B_n",1,0,16.7886789895611,10000,10000
100,"cubic",0.8,3,3,"P_n",1,0,16.6190393326902,10000,10000
100,"cubic",0.8,3,3,"Hoeffding",0.9819,0.00133313127635653,0.00959425878286334,10000,10000
100,"cubic",0.8,3,3,"dCov",0.9912,0.00093394646527518,0.234393907183091,10000,10000
100,"cubic",0.8,3,3,"HHG",1,0,13947.6864480864,10000,10000
100,"cubic",0.8,3,3,"Genest",0.9833,0.00128144878945669,0.057076903000004,10000,10000
100,"cubic",0.8,3,3,"MIC",0.9968,0.000564779603031128,0.298974226743497,10000,10000
100,"cubic",0.8,3,1,"B_n",1,0,7.66386253995733,10000,10000
100,"cubic",0.8,3,1,"P_n",1,0,7.6346487977878,10000,10000
100,"cubic",0.8,3,1,"Hoeffding",0.9846,0.00123137484138665,0.00956231856222651,10000,10000
100,"cubic",0.8,3,1,"dCov",0.9915,0.000918027777357524,0.234842977578394,10000,10000
100,"cubic",0.8,3,1,"HHG",0.9998,0.0001414072133945,13997.5168260959,10000,10000
100,"cubic",0.8,3,1,"Genest",0.9826,0.001307564147566,0.0577476809999955,10000,10000
100,"cubic",0.8,3,1,"MIC",0.997,0.000546900356555013,0.297693803398075,10000,10000
100,"cubic",0.9,3,3,"B_n",1,0,16.8343974021536,10000,10000
100,"cubic",0.9,3,3,"P_n",1,0,16.6720707060617,10000,10000
100,"cubic",0.9,3,3,"Hoeffding",0.9381,0.00240973836754117,0.00970208741103433,10000,10000
100,"cubic",0.9,3,3,"dCov",0.9709,0.00168086852549508,0.234331866458784,10000,10000
100,"cubic",0.9,3,3,"HHG",0.9987,0.00036032069049667,14186.3878707116,10000,10000
100,"cubic",0.9,3,3,"Genest",0.9372,0.0024260288539092,0.0578261210000022,10000,10000
100,"cubic",0.9,3,3,"MIC",0.985,0.00121552457811432,0.300256146603514,10000,10000
100,"cubic",0.9,3,1,"B_n",1,0,7.66186817748864,10000,10000
100,"cubic",0.9,3,1,"P_n",1,0,7.63273986698305,10000,10000
100,"cubic",0.9,3,1,"Hoeffding",0.9461,0.00225820260384227,0.00939336891426361,10000,10000
100,"cubic",0.9,3,1,"dCov",0.9738,0.00159729646590732,0.232719443595173,10000,10000
100,"cubic",0.9,3,1,"HHG",0.9987,0.00036032069049667,14129.2950260889,10000,10000
100,"cubic",0.9,3,1,"Genest",0.9451,0.00227784964385273,0.0567954409999953,10000,10000
100,"cubic",0.9,3,1,"MIC",0.9841,0.00125088728509007,0.299614167555688,10000,10000
100,"cubic",1,3,3,"B_n",0.9999,9.99949998749882e-05,17.145775621198,10000,10000
100,"cubic",1,3,3,"P_n",0.9999,9.99949998749882e-05,17.0051800887512,10000,10000
100,"cubic",1,3,3,"Hoeffding",0.8622,0.00344689947634102,0.0100546006828223,10000,10000
100,"cubic",1,3,3,"dCov",0.9249,0.00263552632314686,0.236124572174855,10000,10000
100,"cubic",1,3,3,"HHG",0.9921,0.00088530164350915,14303.0478456139,10000,10000
100,"cubic",1,3,3,"Genest",0.8592,0.00347815123305471,0.0590382510000007,10000,10000
100,"cubic",1,3,3,"MIC",0.9589,0.00198521510169553,0.298909401315461,10000,10000
100,"cubic",1,3,1,"B_n",1,0,7.7753175567015,10000,10000
100,"cubic",1,3,1,"P_n",1,0,7.7412668192228,10000,10000
100,"cubic",1,3,1,"Hoeffding",0.8725,0.00333532232325453,0.00972162318535661,10000,10000
100,"cubic",1,3,1,"dCov",0.9295,0.00255987792677698,0.234949335979078,10000,10000
100,"cubic",1,3,1,"HHG",0.9931,0.000827791640450664,14245.9601204031,10000,10000
100,"cubic",1,3,1,"Genest",0.8687,0.00337728159915634,0.0583315170000051,10000,10000
100,"cubic",1,3,1,"MIC",0.9636,0.0018728331479339,0.2984481303268,10000,10000
100,"cubic",1.1,3,3,"B_n",0.9994,0.000244875478560032,17.0328062148855,10000,10000
100,"cubic",1.1,3,3,"P_n",0.9992,0.000282729552753161,16.8492346019495,10000,10000
100,"cubic",1.1,3,3,"Hoeffding",0.7808,0.00413704435557561,0.010023222972413,10000,10000
100,"cubic",1.1,3,3,"dCov",0.8581,0.00348947546201431,0.236896002505549,10000,10000
100,"cubic",1.1,3,3,"HHG",0.9784,0.00145373450120715,14341.72943819,10000,10000
100,"cubic",1.1,3,3,"Genest",0.7805,0.00413907900383648,0.0584774660000006,10000,10000
100,"cubic",1.1,3,3,"MIC",0.915,0.00278881695347687,0.301222591944795,10000,10000
100,"cubic",1.1,3,1,"B_n",1,0,7.88512395832673,10000,10000
100,"cubic",1.1,3,1,"P_n",1,0,7.84618741815741,10000,10000
100,"cubic",1.1,3,1,"Hoeffding",0.7966,0.00402527564273554,0.00954038132747632,10000,10000
100,"cubic",1.1,3,1,"dCov",0.879,0.00326127275768219,0.233614728024011,10000,10000
100,"cubic",1.1,3,1,"HHG",0.9824,0.00131492357192348,13987.6229815502,10000,10000
100,"cubic",1.1,3,1,"Genest",0.7895,0.00407663770771944,0.0577772800000019,10000,10000
100,"cubic",1.1,3,1,"MIC",0.918,0.00274364720764168,0.299016331479863,10000,10000
100,"cubic",1.2,3,3,"B_n",0.9992,0.000282729552753161,16.9525775752033,10000,10000
100,"cubic",1.2,3,3,"P_n",0.999,0.000316069612585582,16.7885960559429,10000,10000
100,"cubic",1.2,3,3,"Hoeffding",0.6966,0.00459726483901026,0.00980813287514316,10000,10000
100,"cubic",1.2,3,3,"dCov",0.7966,0.00402527564273554,0.23437084468986,10000,10000
100,"cubic",1.2,3,3,"HHG",0.9562,0.00204649847300212,14077.7536444785,10000,10000
100,"cubic",1.2,3,3,"Genest",0.7133,0.00452220200787183,0.0574921010000004,10000,10000
100,"cubic",1.2,3,3,"MIC",0.8723,0.00333755464374743,0.29789073828627,10000,10000
100,"cubic",1.2,3,1,"B_n",0.9996,0.000199959995999189,7.74711929866488,10000,10000
100,"cubic",1.2,3,1,"P_n",0.9996,0.000199959995999189,7.71430396279449,10000,10000
100,"cubic",1.2,3,1,"Hoeffding",0.6978,0.00459211454560968,0.00969774605406047,10000,10000
100,"cubic",1.2,3,1,"dCov",0.8014,0.00398946161781261,0.233720930174383,10000,10000
100,"cubic",1.2,3,1,"HHG",0.9577,0.00201272725424982,14091.8954967668,10000,10000
100,"cubic",1.2,3,1,"Genest",0.7134,0.00452173019982396,0.057181082000001,10000,10000
100,"cubic",1.2,3,1,"MIC",0.8597,0.0034729801323935,0.300445821841358,10000,10000
100,"cubic",1.3,3,3,"B_n",0.9963,0.000607149899118829,16.8979823237024,10000,10000
100,"cubic",1.3,3,3,"P_n",0.996,0.00063118935352238,16.724028323846,10000,10000
100,"cubic",1.3,3,3,"Hoeffding",0.6313,0.004824523914336,0.0093122811058194,10000,10000
100,"cubic",1.3,3,3,"dCov",0.7297,0.00444114748685517,0.233009047855553,10000,10000
100,"cubic",1.3,3,3,"HHG",0.9178,0.00274669182836371,14056.2901195031,10000,10000
100,"cubic",1.3,3,3,"Genest",0.6376,0.00480693499019906,0.0568710429999968,10000,10000
100,"cubic",1.3,3,3,"MIC",0.7983,0.00401269373364078,0.299539725286281,10000,10000
100,"cubic",1.3,3,1,"B_n",0.9993,0.000264482513599677,7.60818054883837,10000,10000
100,"cubic",1.3,3,1,"P_n",0.9993,0.000264482513599677,7.58133718417782,10000,10000
100,"cubic",1.3,3,1,"Hoeffding",0.6414,0.00479589449425235,0.00911336699628304,10000,10000
100,"cubic",1.3,3,1,"dCov",0.7473,0.00434560364046239,0.230061175302971,10000,10000
100,"cubic",1.3,3,1,"HHG",0.9281,0.00258322259977726,13937.2819411628,10000,10000
100,"cubic",1.3,3,1,"Genest",0.6589,0.00474078885840743,0.0555702170000065,10000,10000
100,"cubic",1.3,3,1,"MIC",0.7968,0.00402380118793163,0.299003422964264,10000,10000
100,"cubic",1.4,3,3,"B_n",0.9905,0.000970038659023441,16.9097328906744,10000,10000
100,"cubic",1.4,3,3,"P_n",0.9901,0.000990049998737438,16.7710235606739,10000,10000
100,"cubic",1.4,3,3,"Hoeffding",0.5561,0.00496842822228519,0.00913309204500292,10000,10000
100,"cubic",1.4,3,3,"dCov",0.6593,0.00473944627567398,0.231023526625984,10000,10000
100,"cubic",1.4,3,3,"HHG",0.8673,0.00339250217391235,14056.0902543678,10000,10000
100,"cubic",1.4,3,3,"Genest",0.5693,0.00495174221865396,0.0558882189999962,10000,10000
100,"cubic",1.4,3,3,"MIC",0.7321,0.0044286520522615,0.300163371549477,10000,10000
100,"cubic",1.4,3,1,"B_n",0.9982,0.000423882059068324,7.95317053863328,10000,10000
100,"cubic",1.4,3,1,"P_n",0.9982,0.000423882059068324,7.91114637810363,10000,10000
100,"cubic",1.4,3,1,"Hoeffding",0.518,0.0049967589495592,0.00993180875130433,10000,10000
100,"cubic",1.4,3,1,"dCov",0.6224,0.00484786798500124,0.235908914096744,10000,10000
100,"cubic",1.4,3,1,"HHG",0.8679,0.00338599453632164,14184.8284345576,10000,10000
100,"cubic",1.4,3,1,"Genest",0.5264,0.00499302553568475,0.0582966470000014,10000,10000
100,"cubic",1.4,3,1,"MIC",0.7379,0.00439776750181271,0.300301334197105,10000,10000
100,"cubic",1.5,3,3,"B_n",0.9846,0.00123137484138665,16.5997999187081,10000,10000
100,"cubic",1.5,3,3,"P_n",0.9831,0.00128896819200475,16.4413849284142,10000,10000
100,"cubic",1.5,3,3,"Hoeffding",0.4735,0.00499297256151083,0.00953139245388874,10000,10000
100,"cubic",1.5,3,3,"dCov",0.5632,0.00495989677311938,0.233370430500263,10000,10000
100,"cubic",1.5,3,3,"HHG",0.8318,0.00374043794227361,13905.4133917132,10000,10000
100,"cubic",1.5,3,3,"Genest",0.4703,0.00499117130541519,0.0573853689999952,10000,10000
100,"cubic",1.5,3,3,"MIC",0.6729,0.00469154121797944,0.297979702623753,10000,10000
100,"cubic",1.5,3,1,"B_n",0.996,0.00063118935352238,7.8662661801569,10000,10000
100,"cubic",1.5,3,1,"P_n",0.996,0.00063118935352238,7.82817719741692,10000,10000
100,"cubic",1.5,3,1,"Hoeffding",0.4563,0.00498086649088289,0.00967481131002854,10000,10000
100,"cubic",1.5,3,1,"dCov",0.544,0.00498060237320748,0.235317961613726,10000,10000
100,"cubic",1.5,3,1,"HHG",0.8094,0.00392774286327402,14189.1275540786,10000,10000
100,"cubic",1.5,3,1,"Genest",0.4537,0.00497851694784702,0.0578298660000065,10000,10000
100,"cubic",1.5,3,1,"MIC",0.6656,0.00471780287845942,0.299162667913664,10000,10000
100,"cubic",1.6,3,3,"B_n",0.9699,0.00170862488569024,16.8686792124705,10000,10000
100,"cubic",1.6,3,3,"P_n",0.9687,0.00174127281033157,16.6935563613323,10000,10000
100,"cubic",1.6,3,3,"Hoeffding",0.4061,0.00491103644865318,0.00963298897347129,10000,10000
100,"cubic",1.6,3,3,"dCov",0.4948,0.00499972959268799,0.233216229872295,10000,10000
100,"cubic",1.6,3,3,"HHG",0.7468,0.00434844523939304,14184.0966753905,10000,10000
100,"cubic",1.6,3,3,"Genest",0.408,0.00491463121709045,0.0577328469999946,10000,10000
100,"cubic",1.6,3,3,"MIC",0.5904,0.00491759941434843,0.300204374037902,10000,10000
100,"cubic",1.6,3,1,"B_n",0.9919,0.000896347588829244,7.91071080582176,10000,10000
100,"cubic",1.6,3,1,"P_n",0.9919,0.000896347588829244,7.87061864207512,10000,10000
100,"cubic",1.6,3,1,"Hoeffding",0.404,0.00490697462801674,0.00963997884377118,10000,10000
100,"cubic",1.6,3,1,"dCov",0.4898,0.00499895949173425,0.234004836802585,10000,10000
100,"cubic",1.6,3,1,"HHG",0.7506,0.00432665737030332,14136.358012711,10000,10000
100,"cubic",1.6,3,1,"Genest",0.4017,0.0049024188927508,0.0578388009999965,10000,10000
100,"cubic",1.6,3,1,"MIC",0.5907,0.00491704697964134,0.300823529131552,10000,10000
100,"cubic",1.7,3,3,"B_n",0.9456,0.00226805290943576,17.0691457360659,10000,10000
100,"cubic",1.7,3,3,"P_n",0.9435,0.00230884711490389,16.8849393268967,10000,10000
100,"cubic",1.7,3,3,"Hoeffding",0.3608,0.00480232610304631,0.00963637001192228,10000,10000
100,"cubic",1.7,3,3,"dCov",0.4296,0.00495019029937234,0.234721446476076,10000,10000
100,"cubic",1.7,3,3,"HHG",0.6753,0.00468262650656659,14177.8937755945,10000,10000
100,"cubic",1.7,3,3,"Genest",0.3646,0.00481317816001029,0.0572948200000011,10000,10000
100,"cubic",1.7,3,3,"MIC",0.5375,0.00498591766879478,0.299911957821026,10000,10000
100,"cubic",1.7,3,1,"B_n",0.9848,0.00122347701245262,7.817146968813,10000,10000
100,"cubic",1.7,3,1,"P_n",0.9848,0.00122347701245262,7.78124912272465,10000,10000
100,"cubic",1.7,3,1,"Hoeffding",0.3406,0.00473911004303551,0.00987908753004482,10000,10000
100,"cubic",1.7,3,1,"dCov",0.4351,0.00495770097928465,0.233834620959531,10000,10000
100,"cubic",1.7,3,1,"HHG",0.7024,0.00457202624664382,13974.3753084824,10000,10000
100,"cubic",1.7,3,1,"Genest",0.3597,0.00479912398256182,0.0577401689999987,10000,10000
100,"cubic",1.7,3,1,"MIC",0.5454,0.00497934574015503,0.297911982811648,10000,10000
100,"cubic",1.8,3,3,"B_n",0.9256,0.00262420730888396,17.1624007813083,10000,10000
100,"cubic",1.8,3,3,"P_n",0.9216,0.002688,17.04254269192,10000,10000
100,"cubic",1.8,3,3,"Hoeffding",0.3041,0.00460025205831159,0.00995792728994127,10000,10000
100,"cubic",1.8,3,3,"dCov",0.3642,0.00481205112192296,0.236465821030857,10000,10000
100,"cubic",1.8,3,3,"HHG",0.6237,0.00484456716332842,14205.0118551514,10000,10000
100,"cubic",1.8,3,3,"Genest",0.3151,0.00464555690956423,0.0583804629999931,10000,10000
100,"cubic",1.8,3,3,"MIC",0.4845,0.00499759692252186,0.299791348712139,10000,10000
100,"cubic",1.8,3,1,"B_n",0.9787,0.00144382512791543,7.62073344047632,10000,10000
100,"cubic",1.8,3,1,"P_n",0.9787,0.00144382512791543,7.5933583783186,10000,10000
100,"cubic",1.8,3,1,"Hoeffding",0.32,0.00466476151587624,0.00947306804633756,10000,10000
100,"cubic",1.8,3,1,"dCov",0.3987,0.00489630789473048,0.232422860794201,10000,10000
100,"cubic",1.8,3,1,"HHG",0.6265,0.00483733139241049,14070.8621819874,10000,10000
100,"cubic",1.8,3,1,"Genest",0.3353,0.00472095234036524,0.0565684469999975,10000,10000
100,"cubic",1.8,3,1,"MIC",0.4861,0.00499806752655464,0.297759444245886,10000,10000
100,"cubic",1.9,3,3,"B_n",0.8898,0.00313138882925771,16.9628257392072,10000,10000
100,"cubic",1.9,3,3,"P_n",0.8845,0.00319624388931758,16.828723705989,10000,10000
100,"cubic",1.9,3,3,"Hoeffding",0.291,0.00454223513261918,0.009518786779004,10000,10000
100,"cubic",1.9,3,3,"dCov",0.3437,0.00474942428089974,0.233397159286069,10000,10000
100,"cubic",1.9,3,3,"HHG",0.5708,0.00494961978337731,14099.9036682892,10000,10000
100,"cubic",1.9,3,3,"Genest",0.2893,0.00453437437801512,0.0576515160000041,10000,10000
100,"cubic",1.9,3,3,"MIC",0.4138,0.00492513512504987,0.302093920494465,10000,10000
100,"cubic",1.9,3,1,"B_n",0.9588,0.0019875250941812,7.91356414039603,10000,10000
100,"cubic",1.9,3,1,"P_n",0.9588,0.0019875250941812,7.8733426983967,10000,10000
100,"cubic",1.9,3,1,"Hoeffding",0.2667,0.00442234225269822,0.00979313503752016,10000,10000
100,"cubic",1.9,3,1,"dCov",0.3315,0.00470752323414341,0.234092221817397,10000,10000
100,"cubic",1.9,3,1,"HHG",0.5618,0.00496166060911062,14150.0855606019,10000,10000
100,"cubic",1.9,3,1,"Genest",0.2795,0.0044875355151798,0.0576209820000018,10000,10000
100,"cubic",1.9,3,1,"MIC",0.4284,0.00494846885410023,0.300383520123376,10000,10000
100,"cubic",2,3,3,"B_n",0.8543,0.00352805201208826,16.8044291347816,10000,10000
100,"cubic",2,3,3,"P_n",0.849,0.00358048879344706,16.6583807071315,10000,10000
100,"cubic",2,3,3,"Hoeffding",0.2527,0.00434560364046239,0.0096915923117138,10000,10000
100,"cubic",2,3,3,"dCov",0.3032,0.00459640903314751,0.23343896693531,10000,10000
100,"cubic",2,3,3,"HHG",0.5132,0.00499825729629838,14090.4917050368,10000,10000
100,"cubic",2,3,3,"Genest",0.2568,0.00436868126555371,0.0573309540000001,10000,10000
100,"cubic",2,3,3,"MIC",0.3766,0.00484533218675459,0.300470934301208,10000,10000
100,"cubic",2,3,1,"B_n",0.9418,0.00234121250637357,7.84181383121572,10000,10000
100,"cubic",2,3,1,"P_n",0.9418,0.00234121250637357,7.80481861595374,10000,10000
100,"cubic",2,3,1,"Hoeffding",0.2649,0.00441279945159532,0.00944751334616946,10000,10000
100,"cubic",2,3,1,"dCov",0.3201,0.00466514726455661,0.231619115887906,10000,10000
100,"cubic",2,3,1,"HHG",0.5119,0.00499858369940926,14129.4931064008,10000,10000
100,"cubic",2,3,1,"Genest",0.2707,0.00444321403940886,0.0567282349999979,10000,10000
100,"cubic",2,3,1,"MIC",0.4071,0.00491293791941238,0.298844298271194,10000,10000
100,"sine",0.1,3,3,"B_n",1,0,16.8523865184015,10000,10000
100,"sine",0.1,3,3,"P_n",1,0,16.7191940322117,10000,10000
100,"sine",0.1,3,3,"Hoeffding",1,0,0.00944852812258924,10000,10000
100,"sine",0.1,3,3,"dCov",1,0,0.227177330414152,10000,10000
100,"sine",0.1,3,3,"HHG",1,0,14374.9078989988,10000,10000
100,"sine",0.1,3,3,"Genest",1,0,0.0573387570000041,10000,10000
100,"sine",0.1,3,3,"MIC",1,0,0.299308226515276,10000,10000
100,"sine",0.1,3,1,"B_n",0.9998,0.0001414072133945,7.83546097633603,10000,10000
100,"sine",0.1,3,1,"P_n",0.9998,0.0001414072133945,7.79874896421499,10000,10000
100,"sine",0.1,3,1,"Hoeffding",1,0,0.00962907995906891,10000,10000
100,"sine",0.1,3,1,"dCov",1,0,0.226769707562304,10000,10000
100,"sine",0.1,3,1,"HHG",1,0,14471.9385710327,10000,10000
100,"sine",0.1,3,1,"Genest",1,0,0.0573628809999926,10000,10000
100,"sine",0.1,3,1,"MIC",1,0,0.300772238310176,10000,10000
100,"sine",0.2,3,3,"B_n",0.9931,0.000827791640450664,16.7356056095301,10000,10000
100,"sine",0.2,3,3,"P_n",0.992,0.000890842298052804,16.5913590455865,10000,10000
100,"sine",0.2,3,3,"Hoeffding",1,0,0.00953386763171373,10000,10000
100,"sine",0.2,3,3,"dCov",1,0,0.22956273031165,10000,10000
100,"sine",0.2,3,3,"HHG",1,0,14253.2344411137,10000,10000
100,"sine",0.2,3,3,"Genest",1,0,0.0570744350000039,10000,10000
100,"sine",0.2,3,3,"MIC",1,0,0.29731630332715,10000,10000
100,"sine",0.2,3,1,"B_n",0.9986,0.000373903730925483,7.83893533872071,10000,10000
100,"sine",0.2,3,1,"P_n",0.9986,0.000373903730925483,7.8020684946186,10000,10000
100,"sine",0.2,3,1,"Hoeffding",1,0,0.00975811064038236,10000,10000
100,"sine",0.2,3,1,"dCov",1,0,0.229934743968927,10000,10000
100,"sine",0.2,3,1,"HHG",1,0,14294.521900539,10000,10000
100,"sine",0.2,3,1,"Genest",1,0,0.0572106180000036,10000,10000
100,"sine",0.2,3,1,"MIC",1,0,0.301770020440922,10000,10000
100,"sine",0.3,3,3,"B_n",0.9118,0.00283585542649832,16.937896088984,10000,10000
100,"sine",0.3,3,3,"P_n",0.9067,0.00290852385240348,16.7928540225153,10000,10000
100,"sine",0.3,3,3,"Hoeffding",0.998,0.000446766158073774,0.00955296043753333,10000,10000
100,"sine",0.3,3,3,"dCov",0.9986,0.000373903730925483,0.230346834421713,10000,10000
100,"sine",0.3,3,3,"HHG",0.9998,0.0001414072133945,14199.6846943061,10000,10000
100,"sine",0.3,3,3,"Genest",0.9969,0.000555912762940373,0.0569229800000025,10000,10000
100,"sine",0.3,3,3,"MIC",1,0,0.299259129398323,10000,10000
100,"sine",0.3,3,1,"B_n",0.985,0.00121552457811432,7.86277262480246,10000,10000
100,"sine",0.3,3,1,"P_n",0.985,0.00121552457811432,7.8248402681169,10000,10000
100,"sine",0.3,3,1,"Hoeffding",0.999,0.000316069612585582,0.00984012356895273,10000,10000
100,"sine",0.3,3,1,"dCov",0.999,0.000316069612585582,0.233157754562401,10000,10000
100,"sine",0.3,3,1,"HHG",0.9998,0.0001414072133945,14229.617170557,10000,10000
100,"sine",0.3,3,1,"Genest",0.9971,0.000537735064878609,0.0584342680000074,10000,10000
100,"sine",0.3,3,1,"MIC",0.9999,9.99949998749882e-05,0.300373493400528,10000,10000
100,"sine",0.4,3,3,"B_n",0.7239,0.00447066874192218,17.1436994988156,10000,10000
100,"sine",0.4,3,3,"P_n",0.7185,0.00449730752784374,16.947467388235,10000,10000
100,"sine",0.4,3,3,"Hoeffding",0.9419,0.00233932447514234,0.00964039391920465,10000,10000
100,"sine",0.4,3,3,"dCov",0.9456,0.00226805290943576,0.233452529420758,10000,10000
100,"sine",0.4,3,3,"HHG",0.9714,0.00166679452842874,14127.3808052258,10000,10000
100,"sine",0.4,3,3,"Genest",0.9311,0.00253284010549423,0.0575694839999993,10000,10000
100,"sine",0.4,3,3,"MIC",0.9897,0.00100964894889263,0.299045750403514,10000,10000
100,"sine",0.4,3,1,"B_n",0.9175,0.00275124971603815,7.70846456944151,10000,10000
100,"sine",0.4,3,1,"P_n",0.9175,0.00275124971603815,7.67732994061562,10000,10000
100,"sine",0.4,3,1,"Hoeffding",0.945,0.0022798026230356,0.00956435276391094,10000,10000
100,"sine",0.4,3,1,"dCov",0.9516,0.00214609971809327,0.2315535062915,10000,10000
100,"sine",0.4,3,1,"HHG",0.9744,0.00157938722294439,14054.2286146881,10000,10000
100,"sine",0.4,3,1,"Genest",0.9367,0.00243501765907354,0.0568747490000004,10000,10000
100,"sine",0.4,3,1,"MIC",0.9896,0.00101448706250992,0.298473201899219,10000,10000
100,"sine",0.5,3,3,"B_n",0.562,0.00496141108959941,16.8696203145207,10000,10000
100,"sine",0.5,3,3,"P_n",0.5531,0.00497172394647973,16.7489423696522,10000,10000
100,"sine",0.5,3,3,"Hoeffding",0.7817,0.00413092132580615,0.0097462999179678,10000,10000
100,"sine",0.5,3,3,"dCov",0.7931,0.00405083188987151,0.234301836004023,10000,10000
100,"sine",0.5,3,3,"HHG",0.8327,0.003732434996085,14159.9126644143,10000,10000
100,"sine",0.5,3,3,"Genest",0.7673,0.00422552612108835,0.0578225130000014,10000,10000
100,"sine",0.5,3,3,"MIC",0.8952,0.00306295543552302,0.300173156529775,10000,10000
100,"sine",0.5,3,1,"B_n",0.7942,0.0040428499848498,7.83264095292127,10000,10000
100,"sine",0.5,3,1,"P_n",0.7942,0.0040428499848498,7.7960545240969,10000,10000
100,"sine",0.5,3,1,"Hoeffding",0.7971,0.00402158662719082,0.00946136557559603,10000,10000
100,"sine",0.5,3,1,"dCov",0.8138,0.00389267979674671,0.232197757722507,10000,10000
100,"sine",0.5,3,1,"HHG",0.837,0.00369365672471062,14114.9173224024,10000,10000
100,"sine",0.5,3,1,"Genest",0.7882,0.00408583846964121,0.0567383429999931,10000,10000
100,"sine",0.5,3,1,"MIC",0.9063,0.00291410895472355,0.29783848157257,10000,10000
100,"sine",0.6,3,3,"B_n",0.4051,0.00490911387115842,16.9660736503339,10000,10000
100,"sine",0.6,3,3,"P_n",0.4034,0.00490579697908505,16.7408099988609,10000,10000
100,"sine",0.6,3,3,"Hoeffding",0.6168,0.00486166391269491,0.00956402867301245,10000,10000
100,"sine",0.6,3,3,"dCov",0.6334,0.00481875959143014,0.232849024403902,10000,10000
100,"sine",0.6,3,3,"HHG",0.6371,0.0048083634430022,14035.7385315013,10000,10000
100,"sine",0.6,3,3,"Genest",0.6096,0.00487839973761888,0.0575205980000033,10000,10000
100,"sine",0.6,3,3,"MIC",0.7258,0.00446110255430202,0.298737828842627,10000,10000
100,"sine",0.6,3,1,"B_n",0.6463,0.00478117464646503,7.83605400586385,10000,10000
100,"sine",0.6,3,1,"P_n",0.6463,0.00478117464646503,7.79931557074587,10000,10000
100,"sine",0.6,3,1,"Hoeffding",0.5921,0.00491444391564295,0.00993245427661849,10000,10000
100,"sine",0.6,3,1,"dCov",0.6091,0.00487952036577367,0.235296777864732,10000,10000
100,"sine",0.6,3,1,"HHG",0.6102,0.00487704787755872,14288.2789821388,10000,10000
100,"sine",0.6,3,1,"Genest",0.5794,0.00493655385871561,0.0590308099999967,10000,10000
100,"sine",0.6,3,1,"MIC",0.7266,0.00445704431209742,0.301022817539712,10000,10000
100,"sine",0.7,3,3,"B_n",0.313,0.00463714351729597,16.9210643478168,10000,10000
100,"sine",0.7,3,3,"P_n",0.3101,0.00462534312240724,16.7651750876973,10000,10000
100,"sine",0.7,3,3,"Hoeffding",0.4714,0.00499181369844669,0.00980083817344494,10000,10000
100,"sine",0.7,3,3,"dCov",0.4824,0.00499690143989253,0.235427982351318,10000,10000
100,"sine",0.7,3,3,"HHG",0.4518,0.0049767133733017,14284.2154460537,10000,10000
100,"sine",0.7,3,3,"Genest",0.4769,0.00499466104956082,0.0576413230000044,10000,10000
100,"sine",0.7,3,3,"MIC",0.5519,0.0049729909511279,0.299653242480326,10000,10000
100,"sine",0.7,3,1,"B_n",0.5175,0.00499693656153448,7.82963656808337,10000,10000
100,"sine",0.7,3,1,"P_n",0.5175,0.00499693656153448,7.79318384267477,10000,10000
100,"sine",0.7,3,1,"Hoeffding",0.459,0.00498316164698678,0.00996259008133087,10000,10000
100,"sine",0.7,3,1,"dCov",0.4735,0.00499297256151083,0.235530888126497,10000,10000
100,"sine",0.7,3,1,"HHG",0.4745,0.00499349326624158,14036.5938452884,10000,10000
100,"sine",0.7,3,1,"Genest",0.4564,0.00498095412546632,0.0586063360000023,10000,10000
100,"sine",0.7,3,1,"MIC",0.5636,0.0049593854457987,0.298876705836228,10000,10000
100,"sine",0.8,3,3,"B_n",0.2338,0.00423246453027075,17.1954139342345,10000,10000
100,"sine",0.8,3,3,"P_n",0.2296,0.0042057560556932,17.0461619783051,10000,10000
100,"sine",0.8,3,3,"Hoeffding",0.3661,0.00481737262415936,0.00996623477569721,10000,10000
100,"sine",0.8,3,3,"dCov",0.3819,0.00485852230621616,0.234328066554335,10000,10000
100,"sine",0.8,3,3,"HHG",0.3443,0.00475139463736701,14186.3682706838,10000,10000
100,"sine",0.8,3,3,"Genest",0.3704,0.00482911834603378,0.058092591999996,10000,10000
100,"sine",0.8,3,3,"MIC",0.3992,0.00489733968599279,0.301055094562942,10000,10000
100,"sine",0.8,3,1,"B_n",0.4246,0.00494282146147319,7.78900115850992,10000,10000
100,"sine",0.8,3,1,"P_n",0.4246,0.00494282146147319,7.75434808657146,10000,10000
100,"sine",0.8,3,1,"Hoeffding",0.3718,0.00483285381529382,0.0098119143783724,10000,10000
100,"sine",0.8,3,1,"dCov",0.3833,0.00486190405088377,0.234315520301641,10000,10000
100,"sine",0.8,3,1,"HHG",0.3504,0.00477095210623624,14090.3193871058,10000,10000
100,"sine",0.8,3,1,"Genest",0.3736,0.00483759278980776,0.0581734409999982,10000,10000
100,"sine",0.8,3,1,"MIC",0.4128,0.00492337445254776,0.299006777719005,10000,10000
100,"sine",0.9,3,3,"B_n",0.196,0.00396968512605219,17.1521855544618,10000,10000
100,"sine",0.9,3,3,"P_n",0.1957,0.00396738591518395,16.9332160209392,10000,10000
100,"sine",0.9,3,3,"Hoeffding",0.293,0.0045513844047718,0.00997424274302036,10000,10000
100,"sine",0.9,3,3,"dCov",0.2975,0.00457158342371656,0.236662946502349,10000,10000
100,"sine",0.9,3,3,"HHG",0.269,0.00443439962114377,14153.3461323763,10000,10000
100,"sine",0.9,3,3,"Genest",0.2857,0.0045174717486665,0.0595091629999964,10000,10000
100,"sine",0.9,3,3,"MIC",0.3233,0.00467736154257932,0.298832664933812,10000,10000
100,"sine",0.9,3,1,"B_n",0.3389,0.00473335811026379,7.79731991764763,10000,10000
100,"sine",0.9,3,1,"P_n",0.3389,0.00473335811026379,7.76229973918708,10000,10000
100,"sine",0.9,3,1,"Hoeffding",0.2893,0.00453437437801512,0.00984859907724413,10000,10000
100,"sine",0.9,3,1,"dCov",0.3067,0.0046112374694869,0.23365164351782,10000,10000
100,"sine",0.9,3,1,"HHG",0.2643,0.00440959760068875,14105.6584694664,10000,10000
100,"sine",0.9,3,1,"Genest",0.2965,0.00456714079047274,0.0578942190000043,10000,10000
100,"sine",0.9,3,1,"MIC",0.3168,0.00465228717944196,0.298913376684513,10000,10000
100,"sine",1,3,3,"B_n",0.1691,0.00374840219293501,16.9364559035422,10000,10000
100,"sine",1,3,3,"P_n",0.1678,0.00373688586927672,16.7963334169365,10000,10000
100,"sine",1,3,3,"Hoeffding",0.2361,0.00424684341599735,0.0101103224013754,10000,10000
100,"sine",1,3,3,"dCov",0.2438,0.00429373450506666,0.236494273596091,10000,10000
100,"sine",1,3,3,"HHG",0.2331,0.00422805380760463,13992.9478379552,10000,10000
100,"sine",1,3,3,"Genest",0.2414,0.00427932284362842,0.0588538189999993,10000,10000
100,"sine",1,3,3,"MIC",0.2524,0.00434389502635596,0.299409805879937,10000,10000
100,"sine",1,3,1,"B_n",0.2854,0.00451604738681958,7.80882852897528,10000,10000
100,"sine",1,3,1,"P_n",0.2854,0.00451604738681958,7.77329936983614,10000,10000
100,"sine",1,3,1,"Hoeffding",0.2448,0.00429968556989927,0.00965308194505541,10000,10000
100,"sine",1,3,1,"dCov",0.2527,0.00434560364046239,0.233409852755483,10000,10000
100,"sine",1,3,1,"HHG",0.2133,0.00409637779019465,14151.1292863593,10000,10000
100,"sine",1,3,1,"Genest",0.2516,0.00433932529317635,0.0571571379999972,10000,10000
100,"sine",1,3,1,"MIC",0.2545,0.00435579786032364,0.299065051592235,10000,10000
100,"sine",1.1,3,3,"B_n",0.1469,0.00354006200510669,17.0454623696045,10000,10000
100,"sine",1.1,3,3,"P_n",0.1469,0.00354006200510669,16.8769706109368,10000,10000
100,"sine",1.1,3,3,"Hoeffding",0.2108,0.00407876648019962,0.00986303706112248,10000,10000
100,"sine",1.1,3,3,"dCov",0.2108,0.00407876648019962,0.235814371515114,10000,10000
100,"sine",1.1,3,3,"HHG",0.1847,0.00388054003973674,14124.5404523196,10000,10000
100,"sine",1.1,3,3,"Genest",0.2101,0.00407379417742232,0.058588688999995,10000,10000
100,"sine",1.1,3,3,"MIC",0.2009,0.00400673420630818,0.30047211663833,10000,10000
100,"sine",1.1,3,1,"B_n",0.2454,0.00430324110409817,7.81455782032184,10000,10000
100,"sine",1.1,3,1,"P_n",0.2454,0.00430324110409817,7.77877481007627,10000,10000
100,"sine",1.1,3,1,"Hoeffding",0.2181,0.00412955675587587,0.00951308928757382,10000,10000
100,"sine",1.1,3,1,"dCov",0.2325,0.00422426029027568,0.231037908557716,10000,10000
100,"sine",1.1,3,1,"HHG",0.1857,0.00388864385101027,14102.4507593887,10000,10000
100,"sine",1.1,3,1,"Genest",0.2277,0.00419347958144546,0.056765689000002,10000,10000
100,"sine",1.1,3,1,"MIC",0.2006,0.00400449297664511,0.299679628081577,10000,10000
100,"sine",1.2,3,3,"B_n",0.1367,0.00343530362559119,16.6344265394758,10000,10000
100,"sine",1.2,3,3,"P_n",0.1364,0.00343212820273369,16.4974061921376,10000,10000
100,"sine",1.2,3,3,"Hoeffding",0.1901,0.00392379905193933,0.00934119492845559,10000,10000
100,"sine",1.2,3,3,"dCov",0.1864,0.00389429120636863,0.233794905389295,10000,10000
100,"sine",1.2,3,3,"HHG",0.1607,0.00367254012912044,14033.6783423817,10000,10000
100,"sine",1.2,3,3,"Genest",0.1878,0.00390552378049347,0.0569903280000008,10000,10000
100,"sine",1.2,3,3,"MIC",0.1717,0.00377119490347556,0.298377808096802,10000,10000
100,"sine",1.2,3,1,"B_n",0.2114,0.00408301408275798,7.74291445851293,10000,10000
100,"sine",1.2,3,1,"P_n",0.2114,0.00408301408275798,7.7102826654483,10000,10000
100,"sine",1.2,3,1,"Hoeffding",0.1768,0.00381499357797625,0.00960082892888487,10000,10000
100,"sine",1.2,3,1,"dCov",0.1748,0.00379795945212689,0.235136669233716,10000,10000
100,"sine",1.2,3,1,"HHG",0.1553,0.00362190433335835,14044.8596657813,10000,10000
100,"sine",1.2,3,1,"Genest",0.1787,0.00383100913598493,0.0577629520000059,10000,10000
100,"sine",1.2,3,1,"MIC",0.1692,0.00374928473178552,0.299798695960325,10000,10000
100,"sine",1.3,3,3,"B_n",0.1127,0.00316225726341169,17.1376828235843,10000,10000
100,"sine",1.3,3,3,"P_n",0.1108,0.00313884309897771,17.0055814263741,10000,10000
100,"sine",1.3,3,3,"Hoeffding",0.162,0.00368450810828257,0.0099640438415291,10000,10000
100,"sine",1.3,3,3,"dCov",0.1638,0.00370093988062492,0.235933607069402,10000,10000
100,"sine",1.3,3,3,"HHG",0.1373,0.00344163783684455,14291.8035216339,10000,10000
100,"sine",1.3,3,3,"Genest",0.1593,0.00365955612062447,0.0591357820000069,10000,10000
100,"sine",1.3,3,3,"MIC",0.1505,0.00357560833984932,0.299652572472837,10000,10000
100,"sine",1.3,3,1,"B_n",0.1897,0.00392063655545882,7.73932609985317,10000,10000
100,"sine",1.3,3,1,"P_n",0.1897,0.00392063655545882,7.70685080387832,10000,10000
100,"sine",1.3,3,1,"Hoeffding",0.1594,0.00366048685286534,0.00966207081864298,10000,10000
100,"sine",1.3,3,1,"dCov",0.1577,0.00364459476485384,0.23478916993962,10000,10000
100,"sine",1.3,3,1,"HHG",0.1364,0.00343212820273369,14122.270892087,10000,10000
100,"sine",1.3,3,1,"Genest",0.1644,0.00370638152380459,0.0572487090000023,10000,10000
100,"sine",1.3,3,1,"MIC",0.1516,0.00358632736932924,0.298469949789093,10000,10000
100,"sine",1.4,3,3,"B_n",0.102,0.00302648310750283,17.0178449103099,10000,10000
100,"sine",1.4,3,3,"P_n",0.1021,0.00302779771451132,16.8520616512601,10000,10000
100,"sine",1.4,3,3,"Hoeffding",0.1399,0.00346883251253213,0.00997900648075536,10000,10000
100,"sine",1.4,3,3,"dCov",0.1435,0.00350582016081829,0.235812848888337,10000,10000
100,"sine",1.4,3,3,"HHG",0.1222,0.00327516656065001,14207.6834902172,10000,10000
100,"sine",1.4,3,3,"Genest",0.1414,0.00348433695270707,0.0585354920000099,10000,10000
100,"sine",1.4,3,3,"MIC",0.1287,0.00334867600702128,0.299906986953741,10000,10000
100,"sine",1.4,3,1,"B_n",0.166,0.00372080636421731,7.75914923040177,10000,10000
100,"sine",1.4,3,1,"P_n",0.166,0.00372080636421731,7.72580781114953,10000,10000
100,"sine",1.4,3,1,"Hoeffding",0.1473,0.00354404726266454,0.00957567402937431,10000,10000
100,"sine",1.4,3,1,"dCov",0.1546,0.00361522945329892,0.232566029513548,10000,10000
100,"sine",1.4,3,1,"HHG",0.119,0.00323788511222989,14154.487211648,10000,10000
100,"sine",1.4,3,1,"Genest",0.1571,0.0036389502607208,0.0564791900000017,10000,10000
100,"sine",1.4,3,1,"MIC",0.1298,0.00336083263492843,0.298411588565773,10000,10000
100,"sine",1.5,3,3,"B_n",0.0962,0.0029486532519101,16.8083019514946,10000,10000
100,"sine",1.5,3,3,"P_n",0.0957,0.00294179384049936,16.6703962518757,10000,10000
100,"sine",1.5,3,3,"Hoeffding",0.1197,0.00324610397245683,0.00991814048330984,10000,10000
100,"sine",1.5,3,3,"dCov",0.1292,0.00335421168085737,0.233410427713407,10000,10000
100,"sine",1.5,3,3,"HHG",0.1092,0.00311889980602135,14076.9614801734,10000,10000
100,"sine",1.5,3,3,"Genest",0.1267,0.00332636603518013,0.0572752459999948,10000,10000
100,"sine",1.5,3,3,"MIC",0.111,0.00314132137801913,0.299880610480225,10000,10000
100,"sine",1.5,3,1,"B_n",0.1479,0.00355000830984943,7.77015387776413,10000,10000
100,"sine",1.5,3,1,"P_n",0.1479,0.00355000830984943,7.73632994434386,10000,10000
100,"sine",1.5,3,1,"Hoeffding",0.1326,0.00339141917196916,0.00957704743096863,10000,10000
100,"sine",1.5,3,1,"dCov",0.1375,0.00344374432848898,0.232677191841855,10000,10000
100,"sine",1.5,3,1,"HHG",0.1161,0.00320344798615492,14152.3578543696,10000,10000
100,"sine",1.5,3,1,"Genest",0.1343,0.00340974353874305,0.0571903589999992,10000,10000
100,"sine",1.5,3,1,"MIC",0.122,0.00327285807819404,0.297203365922757,10000,10000
100,"sine",1.6,3,3,"B_n",0.0906,0.00287039439798784,16.9876736256387,10000,10000
100,"sine",1.6,3,3,"P_n",0.0891,0.00284888030636599,16.8437490862248,10000,10000
100,"sine",1.6,3,3,"Hoeffding",0.1192,0.00324023702836691,0.00980888133916484,10000,10000
100,"sine",1.6,3,3,"dCov",0.1235,0.00329010258198738,0.234301192613521,10000,10000
100,"sine",1.6,3,3,"HHG",0.1067,0.00308731452884218,14090.1206116276,10000,10000
100,"sine",1.6,3,3,"Genest",0.1233,0.00328781249465355,0.0578672599999908,10000,10000
100,"sine",1.6,3,3,"MIC",0.1109,0.00314008264222456,0.29956222519087,10000,10000
100,"sine",1.6,3,1,"B_n",0.1396,0.00346571551054036,7.68539705764082,10000,10000
100,"sine",1.6,3,1,"P_n",0.1396,0.00346571551054036,7.65525833941352,10000,10000
100,"sine",1.6,3,1,"Hoeffding",0.1161,0.00320344798615492,0.0096218436999917,10000,10000
100,"sine",1.6,3,1,"dCov",0.1173,0.00321777423073776,0.234656199425917,10000,10000
100,"sine",1.6,3,1,"HHG",0.1042,0.00305519819324377,14075.121279315,10000,10000
100,"sine",1.6,3,1,"Genest",0.1191,0.00323906143813297,0.057542485000002,10000,10000
100,"sine",1.6,3,1,"MIC",0.1093,0.00312015240012407,0.298101832520517,10000,10000
100,"sine",1.7,3,3,"B_n",0.084,0.00277387815161373,17.0356962717903,10000,10000
100,"sine",1.7,3,3,"P_n",0.082,0.00274364720764168,16.917799255501,10000,10000
100,"sine",1.7,3,3,"Hoeffding",0.1135,0.00317203010704501,0.00960199446070212,10000,10000
100,"sine",1.7,3,3,"dCov",0.1146,0.0031853860048666,0.233653156309639,10000,10000
100,"sine",1.7,3,3,"HHG",0.0947,0.00292800119535495,14152.0207130879,10000,10000
100,"sine",1.7,3,3,"Genest",0.1123,0.00315735189676412,0.0577663999999943,10000,10000
100,"sine",1.7,3,3,"MIC",0.0936,0.00291271419813204,0.30035932510231,10000,10000
100,"sine",1.7,3,1,"B_n",0.1245,0.00330151101770083,7.85281535257576,10000,10000
100,"sine",1.7,3,1,"P_n",0.1245,0.00330151101770083,7.81532876639824,10000,10000
100,"sine",1.7,3,1,"Hoeffding",0.1152,0.00319263151647665,0.00940588360461335,10000,10000
100,"sine",1.7,3,1,"dCov",0.1184,0.00323081166272502,0.233682335181842,10000,10000
100,"sine",1.7,3,1,"HHG",0.1001,0.003001332870576,14044.1685043498,10000,10000
100,"sine",1.7,3,1,"Genest",0.1122,0.00315612357172529,0.0574128709999957,10000,10000
100,"sine",1.7,3,1,"MIC",0.0962,0.0029486532519101,0.300239246282409,10000,10000
100,"sine",1.8,3,3,"B_n",0.0827,0.00275428230216149,17.0567723966522,10000,10000
100,"sine",1.8,3,3,"P_n",0.0822,0.00274669182836371,16.9077608138163,10000,10000
100,"sine",1.8,3,3,"Hoeffding",0.1067,0.00308731452884218,0.00978535419947422,10000,10000
100,"sine",1.8,3,3,"dCov",0.1069,0.0030898606764707,0.234077160049042,10000,10000
100,"sine",1.8,3,3,"HHG",0.0902,0.00286468078500904,14139.9606445844,10000,10000
100,"sine",1.8,3,3,"Genest",0.1085,0.00311010851900701,0.0581564090000019,10000,10000
100,"sine",1.8,3,3,"MIC",0.0903,0.00286611077943613,0.300452044826322,10000,10000
100,"sine",1.8,3,1,"B_n",0.1183,0.00322963016458541,7.84288696771564,10000,10000
100,"sine",1.8,3,1,"P_n",0.1183,0.00322963016458541,7.805843846241,10000,10000
100,"sine",1.8,3,1,"Hoeffding",0.1098,0.00312640304503434,0.00974154082907765,10000,10000
100,"sine",1.8,3,1,"dCov",0.1117,0.00314996999985714,0.234287359020061,10000,10000
100,"sine",1.8,3,1,"HHG",0.0946,0.00292661647641094,14044.6139729491,10000,10000
100,"sine",1.8,3,1,"Genest",0.1111,0.00314255930731625,0.0575156580000005,10000,10000
100,"sine",1.8,3,1,"MIC",0.1002,0.00300266481645887,0.297908468765893,10000,10000
100,"sine",1.9,3,3,"B_n",0.0844,0.00277986762274753,16.8624508138232,10000,10000
100,"sine",1.9,3,3,"P_n",0.0844,0.00277986762274753,16.7102618606385,10000,10000
100,"sine",1.9,3,3,"Hoeffding",0.0986,0.00298124202305012,0.00989447387827357,10000,10000
100,"sine",1.9,3,3,"dCov",0.1011,0.00301461092016864,0.234415031798244,10000,10000
100,"sine",1.9,3,3,"HHG",0.087,0.00281835058145718,14146.8340713925,10000,10000
100,"sine",1.9,3,3,"Genest",0.0982,0.00297584878648093,0.058462326000002,10000,10000
100,"sine",1.9,3,3,"MIC",0.0845,0.00278136207639351,0.298938995002599,10000,10000
100,"sine",1.9,3,1,"B_n",0.1076,0.003098745552639,7.79833077504805,10000,10000
100,"sine",1.9,3,1,"P_n",0.1076,0.003098745552639,7.76326595640084,10000,10000
100,"sine",1.9,3,1,"Hoeffding",0.0957,0.00294179384049936,0.0100006315787796,10000,10000
100,"sine",1.9,3,1,"dCov",0.0979,0.00297179390267899,0.234930862708299,10000,10000
100,"sine",1.9,3,1,"HHG",0.0923,0.00289448976505359,14100.6922311769,10000,10000
100,"sine",1.9,3,1,"Genest",0.0966,0.00295412322017887,0.0585538979999971,10000,10000
100,"sine",1.9,3,1,"MIC",0.0882,0.00283585542649833,0.299003235478631,10000,10000
100,"sine",2,3,3,"B_n",0.0752,0.00263713784243448,16.8489038867143,10000,10000
100,"sine",2,3,3,"P_n",0.0747,0.00262906656439125,16.7089382484595,10000,10000
100,"sine",2,3,3,"Hoeffding",0.0933,0.00290852385240348,0.00973790875300448,10000,10000
100,"sine",2,3,3,"dCov",0.097,0.00295957767257425,0.233744166993331,10000,10000
100,"sine",2,3,3,"HHG",0.0802,0.00271602577307359,14157.1823653929,10000,10000
100,"sine",2,3,3,"Genest",0.0934,0.00290992164842973,0.0580511050000064,10000,10000
100,"sine",2,3,3,"MIC",0.0857,0.00279920542297274,0.299619741918177,10000,10000
100,"sine",2,3,1,"B_n",0.1009,0.0030119626491708,7.98969184484762,10000,10000
100,"sine",2,3,1,"P_n",0.1009,0.0030119626491708,7.9459916715736,10000,10000
100,"sine",2,3,1,"Hoeffding",0.0936,0.00291271419813204,0.00978815213995626,10000,10000
100,"sine",2,3,1,"dCov",0.098,0.00297314648142334,0.233970074389423,10000,10000
100,"sine",2,3,1,"HHG",0.0816,0.00273754342431312,14192.7370027956,10000,10000
100,"sine",2,3,1,"Genest",0.0948,0.0029293849183745,0.0579675149999954,10000,10000
100,"sine",2,3,1,"MIC",0.0856,0.00279772478989625,0.300000630413117,10000,10000
100,"fourth root",0.1,3,3,"B_n",1,0,17.0585956308056,10000,10000
100,"fourth root",0.1,3,3,"P_n",1,0,16.8387560752848,10000,10000
100,"fourth root",0.1,3,3,"Hoeffding",1,0,0.009622237523563,10000,10000
100,"fourth root",0.1,3,3,"dCov",1,0,0.231647595167289,10000,10000
100,"fourth root",0.1,3,3,"HHG",1,0,14239.0022749198,10000,10000
100,"fourth root",0.1,3,3,"Genest",1,0,0.0573094259999999,10000,10000
100,"fourth root",0.1,3,3,"MIC",1,0,0.300415707856199,10000,10000
100,"fourth root",0.1,3,1,"B_n",1,0,7.688167035101,10000,10000
100,"fourth root",0.1,3,1,"P_n",1,0,7.65790898502628,10000,10000
100,"fourth root",0.1,3,1,"Hoeffding",1,0,0.00978300121985689,10000,10000
100,"fourth root",0.1,3,1,"dCov",1,0,0.23325367659786,10000,10000
100,"fourth root",0.1,3,1,"HHG",1,0,14134.7142734086,10000,10000
100,"fourth root",0.1,3,1,"Genest",1,0,0.0578066729999973,10000,10000
100,"fourth root",0.1,3,1,"MIC",1,0,0.298732979431227,10000,10000
100,"fourth root",0.2,3,3,"B_n",1,0,16.6946442892671,10000,10000
100,"fourth root",0.2,3,3,"P_n",1,0,16.5281285182846,10000,10000
100,"fourth root",0.2,3,3,"Hoeffding",1,0,0.00973683420572227,10000,10000
100,"fourth root",0.2,3,3,"dCov",1,0,0.234063052709638,10000,10000
100,"fourth root",0.2,3,3,"HHG",1,0,14077.5718092823,10000,10000
100,"fourth root",0.2,3,3,"Genest",1,0,0.0580626559999977,10000,10000
100,"fourth root",0.2,3,3,"MIC",1,0,0.300225896464977,10000,10000
100,"fourth root",0.2,3,1,"B_n",1,0,7.77271599905438,10000,10000
100,"fourth root",0.2,3,1,"P_n",1,0,7.73877953861329,10000,10000
100,"fourth root",0.2,3,1,"Hoeffding",1,0,0.00959712313541474,10000,10000
100,"fourth root",0.2,3,1,"dCov",1,0,0.234186747055473,10000,10000
100,"fourth root",0.2,3,1,"HHG",1,0,14116.5454606389,10000,10000
100,"fourth root",0.2,3,1,"Genest",1,0,0.0579564469999981,10000,10000
100,"fourth root",0.2,3,1,"MIC",1,0,0.299345071924755,10000,10000
100,"fourth root",0.3,3,3,"B_n",1,0,16.8474999762731,10000,10000
100,"fourth root",0.3,3,3,"P_n",1,0,16.6358963109713,10000,10000
100,"fourth root",0.3,3,3,"Hoeffding",1,0,0.00948112250210924,10000,10000
100,"fourth root",0.3,3,3,"dCov",1,0,0.233112971453962,10000,10000
100,"fourth root",0.3,3,3,"HHG",1,0,14091.8138992195,10000,10000
100,"fourth root",0.3,3,3,"Genest",1,0,0.056818646999993,10000,10000
100,"fourth root",0.3,3,3,"MIC",0.9999,9.99949998749882e-05,0.299755724879308,10000,10000
100,"fourth root",0.3,3,1,"B_n",1,0,7.84334644250054,10000,10000
100,"fourth root",0.3,3,1,"P_n",1,0,7.80628284678123,10000,10000
100,"fourth root",0.3,3,1,"Hoeffding",1,0,0.00977001433969401,10000,10000
100,"fourth root",0.3,3,1,"dCov",1,0,0.234776894316073,10000,10000
100,"fourth root",0.3,3,1,"HHG",1,0,14194.4769367895,10000,10000
100,"fourth root",0.3,3,1,"Genest",1,0,0.0575431879999958,10000,10000
100,"fourth root",0.3,3,1,"MIC",0.9999,9.99949998749882e-05,0.298494157870366,10000,10000
100,"fourth root",0.4,3,3,"B_n",0.9999,9.99949998749882e-05,16.8745705130084,10000,10000
100,"fourth root",0.4,3,3,"P_n",0.9998,0.0001414072133945,16.750642040079,10000,10000
100,"fourth root",0.4,3,3,"Hoeffding",1,0,0.0100093674223829,10000,10000
100,"fourth root",0.4,3,3,"dCov",1,0,0.234943365428765,10000,10000
100,"fourth root",0.4,3,3,"HHG",0.9999,9.99949998749882e-05,14228.3097636091,10000,10000
100,"fourth root",0.4,3,3,"Genest",1,0,0.0585155939999986,10000,10000
100,"fourth root",0.4,3,3,"MIC",0.9878,0.00109777775528565,0.298508554068575,10000,10000
100,"fourth root",0.4,3,1,"B_n",1,0,7.85336295678046,10000,10000
100,"fourth root",0.4,3,1,"P_n",1,0,7.81585186783516,10000,10000
100,"fourth root",0.4,3,1,"Hoeffding",1,0,0.00995861332661774,10000,10000
100,"fourth root",0.4,3,1,"dCov",1,0,0.234567963460522,10000,10000
100,"fourth root",0.4,3,1,"HHG",1,0,14074.1138737314,10000,10000
100,"fourth root",0.4,3,1,"Genest",1,0,0.0580505350000046,10000,10000
100,"fourth root",0.4,3,1,"MIC",0.9856,0.00119132867001512,0.298315895587149,10000,10000
100,"fourth root",0.5,3,3,"B_n",0.9954,0.0006766712643522,16.9778366828178,10000,10000
100,"fourth root",0.5,3,3,"P_n",0.9949,0.000712319450808413,16.8178786595757,10000,10000
100,"fourth root",0.5,3,3,"Hoeffding",0.9994,0.000244875478560032,0.00978976993796581,10000,10000
100,"fourth root",0.5,3,3,"dCov",0.9999,9.99949998749882e-05,0.235287740565496,10000,10000
100,"fourth root",0.5,3,3,"HHG",0.9969,0.000555912762940373,14078.2533790166,10000,10000
100,"fourth root",0.5,3,3,"Genest",0.9998,0.0001414072133945,0.0582659990000001,10000,10000
100,"fourth root",0.5,3,3,"MIC",0.9092,0.00287324485555965,0.299358546993831,10000,10000
100,"fourth root",0.5,3,1,"B_n",0.999,0.000316069612585582,7.66646085137549,10000,10000
100,"fourth root",0.5,3,1,"P_n",0.999,0.000316069612585582,7.6371357478691,10000,10000
100,"fourth root",0.5,3,1,"Hoeffding",0.9993,0.000264482513599677,0.0096733880993822,10000,10000
100,"fourth root",0.5,3,1,"dCov",0.9998,0.0001414072133945,0.232551115623473,10000,10000
100,"fourth root",0.5,3,1,"HHG",0.9958,0.000646711682281987,14086.0994814642,10000,10000
100,"fourth root",0.5,3,1,"Genest",0.9995,0.000223550889061069,0.0572302530000037,10000,10000
100,"fourth root",0.5,3,1,"MIC",0.9017,0.00297719851538321,0.300140270242576,10000,10000
100,"fourth root",0.6,3,3,"B_n",0.9625,0.00189983551919633,17.1292897573511,10000,10000
100,"fourth root",0.6,3,3,"P_n",0.96,0.00195959179422654,16.9910540412805,10000,10000
100,"fourth root",0.6,3,3,"Hoeffding",0.9921,0.00088530164350915,0.0102298926834089,10000,10000
100,"fourth root",0.6,3,3,"dCov",0.995,0.000705336798983295,0.236836763726554,10000,10000
100,"fourth root",0.6,3,3,"HHG",0.9718,0.00165543831053893,14262.9670517428,10000,10000
100,"fourth root",0.6,3,3,"Genest",0.9924,0.000868460707228603,0.059746649999998,10000,10000
100,"fourth root",0.6,3,3,"MIC",0.7724,0.00419283007048938,0.299076444638348,10000,10000
100,"fourth root",0.6,3,1,"B_n",0.9897,0.00100964894889263,7.92545762368028,10000,10000
100,"fourth root",0.6,3,1,"P_n",0.9897,0.00100964894889263,7.88469648124503,10000,10000
100,"fourth root",0.6,3,1,"Hoeffding",0.9942,0.000759365524632244,0.00957450052810876,10000,10000
100,"fourth root",0.6,3,1,"dCov",0.9969,0.000555912762940373,0.233710119314878,10000,10000
100,"fourth root",0.6,3,1,"HHG",0.9723,0.0016411188256796,14130.3952378621,10000,10000
100,"fourth root",0.6,3,1,"Genest",0.9945,0.00073957758213726,0.0573596940000051,10000,10000
100,"fourth root",0.6,3,1,"MIC",0.7696,0.00421088874229657,0.299714251394272,10000,10000
100,"fourth root",0.7,3,3,"B_n",0.8897,0.00313263323738991,16.710153862834,10000,10000
100,"fourth root",0.7,3,3,"P_n",0.8853,0.00318659551873155,16.5499087972138,10000,10000
100,"fourth root",0.7,3,3,"Hoeffding",0.9678,0.00176530903810069,0.0096255654323585,10000,10000
100,"fourth root",0.7,3,3,"dCov",0.9777,0.00147657407535145,0.23338581612978,10000,10000
100,"fourth root",0.7,3,3,"HHG",0.9133,0.0028139493598855,14052.0459235239,10000,10000
100,"fourth root",0.7,3,3,"Genest",0.9704,0.00169481090390639,0.0576991990000039,10000,10000
100,"fourth root",0.7,3,3,"MIC",0.6151,0.00486571669952125,0.298236001116704,10000,10000
100,"fourth root",0.7,3,1,"B_n",0.96,0.00195959179422654,7.81832426878791,10000,10000
100,"fourth root",0.7,3,1,"P_n",0.96,0.00195959179422654,7.78237418099956,10000,10000
100,"fourth root",0.7,3,1,"Hoeffding",0.9705,0.0016920328011005,0.00973648487823745,10000,10000
100,"fourth root",0.7,3,1,"dCov",0.981,0.00136524723035793,0.232540848440779,10000,10000
100,"fourth root",0.7,3,1,"HHG",0.9088,0.00287893313572927,14112.3660507984,10000,10000
100,"fourth root",0.7,3,1,"Genest",0.9747,0.00157034741379097,0.0569715889999994,10000,10000
100,"fourth root",0.7,3,1,"MIC",0.6042,0.00489021840003082,0.299939191119343,10000,10000
100,"fourth root",0.8,3,3,"B_n",0.7777,0.00415791666583158,16.7480684695493,10000,10000
100,"fourth root",0.8,3,3,"P_n",0.7734,0.00418631628045469,16.5715166477451,10000,10000
100,"fourth root",0.8,3,3,"Hoeffding",0.9234,0.00265955710598588,0.00945333569229003,10000,10000
100,"fourth root",0.8,3,3,"dCov",0.939,0.00239330315672712,0.23337365295245,10000,10000
100,"fourth root",0.8,3,3,"HHG",0.8174,0.00386338245582805,14094.1710236986,10000,10000
100,"fourth root",0.8,3,3,"Genest",0.9267,0.00260628298540278,0.0576155139999958,10000,10000
100,"fourth root",0.8,3,3,"MIC",0.488,0.00499855979258026,0.298921235180281,10000,10000
100,"fourth root",0.8,3,1,"B_n",0.8985,0.00301989652140599,7.78128175916305,10000,10000
100,"fourth root",0.8,3,1,"P_n",0.8985,0.00301989652140599,7.74696865445068,10000,10000
100,"fourth root",0.8,3,1,"Hoeffding",0.9252,0.00263068356135815,0.00986756503601128,10000,10000
100,"fourth root",0.8,3,1,"dCov",0.9414,0.00234874519690834,0.234666629215752,10000,10000
100,"fourth root",0.8,3,1,"HHG",0.8235,0.00381244999967213,14078.9985034437,10000,10000
100,"fourth root",0.8,3,1,"Genest",0.9301,0.00254978410850801,0.0582669299999994,10000,10000
100,"fourth root",0.8,3,1,"MIC",0.4826,0.00499697148280836,0.300323805423813,10000,10000
100,"fourth root",0.9,3,3,"B_n",0.6656,0.00471780287845942,16.7292936612414,10000,10000
100,"fourth root",0.9,3,3,"P_n",0.6584,0.0047424618079643,16.6113113541179,10000,10000
100,"fourth root",0.9,3,3,"Hoeffding",0.8629,0.00343952889215951,0.00941443150206037,10000,10000
100,"fourth root",0.9,3,3,"dCov",0.8915,0.00311010851900701,0.232326275573594,10000,10000
100,"fourth root",0.9,3,3,"HHG",0.7287,0.00444630532015065,13976.1561791255,10000,10000
100,"fourth root",0.9,3,3,"Genest",0.8743,0.00331510950045394,0.0568206400000032,10000,10000
100,"fourth root",0.9,3,3,"MIC",0.3912,0.00488019016022941,0.2986822142754,10000,10000
100,"fourth root",0.9,3,1,"B_n",0.804,0.00396968512605219,7.90961642242558,10000,10000
100,"fourth root",0.9,3,1,"P_n",0.804,0.00396968512605219,7.86957381956135,10000,10000
100,"fourth root",0.9,3,1,"Hoeffding",0.854,0.00353106216314582,0.00988436861780012,10000,10000
100,"fourth root",0.9,3,1,"dCov",0.8812,0.00323553025020629,0.234701695137713,10000,10000
100,"fourth root",0.9,3,1,"HHG",0.7193,0.00449341195529633,14112.5786333183,10000,10000
100,"fourth root",0.9,3,1,"Genest",0.8637,0.00343106849246703,0.0582669599999977,10000,10000
100,"fourth root",0.9,3,1,"MIC",0.3897,0.00487682181343547,0.298390235778105,10000,10000
100,"fourth root",1,3,3,"B_n",0.5432,0.00498130264087618,16.9957766093226,10000,10000
100,"fourth root",1,3,3,"P_n",0.538,0.004985539088203,16.810367373322,10000,10000
100,"fourth root",1,3,3,"Hoeffding",0.7727,0.00419087950196614,0.00975397383258208,10000,10000
100,"fourth root",1,3,3,"dCov",0.7974,0.00401936860713222,0.234952105564472,10000,10000
100,"fourth root",1,3,3,"HHG",0.6064,0.00488547889157245,14107.1027927907,10000,10000
100,"fourth root",1,3,3,"Genest",0.776,0.00416922055065452,0.0579352949999998,10000,10000
100,"fourth root",1,3,3,"MIC",0.3135,0.00463915671216224,0.298425855818671,10000,10000
100,"fourth root",1,3,1,"B_n",0.7219,0.00448062930847889,7.80542263759398,10000,10000
100,"fourth root",1,3,1,"P_n",0.7219,0.00448062930847889,7.7700442620682,10000,10000
100,"fourth root",1,3,1,"Hoeffding",0.787,0.00409427649286171,0.00957641253158558,10000,10000
100,"fourth root",1,3,1,"dCov",0.8091,0.00393010419709198,0.235002509684046,10000,10000
100,"fourth root",1,3,1,"HHG",0.619,0.00485632577160964,14101.77491043,10000,10000
100,"fourth root",1,3,1,"Genest",0.7922,0.00405732867783718,0.0577121490000024,10000,10000
100,"fourth root",1,3,1,"MIC",0.307,0.00461249390243499,0.299644076345019,10000,10000
100,"fourth root",1.1,3,3,"B_n",0.448,0.00497288648573442,17.1881778870307,10000,10000
100,"fourth root",1.1,3,3,"P_n",0.4451,0.00496976850567509,16.9997146154259,10000,10000
100,"fourth root",1.1,3,3,"Hoeffding",0.7161,0.00450888888751985,0.0092214207613692,10000,10000
100,"fourth root",1.1,3,3,"dCov",0.7473,0.00434560364046239,0.231294508903245,10000,10000
100,"fourth root",1.1,3,3,"HHG",0.5383,0.00498530951897673,14022.1639786641,10000,10000
100,"fourth root",1.1,3,3,"Genest",0.7291,0.00444424560527431,0.0560116869999978,10000,10000
100,"fourth root",1.1,3,3,"MIC",0.2563,0.00436589406651146,0.299040325420813,10000,10000
100,"fourth root",1.1,3,1,"B_n",0.6366,0.00480978627383795,7.71661965408858,10000,10000
100,"fourth root",1.1,3,1,"P_n",0.6366,0.00480978627383795,7.68513167283703,10000,10000
100,"fourth root",1.1,3,1,"Hoeffding",0.7139,0.00451936710170794,0.00945927027480783,10000,10000
100,"fourth root",1.1,3,1,"dCov",0.7387,0.00439343043645851,0.232666954405182,10000,10000
100,"fourth root",1.1,3,1,"HHG",0.5359,0.00498709524673431,14098.2744955374,10000,10000
100,"fourth root",1.1,3,1,"Genest",0.7221,0.00447963826664609,0.0567058010000003,10000,10000
100,"fourth root",1.1,3,1,"MIC",0.241,0.0042769030851774,0.301014889625003,10000,10000
100,"fourth root",1.2,3,3,"B_n",0.3905,0.00487862429379431,16.7788313953436,10000,10000
100,"fourth root",1.2,3,3,"P_n",0.3863,0.00486900718832905,16.6460639111237,10000,10000
100,"fourth root",1.2,3,3,"Hoeffding",0.632,0.00482261339939249,0.00964425445279642,10000,10000
100,"fourth root",1.2,3,3,"dCov",0.6582,0.00474312934674989,0.234522999490496,10000,10000
100,"fourth root",1.2,3,3,"HHG",0.459,0.00498316164698678,14080.327541289,10000,10000
100,"fourth root",1.2,3,3,"Genest",0.6363,0.00481063727587105,0.0577323599999941,10000,10000
100,"fourth root",1.2,3,3,"MIC",0.2185,0.00413228447713852,0.298642367310943,10000,10000
100,"fourth root",1.2,3,1,"B_n",0.5663,0.00495584816151585,7.67199052997084,10000,10000
100,"fourth root",1.2,3,1,"P_n",0.5663,0.00495584816151585,7.64242820766822,10000,10000
100,"fourth root",1.2,3,1,"Hoeffding",0.6384,0.00480463775949863,0.00956123206077182,10000,10000
100,"fourth root",1.2,3,1,"dCov",0.6633,0.0047258132633442,0.233602195562171,10000,10000
100,"fourth root",1.2,3,1,"HHG",0.4616,0.00498523259236718,14149.9645147239,10000,10000
100,"fourth root",1.2,3,1,"Genest",0.6517,0.00476431642525977,0.0567928919999879,10000,10000
100,"fourth root",1.2,3,1,"MIC",0.2165,0.00411858895739791,0.300242890169184,10000,10000
100,"fourth root",1.3,3,3,"B_n",0.3298,0.00470140362019685,16.9618656002039,10000,10000
100,"fourth root",1.3,3,3,"P_n",0.3267,0.00469006513814041,16.7709410354138,10000,10000
100,"fourth root",1.3,3,3,"Hoeffding",0.5702,0.00495047432070908,0.00974981975764376,10000,10000
100,"fourth root",1.3,3,3,"dCov",0.5943,0.00491026995184582,0.23517798875474,10000,10000
100,"fourth root",1.3,3,3,"HHG",0.4155,0.00492808025502832,14044.7089901583,10000,10000
100,"fourth root",1.3,3,3,"Genest",0.5774,0.00493972914237208,0.058231482999994,10000,10000
100,"fourth root",1.3,3,3,"MIC",0.1875,0.003903123748999,0.299081821220961,10000,10000
100,"fourth root",1.3,3,1,"B_n",0.4793,0.00499571326238806,7.87330928791672,10000,10000
100,"fourth root",1.3,3,1,"P_n",0.4793,0.00499571326238806,7.83490416984372,10000,10000
100,"fourth root",1.3,3,1,"Hoeffding",0.5567,0.00496774707488213,0.00979059012702238,10000,10000
100,"fourth root",1.3,3,1,"dCov",0.5899,0.00491851593471039,0.233924730785781,10000,10000
100,"fourth root",1.3,3,1,"HHG",0.3988,0.00489651467883024,14090.0788661425,10000,10000
100,"fourth root",1.3,3,1,"Genest",0.5606,0.00496314053800615,0.0584089659999994,10000,10000
100,"fourth root",1.3,3,1,"MIC",0.1876,0.00390392417959161,0.299454831220163,10000,10000
100,"fourth root",1.4,3,3,"B_n",0.2885,0.00453064840834069,16.7921441713515,10000,10000
100,"fourth root",1.4,3,3,"P_n",0.2855,0.00451652244542192,16.6514563366708,10000,10000
100,"fourth root",1.4,3,3,"Hoeffding",0.497,0.00499990999918999,0.00979348303676359,10000,10000
100,"fourth root",1.4,3,3,"dCov",0.5276,0.0049923765883595,0.234508924313868,10000,10000
100,"fourth root",1.4,3,3,"HHG",0.348,0.00476336015854355,14089.8952946444,10000,10000
100,"fourth root",1.4,3,3,"Genest",0.5062,0.00499961558522253,0.0580489359999911,10000,10000
100,"fourth root",1.4,3,3,"MIC",0.1671,0.00373065128362328,0.300229726905369,10000,10000
100,"fourth root",1.4,3,1,"B_n",0.4027,0.00490441342058355,7.86892755594935,10000,10000
100,"fourth root",1.4,3,1,"P_n",0.4027,0.00490441342058355,7.83071917685992,10000,10000
100,"fourth root",1.4,3,1,"Hoeffding",0.4889,0.00499876774815554,0.00982564573783274,10000,10000
100,"fourth root",1.4,3,1,"dCov",0.5177,0.00499686611787829,0.234318102531743,10000,10000
100,"fourth root",1.4,3,1,"HHG",0.346,0.00475693178424917,14109.7396862503,10000,10000
100,"fourth root",1.4,3,1,"Genest",0.4974,0.00499993239954302,0.0578533659999982,10000,10000
100,"fourth root",1.4,3,1,"MIC",0.1717,0.00377119490347556,0.298490810410432,10000,10000
100,"fourth root",1.5,3,3,"B_n",0.249,0.00432433809964022,16.9046602436264,10000,10000
100,"fourth root",1.5,3,3,"P_n",0.249,0.00432433809964022,16.7185722165531,10000,10000
100,"fourth root",1.5,3,3,"Hoeffding",0.444,0.00496854103334168,0.00988555473735885,10000,10000
100,"fourth root",1.5,3,3,"dCov",0.4746,0.00499354423230635,0.234037242834681,10000,10000
100,"fourth root",1.5,3,3,"HHG",0.3103,0.0046261637454807,14063.2323518211,10000,10000
100,"fourth root",1.5,3,3,"Genest",0.4494,0.00497433050771659,0.058621076999997,10000,10000
100,"fourth root",1.5,3,3,"MIC",0.1497,0.00356777115297492,0.299438902004268,10000,10000
100,"fourth root",1.5,3,1,"B_n",0.3683,0.00482343352810008,7.8331050420856,10000,10000
100,"fourth root",1.5,3,1,"P_n",0.3683,0.00482343352810008,7.79649795153346,10000,10000
100,"fourth root",1.5,3,1,"Hoeffding",0.4487,0.00497361347513053,0.0096271892074543,10000,10000
100,"fourth root",1.5,3,1,"dCov",0.4707,0.00499140771726774,0.234112234853568,10000,10000
100,"fourth root",1.5,3,1,"HHG",0.3058,0.00460745439478244,14108.3579418146,10000,10000
100,"fourth root",1.5,3,1,"Genest",0.452,0.00497690666981007,0.0578957639999978,10000,10000
100,"fourth root",1.5,3,1,"MIC",0.1441,0.00351191101823494,0.29938223336382,10000,10000
100,"fourth root",1.6,3,3,"B_n",0.2356,0.0042437323195508,16.7961546445515,10000,10000
100,"fourth root",1.6,3,3,"P_n",0.2355,0.00424310911950188,16.6149090499178,10000,10000
100,"fourth root",1.6,3,3,"Hoeffding",0.4107,0.00491960882591289,0.00956539144867569,10000,10000
100,"fourth root",1.6,3,3,"dCov",0.4416,0.00496577728054733,0.23195199572874,10000,10000
100,"fourth root",1.6,3,3,"HHG",0.2857,0.0045174717486665,14062.2224162416,10000,10000
100,"fourth root",1.6,3,3,"Genest",0.4238,0.00494159447951772,0.0566260489999987,10000,10000
100,"fourth root",1.6,3,3,"MIC",0.1391,0.0034605084886473,0.300409292345592,10000,10000
100,"fourth root",1.6,3,1,"B_n",0.3321,0.00470966654870597,7.7820276979647,10000,10000
100,"fourth root",1.6,3,1,"P_n",0.3321,0.00470966654870597,7.74768182084045,10000,10000
100,"fourth root",1.6,3,1,"Hoeffding",0.4098,0.00491796665299796,0.00963553454808975,10000,10000
100,"fourth root",1.6,3,1,"dCov",0.4382,0.00496166060911062,0.232086655572259,10000,10000
100,"fourth root",1.6,3,1,"HHG",0.2661,0.00441917175497853,14196.10850068,10000,10000
100,"fourth root",1.6,3,1,"Genest",0.4223,0.00493925814267689,0.0570170540000021,10000,10000
100,"fourth root",1.6,3,1,"MIC",0.1293,0.00335531682557698,0.299270238853667,10000,10000
100,"fourth root",1.7,3,3,"B_n",0.202,0.00401492216611979,16.7938493888059,10000,10000
100,"fourth root",1.7,3,3,"P_n",0.202,0.00401492216611979,16.6519984935467,10000,10000
100,"fourth root",1.7,3,3,"Hoeffding",0.3714,0.00483179097230002,0.00948240757565131,10000,10000
100,"fourth root",1.7,3,3,"dCov",0.3906,0.00487884863466781,0.232723600989038,10000,10000
100,"fourth root",1.7,3,3,"HHG",0.2578,0.00437423318994312,13995.2932650696,10000,10000
100,"fourth root",1.7,3,3,"Genest",0.3809,0.00485608062124179,0.0569015589999985,10000,10000
100,"fourth root",1.7,3,3,"MIC",0.1231,0.00328551959361073,0.29930505573896,10000,10000
100,"fourth root",1.7,3,1,"B_n",0.3128,0.00463633648476898,7.49624680413353,10000,10000
100,"fourth root",1.7,3,1,"P_n",0.3128,0.00463633648476898,7.47407531093874,10000,10000
100,"fourth root",1.7,3,1,"Hoeffding",0.3844,0.00486453122099139,0.00896538098213355,10000,10000
100,"fourth root",1.7,3,1,"dCov",0.4021,0.00490321924861616,0.230147816231208,10000,10000
100,"fourth root",1.7,3,1,"HHG",0.2584,0.00437754999971445,13923.1646140388,10000,10000
100,"fourth root",1.7,3,1,"Genest",0.3939,0.00488613129172764,0.0552158159999975,10000,10000
100,"fourth root",1.7,3,1,"MIC",0.1219,0.00327170276767313,0.299777036334768,10000,10000
100,"fourth root",1.8,3,3,"B_n",0.1818,0.00385679607964953,16.8776499516275,10000,10000
100,"fourth root",1.8,3,3,"P_n",0.1802,0.00384353951456207,16.7248565641164,10000,10000
100,"fourth root",1.8,3,3,"Hoeffding",0.3348,0.00471920501779696,0.00967855230189545,10000,10000
100,"fourth root",1.8,3,3,"dCov",0.3515,0.00477438739525816,0.233958486484577,10000,10000
100,"fourth root",1.8,3,3,"HHG",0.2229,0.00416191770701921,14094.5855334386,10000,10000
100,"fourth root",1.8,3,3,"Genest",0.3401,0.00473742535561248,0.0576347239999992,10000,10000
100,"fourth root",1.8,3,3,"MIC",0.1067,0.00308731452884218,0.301095601150194,10000,10000
100,"fourth root",1.8,3,1,"B_n",0.2595,0.0043836029701605,7.88803885342216,10000,10000
100,"fourth root",1.8,3,1,"P_n",0.2595,0.0043836029701605,7.84897099160291,10000,10000
100,"fourth root",1.8,3,1,"Hoeffding",0.3242,0.004680751649041,0.0100834892688722,10000,10000
100,"fourth root",1.8,3,1,"dCov",0.3418,0.00474312934674989,0.236713643092753,10000,10000
100,"fourth root",1.8,3,1,"HHG",0.2164,0.00411790043590177,14286.8132622775,10000,10000
100,"fourth root",1.8,3,1,"Genest",0.333,0.0047128653704514,0.0587479370000044,10000,10000
100,"fourth root",1.8,3,1,"MIC",0.104,0.00305260544453423,0.302351777815249,10000,10000
100,"fourth root",1.9,3,3,"B_n",0.1625,0.00368908864084343,16.8560593812803,10000,10000
100,"fourth root",1.9,3,3,"P_n",0.1616,0.00368083468794783,16.7115897174291,10000,10000
100,"fourth root",1.9,3,3,"Hoeffding",0.2934,0.00455320151102496,0.00994713798515344,10000,10000
100,"fourth root",1.9,3,3,"dCov",0.3147,0.00464396285514861,0.234896137256003,10000,10000
100,"fourth root",1.9,3,3,"HHG",0.1997,0.00399774824119779,14177.8173691482,10000,10000
100,"fourth root",1.9,3,3,"Genest",0.3,0.00458257569495584,0.0584094010000014,10000,10000
100,"fourth root",1.9,3,3,"MIC",0.1021,0.00302779771451132,0.299894201908333,10000,10000
100,"fourth root",1.9,3,1,"B_n",0.232,0.00422108990664733,7.92848850827096,10000,10000
100,"fourth root",1.9,3,1,"P_n",0.232,0.00422108990664733,7.88758960229306,10000,10000
100,"fourth root",1.9,3,1,"Hoeffding",0.2967,0.00456803141407762,0.00996889125847152,10000,10000
100,"fourth root",1.9,3,1,"dCov",0.3101,0.00462534312240724,0.236101769744065,10000,10000
100,"fourth root",1.9,3,1,"HHG",0.1914,0.00393403151995507,14366.0124081685,10000,10000
100,"fourth root",1.9,3,1,"Genest",0.2997,0.00458126521825576,0.0586471459999975,10000,10000
100,"fourth root",1.9,3,1,"MIC",0.1054,0.0030706813576143,0.299334945100402,10000,10000
100,"fourth root",2,3,3,"B_n",0.147,0.00354105916358369,16.9324942994703,10000,10000
100,"fourth root",2,3,3,"P_n",0.1445,0.00351596003959089,16.8028842751405,10000,10000
100,"fourth root",2,3,3,"Hoeffding",0.2704,0.00444166455284503,0.0100775394115784,10000,10000
100,"fourth root",2,3,3,"dCov",0.2941,0.0045563712535306,0.23440610699521,10000,10000
100,"fourth root",2,3,3,"HHG",0.1738,0.00378937409079653,14223.0939347071,10000,10000
100,"fourth root",2,3,3,"Genest",0.2781,0.00448062930847889,0.0588036390000035,10000,10000
100,"fourth root",2,3,3,"MIC",0.1014,0.00301857648569653,0.298718720942769,10000,10000
100,"fourth root",2,3,1,"B_n",0.2419,0.00428234036480054,7.5749529051241,10000,10000
100,"fourth root",2,3,1,"P_n",0.2419,0.00428234036480054,7.54950937959819,10000,10000
100,"fourth root",2,3,1,"Hoeffding",0.2794,0.00448704401583047,0.00980774502865813,10000,10000
100,"fourth root",2,3,1,"dCov",0.2966,0.00456758623344979,0.233971270793108,10000,10000
100,"fourth root",2,3,1,"HHG",0.1881,0.00390792003500583,14113.246333024,10000,10000
100,"fourth root",2,3,1,"Genest",0.2825,0.00450215226308485,0.0580788749999989,10000,10000
100,"fourth root",2,3,1,"MIC",0.0992,0.0029893035978301,0.298586326696335,10000,10000
100,"circle",0.1,3,3,"B_n",1,0,16.7134392604624,10000,10000
100,"circle",0.1,3,3,"P_n",1,0,16.5748333577753,10000,10000
100,"circle",0.1,3,3,"Hoeffding",1,0,0.00987364970980582,10000,10000
100,"circle",0.1,3,3,"dCov",0.2059,0.00404357750018471,0.220340129178465,10000,10000
100,"circle",0.1,3,3,"HHG",1,0,14938.8924995842,10000,10000
100,"circle",0.1,3,3,"Genest",0.9992,0.000282729552753161,0.0581164779999856,10000,10000
100,"circle",0.1,3,3,"MIC",1,0,0.299363686633858,10000,10000
100,"circle",0.2,3,3,"B_n",1,0,17.1440434594764,10000,10000
100,"circle",0.2,3,3,"P_n",1,0,16.9564903617131,10000,10000
100,"circle",0.2,3,3,"Hoeffding",0.9997,0.000173179098045915,0.00922075464831356,10000,10000
100,"circle",0.2,3,3,"dCov",0.1896,0.00391984489489061,0.2166520655183,10000,10000
100,"circle",0.2,3,3,"HHG",1,0,14751.3340815423,10000,10000
100,"circle",0.2,3,3,"Genest",0.9245,0.00264196423140057,0.0561722499999977,10000,10000
100,"circle",0.2,3,3,"MIC",0.9998,0.0001414072133945,0.301669442200291,10000,10000
100,"circle",0.3,3,3,"B_n",1,0,17.0171957329952,10000,10000
100,"circle",0.3,3,3,"P_n",1,0,16.8367570246822,10000,10000
100,"circle",0.3,3,3,"Hoeffding",0.9498,0.00218357413430367,0.0094002140062523,10000,10000
100,"circle",0.3,3,3,"dCov",0.1464,0.00353506775041158,0.219401618624764,10000,10000
100,"circle",0.3,3,3,"HHG",0.9997,0.000173179098045915,14860.7539930628,10000,10000
100,"circle",0.3,3,3,"Genest",0.5324,0.0049894913568419,0.0571169400000021,10000,10000
100,"circle",0.3,3,3,"MIC",0.9558,0.00205539193342778,0.298705095381167,10000,10000
100,"circle",0.4,3,3,"B_n",1,0,17.0044547963171,10000,10000
100,"circle",0.4,3,3,"P_n",1,0,16.872862509925,10000,10000
100,"circle",0.4,3,3,"Hoeffding",0.6031,0.00489254933546919,0.0099782586808544,10000,10000
100,"circle",0.4,3,3,"dCov",0.1093,0.00312015240012407,0.223855742362148,10000,10000
100,"circle",0.4,3,3,"HHG",0.9897,0.00100964894889263,14916.3855110007,10000,10000
100,"circle",0.4,3,3,"Genest",0.2476,0.0043161816458532,0.0587307590000004,10000,10000
100,"circle",0.4,3,3,"MIC",0.6588,0.00474112391738499,0.299972653373643,10000,10000
100,"circle",0.5,3,3,"B_n",0.9987,0.00036032069049667,17.0414331816279,10000,10000
100,"circle",0.5,3,3,"P_n",0.9984,0.000399679871897503,16.857684633634,10000,10000
100,"circle",0.5,3,3,"Hoeffding",0.3432,0.00474777590035587,0.00933988461832717,10000,10000
100,"circle",0.5,3,3,"dCov",0.0963,0.00295002220330627,0.224711804361132,10000,10000
100,"circle",0.5,3,3,"HHG",0.9362,0.00244396317484532,14676.0080382744,10000,10000
100,"circle",0.5,3,3,"Genest",0.1732,0.00378420084033604,0.0572786669999902,10000,10000
100,"circle",0.5,3,3,"MIC",0.3276,0.00469338087097137,0.299813383306553,10000,10000
100,"circle",0.6,3,3,"B_n",0.984,0.00125475097130865,16.8423617464295,10000,10000
100,"circle",0.6,3,3,"P_n",0.9826,0.001307564147566,16.6912961366666,10000,10000
100,"circle",0.6,3,3,"Hoeffding",0.1698,0.00375457001532799,0.00942450886946469,10000,10000
100,"circle",0.6,3,3,"dCov",0.0785,0.00268956780914704,0.225362493193738,10000,10000
100,"circle",0.6,3,3,"HHG",0.8354,0.00370819147294203,14526.7630725292,10000,10000
100,"circle",0.6,3,3,"Genest",0.1118,0.00315120231023018,0.0575404169999953,10000,10000
100,"circle",0.6,3,3,"MIC",0.1689,0.00374663569085653,0.30023739378931,10000,10000
100,"circle",0.7,3,3,"B_n",0.932,0.00251745903640953,17.0374818281439,10000,10000
100,"circle",0.7,3,3,"P_n",0.9272,0.00259807929055293,16.8545995443621,10000,10000
100,"circle",0.7,3,3,"Hoeffding",0.0872,0.00282127914251674,0.00988147637217961,10000,10000
100,"circle",0.7,3,3,"dCov",0.0717,0.0025799052308176,0.227449449229314,10000,10000
100,"circle",0.7,3,3,"HHG",0.6902,0.00462411029280228,14701.1221020777,10000,10000
100,"circle",0.7,3,3,"Genest",0.0833,0.00276335140725895,0.0580575269999884,10000,10000
100,"circle",0.7,3,3,"MIC",0.1038,0.00305000918031405,0.298484294740974,10000,10000
100,"circle",0.8,3,3,"B_n",0.8423,0.00364459476485384,16.8148552680346,10000,10000
100,"circle",0.8,3,3,"P_n",0.8339,0.00372170377649807,16.6493847841642,10000,10000
100,"circle",0.8,3,3,"Hoeffding",0.0755,0.00264196423140057,0.00944751201792806,10000,10000
100,"circle",0.8,3,3,"dCov",0.0715,0.0025765820382825,0.226028071767718,10000,10000
100,"circle",0.8,3,3,"HHG",0.6073,0.00488351011056596,14275.2807964342,10000,10000
100,"circle",0.8,3,3,"Genest",0.079,0.0026973876250921,0.0569523769999992,10000,10000
100,"circle",0.8,3,3,"MIC",0.0765,0.00265796444671482,0.299159514548109,10000,10000
100,"circle",0.9,3,3,"B_n",0.72,0.00448998886412873,16.9725606539208,10000,10000
100,"circle",0.9,3,3,"P_n",0.7108,0.00453390957121996,16.8017809852257,10000,10000
100,"circle",0.9,3,3,"Hoeffding",0.0557,0.00229341470301383,0.00965229695439563,10000,10000
100,"circle",0.9,3,3,"dCov",0.0635,0.00243860103337959,0.228144310104506,10000,10000
100,"circle",0.9,3,3,"HHG",0.4927,0.00499946707159873,14382.6777133088,10000,10000
100,"circle",0.9,3,3,"Genest",0.0677,0.00251230392269725,0.0573240350000043,10000,10000
100,"circle",0.9,3,3,"MIC",0.0706,0.00256155499648163,0.297441579658337,10000,10000
100,"circle",1,3,3,"B_n",0.5998,0.0048993873086336,16.7462521941318,10000,10000
100,"circle",1,3,3,"P_n",0.591,0.00491649265228781,16.5763508190082,10000,10000
100,"circle",1,3,3,"Hoeffding",0.0411,0.00198521510169553,0.00990605680729024,10000,10000
100,"circle",1,3,3,"dCov",0.0546,0.00227197799285116,0.231763298077385,10000,10000
100,"circle",1,3,3,"HHG",0.385,0.00486595314404074,14369.6837078465,10000,10000
100,"circle",1,3,3,"Genest",0.056,0.00229921725811199,0.0586124780000023,10000,10000
100,"circle",1,3,3,"MIC",0.0532,0.00224432083267968,0.300661951968794,10000,10000
100,"circle",1.1,3,3,"B_n",0.4751,0.00499379605110181,16.8176672619465,10000,10000
100,"circle",1.1,3,3,"P_n",0.4676,0.0049894913568419,16.6549627159593,10000,10000
100,"circle",1.1,3,3,"Hoeffding",0.0443,0.00205760807735584,0.0096372260634963,10000,10000
100,"circle",1.1,3,3,"dCov",0.0531,0.0022423289232403,0.230273560674374,10000,10000
100,"circle",1.1,3,3,"HHG",0.3323,0.00471037907179454,14149.0213894426,10000,10000
100,"circle",1.1,3,3,"Genest",0.0558,0.00229535095355808,0.0575710189999983,10000,10000
100,"circle",1.1,3,3,"MIC",0.0579,0.00233554254938762,0.300028376122464,10000,10000
100,"circle",1.2,3,3,"B_n",0.3646,0.00481317816001029,16.9180642547314,10000,10000
100,"circle",1.2,3,3,"P_n",0.3589,0.00479677798110357,16.7540317564109,10000,10000
100,"circle",1.2,3,3,"Hoeffding",0.0419,0.00200360649829252,0.00936274099611728,10000,10000
100,"circle",1.2,3,3,"dCov",0.049,0.0021586801523153,0.230407456906896,10000,10000
100,"circle",1.2,3,3,"HHG",0.2599,0.00438579513885453,14247.4874912017,10000,10000
100,"circle",1.2,3,3,"Genest",0.0503,0.0021856328602947,0.0573689999999949,10000,10000
100,"circle",1.2,3,3,"MIC",0.0578,0.00233364864536202,0.298167323393465,10000,10000
100,"circle",1.3,3,3,"B_n",0.2741,0.00446059626059118,17.1189828290143,10000,10000
100,"circle",1.3,3,3,"P_n",0.2689,0.00443387855043415,16.9378356372237,10000,10000
100,"circle",1.3,3,3,"Hoeffding",0.0424,0.00201499975186103,0.00938019475206512,10000,10000
100,"circle",1.3,3,3,"dCov",0.0534,0.0022482980229498,0.228752933042983,10000,10000
100,"circle",1.3,3,3,"HHG",0.2124,0.00409006405817806,14167.155530341,10000,10000
100,"circle",1.3,3,3,"Genest",0.0502,0.00218357413430366,0.0575139440000007,10000,10000
100,"circle",1.3,3,3,"MIC",0.0526,0.00223233599621562,0.298912325568751,10000,10000
100,"circle",1.4,3,3,"B_n",0.2188,0.00413432654733513,16.9805260135895,10000,10000
100,"circle",1.4,3,3,"P_n",0.2166,0.00411927712104927,16.7891267817768,10000,10000
100,"circle",1.4,3,3,"Hoeffding",0.0395,0.00194781287602275,0.009796717968662,10000,10000
100,"circle",1.4,3,3,"dCov",0.0426,0.00201953559017909,0.233775784724347,10000,10000
100,"circle",1.4,3,3,"HHG",0.1761,0.00380905224432535,14157.4111775649,10000,10000
100,"circle",1.4,3,3,"Genest",0.0451,0.00207523468552354,0.0583266170000061,10000,10000
100,"circle",1.4,3,3,"MIC",0.0535,0.00225028331549607,0.298425936359096,10000,10000
100,"circle",1.5,3,3,"B_n",0.1844,0.00387810056599877,16.8126853511359,10000,10000
100,"circle",1.5,3,3,"P_n",0.1849,0.00388216421600117,16.6172768119077,10000,10000
100,"circle",1.5,3,3,"Hoeffding",0.042,0.0020058913230781,0.00971502913099009,10000,10000
100,"circle",1.5,3,3,"dCov",0.0475,0.00212705782714058,0.232943650556224,10000,10000
100,"circle",1.5,3,3,"HHG",0.1503,0.00357365233339786,14186.7057805654,10000,10000
100,"circle",1.5,3,3,"Genest",0.0504,0.00218768919181862,0.0582474130000008,10000,10000
100,"circle",1.5,3,3,"MIC",0.0518,0.00221623013245466,0.300819106502037,10000,10000
100,"circle",1.6,3,3,"B_n",0.1518,0.00358826922066893,16.748372283134,10000,10000
100,"circle",1.6,3,3,"P_n",0.1495,0.00356580636041836,16.6166688503514,10000,10000
100,"circle",1.6,3,3,"Hoeffding",0.0409,0.0019805855194866,0.00944766343744619,10000,10000
100,"circle",1.6,3,3,"dCov",0.0482,0.00214188608473934,0.229987634222627,10000,10000
100,"circle",1.6,3,3,"HHG",0.132,0.0033849076796864,14015.1763929797,10000,10000
100,"circle",1.6,3,3,"Genest",0.0496,0.00217117111255654,0.0566117170000022,10000,10000
100,"circle",1.6,3,3,"MIC",0.0522,0.00222430123859157,0.297959442529736,10000,10000
100,"circle",1.7,3,3,"B_n",0.1347,0.00341402855875577,16.524690970275,10000,10000
100,"circle",1.7,3,3,"P_n",0.134,0.00340652315418522,16.3841637572956,10000,10000
100,"circle",1.7,3,3,"Hoeffding",0.0403,0.00196661918021766,0.00970124198539145,10000,10000
100,"circle",1.7,3,3,"dCov",0.0473,0.00212279791784334,0.231892866915464,10000,10000
100,"circle",1.7,3,3,"HHG",0.1088,0.00311388117949288,14129.0013292396,10000,10000
100,"circle",1.7,3,3,"Genest",0.0473,0.00212279791784334,0.0580442779999981,10000,10000
100,"circle",1.7,3,3,"MIC",0.0459,0.00209268225012781,0.29961769853094,10000,10000
100,"circle",1.8,3,3,"B_n",0.1068,0.00308858802691456,16.9007172684315,10000,10000
100,"circle",1.8,3,3,"P_n",0.1054,0.0030706813576143,16.7848572878952,10000,10000
100,"circle",1.8,3,3,"Hoeffding",0.0389,0.00193356639399841,0.00974283121558525,10000,10000
100,"circle",1.8,3,3,"dCov",0.0434,0.00203755834272298,0.233298021144437,10000,10000
100,"circle",1.8,3,3,"HHG",0.0974,0.00296501669472534,14138.7299199308,10000,10000
100,"circle",1.8,3,3,"Genest",0.0444,0.00205982135147687,0.0579074140000067,10000,10000
100,"circle",1.8,3,3,"MIC",0.0542,0.00226411925480969,0.299163401016383,10000,10000
100,"circle",1.9,3,3,"B_n",0.0859,0.00280216327147438,17.0544158444,10000,10000
100,"circle",1.9,3,3,"P_n",0.0861,0.00280511657511769,16.8696829945142,10000,10000
100,"circle",1.9,3,3,"Hoeffding",0.0391,0.00193832891945614,0.010107432148117,10000,10000
100,"circle",1.9,3,3,"dCov",0.043,0.00202857092555326,0.234270074088589,10000,10000
100,"circle",1.9,3,3,"HHG",0.0848,0.00278583847342232,14169.5351435712,10000,10000
100,"circle",1.9,3,3,"Genest",0.0436,0.0020420342798298,0.0587424669999986,10000,10000
100,"circle",1.9,3,3,"MIC",0.0484,0.00214609971809327,0.298816907767775,10000,10000
100,"circle",2,3,3,"B_n",0.0845,0.00278136207639351,16.8217079785567,10000,10000
100,"circle",2,3,3,"P_n",0.0828,0.00275579679947561,16.7055156657444,10000,10000
100,"circle",2,3,3,"Hoeffding",0.041,0.00198290191386261,0.00964444505543548,10000,10000
100,"circle",2,3,3,"dCov",0.0442,0.00205539193342778,0.233143405664146,10000,10000
100,"circle",2,3,3,"HHG",0.0761,0.00265158047209584,14148.1834604651,10000,10000
100,"circle",2,3,3,"Genest",0.0437,0.00204426783959441,0.0581510409999965,10000,10000
100,"circle",2,3,3,"MIC",0.0463,0.00210134028657902,0.298872247981431,10000,10000
100,"two curves",0.1,3,3,"B_n",1,0,16.7791555028157,10000,10000
100,"two curves",0.1,3,3,"P_n",1,0,16.6114976936255,10000,10000
100,"two curves",0.1,3,3,"Hoeffding",1,0,0.00972299592283024,10000,10000
100,"two curves",0.1,3,3,"dCov",1,0,0.228597835150813,10000,10000
100,"two curves",0.1,3,3,"HHG",1,0,14410.6104416135,10000,10000
100,"two curves",0.1,3,3,"Genest",1,0,0.0574452420000016,10000,10000
100,"two curves",0.1,3,3,"MIC",1,0,0.300035589304137,10000,10000
100,"two curves",0.2,3,3,"B_n",1,0,16.9903509974522,10000,10000
100,"two curves",0.2,3,3,"P_n",1,0,16.8268241313965,10000,10000
100,"two curves",0.2,3,3,"Hoeffding",1,0,0.00971703610372609,10000,10000
100,"two curves",0.2,3,3,"dCov",1,0,0.230939605657323,10000,10000
100,"two curves",0.2,3,3,"HHG",1,0,14250.2015707836,10000,10000
100,"two curves",0.2,3,3,"Genest",1,0,0.058229185,10000,10000
100,"two curves",0.2,3,3,"MIC",0.9996,0.000199959995999189,0.298870838510869,10000,10000
100,"two curves",0.3,3,3,"B_n",1,0,16.7638706696456,10000,10000
100,"two curves",0.3,3,3,"P_n",1,0,16.5995542613107,10000,10000
100,"two curves",0.3,3,3,"Hoeffding",1,0,0.00968279072016185,10000,10000
100,"two curves",0.3,3,3,"dCov",1,0,0.2326823236791,10000,10000
100,"two curves",0.3,3,3,"HHG",1,0,14388.2378811557,10000,10000
100,"two curves",0.3,3,3,"Genest",1,0,0.0575746290000005,10000,10000
100,"two curves",0.3,3,3,"MIC",0.9893,0.00102885907684192,0.298534294133251,10000,10000
100,"two curves",0.4,3,3,"B_n",0.9979,0.000457776146167534,17.2603235814445,10000,10000
100,"two curves",0.4,3,3,"P_n",0.9977,0.00047903131421651,17.0619671842078,10000,10000
100,"two curves",0.4,3,3,"Hoeffding",0.9998,0.0001414072133945,0.00956872002159188,10000,10000
100,"two curves",0.4,3,3,"dCov",1,0,0.231711331073908,10000,10000
100,"two curves",0.4,3,3,"HHG",0.9994,0.000244875478560032,14246.2411495664,10000,10000
100,"two curves",0.4,3,3,"Genest",0.9996,0.000199959995999189,0.0565815080000035,10000,10000
100,"two curves",0.4,3,3,"MIC",0.9362,0.00244396317484532,0.301551185900535,10000,10000
100,"two curves",0.5,3,3,"B_n",0.9873,0.0011197638143823,17.0805085067265,10000,10000
100,"two curves",0.5,3,3,"P_n",0.9865,0.0011540255629751,16.8584274222826,10000,10000
100,"two curves",0.5,3,3,"Hoeffding",0.9972,0.000528408932551298,0.00985449846136516,10000,10000
100,"two curves",0.5,3,3,"dCov",0.999,0.000316069612585582,0.234422286801409,10000,10000
100,"two curves",0.5,3,3,"HHG",0.9941,0.000765845284636526,14204.4392955387,10000,10000
100,"two curves",0.5,3,3,"Genest",0.9971,0.000537735064878609,0.0580321039999971,10000,10000
100,"two curves",0.5,3,3,"MIC",0.8601,0.00346883251253213,0.299060064840781,10000,10000
100,"two curves",0.6,3,3,"B_n",0.9449,0.00228175349238256,17.0360541463088,10000,10000
100,"two curves",0.6,3,3,"P_n",0.9432,0.00231460061349685,16.8757545800243,10000,10000
100,"two curves",0.6,3,3,"Hoeffding",0.9883,0.00107531902243009,0.0100093083156412,10000,10000
100,"two curves",0.6,3,3,"dCov",0.9938,0.000784956049725078,0.235820754359426,10000,10000
100,"two curves",0.6,3,3,"HHG",0.9734,0.00160911279902933,14152.2971284497,10000,10000
100,"two curves",0.6,3,3,"Genest",0.9877,0.00110221186711086,0.0587133940000056,10000,10000
100,"two curves",0.6,3,3,"MIC",0.7463,0.00435127923718991,0.299171723888562,10000,10000
100,"two curves",0.7,3,3,"B_n",0.8808,0.00324023702836691,16.9613477106151,10000,10000
100,"two curves",0.7,3,3,"P_n",0.8789,0.0032624345204157,16.7633592065356,10000,10000
100,"two curves",0.7,3,3,"Hoeffding",0.9693,0.00172503652135252,0.00951064465930075,10000,10000
100,"two curves",0.7,3,3,"dCov",0.9812,0.00135818113666771,0.233013257353124,10000,10000
100,"two curves",0.7,3,3,"HHG",0.9335,0.00249154068800812,14017.1623803968,10000,10000
100,"two curves",0.7,3,3,"Genest",0.9722,0.00164399391726369,0.0569143589999942,10000,10000
100,"two curves",0.7,3,3,"MIC",0.6271,0.00483575836865326,0.29887399400174,10000,10000
100,"two curves",0.8,3,3,"B_n",0.7788,0.00415054887936523,16.8482436482453,10000,10000
100,"two curves",0.8,3,3,"P_n",0.7748,0.00417713969122413,16.6943656743685,10000,10000
100,"two curves",0.8,3,3,"Hoeffding",0.9323,0.00251230392269725,0.00975695307801345,10000,10000
100,"two curves",0.8,3,3,"dCov",0.9516,0.00214609971809327,0.232557772538267,10000,10000
100,"two curves",0.8,3,3,"HHG",0.8555,0.00351596003959089,14245.0220476661,10000,10000
100,"two curves",0.8,3,3,"Genest",0.9343,0.00247756957520874,0.0573041669999978,10000,10000
100,"two curves",0.8,3,3,"MIC",0.5168,0.00499717680295584,0.299480374084026,10000,10000
100,"two curves",0.9,3,3,"B_n",0.6746,0.00468524108237773,16.8950452903189,10000,10000
100,"two curves",0.9,3,3,"P_n",0.6747,0.00468486830124391,16.6702747564274,10000,10000
100,"two curves",0.9,3,3,"Hoeffding",0.875,0.00330718913883074,0.00999137838515599,10000,10000
100,"two curves",0.9,3,3,"dCov",0.9048,0.00293490987936597,0.234841225034354,10000,10000
100,"two curves",0.9,3,3,"HHG",0.7633,0.00425056596231608,14204.6321739798,10000,10000
100,"two curves",0.9,3,3,"Genest",0.8772,0.00328207495344028,0.0588362089999989,10000,10000
100,"two curves",0.9,3,3,"MIC",0.4116,0.00492123399159195,0.301112816210464,10000,10000
100,"two curves",1,3,3,"B_n",0.5675,0.0049542279923314,16.9328187085023,10000,10000
100,"two curves",1,3,3,"P_n",0.5638,0.00495912855247774,16.7712578286777,10000,10000
100,"two curves",1,3,3,"Hoeffding",0.825,0.00379967103839267,0.0095198427309068,10000,10000
100,"two curves",1,3,3,"dCov",0.8453,0.00361618459152737,0.234186095833248,10000,10000
100,"two curves",1,3,3,"HHG",0.6711,0.00469813569408122,14196.8698417199,10000,10000
100,"two curves",1,3,3,"Genest",0.8269,0.00378333701908778,0.0572914970000032,10000,10000
100,"two curves",1,3,3,"MIC",0.3529,0.00477871938912508,0.300117670156009,10000,10000
100,"two curves",1.1,3,3,"B_n",0.4832,0.00499717680295584,17.0138356606541,10000,10000
100,"two curves",1.1,3,3,"P_n",0.4833,0.00499721032176954,16.7877262061437,10000,10000
100,"two curves",1.1,3,3,"Hoeffding",0.7528,0.00431384005266769,0.00992936744363473,10000,10000
100,"two curves",1.1,3,3,"dCov",0.7869,0.00409497728931431,0.234715017717516,10000,10000
100,"two curves",1.1,3,3,"HHG",0.5979,0.00490321924861616,14163.7936950082,10000,10000
100,"two curves",1.1,3,3,"Genest",0.7597,0.0042726561996023,0.0583195220000035,10000,10000
100,"two curves",1.1,3,3,"MIC",0.2868,0.00452267354559225,0.300492321304803,10000,10000
100,"two curves",1.2,3,3,"B_n",0.408,0.00491463121709045,17.0607448376478,10000,10000
100,"two curves",1.2,3,3,"P_n",0.404,0.00490697462801674,16.9089192502077,10000,10000
100,"two curves",1.2,3,3,"Hoeffding",0.6749,0.00468412200951256,0.0102800570399981,10000,10000
100,"two curves",1.2,3,3,"dCov",0.7053,0.00455907786728852,0.237830124627892,10000,10000
100,"two curves",1.2,3,3,"HHG",0.5091,0.00499917183141368,14287.1104070331,10000,10000
100,"two curves",1.2,3,3,"Genest",0.684,0.00464912895067452,0.0590842220000007,10000,10000
100,"two curves",1.2,3,3,"MIC",0.2381,0.00425920638147531,0.300370988607216,10000,10000
100,"two curves",1.3,3,3,"B_n",0.3533,0.0047799488490987,16.9538564688705,10000,10000
100,"two curves",1.3,3,3,"P_n",0.3513,0.00477376486643404,16.7881662882899,10000,10000
100,"two curves",1.3,3,3,"Hoeffding",0.6295,0.00482938660701336,0.00964506202355979,10000,10000
100,"two curves",1.3,3,3,"dCov",0.66,0.0047370877129308,0.233742228185688,10000,10000
100,"two curves",1.3,3,3,"HHG",0.462,0.004985539088203,14125.3421216598,10000,10000
100,"two curves",1.3,3,3,"Genest",0.6391,0.0048026158497219,0.057221617999994,10000,10000
100,"two curves",1.3,3,3,"MIC",0.227,0.00418892587664189,0.29870386402035,10000,10000
100,"two curves",1.4,3,3,"B_n",0.3091,0.00462122483763774,17.1534927956442,10000,10000
100,"two curves",1.4,3,3,"P_n",0.3072,0.00461333025048067,16.9650278870019,10000,10000
100,"two curves",1.4,3,3,"Hoeffding",0.5729,0.00494657042808449,0.0097689504183429,10000,10000
100,"two curves",1.4,3,3,"dCov",0.6056,0.00488721433947806,0.234611808476619,10000,10000
100,"two curves",1.4,3,3,"HHG",0.4061,0.00491103644865318,14247.4414599139,10000,10000
100,"two curves",1.4,3,3,"Genest",0.5776,0.00493941535001866,0.0581806419999913,10000,10000
100,"two curves",1.4,3,3,"MIC",0.2045,0.00403335778229504,0.298114093214383,10000,10000
100,"two curves",1.5,3,3,"B_n",0.2728,0.00445398877412146,16.9173207356833,10000,10000
100,"two curves",1.5,3,3,"P_n",0.2707,0.00444321403940886,16.7599407326242,10000,10000
100,"two curves",1.5,3,3,"Hoeffding",0.5189,0.00499642662309775,0.00966671368641177,10000,10000
100,"two curves",1.5,3,3,"dCov",0.5565,0.00496797493955032,0.232249832642179,10000,10000
100,"two curves",1.5,3,3,"HHG",0.3554,0.00478634348955442,14212.8801963891,10000,10000
100,"two curves",1.5,3,3,"Genest",0.5329,0.0049891641584538,0.0570953550000028,10000,10000
100,"two curves",1.5,3,3,"MIC",0.1689,0.00374663569085653,0.299860480738455,10000,10000
100,"two curves",1.6,3,3,"B_n",0.2342,0.00423497768589163,17.0631733894109,10000,10000
100,"two curves",1.6,3,3,"P_n",0.2329,0.00422679062646827,16.9232665972019,10000,10000
100,"two curves",1.6,3,3,"Hoeffding",0.4725,0.00499243177219279,0.00973767365427895,10000,10000
100,"two curves",1.6,3,3,"dCov",0.4927,0.00499946707159873,0.235476541102807,10000,10000
100,"two curves",1.6,3,3,"HHG",0.3177,0.00465582119502027,14200.014557476,10000,10000
100,"two curves",1.6,3,3,"Genest",0.4754,0.00499394473337461,0.0583186269999927,10000,10000
100,"two curves",1.6,3,3,"MIC",0.1472,0.00354305179188789,0.301189572466866,10000,10000
100,"two curves",1.7,3,3,"B_n",0.2135,0.00409777683628574,17.0753950405302,10000,10000
100,"two curves",1.7,3,3,"P_n",0.2117,0.00408513292317398,16.9266530520699,10000,10000
100,"two curves",1.7,3,3,"Hoeffding",0.4331,0.00495504177580775,0.00980851275217991,10000,10000
100,"two curves",1.7,3,3,"dCov",0.4584,0.00498266434751529,0.234418731308725,10000,10000
100,"two curves",1.7,3,3,"HHG",0.2931,0.0045518390788779,14153.1104507426,10000,10000
100,"two curves",1.7,3,3,"Genest",0.4461,0.00497086300354375,0.0575985600000002,10000,10000
100,"two curves",1.7,3,3,"MIC",0.1412,0.00348227741571518,0.299881344470003,10000,10000
100,"two curves",1.8,3,3,"B_n",0.1983,0.00398719337379064,16.9079768966465,10000,10000
100,"two curves",1.8,3,3,"P_n",0.194,0.00395428881089887,16.8114653365762,10000,10000
100,"two curves",1.8,3,3,"Hoeffding",0.3835,0.00486238367470112,0.0100911153667965,10000,10000
100,"two curves",1.8,3,3,"dCov",0.4087,0.00491593643164759,0.235741210220683,10000,10000
100,"two curves",1.8,3,3,"HHG",0.2663,0.00442022974516031,14040.5344020535,10000,10000
100,"two curves",1.8,3,3,"Genest",0.3882,0.00487340496983372,0.058780163000001,10000,10000
100,"two curves",1.8,3,3,"MIC",0.1288,0.00334978447067867,0.299509053086989,10000,10000
100,"two curves",1.9,3,3,"B_n",0.1678,0.00373688586927672,17.093511325939,10000,10000
100,"two curves",1.9,3,3,"P_n",0.1681,0.00373955064145413,16.9053650598125,10000,10000
100,"two curves",1.9,3,3,"Hoeffding",0.3449,0.0047533566034961,0.0101556752035397,10000,10000
100,"two curves",1.9,3,3,"dCov",0.3741,0.00483889646510441,0.235211517186123,10000,10000
100,"two curves",1.9,3,3,"HHG",0.2284,0.00419801667457384,14214.5033634387,10000,10000
100,"two curves",1.9,3,3,"Genest",0.3483,0.00476431642525977,0.059424971000002,10000,10000
100,"two curves",1.9,3,3,"MIC",0.1213,0.00326475588673947,0.299352049305592,10000,10000
100,"two curves",2,3,3,"B_n",0.1689,0.00374663569085653,16.889692621619,10000,10000
100,"two curves",2,3,3,"P_n",0.1709,0.00376421558893749,16.6983229768507,10000,10000
100,"two curves",2,3,3,"Hoeffding",0.3554,0.00478634348955442,0.00912596735820225,10000,10000
100,"two curves",2,3,3,"dCov",0.3656,0.00481598006640393,0.231883607499257,10000,10000
100,"two curves",2,3,3,"HHG",0.225,0.00417582327212252,14053.7527931143,10000,10000
100,"two curves",2,3,3,"Genest",0.3506,0.00477157877436808,0.0566562000000007,10000,10000
100,"two curves",2,3,3,"MIC",0.11,0.0031288975694324,0.299885815375026,10000,10000
100,"X",0.1,3,3,"B_n",1,0,16.8159687541291,10000,10000
100,"X",0.1,3,3,"P_n",1,0,16.6534582202529,10000,10000
100,"X",0.1,3,3,"Hoeffding",1,0,0.00972861504801857,10000,10000
100,"X",0.1,3,3,"dCov",0.9909,0.000949588858401361,0.22855118750945,10000,10000
100,"X",0.1,3,3,"HHG",1,0,14356.8627966245,10000,10000
100,"X",0.1,3,3,"Genest",1,0,0.0579940519999999,10000,10000
100,"X",0.1,3,3,"MIC",1,0,0.29992037558394,10000,10000
100,"X",0.2,3,3,"B_n",1,0,16.8741047113332,10000,10000
100,"X",0.2,3,3,"P_n",1,0,16.6995468612612,10000,10000
100,"X",0.2,3,3,"Hoeffding",1,0,0.00985506030747194,10000,10000
100,"X",0.2,3,3,"dCov",0.9808,0.00137227402511306,0.229472352184948,10000,10000
100,"X",0.2,3,3,"HHG",1,0,14327.3051975107,10000,10000
100,"X",0.2,3,3,"Genest",1,0,0.058632081000001,10000,10000
100,"X",0.2,3,3,"MIC",1,0,0.29798650900381,10000,10000
100,"X",0.3,3,3,"B_n",1,0,16.7001784322666,10000,10000
100,"X",0.3,3,3,"P_n",1,0,16.5593545279577,10000,10000
100,"X",0.3,3,3,"Hoeffding",1,0,0.00992718248655287,10000,10000
100,"X",0.3,3,3,"dCov",0.9537,0.00210134028657902,0.231643172459949,10000,10000
100,"X",0.3,3,3,"HHG",1,0,14230.8332531311,10000,10000
100,"X",0.3,3,3,"Genest",0.9999,9.99949998749882e-05,0.0586988160000078,10000,10000
100,"X",0.3,3,3,"MIC",1,0,0.298647107848095,10000,10000
100,"X",0.4,3,3,"B_n",1,0,16.8681369763939,10000,10000
100,"X",0.4,3,3,"P_n",1,0,16.6901319640857,10000,10000
100,"X",0.4,3,3,"Hoeffding",0.9908,0.000954743944730732,0.0097622308451653,10000,10000
100,"X",0.4,3,3,"dCov",0.9155,0.00278136207639351,0.229300560973335,10000,10000
100,"X",0.4,3,3,"HHG",1,0,14338.5498755134,10000,10000
100,"X",0.4,3,3,"Genest",0.9783,0.0014570212764404,0.0576307370000016,10000,10000
100,"X",0.4,3,3,"MIC",0.9997,0.000173179098045915,0.299499066068279,10000,10000
100,"X",0.5,3,3,"B_n",1,0,16.9043438576254,10000,10000
100,"X",0.5,3,3,"P_n",1,0,16.7513134654436,10000,10000
100,"X",0.5,3,3,"Hoeffding",0.8614,0.00345528638465757,0.00981375133621083,10000,10000
100,"X",0.5,3,3,"dCov",0.8325,0.00373421678535138,0.230368757782385,10000,10000
100,"X",0.5,3,3,"HHG",1,0,14347.7088701466,10000,10000
100,"X",0.5,3,3,"Genest",0.8286,0.00376858116537245,0.0580100400000103,10000,10000
100,"X",0.5,3,3,"MIC",0.9844,0.00123921910895531,0.299447281645453,10000,10000
100,"X",0.6,3,3,"B_n",1,0,16.8858390670489,10000,10000
100,"X",0.6,3,3,"P_n",1,0,16.7225357001968,10000,10000
100,"X",0.6,3,3,"Hoeffding",0.6126,0.00487156278826415,0.00990694274429545,10000,10000
100,"X",0.6,3,3,"dCov",0.6943,0.00460703277609352,0.232223003737164,10000,10000
100,"X",0.6,3,3,"HHG",1,0,14281.1565766719,10000,10000
100,"X",0.6,3,3,"Genest",0.6103,0.00487682181343547,0.0581471390000024,10000,10000
100,"X",0.6,3,3,"MIC",0.8614,0.00345528638465757,0.298231323903619,10000,10000
100,"X",0.7,3,3,"B_n",1,0,16.7305489937575,10000,10000
100,"X",0.7,3,3,"P_n",1,0,16.5982764731086,10000,10000
100,"X",0.7,3,3,"Hoeffding",0.4807,0.00499627371147738,0.00913756954671902,10000,10000
100,"X",0.7,3,3,"dCov",0.6286,0.00483179097230002,0.226983960526209,10000,10000
100,"X",0.7,3,3,"HHG",0.9999,9.99949998749882e-05,14095.7627105412,10000,10000
100,"X",0.7,3,3,"Genest",0.4974,0.00499993239954302,0.0560802320000032,10000,10000
100,"X",0.7,3,3,"MIC",0.5758,0.00494220962728211,0.298561627260966,10000,10000
100,"X",0.8,3,3,"B_n",1,0,16.8583267000121,10000,10000
100,"X",0.8,3,3,"P_n",1,0,16.7016176995135,10000,10000
100,"X",0.8,3,3,"Hoeffding",0.3394,0.00473505691623659,0.00951565611405449,10000,10000
100,"X",0.8,3,3,"dCov",0.4548,0.00497952768844596,0.231632552683006,10000,10000
100,"X",0.8,3,3,"HHG",0.9994,0.000244875478560032,14171.6685168525,10000,10000
100,"X",0.8,3,3,"Genest",0.3376,0.00472891361731212,0.0575880739999985,10000,10000
100,"X",0.8,3,3,"MIC",0.2952,0.0045613261229603,0.299699297619859,10000,10000
100,"X",0.9,3,3,"B_n",0.9994,0.000244875478560032,17.0475030643984,10000,10000
100,"X",0.9,3,3,"P_n",0.9993,0.000264482513599677,16.8867971410665,10000,10000
100,"X",0.9,3,3,"Hoeffding",0.2471,0.00431325387613574,0.010058623925984,10000,10000
100,"X",0.9,3,3,"dCov",0.3332,0.00471357359123627,0.234259989936885,10000,10000
100,"X",0.9,3,3,"HHG",0.9955,0.000669309345519689,14350.5941407305,10000,10000
100,"X",0.9,3,3,"Genest",0.2408,0.00427569128913676,0.0591670389999995,10000,10000
100,"X",0.9,3,3,"MIC",0.1582,0.00364928431339626,0.298876938978808,10000,10000
100,"X",1,3,3,"B_n",0.9931,0.000827791640450664,16.9294951326385,10000,10000
100,"X",1,3,3,"P_n",0.9925,0.000862771696336867,16.7225631894195,10000,10000
100,"X",1,3,3,"Hoeffding",0.2064,0.00404720940896317,0.00985041611146175,10000,10000
100,"X",1,3,3,"dCov",0.2752,0.0044661500198717,0.233054310998428,10000,10000
100,"X",1,3,3,"HHG",0.9797,0.00141024501417307,14197.8579722686,10000,10000
100,"X",1,3,3,"Genest",0.2024,0.00401788800242117,0.057871993000005,10000,10000
100,"X",1,3,3,"MIC",0.0985,0.00297989513238302,0.298586636050604,10000,10000
100,"X",1.1,3,3,"B_n",0.9739,0.00159432713079844,16.9572340218381,10000,10000
100,"X",1.1,3,3,"P_n",0.9729,0.0016237484411078,16.7785546981594,10000,10000
100,"X",1.1,3,3,"Hoeffding",0.1876,0.00390392417959161,0.00934899502600165,10000,10000
100,"X",1.1,3,3,"dCov",0.2334,0.00422994609894736,0.23208039060711,10000,10000
100,"X",1.1,3,3,"HHG",0.9433,0.00231268480342653,14123.8729528676,10000,10000
100,"X",1.1,3,3,"Genest",0.182,0.00385844528275315,0.056840441999996,10000,10000
100,"X",1.1,3,3,"MIC",0.0717,0.0025799052308176,0.299486355737881,10000,10000
100,"X",1.2,3,3,"B_n",0.9292,0.00256490467659131,16.9344292501875,10000,10000
100,"X",1.2,3,3,"P_n",0.9267,0.00260628298540278,16.7687421757675,10000,10000
100,"X",1.2,3,3,"Hoeffding",0.1527,0.00359698081729664,0.00963521709839825,10000,10000
100,"X",1.2,3,3,"dCov",0.197,0.0039773232204587,0.23202115374797,10000,10000
100,"X",1.2,3,3,"HHG",0.8719,0.00334201122080702,14098.7198607027,10000,10000
100,"X",1.2,3,3,"Genest",0.1451,0.00352201632591333,0.0574637780000003,10000,10000
100,"X",1.2,3,3,"MIC",0.0649,0.00246349325146224,0.299383479386132,10000,10000
100,"X",1.3,3,3,"B_n",0.8561,0.0035098830464846,17.1070691780946,10000,10000
100,"X",1.3,3,3,"P_n",0.8504,0.00356678903216885,16.9799126270015,10000,10000
100,"X",1.3,3,3,"Hoeffding",0.1291,0.003353105873664,0.00997705197355418,10000,10000
100,"X",1.3,3,3,"dCov",0.1609,0.00367438688763173,0.233208350415322,10000,10000
100,"X",1.3,3,3,"HHG",0.7773,0.0041605854155395,14299.77090666,10000,10000
100,"X",1.3,3,3,"Genest",0.1234,0.00328895788966657,0.0576849519999953,10000,10000
100,"X",1.3,3,3,"MIC",0.0615,0.00240245187256686,0.299031141386737,10000,10000
100,"X",1.4,3,3,"B_n",0.7801,0.00414178693319683,16.8811232385378,10000,10000
100,"X",1.4,3,3,"P_n",0.7756,0.00417186576965271,16.7309717885791,10000,10000
100,"X",1.4,3,3,"Hoeffding",0.1131,0.00316714998066085,0.0099527039806863,10000,10000
100,"X",1.4,3,3,"dCov",0.141,0.00348021551056827,0.233453706563699,10000,10000
100,"X",1.4,3,3,"HHG",0.6858,0.00464196467026624,14182.794335404,10000,10000
100,"X",1.4,3,3,"Genest",0.1087,0.00311262445534311,0.0578686249999968,10000,10000
100,"X",1.4,3,3,"MIC",0.0589,0.00235437443920885,0.298253448685457,10000,10000
100,"X",1.5,3,3,"B_n",0.6765,0.00467811660820891,17.0920136802581,10000,10000
100,"X",1.5,3,3,"P_n",0.671,0.00469849976056188,16.9053938576864,10000,10000
100,"X",1.5,3,3,"Hoeffding",0.1121,0.00315489445148328,0.00974872462262005,10000,10000
100,"X",1.5,3,3,"dCov",0.1324,0.00338925124474418,0.232419800508997,10000,10000
100,"X",1.5,3,3,"HHG",0.5846,0.0049279086842189,14193.4122395717,10000,10000
100,"X",1.5,3,3,"Genest",0.1041,0.00305390225776792,0.0576474319999904,10000,10000
100,"X",1.5,3,3,"MIC",0.0541,0.00226214919932351,0.299095152423707,10000,10000
100,"X",1.6,3,3,"B_n",0.6009,0.0048971337535338,16.8400795759196,10000,10000
100,"X",1.6,3,3,"P_n",0.5972,0.00490461170736278,16.6749849416847,10000,10000
100,"X",1.6,3,3,"Hoeffding",0.1039,0.00305130775242354,0.00964679737093213,10000,10000
100,"X",1.6,3,3,"dCov",0.1251,0.00330832268680067,0.23238711979117,10000,10000
100,"X",1.6,3,3,"HHG",0.5159,0.00499747126054768,13961.3319024723,10000,10000
100,"X",1.6,3,3,"Genest",0.1003,0.00300399583887861,0.056781376999995,10000,10000
100,"X",1.6,3,3,"MIC",0.0576,0.00232985493110623,0.298981621774487,10000,10000
100,"X",1.7,3,3,"B_n",0.5003,0.00499999909999992,17.2057490660567,10000,10000
100,"X",1.7,3,3,"P_n",0.4984,0.00499997439993446,16.9976253126184,10000,10000
100,"X",1.7,3,3,"Hoeffding",0.0885,0.00284020685866364,0.0096478546510763,10000,10000
100,"X",1.7,3,3,"dCov",0.0957,0.00294179384049936,0.234589652574869,10000,10000
100,"X",1.7,3,3,"HHG",0.4187,0.00493346034746404,14210.734807086,10000,10000
100,"X",1.7,3,3,"Genest",0.0769,0.0026643271195557,0.0577440130000008,10000,10000
100,"X",1.7,3,3,"MIC",0.0582,0.00234121250637357,0.297460304464818,10000,10000
100,"X",1.8,3,3,"B_n",0.4319,0.00495340680744071,16.9304021013675,10000,10000
100,"X",1.8,3,3,"P_n",0.4285,0.00494861344216741,16.7805547917215,10000,10000
100,"X",1.8,3,3,"Hoeffding",0.0825,0.00275124971603815,0.00993400167783452,10000,10000
100,"X",1.8,3,3,"dCov",0.0853,0.00279327603362074,0.235719544463863,10000,10000
100,"X",1.8,3,3,"HHG",0.3451,0.00475400872948294,14166.5782296124,10000,10000
100,"X",1.8,3,3,"Genest",0.0714,0.00257491825112954,0.0587246460000017,10000,10000
100,"X",1.8,3,3,"MIC",0.0501,0.00218151300706643,0.300247303508717,10000,10000
100,"X",1.9,3,3,"B_n",0.3716,0.00483232283689739,16.9964156527814,10000,10000
100,"X",1.9,3,3,"P_n",0.3707,0.00482992246314576,16.8036315301846,10000,10000
100,"X",1.9,3,3,"Hoeffding",0.0802,0.00271602577307359,0.00999716221227634,10000,10000
100,"X",1.9,3,3,"dCov",0.0906,0.00287039439798784,0.234706419599273,10000,10000
100,"X",1.9,3,3,"HHG",0.3065,0.00461039857279173,14151.6752913489,10000,10000
100,"X",1.9,3,3,"Genest",0.073,0.00260136502628908,0.0584580230000059,10000,10000
100,"X",1.9,3,3,"MIC",0.0471,0.00211852755469453,0.301684749423913,10000,10000
100,"X",2,3,3,"B_n",0.3178,0.00465621262401106,17.0974771699649,10000,10000
100,"X",2,3,3,"P_n",0.3165,0.00465110470748617,16.9105668957587,10000,10000
100,"X",2,3,3,"Hoeffding",0.0717,0.0025799052308176,0.0101007676969569,10000,10000
100,"X",2,3,3,"dCov",0.077,0.00266591447724791,0.237663784343708,10000,10000
100,"X",2,3,3,"HHG",0.2576,0.00437312519829927,14166.1823682794,10000,10000
100,"X",2,3,3,"Genest",0.066,0.00248282097622845,0.0590398470000035,10000,10000
100,"X",2,3,3,"MIC",0.0512,0.00220405444578849,0.300067132242426,10000,10000
100,"diamond",0.1,3,3,"B_n",1,0,16.9876639151268,10000,10000
100,"diamond",0.1,3,3,"P_n",1,0,16.7850022103233,10000,10000
100,"diamond",0.1,3,3,"Hoeffding",0.6082,0.00488152394237701,0.0101932172822268,10000,10000
100,"diamond",0.1,3,3,"dCov",0.5371,0.00498621690262267,0.237793685363334,10000,10000
100,"diamond",0.1,3,3,"HHG",1,0,14101.9460439947,10000,10000
100,"diamond",0.1,3,3,"Genest",0.2069,0.00405083188987151,0.0591492169999986,10000,10000
100,"diamond",0.1,3,3,"MIC",0.4338,0.00495598184016043,0.298288226930443,10000,10000
100,"diamond",0.2,3,3,"B_n",1,0,16.903669894342,10000,10000
100,"diamond",0.2,3,3,"P_n",1,0,16.7446968642267,10000,10000
100,"diamond",0.2,3,3,"Hoeffding",0.6039,0.00489085667342645,0.00953687875493839,10000,10000
100,"diamond",0.2,3,3,"dCov",0.5255,0.00499349326624158,0.235276176258308,10000,10000
100,"diamond",0.2,3,3,"HHG",1,0,14062.2465237128,10000,10000
100,"diamond",0.2,3,3,"Genest",0.221,0.00414920474308029,0.0570953459999945,10000,10000
100,"diamond",0.2,3,3,"MIC",0.3522,0.00477655901251099,0.30089560974534,10000,10000
100,"diamond",0.3,3,3,"B_n",1,0,16.8232862390054,10000,10000
100,"diamond",0.3,3,3,"P_n",0.9999,9.99949998749882e-05,16.6212607869857,10000,10000
100,"diamond",0.3,3,3,"Hoeffding",0.4522,0.00497709915513043,0.00997165067995333,10000,10000
100,"diamond",0.3,3,3,"dCov",0.456,0.00498060237320748,0.235814013610407,10000,10000
100,"diamond",0.3,3,3,"HHG",1,0,14077.1552314931,10000,10000
100,"diamond",0.3,3,3,"Genest",0.1796,0.00383853930551714,0.0583537159999978,10000,10000
100,"diamond",0.3,3,3,"MIC",0.2809,0.00449438749998262,0.299280585157847,10000,10000
100,"diamond",0.4,3,3,"B_n",0.9999,9.99949998749882e-05,16.7533368493516,10000,10000
100,"diamond",0.4,3,3,"P_n",0.9998,0.0001414072133945,16.6355679263173,10000,10000
100,"diamond",0.4,3,3,"Hoeffding",0.3271,0.00469154121797944,0.010142436621634,10000,10000
100,"diamond",0.4,3,3,"dCov",0.3638,0.00481092049404269,0.236720635775211,10000,10000
100,"diamond",0.4,3,3,"HHG",0.9998,0.0001414072133945,14087.4362794724,10000,10000
100,"diamond",0.4,3,3,"Genest",0.1471,0.00354205575901905,0.0587943710000011,10000,10000
100,"diamond",0.4,3,3,"MIC",0.2215,0.00415256246190229,0.299303240905605,10000,10000
100,"diamond",0.5,3,3,"B_n",0.9995,0.000223550889061069,16.5927616995284,10000,10000
100,"diamond",0.5,3,3,"P_n",0.9994,0.000244875478560032,16.4758840834254,10000,10000
100,"diamond",0.5,3,3,"Hoeffding",0.2724,0.00445194609131782,0.00976325027042994,10000,10000
100,"diamond",0.5,3,3,"dCov",0.3013,0.00458822743551363,0.235447952023001,10000,10000
100,"diamond",0.5,3,3,"HHG",0.9996,0.000199959995999189,13994.2242838867,10000,10000
100,"diamond",0.5,3,3,"Genest",0.1372,0.00344058367141391,0.0578113989999919,10000,10000
100,"diamond",0.5,3,3,"MIC",0.1651,0.00371270777196375,0.30006990045034,10000,10000
100,"diamond",0.6,3,3,"B_n",0.9979,0.000457776146167534,16.9264214631979,10000,10000
100,"diamond",0.6,3,3,"P_n",0.9977,0.00047903131421651,16.742533931392,10000,10000
100,"diamond",0.6,3,3,"Hoeffding",0.197,0.0039773232204587,0.00963077877980308,10000,10000
100,"diamond",0.6,3,3,"dCov",0.2488,0.0043231766098553,0.233885664080973,10000,10000
100,"diamond",0.6,3,3,"HHG",0.9978,0.00046852534616603,14158.0523811211,10000,10000
100,"diamond",0.6,3,3,"Genest",0.1172,0.00321658452399436,0.0578333209999935,10000,10000
100,"diamond",0.6,3,3,"MIC",0.135,0.00341723572496836,0.299262255309172,10000,10000
100,"diamond",0.7,3,3,"B_n",0.9922,0.000879724957017819,16.9907094824697,10000,10000
100,"diamond",0.7,3,3,"P_n",0.9909,0.000949588858401361,16.8047660690129,10000,10000
100,"diamond",0.7,3,3,"Hoeffding",0.1429,0.00349970841642557,0.00980608273456211,10000,10000
100,"diamond",0.7,3,3,"dCov",0.1878,0.00390552378049347,0.235254297301696,10000,10000
100,"diamond",0.7,3,3,"HHG",0.9923,0.000874111548945559,14076.602209663,10000,10000
100,"diamond",0.7,3,3,"Genest",0.0944,0.00292384404508859,0.0581236560000057,10000,10000
100,"diamond",0.7,3,3,"MIC",0.1158,0.00319984937145485,0.297135263365306,10000,10000
100,"diamond",0.8,3,3,"B_n",0.9756,0.00154287523798912,16.9289813592876,10000,10000
100,"diamond",0.8,3,3,"P_n",0.9736,0.00160321676637939,16.7845923976916,10000,10000
100,"diamond",0.8,3,3,"Hoeffding",0.1015,0.00301989652140599,0.00992406510401724,10000,10000
100,"diamond",0.8,3,3,"dCov",0.1455,0.00352604239906442,0.235494604209775,10000,10000
100,"diamond",0.8,3,3,"HHG",0.974,0.00159135162676261,14137.770294911,10000,10000
100,"diamond",0.8,3,3,"Genest",0.0878,0.00283003816228686,0.0579689449999988,10000,10000
100,"diamond",0.8,3,3,"MIC",0.0838,0.00277087639565535,0.300152449474868,10000,10000
100,"diamond",0.9,3,3,"B_n",0.9409,0.00235811768154179,17.2651341255102,10000,10000
100,"diamond",0.9,3,3,"P_n",0.9329,0.00250195103868961,17.1253994341745,10000,10000
100,"diamond",0.9,3,3,"Hoeffding",0.0743,0.00262258479367207,0.00994102276180699,10000,10000
100,"diamond",0.9,3,3,"dCov",0.1127,0.00316225726341169,0.236175206600247,10000,10000
100,"diamond",0.9,3,3,"HHG",0.9411,0.00235437443920885,14259.7912853234,10000,10000
100,"diamond",0.9,3,3,"Genest",0.0773,0.0026706686428683,0.0579740659999977,10000,10000
100,"diamond",0.9,3,3,"MIC",0.0805,0.00272065708974872,0.299348195432588,10000,10000
100,"diamond",1,3,3,"B_n",0.8911,0.00311513707563568,17.045217768243,10000,10000
100,"diamond",1,3,3,"P_n",0.8845,0.00319624388931758,16.838213249091,10000,10000
100,"diamond",1,3,3,"Hoeffding",0.0696,0.00254471688012635,0.00970778689482665,10000,10000
100,"diamond",1,3,3,"dCov",0.0916,0.00288460465228773,0.235709936906955,10000,10000
100,"diamond",1,3,3,"HHG",0.8949,0.0030668222967756,14113.9442339441,10000,10000
100,"diamond",1,3,3,"Genest",0.0687,0.00252943294040384,0.0584990659999919,10000,10000
100,"diamond",1,3,3,"MIC",0.0687,0.00252943294040384,0.300631018559067,10000,10000
100,"diamond",1.1,3,3,"B_n",0.8334,0.00372618357035721,16.6557656116447,10000,10000
100,"diamond",1.1,3,3,"P_n",0.8242,0.00380649917903577,16.5282292643583,10000,10000
100,"diamond",1.1,3,3,"Hoeffding",0.0637,0.00244217751197574,0.00946500097227269,10000,10000
100,"diamond",1.1,3,3,"dCov",0.0929,0.00290292249293707,0.231582738617562,10000,10000
100,"diamond",1.1,3,3,"HHG",0.8259,0.00379195450922081,14045.1807633569,10000,10000
100,"diamond",1.1,3,3,"Genest",0.0735,0.00260955455969022,0.0561729289999984,10000,10000
100,"diamond",1.1,3,3,"MIC",0.0641,0.00244930990280936,0.299518235320752,10000,10000
100,"diamond",1.2,3,3,"B_n",0.7339,0.00441917175497853,16.8648588460945,10000,10000
100,"diamond",1.2,3,3,"P_n",0.7213,0.00448359576679254,16.7763189063992,10000,10000
100,"diamond",1.2,3,3,"Hoeffding",0.0592,0.00235998644063901,0.00933339549503025,10000,10000
100,"diamond",1.2,3,3,"dCov",0.0815,0.00273601443709641,0.232148591959398,10000,10000
100,"diamond",1.2,3,3,"HHG",0.744,0.00436421814303547,14040.2934359252,10000,10000
100,"diamond",1.2,3,3,"Genest",0.0674,0.00250713461944109,0.0569062119999998,10000,10000
100,"diamond",1.2,3,3,"MIC",0.0668,0.00249675309151706,0.29815498337998,10000,10000
100,"diamond",1.3,3,3,"B_n",0.6286,0.00483179097230002,17.0229381353505,10000,10000
100,"diamond",1.3,3,3,"P_n",0.6202,0.00485336955114691,16.8299173881921,10000,10000
100,"diamond",1.3,3,3,"Hoeffding",0.0514,0.00220812227922278,0.00963253936376173,10000,10000
100,"diamond",1.3,3,3,"dCov",0.0622,0.00241518446500469,0.235012958548821,10000,10000
100,"diamond",1.3,3,3,"HHG",0.6398,0.00480058288127598,14154.5466972927,10000,10000
100,"diamond",1.3,3,3,"Genest",0.0569,0.00231651440746653,0.0578585519999999,10000,10000
100,"diamond",1.3,3,3,"MIC",0.0595,0.00236558132390328,0.299028757484802,10000,10000
100,"diamond",1.4,3,3,"B_n",0.5474,0.00497748169258311,16.9410953045721,10000,10000
100,"diamond",1.4,3,3,"P_n",0.5432,0.00498130264087618,16.687288060152,10000,10000
100,"diamond",1.4,3,3,"Hoeffding",0.0429,0.00202631660902239,0.00960223620063458,10000,10000
100,"diamond",1.4,3,3,"dCov",0.062,0.00241155551460048,0.233268290479751,10000,10000
100,"diamond",1.4,3,3,"HHG",0.5576,0.00496671158816374,14069.5669792987,10000,10000
100,"diamond",1.4,3,3,"Genest",0.0555,0.0022895359791888,0.0575326559999935,10000,10000
100,"diamond",1.4,3,3,"MIC",0.0574,0.00232605330979322,0.298823302160627,10000,10000
100,"diamond",1.5,3,3,"B_n",0.4604,0.00498429373131239,16.9535496698083,10000,10000
100,"diamond",1.5,3,3,"P_n",0.4497,0.00497463476046232,16.8334670355295,10000,10000
100,"diamond",1.5,3,3,"Hoeffding",0.0419,0.00200360649829252,0.00956064630632009,10000,10000
100,"diamond",1.5,3,3,"dCov",0.0611,0.0023951365305552,0.232158774206077,10000,10000
100,"diamond",1.5,3,3,"HHG",0.4722,0.00499226561793341,14130.0967805536,10000,10000
100,"diamond",1.5,3,3,"Genest",0.0597,0.0023693017958884,0.0563636710000052,10000,10000
100,"diamond",1.5,3,3,"MIC",0.061,0.00239330315672712,0.298069888126745,10000,10000
100,"diamond",1.6,3,3,"B_n",0.382,0.00485876527525255,16.9675370681777,10000,10000
100,"diamond",1.6,3,3,"P_n",0.3752,0.00484174513992631,16.819839285944,10000,10000
100,"diamond",1.6,3,3,"Hoeffding",0.0393,0.00194307771331977,0.00980744218962186,10000,10000
100,"diamond",1.6,3,3,"dCov",0.0529,0.00223833844625874,0.235871606893921,10000,10000
100,"diamond",1.6,3,3,"HHG",0.4065,0.00491179956838632,14035.2681585618,10000,10000
100,"diamond",1.6,3,3,"Genest",0.0501,0.00218151300706643,0.0582199810000002,10000,10000
100,"diamond",1.6,3,3,"MIC",0.0584,0.00234498272914749,0.298053825119605,10000,10000
100,"diamond",1.7,3,3,"B_n",0.3166,0.00465149911318921,16.8915260646758,10000,10000
100,"diamond",1.7,3,3,"P_n",0.3131,0.00463754665744723,16.7204390701594,10000,10000
100,"diamond",1.7,3,3,"Hoeffding",0.0416,0.0019967333322204,0.00946247532127502,10000,10000
100,"diamond",1.7,3,3,"dCov",0.0493,0.00216493671962947,0.233701090284685,10000,10000
100,"diamond",1.7,3,3,"HHG",0.345,0.00475368278285373,14026.6120060103,10000,10000
100,"diamond",1.7,3,3,"Genest",0.0467,0.00210995521279481,0.0578264290000069,10000,10000
100,"diamond",1.7,3,3,"MIC",0.0557,0.00229341470301383,0.298938758489389,10000,10000
100,"diamond",1.8,3,3,"B_n",0.2721,0.00445041110460596,17.1032609943034,10000,10000
100,"diamond",1.8,3,3,"P_n",0.2679,0.0044286520522615,16.9195957793866,10000,10000
100,"diamond",1.8,3,3,"Hoeffding",0.0421,0.00200817305031215,0.00968703777199727,10000,10000
100,"diamond",1.8,3,3,"dCov",0.0506,0.00219179469841498,0.234251052741957,10000,10000
100,"diamond",1.8,3,3,"HHG",0.2853,0.00451557205678306,14135.2707243571,10000,10000
100,"diamond",1.8,3,3,"Genest",0.0508,0.00219589070766284,0.0578973649999938,10000,10000
100,"diamond",1.8,3,3,"MIC",0.0538,0.00225622605250449,0.299524609622462,10000,10000
100,"diamond",1.9,3,3,"B_n",0.2317,0.00421918368881944,16.9346435453497,10000,10000
100,"diamond",1.9,3,3,"P_n",0.2282,0.00419672205417514,16.7587479201702,10000,10000
100,"diamond",1.9,3,3,"Hoeffding",0.0455,0.0020839805661282,0.00939799451489436,10000,10000
100,"diamond",1.9,3,3,"dCov",0.0539,0.00225820260384227,0.232441900994577,10000,10000
100,"diamond",1.9,3,3,"HHG",0.2528,0.00434617256905429,14014.3259135778,10000,10000
100,"diamond",1.9,3,3,"Genest",0.0567,0.00231268480342653,0.0562643180000033,10000,10000
100,"diamond",1.9,3,3,"MIC",0.0538,0.00225622605250449,0.299796019030805,10000,10000
100,"diamond",2,3,3,"B_n",0.1879,0.0039063229513188,17.085698604772,10000,10000
100,"diamond",2,3,3,"P_n",0.1856,0.00388783538746177,16.8705798345607,10000,10000
100,"diamond",2,3,3,"Hoeffding",0.0377,0.00190469708877816,0.00971108624643231,10000,10000
100,"diamond",2,3,3,"dCov",0.0446,0.0020642393272099,0.233733324531902,10000,10000
100,"diamond",2,3,3,"HHG",0.1962,0.00397121593469809,14165.7187698655,10000,10000
100,"diamond",2,3,3,"Genest",0.0456,0.00208616010890823,0.0575839069999923,10000,10000
100,"diamond",2,3,3,"MIC",0.0469,0.00211424667434999,0.301301394366242,10000,10000
100,"heteroscedastic",0.1,3,3,"B_n",1,0,16.7692643403812,10000,10000
100,"heteroscedastic",0.1,3,3,"P_n",1,0,16.5866271172296,10000,10000
100,"heteroscedastic",0.1,3,3,"Hoeffding",0.9999,9.99949998749882e-05,0.00995216471468312,10000,10000
100,"heteroscedastic",0.1,3,3,"dCov",1,0,0.246850382321215,10000,10000
100,"heteroscedastic",0.1,3,3,"HHG",1,0,14090.3933878235,10000,10000
100,"heteroscedastic",0.1,3,3,"Genest",0.9993,0.000264482513599677,0.0580777039999989,10000,10000
100,"heteroscedastic",0.1,3,3,"MIC",0.989,0.00104302444841912,0.301944076687732,10000,10000
100,"heteroscedastic",0.2,3,3,"B_n",0.9998,0.0001414072133945,16.8880745209468,10000,10000
100,"heteroscedastic",0.2,3,3,"P_n",0.9998,0.0001414072133945,16.7411582811712,10000,10000
100,"heteroscedastic",0.2,3,3,"Hoeffding",0.9949,0.000712319450808413,0.00978184830633284,10000,10000
100,"heteroscedastic",0.2,3,3,"dCov",0.9999,9.99949998749882e-05,0.243861367665091,10000,10000
100,"heteroscedastic",0.2,3,3,"HHG",1,0,14013.6280340408,10000,10000
100,"heteroscedastic",0.2,3,3,"Genest",0.9918,0.000901818163489735,0.0577318580000037,10000,10000
100,"heteroscedastic",0.2,3,3,"MIC",0.9697,0.00171411522366497,0.300589273591949,10000,10000
100,"heteroscedastic",0.3,3,3,"B_n",0.9969,0.000555912762940373,16.7875792537152,10000,10000
100,"heteroscedastic",0.3,3,3,"P_n",0.9969,0.000555912762940373,16.6545722535364,10000,10000
100,"heteroscedastic",0.3,3,3,"Hoeffding",0.9648,0.00184284996676344,0.0100089191409147,10000,10000
100,"heteroscedastic",0.3,3,3,"dCov",0.9991,0.000299864969611326,0.243045229031609,10000,10000
100,"heteroscedastic",0.3,3,3,"HHG",0.9998,0.0001414072133945,13962.5304447208,10000,10000
100,"heteroscedastic",0.3,3,3,"Genest",0.9554,0.0020642393272099,0.0581654049999866,10000,10000
100,"heteroscedastic",0.3,3,3,"MIC",0.9323,0.00251230392269725,0.299598686419938,10000,10000
100,"heteroscedastic",0.4,3,3,"B_n",0.9868,0.00114130451677017,17.0678257300957,10000,10000
100,"heteroscedastic",0.4,3,3,"P_n",0.9859,0.00117903307841638,16.8994210303395,10000,10000
100,"heteroscedastic",0.4,3,3,"Hoeffding",0.8766,0.00328895788966657,0.00978899026027155,10000,10000
100,"heteroscedastic",0.4,3,3,"dCov",0.9938,0.000784956049725078,0.242574240047267,10000,10000
100,"heteroscedastic",0.4,3,3,"HHG",0.9984,0.000399679871897503,13987.52539689,10000,10000
100,"heteroscedastic",0.4,3,3,"Genest",0.8629,0.00343952889215951,0.058057841999998,10000,10000
100,"heteroscedastic",0.4,3,3,"MIC",0.8446,0.00362285577963021,0.300019975543753,10000,10000
100,"heteroscedastic",0.5,3,3,"B_n",0.9494,0.00219179469841498,16.7765682195661,10000,10000
100,"heteroscedastic",0.5,3,3,"P_n",0.9471,0.00223833844625874,16.6143922115906,10000,10000
100,"heteroscedastic",0.5,3,3,"Hoeffding",0.7158,0.00451032548714613,0.0100750795085294,10000,10000
100,"heteroscedastic",0.5,3,3,"dCov",0.962,0.0019119623427254,0.245111957303041,10000,10000
100,"heteroscedastic",0.5,3,3,"HHG",0.991,0.000944404574321832,13868.5607971326,10000,10000
100,"heteroscedastic",0.5,3,3,"Genest",0.7099,0.0045380831856633,0.0583313399999957,10000,10000
100,"heteroscedastic",0.5,3,3,"MIC",0.7263,0.00445856826795329,0.299429534911568,10000,10000
100,"heteroscedastic",0.6,3,3,"B_n",0.8913,0.00311262445534311,16.9630523494706,10000,10000
100,"heteroscedastic",0.6,3,3,"P_n",0.8861,0.00317689770058779,16.8136140678777,10000,10000
100,"heteroscedastic",0.6,3,3,"Hoeffding",0.5823,0.00493180200332495,0.00951541304588064,10000,10000
100,"heteroscedastic",0.6,3,3,"dCov",0.9217,0.00268643090363404,0.240437513639915,10000,10000
100,"heteroscedastic",0.6,3,3,"HHG",0.9731,0.00161791192590944,13936.2696580345,10000,10000
100,"heteroscedastic",0.6,3,3,"Genest",0.5798,0.00493590883222128,0.0569143190000032,10000,10000
100,"heteroscedastic",0.6,3,3,"MIC",0.6106,0.00487614232770127,0.296593152328305,10000,10000
100,"heteroscedastic",0.7,3,3,"B_n",0.8013,0.00399021691139717,17.0457428891648,10000,10000
100,"heteroscedastic",0.7,3,3,"P_n",0.7955,0.00403335778229505,16.8873749251675,10000,10000
100,"heteroscedastic",0.7,3,3,"Hoeffding",0.4147,0.00492670183794392,0.0101418568442685,10000,10000
100,"heteroscedastic",0.7,3,3,"dCov",0.8261,0.00379023468930355,0.24440262974741,10000,10000
100,"heteroscedastic",0.7,3,3,"HHG",0.9281,0.00258322259977726,14098.6593929438,10000,10000
100,"heteroscedastic",0.7,3,3,"Genest",0.4174,0.00493130043700442,0.058521209000007,10000,10000
100,"heteroscedastic",0.7,3,3,"MIC",0.457,0.00498147568497529,0.300438620206544,10000,10000
100,"heteroscedastic",0.8,3,3,"B_n",0.7167,0.00450600832222933,16.8315981643063,10000,10000
100,"heteroscedastic",0.8,3,3,"P_n",0.7085,0.00454453242919445,16.6800975979657,10000,10000
100,"heteroscedastic",0.8,3,3,"Hoeffding",0.3343,0.00471745174856087,0.0096245526483008,10000,10000
100,"heteroscedastic",0.8,3,3,"dCov",0.7517,0.00432026746857182,0.239530634071524,10000,10000
100,"heteroscedastic",0.8,3,3,"HHG",0.8702,0.00336083263492843,13997.7142724019,10000,10000
100,"heteroscedastic",0.8,3,3,"Genest",0.3315,0.00470752323414341,0.0575375389999905,10000,10000
100,"heteroscedastic",0.8,3,3,"MIC",0.3472,0.00476079993278441,0.300804932539667,10000,10000
100,"heteroscedastic",0.9,3,3,"B_n",0.6177,0.00485949287477613,16.9383778026932,10000,10000
100,"heteroscedastic",0.9,3,3,"P_n",0.6142,0.00486783689126906,16.7629530617681,10000,10000
100,"heteroscedastic",0.9,3,3,"Hoeffding",0.2455,0.00430383259432799,0.00976480364873222,10000,10000
100,"heteroscedastic",0.9,3,3,"dCov",0.6562,0.00474975325674924,0.238507597448828,10000,10000
100,"heteroscedastic",0.9,3,3,"HHG",0.7967,0.00402453860709523,13865.614272662,10000,10000
100,"heteroscedastic",0.9,3,3,"Genest",0.2526,0.00434503440722855,0.0575859760000076,10000,10000
100,"heteroscedastic",0.9,3,3,"MIC",0.2733,0.00445653576222608,0.300165458581941,10000,10000
100,"heteroscedastic",1,3,3,"B_n",0.5358,0.00498716713174925,16.7004097859368,10000,10000
100,"heteroscedastic",1,3,3,"P_n",0.5318,0.00498987735320218,16.5381514819605,10000,10000
100,"heteroscedastic",1,3,3,"Hoeffding",0.2144,0.00410405458053374,0.00916793845779486,10000,10000
100,"heteroscedastic",1,3,3,"dCov",0.5572,0.00496717384435053,0.236301679515297,10000,10000
100,"heteroscedastic",1,3,3,"HHG",0.7008,0.00457907588930343,13928.1569046141,10000,10000
100,"heteroscedastic",1,3,3,"Genest",0.2144,0.00410405458053374,0.0557177730000008,10000,10000
100,"heteroscedastic",1,3,3,"MIC",0.2112,0.00408159968639748,0.299256199350114,10000,10000
100,"heteroscedastic",1.1,3,3,"B_n",0.4559,0.00498051392930489,16.8772689856194,10000,10000
100,"heteroscedastic",1.1,3,3,"P_n",0.4498,0.00497473577187774,16.7341075615927,10000,10000
100,"heteroscedastic",1.1,3,3,"Hoeffding",0.1657,0.00371811121404403,0.00956012629981701,10000,10000
100,"heteroscedastic",1.1,3,3,"dCov",0.4513,0.00497622658246186,0.238250425632991,10000,10000
100,"heteroscedastic",1.1,3,3,"HHG",0.6157,0.00486429347387676,13962.2637884967,10000,10000
100,"heteroscedastic",1.1,3,3,"Genest",0.1548,0.00361713920108143,0.0578496440000036,10000,10000
100,"heteroscedastic",1.1,3,3,"MIC",0.1801,0.00384270724880259,0.298835627682145,10000,10000
100,"heteroscedastic",1.2,3,3,"B_n",0.3947,0.00488786159787693,16.7063928336248,10000,10000
100,"heteroscedastic",1.2,3,3,"P_n",0.3909,0.00487952036577367,16.5625796788765,10000,10000
100,"heteroscedastic",1.2,3,3,"Hoeffding",0.123,0.00328437208610718,0.0102599448089139,10000,10000
100,"heteroscedastic",1.2,3,3,"dCov",0.3585,0.00479559954541661,0.240347300190583,10000,10000
100,"heteroscedastic",1.2,3,3,"HHG",0.5258,0.00499333916332548,14047.6085330633,10000,10000
100,"heteroscedastic",1.2,3,3,"Genest",0.1282,0.00334312368900703,0.0582788810000015,10000,10000
100,"heteroscedastic",1.2,3,3,"MIC",0.1441,0.00351191101823494,0.300810827571321,10000,10000
100,"heteroscedastic",1.3,3,3,"B_n",0.3436,0.00474909507169524,16.7146077390989,10000,10000
100,"heteroscedastic",1.3,3,3,"P_n",0.3392,0.00473437810065905,16.5784522476678,10000,10000
100,"heteroscedastic",1.3,3,3,"Hoeffding",0.1184,0.00323081166272502,0.00975842941831528,10000,10000
100,"heteroscedastic",1.3,3,3,"dCov",0.3046,0.00460237808094902,0.239393784268158,10000,10000
100,"heteroscedastic",1.3,3,3,"HHG",0.4777,0.00499502462456393,13864.3967492125,10000,10000
100,"heteroscedastic",1.3,3,3,"Genest",0.1147,0.00318659551873155,0.0579962389999994,10000,10000
100,"heteroscedastic",1.3,3,3,"MIC",0.1227,0.00328092532679426,0.29974827914089,10000,10000
100,"heteroscedastic",1.4,3,3,"B_n",0.2821,0.00450021766140261,16.9146786388819,10000,10000
100,"heteroscedastic",1.4,3,3,"P_n",0.2821,0.00450021766140261,16.6920611830942,10000,10000
100,"heteroscedastic",1.4,3,3,"Hoeffding",0.1088,0.00311388117949288,0.00950026578110156,10000,10000
100,"heteroscedastic",1.4,3,3,"dCov",0.2602,0.00438743615338161,0.237651177291904,10000,10000
100,"heteroscedastic",1.4,3,3,"HHG",0.3916,0.00488108020831455,13981.1012462734,10000,10000
100,"heteroscedastic",1.4,3,3,"Genest",0.1019,0.00302516759866292,0.057369503999999,10000,10000
100,"heteroscedastic",1.4,3,3,"MIC",0.1117,0.00314996999985714,0.298237515808159,10000,10000
100,"heteroscedastic",1.5,3,3,"B_n",0.2537,0.00435127923718991,16.9395937258989,10000,10000
100,"heteroscedastic",1.5,3,3,"P_n",0.2513,0.00433760659811376,16.7633716149001,10000,10000
100,"heteroscedastic",1.5,3,3,"Hoeffding",0.103,0.00303958878797774,0.00944415355958063,10000,10000
100,"heteroscedastic",1.5,3,3,"dCov",0.2316,0.00421854761736785,0.237900282629098,10000,10000
100,"heteroscedastic",1.5,3,3,"HHG",0.353,0.00477902709764236,13974.2059901632,10000,10000
100,"heteroscedastic",1.5,3,3,"Genest",0.0978,0.00297044037139277,0.0574641859999997,10000,10000
100,"heteroscedastic",1.5,3,3,"MIC",0.0962,0.0029486532519101,0.297378673199062,10000,10000
100,"heteroscedastic",1.6,3,3,"B_n",0.2086,0.00406307814347694,17.075393387104,10000,10000
100,"heteroscedastic",1.6,3,3,"P_n",0.2073,0.00405372310351854,16.9188287427399,10000,10000
100,"heteroscedastic",1.6,3,3,"Hoeffding",0.0832,0.00276184286301737,0.00981514931027081,10000,10000
100,"heteroscedastic",1.6,3,3,"dCov",0.1901,0.00392379905193933,0.238690580918728,10000,10000
100,"heteroscedastic",1.6,3,3,"HHG",0.29,0.00453762052181537,14016.2995290314,10000,10000
100,"heteroscedastic",1.6,3,3,"Genest",0.0844,0.00277986762274753,0.0576987210000041,10000,10000
100,"heteroscedastic",1.6,3,3,"MIC",0.0835,0.0027663649433869,0.299586439311306,10000,10000
100,"heteroscedastic",1.7,3,3,"B_n",0.1886,0.00391190541807953,17.1208007770174,10000,10000
100,"heteroscedastic",1.7,3,3,"P_n",0.1856,0.00388783538746177,16.9660528983671,10000,10000
100,"heteroscedastic",1.7,3,3,"Hoeffding",0.0761,0.00265158047209584,0.00994094240320308,10000,10000
100,"heteroscedastic",1.7,3,3,"dCov",0.1617,0.00368175379404979,0.239338403297026,10000,10000
100,"heteroscedastic",1.7,3,3,"HHG",0.2525,0.00434446486923303,14036.8502280405,10000,10000
100,"heteroscedastic",1.7,3,3,"Genest",0.0751,0.00263552632314686,0.0582829890000038,10000,10000
100,"heteroscedastic",1.7,3,3,"MIC",0.0769,0.0026643271195557,0.29976624927136,10000,10000
100,"heteroscedastic",1.8,3,3,"B_n",0.1752,0.00380138080176138,16.9123173852745,10000,10000
100,"heteroscedastic",1.8,3,3,"P_n",0.1745,0.00379538864940074,16.7267620819899,10000,10000
100,"heteroscedastic",1.8,3,3,"Hoeffding",0.0775,0.00267383152049638,0.00960820465330774,10000,10000
100,"heteroscedastic",1.8,3,3,"dCov",0.1556,0.00362475709530997,0.236658706986955,10000,10000
100,"heteroscedastic",1.8,3,3,"HHG",0.219,0.00413568615830554,14059.5711837811,10000,10000
100,"heteroscedastic",1.8,3,3,"Genest",0.0783,0.00268643090363404,0.057081004999998,10000,10000
100,"heteroscedastic",1.8,3,3,"MIC",0.0745,0.0026258284407021,0.300329860303313,10000,10000
100,"heteroscedastic",1.9,3,3,"B_n",0.1589,0.00365582808676776,16.7802789163067,10000,10000
100,"heteroscedastic",1.9,3,3,"P_n",0.1583,0.00365022067826043,16.6184825728386,10000,10000
100,"heteroscedastic",1.9,3,3,"Hoeffding",0.0686,0.00252772704222588,0.00978431817119223,10000,10000
100,"heteroscedastic",1.9,3,3,"dCov",0.1286,0.00334756687759931,0.239654285407588,10000,10000
100,"heteroscedastic",1.9,3,3,"HHG",0.1981,0.00398567923947726,13999.1843336252,10000,10000
100,"heteroscedastic",1.9,3,3,"Genest",0.0683,0.00252260004756997,0.0576149249999998,10000,10000
100,"heteroscedastic",1.9,3,3,"MIC",0.0659,0.00248107214727827,0.299005165419202,10000,10000
100,"heteroscedastic",2,3,3,"B_n",0.1337,0.00340329707783496,17.1592498374196,10000,10000
100,"heteroscedastic",2,3,3,"P_n",0.131,0.00337400355660749,17.0098024959761,10000,10000
100,"heteroscedastic",2,3,3,"Hoeffding",0.0668,0.00249675309151706,0.00985994491517319,10000,10000
100,"heteroscedastic",2,3,3,"dCov",0.1176,0.0032213388520924,0.239123972039204,10000,10000
100,"heteroscedastic",2,3,3,"HHG",0.1789,0.00383268561194367,14093.1185804556,10000,10000
100,"heteroscedastic",2,3,3,"Genest",0.0666,0.00249327976769555,0.0580171129999999,10000,10000
100,"heteroscedastic",2,3,3,"MIC",0.0611,0.0023951365305552,0.30118497456146,10000,10000
200,"linear",0.1,4,4,"B_n",1,0,26.3088538767702,10000,10000
200,"linear",0.1,4,4,"P_n",1,0,26.1413322919191,10000,10000
200,"linear",0.1,4,4,"Hoeffding",1,0,0.00445613088232002,10000,10000
200,"linear",0.1,4,4,"dCov",1,0,0.160700941108408,10000,10000
200,"linear",0.1,4,4,"HHG",1,0,57256.6112672886,10000,10000
200,"linear",0.1,4,4,"Genest",1,0,0.0564527400763876,10000,10000
200,"linear",0.1,4,4,"MIC",1,0,0.261251402712924,10000,10000
200,"linear",0.1,4,1,"B_n",1,0,9.33116089785183,10000,10000
200,"linear",0.1,4,1,"P_n",1,0,9.29849533687357,10000,10000
200,"linear",0.1,4,1,"Hoeffding",1,0,0.00471395039198705,10000,10000
200,"linear",0.1,4,1,"dCov",1,0,0.162438982151593,10000,10000
200,"linear",0.1,4,1,"HHG",1,0,57588.465449289,10000,10000
200,"linear",0.1,4,1,"Genest",1,0,0.0580535858888907,10000,10000
200,"linear",0.1,4,1,"MIC",1,0,0.261094137627582,10000,10000
200,"linear",0.2,4,4,"B_n",1,0,26.3484617821489,10000,10000
200,"linear",0.2,4,4,"P_n",1,0,26.26213360471,10000,10000
200,"linear",0.2,4,4,"Hoeffding",1,0,0.00458162095191969,10000,10000
200,"linear",0.2,4,4,"dCov",1,0,0.163857665225714,10000,10000
200,"linear",0.2,4,4,"HHG",1,0,57307.0840335189,10000,10000
200,"linear",0.2,4,4,"Genest",1,0,0.0572800065763994,10000,10000
200,"linear",0.2,4,4,"MIC",1,0,0.260025184667374,10000,10000
200,"linear",0.2,4,1,"B_n",1,0,9.48831068557545,10000,10000
200,"linear",0.2,4,1,"P_n",1,0,9.45133559203956,10000,10000
200,"linear",0.2,4,1,"Hoeffding",1,0,0.00461970905496091,10000,10000
200,"linear",0.2,4,1,"dCov",1,0,0.162728912516074,10000,10000
200,"linear",0.2,4,1,"HHG",1,0,56794.268211203,10000,10000
200,"linear",0.2,4,1,"Genest",1,0,0.0568381135763967,10000,10000
200,"linear",0.2,4,1,"MIC",1,0,0.261078147614993,10000,10000
200,"linear",0.3,4,4,"B_n",1,0,26.5343558125996,10000,10000
200,"linear",0.3,4,4,"P_n",1,0,26.3538330766654,10000,10000
200,"linear",0.3,4,4,"Hoeffding",1,0,0.00494209672167536,10000,10000
200,"linear",0.3,4,4,"dCov",1,0,0.166503246366355,10000,10000
200,"linear",0.3,4,4,"HHG",1,0,58119.6051144043,10000,10000
200,"linear",0.3,4,4,"Genest",1,0,0.05908302963889,10000,10000
200,"linear",0.3,4,4,"MIC",1,0,0.261751519109727,10000,10000
200,"linear",0.3,4,1,"B_n",1,0,9.42024698659315,10000,10000
200,"linear",0.3,4,1,"P_n",1,0,9.38515345388836,10000,10000
200,"linear",0.3,4,1,"Hoeffding",1,0,0.00474080950066753,10000,10000
200,"linear",0.3,4,1,"dCov",1,0,0.16483946731905,10000,10000
200,"linear",0.3,4,1,"HHG",1,0,56866.1807942299,10000,10000
200,"linear",0.3,4,1,"Genest",1,0,0.0578362576388912,10000,10000
200,"linear",0.3,4,1,"MIC",1,0,0.261576092140559,10000,10000
200,"linear",0.4,4,4,"B_n",1,0,26.54866405815,10000,10000
200,"linear",0.4,4,4,"P_n",1,0,26.4016465431367,10000,10000
200,"linear",0.4,4,4,"Hoeffding",1,0,0.00460461404997355,10000,10000
200,"linear",0.4,4,4,"dCov",1,0,0.164391913963897,10000,10000
200,"linear",0.4,4,4,"HHG",1,0,57561.6100727916,10000,10000
200,"linear",0.4,4,4,"Genest",1,0,0.0572564838263826,10000,10000
200,"linear",0.4,4,4,"MIC",0.9999,9.99949998749882e-05,0.259969529650214,10000,10000
200,"linear",0.4,4,1,"B_n",1,0,9.47156137416535,10000,10000
200,"linear",0.4,4,1,"P_n",1,0,9.43505142616328,10000,10000
200,"linear",0.4,4,1,"Hoeffding",1,0,0.00471422740182237,10000,10000
200,"linear",0.4,4,1,"dCov",1,0,0.166390946730103,10000,10000
200,"linear",0.4,4,1,"HHG",1,0,56964.5808022526,10000,10000
200,"linear",0.4,4,1,"Genest",1,0,0.0578674908889029,10000,10000
200,"linear",0.4,4,1,"MIC",1,0,0.261618610872804,10000,10000
200,"linear",0.5,4,4,"B_n",0.9999,9.99949998749882e-05,26.3859749118776,10000,10000
200,"linear",0.5,4,4,"P_n",0.9999,9.99949998749882e-05,26.2507677337624,10000,10000
200,"linear",0.5,4,4,"Hoeffding",1,0,0.00474180486673153,10000,10000
200,"linear",0.5,4,4,"dCov",1,0,0.165427383843093,10000,10000
200,"linear",0.5,4,4,"HHG",1,0,57277.2191664669,10000,10000
200,"linear",0.5,4,4,"Genest",1,0,0.058044366826375,10000,10000
200,"linear",0.5,4,4,"MIC",0.9928,0.000845467917782809,0.260659657920751,10000,10000
200,"linear",0.5,4,1,"B_n",1,0,9.30977648336335,10000,10000
200,"linear",0.5,4,1,"P_n",1,0,9.27768787544415,10000,10000
200,"linear",0.5,4,1,"Hoeffding",1,0,0.0047020534426746,10000,10000
200,"linear",0.5,4,1,"dCov",1,0,0.166028724363755,10000,10000
200,"linear",0.5,4,1,"HHG",1,0,56700.9941303437,10000,10000
200,"linear",0.5,4,1,"Genest",1,0,0.0579753000138865,10000,10000
200,"linear",0.5,4,1,"MIC",0.9944,0.00074623320751626,0.261345908807035,10000,10000
200,"linear",0.6,4,4,"B_n",0.9959,0.000638998435052856,26.597029401414,10000,10000
200,"linear",0.6,4,4,"P_n",0.9957,0.000654332484292196,26.4734617653483,10000,10000
200,"linear",0.6,4,4,"Hoeffding",1,0,0.00492488931950562,10000,10000
200,"linear",0.6,4,4,"dCov",1,0,0.166892400392057,10000,10000
200,"linear",0.6,4,4,"HHG",0.9996,0.000199959995999189,57974.1467628464,10000,10000
200,"linear",0.6,4,4,"Genest",1,0,0.0588942799513936,10000,10000
200,"linear",0.6,4,4,"MIC",0.9436,0.0023069252263565,0.261904165538116,10000,10000
200,"linear",0.6,4,1,"B_n",1,0,9.52599005848469,10000,10000
200,"linear",0.6,4,1,"P_n",1,0,9.48796346905629,10000,10000
200,"linear",0.6,4,1,"Hoeffding",1,0,0.005011979373936,10000,10000
200,"linear",0.6,4,1,"dCov",1,0,0.168133531707761,10000,10000
200,"linear",0.6,4,1,"HHG",0.9999,9.99949998749882e-05,57805.4333346286,10000,10000
200,"linear",0.6,4,1,"Genest",1,0,0.0594472916388913,10000,10000
200,"linear",0.6,4,1,"MIC",0.948,0.00222027025382047,0.261339116664504,10000,10000
200,"linear",0.7,4,4,"B_n",0.9665,0.00179938183829892,26.3148111175433,10000,10000
200,"linear",0.7,4,4,"P_n",0.964,0.0018629009635512,26.2279893138218,10000,10000
200,"linear",0.7,4,4,"Hoeffding",0.9999,9.99949998749882e-05,0.00461303171395055,10000,10000
200,"linear",0.7,4,4,"dCov",0.9999,9.99949998749882e-05,0.164899394321875,10000,10000
200,"linear",0.7,4,4,"HHG",0.9943,0.000752828665766656,57671.2013684675,10000,10000
200,"linear",0.7,4,4,"Genest",0.9998,0.0001414072133945,0.0572774572638807,10000,10000
200,"linear",0.7,4,4,"MIC",0.8345,0.00371631201596421,0.261345938241592,10000,10000
200,"linear",0.7,4,1,"B_n",0.9979,0.000457776146167534,9.56454204045226,10000,10000
200,"linear",0.7,4,1,"P_n",0.9979,0.000457776146167534,9.52543231785875,10000,10000
200,"linear",0.7,4,1,"Hoeffding",0.9998,0.0001414072133945,0.00472280494590649,10000,10000
200,"linear",0.7,4,1,"dCov",1,0,0.166738908679097,10000,10000
200,"linear",0.7,4,1,"HHG",0.9952,0.000691155554126568,57589.7016043472,10000,10000
200,"linear",0.7,4,1,"Genest",0.9998,0.0001414072133945,0.0586339043263962,10000,10000
200,"linear",0.7,4,1,"MIC",0.8273,0.00377987711440465,0.261034413532715,10000,10000
200,"linear",0.8,4,4,"B_n",0.8997,0.00300399583887861,26.2567655668006,10000,10000
200,"linear",0.8,4,4,"P_n",0.8957,0.00305649325207827,26.0959478816932,10000,10000
200,"linear",0.8,4,4,"Hoeffding",0.9965,0.000590571756859397,0.00466939382928411,10000,10000
200,"linear",0.8,4,4,"dCov",0.9973,0.000518913287553907,0.16551470678085,10000,10000
200,"linear",0.8,4,4,"HHG",0.974,0.00159135162676261,57042.2651134519,10000,10000
200,"linear",0.8,4,4,"Genest",0.9965,0.000590571756859397,0.0576942685763907,10000,10000
200,"linear",0.8,4,4,"MIC",0.7013,0.00457688005086434,0.260766023959518,10000,10000
200,"linear",0.8,4,1,"B_n",0.9862,0.00116660018858219,9.44460175586898,10000,10000
200,"linear",0.8,4,1,"P_n",0.9862,0.00116660018858219,9.4088375947552,10000,10000
200,"linear",0.8,4,1,"Hoeffding",0.9975,0.000499374608885949,0.00453065129997197,10000,10000
200,"linear",0.8,4,1,"dCov",0.9982,0.000423882059068324,0.164542613981813,10000,10000
200,"linear",0.8,4,1,"HHG",0.9783,0.0014570212764404,56961.2351961152,10000,10000
200,"linear",0.8,4,1,"Genest",0.9977,0.00047903131421651,0.0568264501388925,10000,10000
200,"linear",0.8,4,1,"MIC",0.6822,0.00465621262401106,0.262253754570573,10000,10000
200,"linear",0.9,4,4,"B_n",0.7957,0.00403189173961802,26.3353502824618,10000,10000
200,"linear",0.9,4,4,"P_n",0.7906,0.00406880375540527,26.1415097476355,10000,10000
200,"linear",0.9,4,4,"Hoeffding",0.9845,0.00123530360640613,0.00476257177035361,10000,10000
200,"linear",0.9,4,4,"dCov",0.9881,0.00108436110221642,0.16629705193608,10000,10000
200,"linear",0.9,4,4,"HHG",0.9329,0.00250195103868961,57357.1269589124,10000,10000
200,"linear",0.9,4,4,"Genest",0.9854,0.00119945154133045,0.0579820833888786,10000,10000
200,"linear",0.9,4,4,"MIC",0.5557,0.00496887824362803,0.261186770786375,10000,10000
200,"linear",0.9,4,1,"B_n",0.9535,0.00210565310533335,9.44006182062601,10000,10000
200,"linear",0.9,4,1,"P_n",0.9535,0.00210565310533335,9.40442289184496,10000,10000
200,"linear",0.9,4,1,"Hoeffding",0.9875,0.00111102430216445,0.00460480486889271,10000,10000
200,"linear",0.9,4,1,"dCov",0.9901,0.000990049998737438,0.165654809313537,10000,10000
200,"linear",0.9,4,1,"HHG",0.9397,0.00238041824056194,56859.2425782928,10000,10000
200,"linear",0.9,4,1,"Genest",0.9872,0.00112410675649602,0.057870846513879,10000,10000
200,"linear",0.9,4,1,"MIC",0.5658,0.00495651450113888,0.260701227835008,10000,10000
200,"linear",1,4,4,"B_n",0.6885,0.00463106629190298,26.431634985242,10000,10000
200,"linear",1,4,4,"P_n",0.6813,0.00465972434807039,26.268584411606,10000,10000
200,"linear",1,4,4,"Hoeffding",0.9645,0.00185039860570635,0.00464471550261722,10000,10000
200,"linear",1,4,4,"dCov",0.9721,0.00164686338231196,0.16530024574886,10000,10000
200,"linear",1,4,4,"HHG",0.8781,0.00327170276767313,57103.5077877233,10000,10000
200,"linear",1,4,4,"Genest",0.9644,0.00185290690537868,0.057687667763888,10000,10000
200,"linear",1,4,4,"MIC",0.4641,0.00498709524673432,0.260840132963737,10000,10000
200,"linear",1,4,1,"B_n",0.8926,0.0030962112331041,9.64989425550138,10000,10000
200,"linear",1,4,1,"P_n",0.8926,0.0030962112331041,9.6083603127554,10000,10000
200,"linear",1,4,1,"Hoeffding",0.9586,0.00199213553755762,0.00494033344601449,10000,10000
200,"linear",1,4,1,"dCov",0.9644,0.00185290690537868,0.169210672450034,10000,10000
200,"linear",1,4,1,"HHG",0.8679,0.00338599453632164,57675.200976962,10000,10000
200,"linear",1,4,1,"Genest",0.9584,0.0019967333322204,0.0602093367638861,10000,10000
200,"linear",1,4,1,"MIC",0.4472,0.00497204344309259,0.261181233609572,10000,10000
200,"linear",1.1,4,4,"B_n",0.5703,0.00495033241308096,26.3694115854777,10000,10000
200,"linear",1.1,4,4,"P_n",0.5663,0.00495584816151585,26.1995262893458,10000,10000
200,"linear",1.1,4,4,"Hoeffding",0.9196,0.00271911456176455,0.00485981446793028,10000,10000
200,"linear",1.1,4,4,"dCov",0.9315,0.00252601959612351,0.167325874896117,10000,10000
200,"linear",1.1,4,4,"HHG",0.7965,0.00402601229506319,57192.0728012719,10000,10000
200,"linear",1.1,4,4,"Genest",0.9211,0.00269582621843471,0.0595778647638762,10000,10000
200,"linear",1.1,4,4,"MIC",0.3639,0.00481120348769411,0.261223040425872,10000,10000
200,"linear",1.1,4,1,"B_n",0.8287,0.00376770898557731,9.36036548315406,10000,10000
200,"linear",1.1,4,1,"P_n",0.8287,0.00376770898557731,9.32690831266097,10000,10000
200,"linear",1.1,4,1,"Hoeffding",0.9176,0.00274973162326799,0.00479106726415606,10000,10000
200,"linear",1.1,4,1,"dCov",0.9333,0.00249501723440941,0.16570873957127,10000,10000
200,"linear",1.1,4,1,"HHG",0.7881,0.00408654364958947,57216.0532038647,10000,10000
200,"linear",1.1,4,1,"Genest",0.9238,0.00265317847119262,0.0582184516388978,10000,10000
200,"linear",1.1,4,1,"MIC",0.3723,0.00483417738607097,0.260638618899539,10000,10000
200,"linear",1.2,4,4,"B_n",0.4905,0.00499909741853467,26.3240960590272,10000,10000
200,"linear",1.2,4,4,"P_n",0.4863,0.00499812274759234,26.1653516154347,10000,10000
200,"linear",1.2,4,4,"Hoeffding",0.8813,0.00323435171247655,0.00480850030866247,10000,10000
200,"linear",1.2,4,4,"dCov",0.8945,0.00307196598288458,0.166631892570696,10000,10000
200,"linear",1.2,4,4,"HHG",0.7292,0.00444372996479309,57215.050544299,10000,10000
200,"linear",1.2,4,4,"Genest",0.8826,0.00321896318711476,0.0584360438263881,10000,10000
200,"linear",1.2,4,4,"MIC",0.3098,0.00462411029280228,0.261044136038114,10000,10000
200,"linear",1.2,4,1,"B_n",0.7625,0.0042555111326373,9.41231743892928,10000,10000
200,"linear",1.2,4,1,"P_n",0.7625,0.0042555111326373,9.3774416161766,10000,10000
200,"linear",1.2,4,1,"Hoeffding",0.8755,0.00330151101770084,0.004937560587028,10000,10000
200,"linear",1.2,4,1,"dCov",0.8931,0.0030898606764707,0.167489786398184,10000,10000
200,"linear",1.2,4,1,"HHG",0.7232,0.00447416763208532,57586.672601313,10000,10000
200,"linear",1.2,4,1,"Genest",0.8798,0.00325195264418165,0.0587389933263892,10000,10000
200,"linear",1.2,4,1,"MIC",0.3058,0.00460745439478244,0.262065110398912,10000,10000
200,"linear",1.3,4,4,"B_n",0.4009,0.0049008079946066,26.6220121871332,10000,10000
200,"linear",1.3,4,4,"P_n",0.3946,0.00488764605919864,26.508030914296,10000,10000
200,"linear",1.3,4,4,"Hoeffding",0.817,0.00386666522988479,0.00483885084946501,10000,10000
200,"linear",1.3,4,4,"dCov",0.8372,0.00369183098204671,0.167270438992759,10000,10000
200,"linear",1.3,4,4,"HHG",0.63,0.00482804308182932,57565.5708684724,10000,10000
200,"linear",1.3,4,4,"Genest",0.8216,0.00382849108657706,0.0586650417638625,10000,10000
200,"linear",1.3,4,4,"MIC",0.253,0.00434730951279064,0.261027000466235,10000,10000
200,"linear",1.3,4,1,"B_n",0.6666,0.00471428085714035,9.56595300213034,10000,10000
200,"linear",1.3,4,1,"P_n",0.6666,0.00471428085714035,9.52680349102025,10000,10000
200,"linear",1.3,4,1,"Hoeffding",0.816,0.00387484193225995,0.00484923083076559,10000,10000
200,"linear",1.3,4,1,"dCov",0.8342,0.00371901008334207,0.167986459689638,10000,10000
200,"linear",1.3,4,1,"HHG",0.6398,0.00480058288127598,57402.6922441452,10000,10000
200,"linear",1.3,4,1,"Genest",0.8231,0.00381584053650044,0.058784173701398,10000,10000
200,"linear",1.3,4,1,"MIC",0.2621,0.00439776750181271,0.260727381426982,10000,10000
200,"linear",1.4,4,4,"B_n",0.3579,0.00479382509067655,26.3040275758781,10000,10000
200,"linear",1.4,4,4,"P_n",0.3536,0.00478086854033867,26.1782577745959,10000,10000
200,"linear",1.4,4,4,"Hoeffding",0.7664,0.00423120597466018,0.00480948449416151,10000,10000
200,"linear",1.4,4,4,"dCov",0.7877,0.00408936070798358,0.166575858798447,10000,10000
200,"linear",1.4,4,4,"HHG",0.5771,0.00494019827537317,57258.5556016744,10000,10000
200,"linear",1.4,4,4,"Genest",0.7665,0.00423057620189023,0.0586595503263812,10000,10000
200,"linear",1.4,4,4,"MIC",0.2186,0.0041329655212692,0.261432121706093,10000,10000
200,"linear",1.4,4,1,"B_n",0.5938,0.00491122754512556,9.4895852033753,10000,10000
200,"linear",1.4,4,1,"P_n",0.5938,0.00491122754512556,9.4525746574891,10000,10000
200,"linear",1.4,4,1,"Hoeffding",0.7686,0.004217274475298,0.00464292919538691,10000,10000
200,"linear",1.4,4,1,"dCov",0.7887,0.00408230706831321,0.165621244136093,10000,10000
200,"linear",1.4,4,1,"HHG",0.5789,0.00493735546623899,56789.5781780353,10000,10000
200,"linear",1.4,4,1,"Genest",0.7669,0.00422805380760463,0.0579521707639253,10000,10000
200,"linear",1.4,4,1,"MIC",0.2289,0.00420124731478641,0.260648878333923,10000,10000
200,"linear",1.5,4,4,"B_n",0.2929,0.00455092946550482,26.6059346996361,10000,10000
200,"linear",1.5,4,4,"P_n",0.2918,0.00454590761014784,26.4192206609407,10000,10000
200,"linear",1.5,4,4,"Hoeffding",0.7065,0.00455365512528123,0.00462265234361757,10000,10000
200,"linear",1.5,4,4,"dCov",0.7283,0.00444836048449314,0.16491007462649,10000,10000
200,"linear",1.5,4,4,"HHG",0.5048,0.00499976959469134,57375.6668199544,10000,10000
200,"linear",1.5,4,4,"Genest",0.7154,0.00451223713915836,0.0570000002013975,10000,10000
200,"linear",1.5,4,4,"MIC",0.1935,0.0039504145352102,0.261133240856145,10000,10000
200,"linear",1.5,4,1,"B_n",0.5339,0.00498849466272141,9.51696219494428,10000,10000
200,"linear",1.5,4,1,"P_n",0.5339,0.00498849466272141,9.47918817999225,10000,10000
200,"linear",1.5,4,1,"Hoeffding",0.7098,0.00453854558201193,0.00479899771578888,10000,10000
200,"linear",1.5,4,1,"dCov",0.7338,0.00441970089485703,0.166195693684795,10000,10000
200,"linear",1.5,4,1,"HHG",0.5072,0.00499948157312336,57869.6393683536,10000,10000
200,"linear",1.5,4,1,"Genest",0.7106,0.00453483891665404,0.0588976695138832,10000,10000
200,"linear",1.5,4,1,"MIC",0.2039,0.00402895507545071,0.260014361185929,10000,10000
200,"linear",1.6,4,4,"B_n",0.2607,0.00439016525884846,26.5209766069459,10000,10000
200,"linear",1.6,4,4,"P_n",0.2579,0.00437478673765933,26.3460582803732,10000,10000
200,"linear",1.6,4,4,"Hoeffding",0.6453,0.00478422313442841,0.00481579015533232,10000,10000
200,"linear",1.6,4,4,"dCov",0.6766,0.00467773919751839,0.166304209089184,10000,10000
200,"linear",1.6,4,4,"HHG",0.4586,0.00498283092227701,57233.4432367981,10000,10000
200,"linear",1.6,4,4,"Genest",0.6564,0.00474909507169524,0.0582666285763906,10000,10000
200,"linear",1.6,4,4,"MIC",0.1704,0.00375983829439512,0.261555969800659,10000,10000
200,"linear",1.6,4,1,"B_n",0.4676,0.0049894913568419,9.54358556306225,10000,10000
200,"linear",1.6,4,1,"P_n",0.4676,0.0049894913568419,9.50506551932505,10000,10000
200,"linear",1.6,4,1,"Hoeffding",0.6604,0.00473573478987158,0.00452611686114224,10000,10000
200,"linear",1.6,4,1,"dCov",0.6766,0.00467773919751839,0.16531872276938,10000,10000
200,"linear",1.6,4,1,"HHG",0.4626,0.00498599277977817,56890.3920121293,10000,10000
200,"linear",1.6,4,1,"Genest",0.6642,0.00472269372286622,0.0570372403889042,10000,10000
200,"linear",1.6,4,1,"MIC",0.1641,0.00370366291662727,0.261683122960733,10000,10000
200,"linear",1.7,4,4,"B_n",0.2267,0.00418696919023773,26.4780449192951,10000,10000
200,"linear",1.7,4,4,"P_n",0.2234,0.00416524236989878,26.3339773968194,10000,10000
200,"linear",1.7,4,4,"Hoeffding",0.5953,0.004908338924728,0.00472704342512502,10000,10000
200,"linear",1.7,4,4,"dCov",0.6181,0.00485852230621616,0.165927783018215,10000,10000
200,"linear",1.7,4,4,"HHG",0.4066,0.00491198982083636,57178.1232729654,10000,10000
200,"linear",1.7,4,4,"Genest",0.6012,0.00489651467883024,0.0578986047639015,10000,10000
200,"linear",1.7,4,4,"MIC",0.1486,0.00355693744673701,0.261763190037478,10000,10000
200,"linear",1.7,4,1,"B_n",0.4321,0.00495368135834351,9.3223134006987,10000,10000
200,"linear",1.7,4,1,"P_n",0.4321,0.00495368135834351,9.28988681814076,10000,10000
200,"linear",1.7,4,1,"Hoeffding",0.6032,0.00489233850014489,0.00467947763406657,10000,10000
200,"linear",1.7,4,1,"dCov",0.6251,0.00484097087369879,0.165976918109242,10000,10000
200,"linear",1.7,4,1,"HHG",0.4206,0.00493655385871561,56868.9882168019,10000,10000
200,"linear",1.7,4,1,"Genest",0.6056,0.00488721433947806,0.0581196145763963,10000,10000
200,"linear",1.7,4,1,"MIC",0.1609,0.00367438688763173,0.260885850396989,10000,10000
200,"linear",1.8,4,4,"B_n",0.2188,0.00413432654733513,26.1993925223936,10000,10000
200,"linear",1.8,4,4,"P_n",0.2186,0.0041329655212692,26.0343277528403,10000,10000
200,"linear",1.8,4,4,"Hoeffding",0.5427,0.00498173373435393,0.00469659720865897,10000,10000
200,"linear",1.8,4,4,"dCov",0.5663,0.00495584816151585,0.165984489300004,10000,10000
200,"linear",1.8,4,4,"HHG",0.3687,0.004824523914336,57271.2839219216,10000,10000
200,"linear",1.8,4,4,"Genest",0.5497,0.00497523778326222,0.0579482701388829,10000,10000
200,"linear",1.8,4,4,"MIC",0.1483,0.00355397115914015,0.260672226723607,10000,10000
200,"linear",1.8,4,1,"B_n",0.364,0.00481148625686492,9.62578109619952,10000,10000
200,"linear",1.8,4,1,"P_n",0.364,0.00481148625686492,9.584935679834,10000,10000
200,"linear",1.8,4,1,"Hoeffding",0.5358,0.00498716713174925,0.00476324146056054,10000,10000
200,"linear",1.8,4,1,"dCov",0.5611,0.00496252748103222,0.166160890024556,10000,10000
200,"linear",1.8,4,1,"HHG",0.3651,0.00481458191331293,57143.2556844527,10000,10000
200,"linear",1.8,4,1,"Genest",0.5483,0.00497661642082249,0.0579924287013859,10000,10000
200,"linear",1.8,4,1,"MIC",0.1335,0.00340114319016415,0.261596691863719,10000,10000
200,"linear",1.9,4,4,"B_n",0.1911,0.00393167636002762,26.4760565691018,10000,10000
200,"linear",1.9,4,4,"P_n",0.1916,0.00393559957312733,26.2799502847059,10000,10000
200,"linear",1.9,4,4,"Hoeffding",0.5077,0.00499940706484279,0.00473238856336815,10000,10000
200,"linear",1.9,4,4,"dCov",0.5234,0.00499452139849255,0.166099955690391,10000,10000
200,"linear",1.9,4,4,"HHG",0.3444,0.00475172221410301,56984.5239625268,10000,10000
200,"linear",1.9,4,4,"Genest",0.512,0.00499855979258026,0.0577494995139044,10000,10000
200,"linear",1.9,4,4,"MIC",0.1198,0.00324727516542716,0.261830090352316,10000,10000
200,"linear",1.9,4,1,"B_n",0.3459,0.00475660793002745,9.45076432718596,10000,10000
200,"linear",1.9,4,1,"P_n",0.3459,0.00475660793002745,9.41483001018374,10000,10000
200,"linear",1.9,4,1,"Hoeffding",0.5072,0.00499948157312336,0.00468409926947174,10000,10000
200,"linear",1.9,4,1,"dCov",0.5214,0.00499541830080325,0.166468020502061,10000,10000
200,"linear",1.9,4,1,"HHG",0.3395,0.00473539597077161,57318.8026489199,10000,10000
200,"linear",1.9,4,1,"Genest",0.5104,0.00499891828298883,0.0579480692638892,10000,10000
200,"linear",1.9,4,1,"MIC",0.1371,0.00343952889215951,0.260096445604232,10000,10000
200,"linear",2,4,4,"B_n",0.1778,0.00382344295105864,26.3033877293857,10000,10000
200,"linear",2,4,4,"P_n",0.1762,0.00380990236095362,26.1754491815965,10000,10000
200,"linear",2,4,4,"Hoeffding",0.4707,0.00499140771726774,0.00469114550996951,10000,10000
200,"linear",2,4,4,"dCov",0.4924,0.00499942236663397,0.165558970112561,10000,10000
200,"linear",2,4,4,"HHG",0.3115,0.00463106629190298,57068.3137267905,10000,10000
200,"linear",2,4,4,"Genest",0.4761,0.00499428463345853,0.0576456149513717,10000,10000
200,"linear",2,4,4,"MIC",0.1239,0.00329467433899012,0.261100512344393,10000,10000
200,"linear",2,4,1,"B_n",0.313,0.00463714351729597,9.45820605472251,10000,10000
200,"linear",2,4,1,"P_n",0.313,0.00463714351729597,9.42206601165124,10000,10000
200,"linear",2,4,1,"Hoeffding",0.4737,0.0049930783090194,0.00462930000781969,10000,10000
200,"linear",2,4,1,"dCov",0.496,0.00499983999743992,0.165132573509137,10000,10000
200,"linear",2,4,1,"HHG",0.3127,0.00463593259226232,56912.8924196079,10000,10000
200,"linear",2,4,1,"Genest",0.4816,0.00499661325299447,0.0570268284513924,10000,10000
200,"linear",2,4,1,"MIC",0.1158,0.00319984937145485,0.26177644926492,10000,10000
200,"quadratic",0.1,4,4,"B_n",1,0,26.2478069300265,10000,10000
200,"quadratic",0.1,4,4,"P_n",1,0,26.0919502348154,10000,10000
200,"quadratic",0.1,4,4,"Hoeffding",1,0,0.00471339895548046,10000,10000
200,"quadratic",0.1,4,4,"dCov",1,0,0.163439637642802,10000,10000
200,"quadratic",0.1,4,4,"HHG",1,0,57744.6607068533,10000,10000
200,"quadratic",0.1,4,4,"Genest",1,0,0.058384813263885,10000,10000
200,"quadratic",0.1,4,4,"MIC",1,0,0.261526103737854,10000,10000
200,"quadratic",0.1,4,1,"B_n",1,0,9.46810563884261,10000,10000
200,"quadratic",0.1,4,1,"P_n",1,0,9.43169149370079,10000,10000
200,"quadratic",0.1,4,1,"Hoeffding",1,0,0.0047551501034425,10000,10000
200,"quadratic",0.1,4,1,"dCov",1,0,0.162806465089392,10000,10000
200,"quadratic",0.1,4,1,"HHG",1,0,58167.5934604029,10000,10000
200,"quadratic",0.1,4,1,"Genest",1,0,0.0581296547638901,10000,10000
200,"quadratic",0.1,4,1,"MIC",1,0,0.261656921921627,10000,10000
200,"quadratic",0.2,4,4,"B_n",1,0,26.36332972493,10000,10000
200,"quadratic",0.2,4,4,"P_n",1,0,26.1760586993742,10000,10000
200,"quadratic",0.2,4,4,"Hoeffding",1,0,0.00463167760327051,10000,10000
200,"quadratic",0.2,4,4,"dCov",1,0,0.162970972884433,10000,10000
200,"quadratic",0.2,4,4,"HHG",1,0,57143.3774307465,10000,10000
200,"quadratic",0.2,4,4,"Genest",1,0,0.0574774620763858,10000,10000
200,"quadratic",0.2,4,4,"MIC",1,0,0.261051840536402,10000,10000
200,"quadratic",0.2,4,1,"B_n",1,0,9.48144131743984,10000,10000
200,"quadratic",0.2,4,1,"P_n",1,0,9.44465716387414,10000,10000
200,"quadratic",0.2,4,1,"Hoeffding",1,0,0.00486732486948396,10000,10000
200,"quadratic",0.2,4,1,"dCov",1,0,0.166244624725903,10000,10000
200,"quadratic",0.2,4,1,"HHG",1,0,57988.4544500278,10000,10000
200,"quadratic",0.2,4,1,"Genest",1,0,0.0592896118263705,10000,10000
200,"quadratic",0.2,4,1,"MIC",1,0,0.261193868404808,10000,10000
200,"quadratic",0.3,4,4,"B_n",1,0,26.3469471209989,10000,10000
200,"quadratic",0.3,4,4,"P_n",1,0,26.1714277532854,10000,10000
200,"quadratic",0.3,4,4,"Hoeffding",1,0,0.00473998474174299,10000,10000
200,"quadratic",0.3,4,4,"dCov",1,0,0.165262560515283,10000,10000
200,"quadratic",0.3,4,4,"HHG",1,0,56826.3197932746,10000,10000
200,"quadratic",0.3,4,4,"Genest",1,0,0.0577430925764082,10000,10000
200,"quadratic",0.3,4,4,"MIC",1,0,0.26160713687776,10000,10000
200,"quadratic",0.3,4,1,"B_n",1,0,9.51623110163028,10000,10000
200,"quadratic",0.3,4,1,"P_n",1,0,9.47847752621642,10000,10000
200,"quadratic",0.3,4,1,"Hoeffding",1,0,0.00476352077749656,10000,10000
200,"quadratic",0.3,4,1,"dCov",1,0,0.165393796738515,10000,10000
200,"quadratic",0.3,4,1,"HHG",1,0,57019.7519471413,10000,10000
200,"quadratic",0.3,4,1,"Genest",1,0,0.0578268989514059,10000,10000
200,"quadratic",0.3,4,1,"MIC",1,0,0.261878461294866,10000,10000
200,"quadratic",0.4,4,4,"B_n",1,0,26.3906983922414,10000,10000
200,"quadratic",0.4,4,4,"P_n",1,0,26.2452143253036,10000,10000
200,"quadratic",0.4,4,4,"Hoeffding",1,0,0.00459198176653747,10000,10000
200,"quadratic",0.4,4,4,"dCov",1,0,0.165742797877689,10000,10000
200,"quadratic",0.4,4,4,"HHG",1,0,57046.8654264245,10000,10000
200,"quadratic",0.4,4,4,"Genest",1,0,0.0579519940764089,10000,10000
200,"quadratic",0.4,4,4,"MIC",0.9982,0.000423882059068324,0.261233863223845,10000,10000
200,"quadratic",0.4,4,1,"B_n",1,0,9.51948264334372,10000,10000
200,"quadratic",0.4,4,1,"P_n",1,0,9.48163815259015,10000,10000
200,"quadratic",0.4,4,1,"Hoeffding",1,0,0.00460624018131461,10000,10000
200,"quadratic",0.4,4,1,"dCov",1,0,0.163890250224805,10000,10000
200,"quadratic",0.4,4,1,"HHG",1,0,57007.8589145047,10000,10000
200,"quadratic",0.4,4,1,"Genest",1,0,0.0573440812013977,10000,10000
200,"quadratic",0.4,4,1,"MIC",0.9974,0.000509238647394328,0.260597180377906,10000,10000
200,"quadratic",0.5,4,4,"B_n",1,0,26.1498275934083,10000,10000
200,"quadratic",0.5,4,4,"P_n",1,0,26.0674911766007,10000,10000
200,"quadratic",0.5,4,4,"Hoeffding",0.9996,0.000199959995999189,0.00482932910962744,10000,10000
200,"quadratic",0.5,4,4,"dCov",0.9997,0.000173179098045915,0.166880063799407,10000,10000
200,"quadratic",0.5,4,4,"HHG",1,0,57333.5230784773,10000,10000
200,"quadratic",0.5,4,4,"Genest",0.9997,0.000173179098045915,0.0589234780764064,10000,10000
200,"quadratic",0.5,4,4,"MIC",0.9591,0.0019805855194866,0.260190947083736,10000,10000
200,"quadratic",0.5,4,1,"B_n",1,0,9.41186386186503,10000,10000
200,"quadratic",0.5,4,1,"P_n",1,0,9.37700048030143,10000,10000
200,"quadratic",0.5,4,1,"Hoeffding",0.9996,0.000199959995999189,0.00468948881447378,10000,10000
200,"quadratic",0.5,4,1,"dCov",0.9998,0.0001414072133945,0.165725847381433,10000,10000
200,"quadratic",0.5,4,1,"HHG",1,0,56979.659613909,10000,10000
200,"quadratic",0.5,4,1,"Genest",0.9998,0.0001414072133945,0.058106102076409,10000,10000
200,"quadratic",0.5,4,1,"MIC",0.9542,0.00209051094232965,0.2616934873063,10000,10000
200,"quadratic",0.6,4,4,"B_n",0.9983,0.000411959949509662,26.3647405684802,10000,10000
200,"quadratic",0.6,4,4,"P_n",0.998,0.000446766158073774,26.2062758376599,10000,10000
200,"quadratic",0.6,4,4,"Hoeffding",0.9901,0.000990049998737438,0.00456023221564121,10000,10000
200,"quadratic",0.6,4,4,"dCov",0.9922,0.000879724957017819,0.16501856653521,10000,10000
200,"quadratic",0.6,4,4,"HHG",0.9979,0.000457776146167534,56579.0618313305,10000,10000
200,"quadratic",0.6,4,4,"Genest",0.9911,0.000939190608982012,0.0571481603889024,10000,10000
200,"quadratic",0.6,4,4,"MIC",0.8329,0.00373065128362328,0.261135956927264,10000,10000
200,"quadratic",0.6,4,1,"B_n",0.9998,0.0001414072133945,9.55880984233127,10000,10000
200,"quadratic",0.6,4,1,"P_n",0.9998,0.0001414072133945,9.51986162903653,10000,10000
200,"quadratic",0.6,4,1,"Hoeffding",0.9861,0.00117076000956644,0.00466098845012539,10000,10000
200,"quadratic",0.6,4,1,"dCov",0.9898,0.00100478654449589,0.165411162103451,10000,10000
200,"quadratic",0.6,4,1,"HHG",0.9967,0.000573507628545599,57338.2049877292,10000,10000
200,"quadratic",0.6,4,1,"Genest",0.9884,0.00107076794871718,0.0575143799513967,10000,10000
200,"quadratic",0.6,4,1,"MIC",0.8203,0.00383937377706313,0.261474243463149,10000,10000
200,"quadratic",0.7,4,4,"B_n",0.9801,0.00139656686198692,26.3510739624457,10000,10000
200,"quadratic",0.7,4,4,"P_n",0.9787,0.00144382512791543,26.1899083130395,10000,10000
200,"quadratic",0.7,4,4,"Hoeffding",0.9248,0.00263713784243448,0.00473631075288291,10000,10000
200,"quadratic",0.7,4,4,"dCov",0.9377,0.0024169962763728,0.165984734056222,10000,10000
200,"quadratic",0.7,4,4,"HHG",0.981,0.00136524723035793,56992.1245729797,10000,10000
200,"quadratic",0.7,4,4,"Genest",0.9284,0.00257824436390347,0.0582522488889031,10000,10000
200,"quadratic",0.7,4,4,"MIC",0.6597,0.00473809993562821,0.26105723714184,10000,10000
200,"quadratic",0.7,4,1,"B_n",0.9986,0.000373903730925483,9.3992969493474,10000,10000
200,"quadratic",0.7,4,1,"P_n",0.9986,0.000373903730925483,9.36477793530719,10000,10000
200,"quadratic",0.7,4,1,"Hoeffding",0.9136,0.00280953804031908,0.00489731252503599,10000,10000
200,"quadratic",0.7,4,1,"dCov",0.9276,0.00259149069070294,0.167465986593561,10000,10000
200,"quadratic",0.7,4,1,"HHG",0.9767,0.00150854598869242,57066.1421475319,10000,10000
200,"quadratic",0.7,4,1,"Genest",0.9172,0.00275579679947561,0.0593742298888908,10000,10000
200,"quadratic",0.7,4,1,"MIC",0.6471,0.00477871938912508,0.261737564462252,10000,10000
200,"quadratic",0.8,4,4,"B_n",0.9238,0.00265317847119262,26.3946130842015,10000,10000
200,"quadratic",0.8,4,4,"P_n",0.9194,0.00272219837631279,26.2554163996068,10000,10000
200,"quadratic",0.8,4,4,"Hoeffding",0.8163,0.00387239344591946,0.00470460653552964,10000,10000
200,"quadratic",0.8,4,4,"dCov",0.8297,0.00375896142571322,0.166587381096472,10000,10000
200,"quadratic",0.8,4,4,"HHG",0.9305,0.00254302477376844,56970.9489253375,10000,10000
200,"quadratic",0.8,4,4,"Genest",0.8122,0.00390552378049347,0.0583870829513978,10000,10000
200,"quadratic",0.8,4,4,"MIC",0.4882,0.00499860740606821,0.260794399146895,10000,10000
200,"quadratic",0.8,4,1,"B_n",0.9906,0.000964968393264772,9.39281929965574,10000,10000
200,"quadratic",0.8,4,1,"P_n",0.9906,0.000964968393264772,9.35847747477316,10000,10000
200,"quadratic",0.8,4,1,"Hoeffding",0.8227,0.00381922387403514,0.00454133913132587,10000,10000
200,"quadratic",0.8,4,1,"dCov",0.8404,0.00366234678860427,0.164744433419424,10000,10000
200,"quadratic",0.8,4,1,"HHG",0.9283,0.0025799052308176,56617.5518504763,10000,10000
200,"quadratic",0.8,4,1,"Genest",0.8268,0.00378420084033604,0.0567811510138684,10000,10000
200,"quadratic",0.8,4,1,"MIC",0.4862,0.00499809523718786,0.26164489935751,10000,10000
200,"quadratic",0.9,4,4,"B_n",0.8384,0.00368083468794783,26.1138635141084,10000,10000
200,"quadratic",0.9,4,4,"P_n",0.8329,0.00373065128362328,25.957954251031,10000,10000
200,"quadratic",0.9,4,4,"Hoeffding",0.6385,0.00480434959177619,0.00498531841957181,10000,10000
200,"quadratic",0.9,4,4,"dCov",0.6788,0.00466937426214691,0.167376947501554,10000,10000
200,"quadratic",0.9,4,4,"HHG",0.8466,0.00360372640470944,57085.8424693543,10000,10000
200,"quadratic",0.9,4,4,"Genest",0.6532,0.00475951426093042,0.0589571454513864,10000,10000
200,"quadratic",0.9,4,4,"MIC",0.3667,0.00481903631445126,0.261575969495218,10000,10000
200,"quadratic",0.9,4,1,"B_n",0.9575,0.00201726919373692,9.6454211512509,10000,10000
200,"quadratic",0.9,4,1,"P_n",0.9575,0.00201726919373692,9.60401515331319,10000,10000
200,"quadratic",0.9,4,1,"Hoeffding",0.6668,0.00471357359123627,0.00470815138590655,10000,10000
200,"quadratic",0.9,4,1,"dCov",0.6838,0.00464991999931182,0.166342963776308,10000,10000
200,"quadratic",0.9,4,1,"HHG",0.8335,0.00372528857942576,57143.4064968301,10000,10000
200,"quadratic",0.9,4,1,"Genest",0.6673,0.00471180124793056,0.0580937112013785,10000,10000
200,"quadratic",0.9,4,1,"MIC",0.3741,0.00483889646510441,0.261772414332146,10000,10000
200,"quadratic",1,4,4,"B_n",0.7207,0.00448655223974936,26.2240832557029,10000,10000
200,"quadratic",1,4,4,"P_n",0.7145,0.00451652244542192,26.0833896108989,10000,10000
200,"quadratic",1,4,4,"Hoeffding",0.5718,0.00494817905900747,0.00445804802385112,10000,10000
200,"quadratic",1,4,4,"dCov",0.5936,0.00491160910496754,0.163824856704824,10000,10000
200,"quadratic",1,4,4,"HHG",0.7571,0.00428835154808931,56435.6761961934,10000,10000
200,"quadratic",1,4,4,"Genest",0.5665,0.00495558018803046,0.0567811787013873,10000,10000
200,"quadratic",1,4,4,"MIC",0.2884,0.0045301814533195,0.26057856620526,10000,10000
200,"quadratic",1,4,1,"B_n",0.9067,0.00290852385240348,9.61970418525519,10000,10000
200,"quadratic",1,4,1,"P_n",0.9067,0.00290852385240348,9.5790318448322,10000,10000
200,"quadratic",1,4,1,"Hoeffding",0.5459,0.00497888732549753,0.00461695853738554,10000,10000
200,"quadratic",1,4,1,"dCov",0.5626,0.00496065761769546,0.165993106148477,10000,10000
200,"quadratic",1,4,1,"HHG",0.7317,0.00443074609969924,57233.7575779699,10000,10000
200,"quadratic",1,4,1,"Genest",0.5467,0.00497814332859149,0.0574721880138955,10000,10000
200,"quadratic",1,4,1,"MIC",0.2927,0.00455001879116999,0.260591568092676,10000,10000
200,"quadratic",1.1,4,4,"B_n",0.6112,0.0048747775333855,26.433455728183,10000,10000
200,"quadratic",1.1,4,4,"P_n",0.6036,0.00489149302360741,26.2948802347513,10000,10000
200,"quadratic",1.1,4,4,"Hoeffding",0.4402,0.00496411079650727,0.00463013026829207,10000,10000
200,"quadratic",1.1,4,4,"dCov",0.4637,0.00498680569102106,0.165005476402301,10000,10000
200,"quadratic",1.1,4,4,"HHG",0.6451,0.00478483009102727,56669.9090113894,10000,10000
200,"quadratic",1.1,4,4,"Genest",0.4406,0.00496459102041649,0.057452929326399,10000,10000
200,"quadratic",1.1,4,4,"MIC",0.2449,0.0043002789444407,0.260477311453546,10000,10000
200,"quadratic",1.1,4,1,"B_n",0.8548,0.00352302370131113,9.33128716947227,10000,10000
200,"quadratic",1.1,4,1,"P_n",0.8548,0.00352302370131113,9.29861819311358,10000,10000
200,"quadratic",1.1,4,1,"Hoeffding",0.447,0.0049718306487651,0.00451741678437613,10000,10000
200,"quadratic",1.1,4,1,"dCov",0.465,0.00498773495687171,0.164612924872313,10000,10000
200,"quadratic",1.1,4,1,"HHG",0.6325,0.00482124205988457,57107.4555566487,10000,10000
200,"quadratic",1.1,4,1,"Genest",0.4577,0.00498207496932754,0.0563599593263784,10000,10000
200,"quadratic",1.1,4,1,"MIC",0.2345,0.00423685909607577,0.260491839596066,10000,10000
200,"quadratic",1.2,4,4,"B_n",0.5292,0.00499146631762652,26.1673410439628,10000,10000
200,"quadratic",1.2,4,4,"P_n",0.5223,0.00499502462456393,26.050476271225,10000,10000
200,"quadratic",1.2,4,4,"Hoeffding",0.3294,0.0046999536167924,0.0048469048000015,10000,10000
200,"quadratic",1.2,4,4,"dCov",0.3659,0.00481681627218643,0.165743306517487,10000,10000
200,"quadratic",1.2,4,4,"HHG",0.528,0.00499215384378326,57723.4174385098,10000,10000
200,"quadratic",1.2,4,4,"Genest",0.3327,0.00471180124793056,0.0585445765763866,10000,10000
200,"quadratic",1.2,4,4,"MIC",0.1951,0.00396277667803776,0.260996120727186,10000,10000
200,"quadratic",1.2,4,1,"B_n",0.7672,0.00422615853938302,9.63907644522649,10000,10000
200,"quadratic",1.2,4,1,"P_n",0.7672,0.00422615853938302,9.59785175498111,10000,10000
200,"quadratic",1.2,4,1,"Hoeffding",0.3251,0.00468412200951256,0.00485252724386209,10000,10000
200,"quadratic",1.2,4,1,"dCov",0.3496,0.0047684362216559,0.166874458534941,10000,10000
200,"quadratic",1.2,4,1,"HHG",0.5371,0.00498621690262267,57322.0553479586,10000,10000
200,"quadratic",1.2,4,1,"Genest",0.3288,0.00469777138651936,0.0588331076389153,10000,10000
200,"quadratic",1.2,4,1,"MIC",0.1959,0.0039689191223808,0.260457723455273,10000,10000
200,"quadratic",1.3,4,4,"B_n",0.4482,0.00497309521324497,26.1830735087173,10000,10000
200,"quadratic",1.3,4,4,"P_n",0.4444,0.00496899023947522,26.0293773988976,10000,10000
200,"quadratic",1.3,4,4,"Hoeffding",0.2787,0.00448359576679254,0.00475649817985135,10000,10000
200,"quadratic",1.3,4,4,"dCov",0.2976,0.00457202624664382,0.16590583140445,10000,10000
200,"quadratic",1.3,4,4,"HHG",0.4548,0.00497952768844596,57293.5237168734,10000,10000
200,"quadratic",1.3,4,4,"Genest",0.2856,0.00451699723267571,0.0576342077013796,10000,10000
200,"quadratic",1.3,4,4,"MIC",0.1704,0.00375983829439512,0.260466603370517,10000,10000
200,"quadratic",1.3,4,1,"B_n",0.7015,0.00457599989073426,9.40584432946521,10000,10000
200,"quadratic",1.3,4,1,"P_n",0.7015,0.00457599989073426,9.3711459989157,10000,10000
200,"quadratic",1.3,4,1,"Hoeffding",0.2831,0.00450504594871129,0.00467230142689564,10000,10000
200,"quadratic",1.3,4,1,"dCov",0.2988,0.00457731973976038,0.165452963176731,10000,10000
200,"quadratic",1.3,4,1,"HHG",0.4721,0.00499220983132721,56684.2684646566,10000,10000
200,"quadratic",1.3,4,1,"Genest",0.2897,0.004536230924457,0.0574214703888758,10000,10000
200,"quadratic",1.3,4,1,"MIC",0.1568,0.00363612101008754,0.261434275751064,10000,10000
200,"quadratic",1.4,4,4,"B_n",0.3823,0.00485949287477613,26.3707378312442,10000,10000
200,"quadratic",1.4,4,4,"P_n",0.3784,0.00484988082327803,26.2384531510436,10000,10000
200,"quadratic",1.4,4,4,"Hoeffding",0.2438,0.00429373450506666,0.00474912036757248,10000,10000
200,"quadratic",1.4,4,4,"dCov",0.2503,0.00433185768464293,0.166351139457121,10000,10000
200,"quadratic",1.4,4,4,"HHG",0.3932,0.00488460602300738,57605.4185051355,10000,10000
200,"quadratic",1.4,4,4,"Genest",0.2387,0.00426288998215999,0.0582491344513969,10000,10000
200,"quadratic",1.4,4,4,"MIC",0.1366,0.00343424576872419,0.262666781926307,10000,10000
200,"quadratic",1.4,4,1,"B_n",0.6239,0.00484405604839581,9.44038622235692,10000,10000
200,"quadratic",1.4,4,1,"P_n",0.6239,0.00484405604839581,9.40473835218869,10000,10000
200,"quadratic",1.4,4,1,"Hoeffding",0.247,0.0043126673880558,0.00464702179485304,10000,10000
200,"quadratic",1.4,4,1,"dCov",0.2573,0.00437146096860077,0.165250934614045,10000,10000
200,"quadratic",1.4,4,1,"HHG",0.4158,0.00492859371423533,56670.6840329575,10000,10000
200,"quadratic",1.4,4,1,"Genest",0.2426,0.00428655152774348,0.0577514366388739,10000,10000
200,"quadratic",1.4,4,1,"MIC",0.1424,0.003494599261718,0.260813821465278,10000,10000
200,"quadratic",1.5,4,4,"B_n",0.328,0.00469484824035879,26.3993832301152,10000,10000
200,"quadratic",1.5,4,4,"P_n",0.3249,0.0046833747447754,26.2464483275398,10000,10000
200,"quadratic",1.5,4,4,"Hoeffding",0.1959,0.0039689191223808,0.0048027182804769,10000,10000
200,"quadratic",1.5,4,4,"dCov",0.2054,0.00403993613810912,0.166184330952587,10000,10000
200,"quadratic",1.5,4,4,"HHG",0.3504,0.00477095210623624,56966.683883253,10000,10000
200,"quadratic",1.5,4,4,"Genest",0.1976,0.00398188698985795,0.0582321242639073,10000,10000
200,"quadratic",1.5,4,4,"MIC",0.1304,0.00336742988048749,0.261049235906761,10000,10000
200,"quadratic",1.5,4,1,"B_n",0.5512,0.00497371651785664,9.48905078383014,10000,10000
200,"quadratic",1.5,4,1,"P_n",0.5512,0.00497371651785664,9.45205510182711,10000,10000
200,"quadratic",1.5,4,1,"Hoeffding",0.1905,0.00392695492716685,0.00488035202207951,10000,10000
200,"quadratic",1.5,4,1,"dCov",0.2059,0.00404357750018471,0.166368083060861,10000,10000
200,"quadratic",1.5,4,1,"HHG",0.3529,0.00477871938912508,56872.6441585176,10000,10000
200,"quadratic",1.5,4,1,"Genest",0.1929,0.00394575201957751,0.0583972922013952,10000,10000
200,"quadratic",1.5,4,1,"MIC",0.1264,0.00332299623833672,0.261118470638524,10000,10000
200,"quadratic",1.6,4,4,"B_n",0.2835,0.00450696960273752,26.3872580957391,10000,10000
200,"quadratic",1.6,4,4,"P_n",0.2811,0.00449536194315875,26.2300847008942,10000,10000
200,"quadratic",1.6,4,4,"Hoeffding",0.1748,0.00379795945212689,0.00462445801471878,10000,10000
200,"quadratic",1.6,4,4,"dCov",0.181,0.00385018181388879,0.165713473843481,10000,10000
200,"quadratic",1.6,4,4,"HHG",0.2983,0.00457511868698507,57294.3953228175,10000,10000
200,"quadratic",1.6,4,4,"Genest",0.1719,0.00377293506437627,0.0578902533263905,10000,10000
200,"quadratic",1.6,4,4,"MIC",0.1102,0.00313138882925771,0.262466890282838,10000,10000
200,"quadratic",1.6,4,1,"B_n",0.5113,0.00499872293691099,9.44184773665959,10000,10000
200,"quadratic",1.6,4,1,"P_n",0.5113,0.00499872293691099,9.40615955695036,10000,10000
200,"quadratic",1.6,4,1,"Hoeffding",0.1782,0.00382681015991125,0.00474635539610979,10000,10000
200,"quadratic",1.6,4,1,"dCov",0.1957,0.00396738591518395,0.165078216981025,10000,10000
200,"quadratic",1.6,4,1,"HHG",0.3156,0.00464754386746376,56912.7751699452,10000,10000
200,"quadratic",1.6,4,1,"Genest",0.1844,0.00387810056599877,0.0575746557638923,10000,10000
200,"quadratic",1.6,4,1,"MIC",0.1212,0.00326359556317875,0.260927248775782,10000,10000
200,"quadratic",1.7,4,4,"B_n",0.2513,0.00433760659811376,26.3537651444413,10000,10000
200,"quadratic",1.7,4,4,"P_n",0.2511,0.00433645926995746,26.1928256090505,10000,10000
200,"quadratic",1.7,4,4,"Hoeffding",0.1467,0.00353806599712329,0.00480678431870669,10000,10000
200,"quadratic",1.7,4,4,"dCov",0.151,0.00358048879344706,0.167201121305613,10000,10000
200,"quadratic",1.7,4,4,"HHG",0.2576,0.00437312519829927,57456.3389965924,10000,10000
200,"quadratic",1.7,4,4,"Genest",0.1469,0.00354006200510669,0.0583579410138977,10000,10000
200,"quadratic",1.7,4,4,"MIC",0.0975,0.00296637404923924,0.262254909086309,10000,10000
200,"quadratic",1.7,4,1,"B_n",0.4225,0.00493957234991047,9.64864460047873,10000,10000
200,"quadratic",1.7,4,1,"P_n",0.4225,0.00493957234991047,9.60714641229971,10000,10000
200,"quadratic",1.7,4,1,"Hoeffding",0.1517,0.00358729856577342,0.00476073648160058,10000,10000
200,"quadratic",1.7,4,1,"dCov",0.1562,0.00363044845714686,0.166156805725893,10000,10000
200,"quadratic",1.7,4,1,"HHG",0.2687,0.00443283554849489,56811.2861525708,10000,10000
200,"quadratic",1.7,4,1,"Genest",0.1492,0.00356285503494038,0.0582203103263822,10000,10000
200,"quadratic",1.7,4,1,"MIC",0.1062,0.00308093427388511,0.26055710613089,10000,10000
200,"quadratic",1.8,4,4,"B_n",0.2229,0.00416191770701921,26.6705945528315,10000,10000
200,"quadratic",1.8,4,4,"P_n",0.2215,0.00415256246190229,26.4977395572805,10000,10000
200,"quadratic",1.8,4,4,"Hoeffding",0.1422,0.00349255150284144,0.0047309452253908,10000,10000
200,"quadratic",1.8,4,4,"dCov",0.1552,0.0036209523609128,0.165439913851827,10000,10000
200,"quadratic",1.8,4,4,"HHG",0.2436,0.00429254050650661,57123.6394602155,10000,10000
200,"quadratic",1.8,4,4,"Genest",0.1426,0.00349664467740147,0.0577676323888968,10000,10000
200,"quadratic",1.8,4,4,"MIC",0.102,0.00302648310750283,0.261028959645608,10000,10000
200,"quadratic",1.8,4,1,"B_n",0.4109,0.00491997144300655,9.30118556241643,10000,10000
200,"quadratic",1.8,4,1,"P_n",0.4109,0.00491997144300655,9.26932808707382,10000,10000
200,"quadratic",1.8,4,1,"Hoeffding",0.141,0.00348021551056827,0.00468920849187848,10000,10000
200,"quadratic",1.8,4,1,"dCov",0.1544,0.00361331758914159,0.164524598794289,10000,10000
200,"quadratic",1.8,4,1,"HHG",0.2564,0.00436645210668799,56279.1368030174,10000,10000
200,"quadratic",1.8,4,1,"Genest",0.1427,0.00349766650783061,0.0576538867638794,10000,10000
200,"quadratic",1.8,4,1,"MIC",0.0948,0.0029293849183745,0.261060284032971,10000,10000
200,"quadratic",1.9,4,4,"B_n",0.2127,0.00409217191720974,26.1935399315328,10000,10000
200,"quadratic",1.9,4,4,"P_n",0.2115,0.00408372072992265,26.0391353460393,10000,10000
200,"quadratic",1.9,4,4,"Hoeffding",0.121,0.00326127275768219,0.00485371674160523,10000,10000
200,"quadratic",1.9,4,4,"dCov",0.129,0.00335199940334124,0.167024162108854,10000,10000
200,"quadratic",1.9,4,4,"HHG",0.2184,0.00413160307870928,57005.5354099862,10000,10000
200,"quadratic",1.9,4,4,"Genest",0.1169,0.00321301089322772,0.059170218201387,10000,10000
200,"quadratic",1.9,4,4,"MIC",0.0925,0.0028973047820345,0.261171146546793,10000,10000
200,"quadratic",1.9,4,1,"B_n",0.3643,0.00481233321788922,9.3043974801726,10000,10000
200,"quadratic",1.9,4,1,"P_n",0.3643,0.00481233321788922,9.27245363453429,10000,10000
200,"quadratic",1.9,4,1,"Hoeffding",0.1266,0.00332524344973417,0.00459445844900584,10000,10000
200,"quadratic",1.9,4,1,"dCov",0.1292,0.00335421168085737,0.165715142091027,10000,10000
200,"quadratic",1.9,4,1,"HHG",0.2177,0.00412682335459128,56341.349018546,10000,10000
200,"quadratic",1.9,4,1,"Genest",0.1277,0.00333755464374743,0.0571516208888771,10000,10000
200,"quadratic",1.9,4,1,"MIC",0.09,0.00286181760425084,0.259984866521853,10000,10000
200,"quadratic",2,4,4,"B_n",0.1863,0.00389348571334222,26.3347071875594,10000,10000
200,"quadratic",2,4,4,"P_n",0.1862,0.00389267979674671,26.1629266713502,10000,10000
200,"quadratic",2,4,4,"Hoeffding",0.1143,0.00318175281880915,0.00471659987038274,10000,10000
200,"quadratic",2,4,4,"dCov",0.1248,0.00330491996877383,0.164711949008536,10000,10000
200,"quadratic",2,4,4,"HHG",0.1982,0.00398643650394685,57070.677459108,10000,10000
200,"quadratic",2,4,4,"Genest",0.1157,0.00319864830827023,0.0576275467638828,10000,10000
200,"quadratic",2,4,4,"MIC",0.0879,0.00283149412854768,0.260918536470885,10000,10000
200,"quadratic",2,4,1,"B_n",0.3202,0.00466553276700529,9.53482532965046,10000,10000
200,"quadratic",2,4,1,"P_n",0.3202,0.00466553276700529,9.4965511615596,10000,10000
200,"quadratic",2,4,1,"Hoeffding",0.1287,0.00334867600702128,0.00458002439879282,10000,10000
200,"quadratic",2,4,1,"dCov",0.1321,0.00338599453632164,0.164721977938381,10000,10000
200,"quadratic",2,4,1,"HHG",0.1976,0.00398188698985795,56933.9943192026,10000,10000
200,"quadratic",2,4,1,"Genest",0.126,0.00331849363416596,0.0572259967013795,10000,10000
200,"quadratic",2,4,1,"MIC",0.0838,0.00277087639565535,0.261291345455872,10000,10000
200,"cubic",0.1,4,4,"B_n",1,0,26.0562754784603,10000,10000
200,"cubic",0.1,4,4,"P_n",1,0,25.928020205762,10000,10000
200,"cubic",0.1,4,4,"Hoeffding",1,0,0.00444835475009004,10000,10000
200,"cubic",0.1,4,4,"dCov",1,0,0.162983318122554,10000,10000
200,"cubic",0.1,4,4,"HHG",1,0,56700.6153082675,10000,10000
200,"cubic",0.1,4,4,"Genest",1,0,0.0567611120138855,10000,10000
200,"cubic",0.1,4,4,"MIC",1,0,0.260870035438059,10000,10000
200,"cubic",0.1,4,1,"B_n",1,0,9.39871685481594,10000,10000
200,"cubic",0.1,4,1,"P_n",1,0,9.36421371632341,10000,10000
200,"cubic",0.1,4,1,"Hoeffding",1,0,0.00460669726331793,10000,10000
200,"cubic",0.1,4,1,"dCov",1,0,0.16473684295292,10000,10000
200,"cubic",0.1,4,1,"HHG",1,0,58185.9399730767,10000,10000
200,"cubic",0.1,4,1,"Genest",1,0,0.058079780888888,10000,10000
200,"cubic",0.1,4,1,"MIC",1,0,0.260388109822732,10000,10000
200,"cubic",0.2,4,4,"B_n",1,0,26.5221317211757,10000,10000
200,"cubic",0.2,4,4,"P_n",1,0,26.3640963623962,10000,10000
200,"cubic",0.2,4,4,"Hoeffding",1,0,0.00438036991492721,10000,10000
200,"cubic",0.2,4,4,"dCov",1,0,0.16375432620676,10000,10000
200,"cubic",0.2,4,4,"HHG",1,0,57195.1597690354,10000,10000
200,"cubic",0.2,4,4,"Genest",1,0,0.0563935256389054,10000,10000
200,"cubic",0.2,4,4,"MIC",1,0,0.26043849670481,10000,10000
200,"cubic",0.2,4,1,"B_n",1,0,9.34244009963638,10000,10000
200,"cubic",0.2,4,1,"P_n",1,0,9.30946930997387,10000,10000
200,"cubic",0.2,4,1,"Hoeffding",1,0,0.00469371276092973,10000,10000
200,"cubic",0.2,4,1,"dCov",1,0,0.164421688758178,10000,10000
200,"cubic",0.2,4,1,"HHG",1,0,57589.8238627919,10000,10000
200,"cubic",0.2,4,1,"Genest",1,0,0.0580066282014043,10000,10000
200,"cubic",0.2,4,1,"MIC",1,0,0.260271470304256,10000,10000
200,"cubic",0.3,4,4,"B_n",1,0,26.4269941320152,10000,10000
200,"cubic",0.3,4,4,"P_n",1,0,26.2794292426426,10000,10000
200,"cubic",0.3,4,4,"Hoeffding",1,0,0.00462897446999429,10000,10000
200,"cubic",0.3,4,4,"dCov",1,0,0.164742083606591,10000,10000
200,"cubic",0.3,4,4,"HHG",1,0,57439.2746182225,10000,10000
200,"cubic",0.3,4,4,"Genest",1,0,0.0576105973889026,10000,10000
200,"cubic",0.3,4,4,"MIC",1,0,0.261539566333317,10000,10000
200,"cubic",0.3,4,1,"B_n",1,0,9.43222033233832,10000,10000
200,"cubic",0.3,4,1,"P_n",1,0,9.3967974702832,10000,10000
200,"cubic",0.3,4,1,"Hoeffding",1,0,0.00467788886986944,10000,10000
200,"cubic",0.3,4,1,"dCov",1,0,0.16573928612664,10000,10000
200,"cubic",0.3,4,1,"HHG",1,0,57111.031252225,10000,10000
200,"cubic",0.3,4,1,"Genest",1,0,0.057665742076394,10000,10000
200,"cubic",0.3,4,1,"MIC",1,0,0.261824698212348,10000,10000
200,"cubic",0.4,4,4,"B_n",1,0,26.2561848057891,10000,10000
200,"cubic",0.4,4,4,"P_n",1,0,26.1519165938902,10000,10000
200,"cubic",0.4,4,4,"Hoeffding",1,0,0.00464723613831189,10000,10000
200,"cubic",0.4,4,4,"dCov",1,0,0.165473252991343,10000,10000
200,"cubic",0.4,4,4,"HHG",1,0,57194.1944965879,10000,10000
200,"cubic",0.4,4,4,"Genest",1,0,0.0578508308263942,10000,10000
200,"cubic",0.4,4,4,"MIC",1,0,0.261177713433303,10000,10000
200,"cubic",0.4,4,1,"B_n",1,0,9.37683578338521,10000,10000
200,"cubic",0.4,4,1,"P_n",1,0,9.34293030712355,10000,10000
200,"cubic",0.4,4,1,"Hoeffding",1,0,0.0048348960647582,10000,10000
200,"cubic",0.4,4,1,"dCov",1,0,0.166402137085406,10000,10000
200,"cubic",0.4,4,1,"HHG",1,0,57319.4657295153,10000,10000
200,"cubic",0.4,4,1,"Genest",1,0,0.058697979576372,10000,10000
200,"cubic",0.4,4,1,"MIC",1,0,0.260809358347696,10000,10000
200,"cubic",0.5,4,4,"B_n",1,0,26.2782418424839,10000,10000
200,"cubic",0.5,4,4,"P_n",1,0,26.1705116333189,10000,10000
200,"cubic",0.5,4,4,"Hoeffding",1,0,0.00469721955400438,10000,10000
200,"cubic",0.5,4,4,"dCov",1,0,0.166401465503297,10000,10000
200,"cubic",0.5,4,4,"HHG",1,0,57511.6379519975,10000,10000
200,"cubic",0.5,4,4,"Genest",1,0,0.0582547634513914,10000,10000
200,"cubic",0.5,4,4,"MIC",1,0,0.262171302033404,10000,10000
200,"cubic",0.5,4,1,"B_n",1,0,9.51557120963721,10000,10000
200,"cubic",0.5,4,1,"P_n",1,0,9.47783605598155,10000,10000
200,"cubic",0.5,4,1,"Hoeffding",1,0,0.00478535793922097,10000,10000
200,"cubic",0.5,4,1,"dCov",1,0,0.166155585486311,10000,10000
200,"cubic",0.5,4,1,"HHG",1,0,57084.0537702924,10000,10000
200,"cubic",0.5,4,1,"Genest",1,0,0.058776789013902,10000,10000
200,"cubic",0.5,4,1,"MIC",1,0,0.261085634673712,10000,10000
200,"cubic",0.6,4,4,"B_n",1,0,26.3379467183924,10000,10000
200,"cubic",0.6,4,4,"P_n",1,0,26.2058675465777,10000,10000
200,"cubic",0.6,4,4,"Hoeffding",1,0,0.00466956948443878,10000,10000
200,"cubic",0.6,4,4,"dCov",1,0,0.166590093700873,10000,10000
200,"cubic",0.6,4,4,"HHG",1,0,57175.388281713,10000,10000
200,"cubic",0.6,4,4,"Genest",1,0,0.0583198723263868,10000,10000
200,"cubic",0.6,4,4,"MIC",1,0,0.260943833828483,10000,10000
200,"cubic",0.6,4,1,"B_n",1,0,9.46738698675889,10000,10000
200,"cubic",0.6,4,1,"P_n",1,0,9.43099275708538,10000,10000
200,"cubic",0.6,4,1,"Hoeffding",1,0,0.00477418715478576,10000,10000
200,"cubic",0.6,4,1,"dCov",1,0,0.167533362409774,10000,10000
200,"cubic",0.6,4,1,"HHG",1,0,56729.349263094,10000,10000
200,"cubic",0.6,4,1,"Genest",1,0,0.058742486701384,10000,10000
200,"cubic",0.6,4,1,"MIC",1,0,0.261171790616259,10000,10000
200,"cubic",0.7,4,4,"B_n",1,0,26.2477037016523,10000,10000
200,"cubic",0.7,4,4,"P_n",1,0,26.0905357506384,10000,10000
200,"cubic",0.7,4,4,"Hoeffding",1,0,0.00483833108136641,10000,10000
200,"cubic",0.7,4,4,"dCov",1,0,0.16730123530218,10000,10000
200,"cubic",0.7,4,4,"HHG",1,0,57189.0661035203,10000,10000
200,"cubic",0.7,4,4,"Genest",1,0,0.0585313354513664,10000,10000
200,"cubic",0.7,4,4,"MIC",1,0,0.260931292893893,10000,10000
200,"cubic",0.7,4,1,"B_n",1,0,9.44648216539224,10000,10000
200,"cubic",0.7,4,1,"P_n",1,0,9.41066610651022,10000,10000
200,"cubic",0.7,4,1,"Hoeffding",1,0,0.00470504358322255,10000,10000
200,"cubic",0.7,4,1,"dCov",1,0,0.166201060176284,10000,10000
200,"cubic",0.7,4,1,"HHG",1,0,57285.2606117165,10000,10000
200,"cubic",0.7,4,1,"Genest",1,0,0.0580360220763904,10000,10000
200,"cubic",0.7,4,1,"MIC",1,0,0.261822031798901,10000,10000
200,"cubic",0.8,4,4,"B_n",1,0,26.0221399186321,10000,10000
200,"cubic",0.8,4,4,"P_n",1,0,25.91922630722,10000,10000
200,"cubic",0.8,4,4,"Hoeffding",1,0,0.00477905355977278,10000,10000
200,"cubic",0.8,4,4,"dCov",1,0,0.167187583664645,10000,10000
200,"cubic",0.8,4,4,"HHG",1,0,57101.6438782493,10000,10000
200,"cubic",0.8,4,4,"Genest",1,0,0.0585946678263964,10000,10000
200,"cubic",0.8,4,4,"MIC",1,0,0.261150068789856,10000,10000
200,"cubic",0.8,4,1,"B_n",1,0,9.35288804269515,10000,10000
200,"cubic",0.8,4,1,"P_n",1,0,9.31963395672169,10000,10000
200,"cubic",0.8,4,1,"Hoeffding",1,0,0.00478168627718043,10000,10000
200,"cubic",0.8,4,1,"dCov",1,0,0.166887163603094,10000,10000
200,"cubic",0.8,4,1,"HHG",1,0,57172.5845381438,10000,10000
200,"cubic",0.8,4,1,"Genest",1,0,0.0586874709513947,10000,10000
200,"cubic",0.8,4,1,"MIC",1,0,0.261210027550865,10000,10000
200,"cubic",0.9,4,4,"B_n",1,0,26.0173795034296,10000,10000
200,"cubic",0.9,4,4,"P_n",1,0,25.8755929190108,10000,10000
200,"cubic",0.9,4,4,"Hoeffding",1,0,0.00470067521620609,10000,10000
200,"cubic",0.9,4,4,"dCov",1,0,0.166969267386952,10000,10000
200,"cubic",0.9,4,4,"HHG",1,0,57036.3562290822,10000,10000
200,"cubic",0.9,4,4,"Genest",1,0,0.058012619638877,10000,10000
200,"cubic",0.9,4,4,"MIC",1,0,0.260903874875299,10000,10000
200,"cubic",0.9,4,1,"B_n",1,0,9.4701263410221,10000,10000
200,"cubic",0.9,4,1,"P_n",1,0,9.43365618754186,10000,10000
200,"cubic",0.9,4,1,"Hoeffding",1,0,0.00474415710379339,10000,10000
200,"cubic",0.9,4,1,"dCov",1,0,0.166370550101475,10000,10000
200,"cubic",0.9,4,1,"HHG",1,0,57088.1387242997,10000,10000
200,"cubic",0.9,4,1,"Genest",1,0,0.0578808515763926,10000,10000
200,"cubic",0.9,4,1,"MIC",1,0,0.262084077437104,10000,10000
200,"cubic",1,4,4,"B_n",1,0,26.3616596597424,10000,10000
200,"cubic",1,4,4,"P_n",1,0,26.2504093754827,10000,10000
200,"cubic",1,4,4,"Hoeffding",0.9999,9.99949998749882e-05,0.00463667425099404,10000,10000
200,"cubic",1,4,4,"dCov",0.9999,9.99949998749882e-05,0.164993909453637,10000,10000
200,"cubic",1,4,4,"HHG",1,0,57104.4267756649,10000,10000
200,"cubic",1,4,4,"Genest",0.9999,9.99949998749882e-05,0.0570931093263868,10000,10000
200,"cubic",1,4,4,"MIC",0.9996,0.000199959995999189,0.26116426252342,10000,10000
200,"cubic",1,4,1,"B_n",1,0,9.27921095908572,10000,10000
200,"cubic",1,4,1,"P_n",1,0,9.24794306906475,10000,10000
200,"cubic",1,4,1,"Hoeffding",0.9999,9.99949998749882e-05,0.00463872339023565,10000,10000
200,"cubic",1,4,1,"dCov",1,0,0.166389826601115,10000,10000
200,"cubic",1,4,1,"HHG",1,0,56401.362724578,10000,10000
200,"cubic",1,4,1,"Genest",0.9998,0.0001414072133945,0.0574570750138889,10000,10000
200,"cubic",1,4,1,"MIC",1,0,0.261419849511255,10000,10000
200,"cubic",1.1,4,4,"B_n",1,0,26.1713810541364,10000,10000
200,"cubic",1.1,4,4,"P_n",1,0,26.0350593950402,10000,10000
200,"cubic",1.1,4,4,"Hoeffding",0.9994,0.000244875478560032,0.00473350648183296,10000,10000
200,"cubic",1.1,4,4,"dCov",0.9998,0.0001414072133945,0.166210410973681,10000,10000
200,"cubic",1.1,4,4,"HHG",1,0,56708.9009716703,10000,10000
200,"cubic",1.1,4,4,"Genest",0.999,0.000316069612585582,0.0577929738263552,10000,10000
200,"cubic",1.1,4,4,"MIC",0.9981,0.000435475602072035,0.261094711311716,10000,10000
200,"cubic",1.1,4,1,"B_n",1,0,9.37717482988341,10000,10000
200,"cubic",1.1,4,1,"P_n",1,0,9.34326011277563,10000,10000
200,"cubic",1.1,4,1,"Hoeffding",0.9988,0.000346202253025595,0.00473018526247415,10000,10000
200,"cubic",1.1,4,1,"dCov",0.9997,0.000173179098045915,0.165999696298541,10000,10000
200,"cubic",1.1,4,1,"HHG",1,0,57184.5518886192,10000,10000
200,"cubic",1.1,4,1,"Genest",0.999,0.000316069612585582,0.0575737842638931,10000,10000
200,"cubic",1.1,4,1,"MIC",0.9987,0.00036032069049667,0.260888859240994,10000,10000
200,"cubic",1.2,4,4,"B_n",1,0,26.2806678943978,10000,10000
200,"cubic",1.2,4,4,"P_n",1,0,26.1827588724799,10000,10000
200,"cubic",1.2,4,4,"Hoeffding",0.9949,0.000712319450808413,0.00472659036575883,10000,10000
200,"cubic",1.2,4,4,"dCov",0.9988,0.000346202253025595,0.165965237974875,10000,10000
200,"cubic",1.2,4,4,"HHG",1,0,56969.4030747419,10000,10000
200,"cubic",1.2,4,4,"Genest",0.9961,0.000623280835578956,0.0579543364513816,10000,10000
200,"cubic",1.2,4,4,"MIC",0.9929,0.00083961836568765,0.260827690690735,10000,10000
200,"cubic",1.2,4,1,"B_n",1,0,9.35936200020653,10000,10000
200,"cubic",1.2,4,1,"P_n",1,0,9.32593209668875,10000,10000
200,"cubic",1.2,4,1,"Hoeffding",0.9953,0.000683952483729684,0.00476351707036038,10000,10000
200,"cubic",1.2,4,1,"dCov",0.9981,0.000435475602072035,0.165621226274298,10000,10000
200,"cubic",1.2,4,1,"HHG",0.9999,9.99949998749882e-05,57614.1446457483,10000,10000
200,"cubic",1.2,4,1,"Genest",0.9962,0.000615269046840488,0.0579904393263833,10000,10000
200,"cubic",1.2,4,1,"MIC",0.9941,0.000765845284636526,0.260239190699747,10000,10000
200,"cubic",1.3,4,4,"B_n",1,0,26.4574742230186,10000,10000
200,"cubic",1.3,4,4,"P_n",1,0,26.2569694084632,10000,10000
200,"cubic",1.3,4,4,"Hoeffding",0.9819,0.00133313127635653,0.00474692057662658,10000,10000
200,"cubic",1.3,4,4,"dCov",0.9932,0.000821812630713354,0.166191689038515,10000,10000
200,"cubic",1.3,4,4,"HHG",0.9995,0.000223550889061069,57282.9054552985,10000,10000
200,"cubic",1.3,4,4,"Genest",0.9841,0.00125088728509007,0.058357098326372,10000,10000
200,"cubic",1.3,4,4,"MIC",0.9804,0.00138621210498249,0.262198808875204,10000,10000
200,"cubic",1.3,4,1,"B_n",1,0,9.43593119701871,10000,10000
200,"cubic",1.3,4,1,"P_n",1,0,9.40040611299631,10000,10000
200,"cubic",1.3,4,1,"Hoeffding",0.986,0.00117490425141796,0.00473126934346192,10000,10000
200,"cubic",1.3,4,1,"dCov",0.9929,0.00083961836568765,0.166588332617692,10000,10000
200,"cubic",1.3,4,1,"HHG",0.9993,0.000264482513599677,56907.8187038565,10000,10000
200,"cubic",1.3,4,1,"Genest",0.9865,0.0011540255629751,0.0582589454513839,10000,10000
200,"cubic",1.3,4,1,"MIC",0.9836,0.00127008031242123,0.260522878692711,10000,10000
200,"cubic",1.4,4,4,"B_n",1,0,26.3976056716504,10000,10000
200,"cubic",1.4,4,4,"P_n",1,0,26.2172093865517,10000,10000
200,"cubic",1.4,4,4,"Hoeffding",0.9654,0.00182764438554113,0.00447780013838187,10000,10000
200,"cubic",1.4,4,4,"dCov",0.9808,0.00137227402511306,0.164236669698766,10000,10000
200,"cubic",1.4,4,4,"HHG",0.9988,0.000346202253025595,56486.1625959268,10000,10000
200,"cubic",1.4,4,4,"Genest",0.9694,0.00172231356030196,0.0560971219514023,10000,10000
200,"cubic",1.4,4,4,"MIC",0.9622,0.00190712243969809,0.262041324488264,10000,10000
200,"cubic",1.4,4,1,"B_n",1,0,9.41534769890286,10000,10000
200,"cubic",1.4,4,1,"P_n",1,0,9.38038871535015,10000,10000
200,"cubic",1.4,4,1,"Hoeffding",0.9586,0.00199213553755762,0.00483705533355068,10000,10000
200,"cubic",1.4,4,1,"dCov",0.9787,0.00144382512791543,0.167172826605752,10000,10000
200,"cubic",1.4,4,1,"HHG",0.9992,0.000282729552753161,57148.7539324195,10000,10000
200,"cubic",1.4,4,1,"Genest",0.9607,0.00194307771331977,0.0582911844514013,10000,10000
200,"cubic",1.4,4,1,"MIC",0.9613,0.00192879003522934,0.261883902763578,10000,10000
200,"cubic",1.5,4,4,"B_n",1,0,26.487287172846,10000,10000
200,"cubic",1.5,4,4,"P_n",1,0,26.3266434514365,10000,10000
200,"cubic",1.5,4,4,"Hoeffding",0.9257,0.00262258479367208,0.00475181019065233,10000,10000
200,"cubic",1.5,4,4,"dCov",0.9532,0.00211210227025113,0.166483605779774,10000,10000
200,"cubic",1.5,4,4,"HHG",0.9953,0.000683952483729684,57037.5507138142,10000,10000
200,"cubic",1.5,4,4,"Genest",0.925,0.00263391343821318,0.058731577388896,10000,10000
200,"cubic",1.5,4,4,"MIC",0.9327,0.00250540834995016,0.260856174506007,10000,10000
200,"cubic",1.5,4,1,"B_n",1,0,9.469066245095,10000,10000
200,"cubic",1.5,4,1,"P_n",1,0,9.43262547616873,10000,10000
200,"cubic",1.5,4,1,"Hoeffding",0.9198,0.00271602577307359,0.00479656323157276,10000,10000
200,"cubic",1.5,4,1,"dCov",0.9602,0.00195489027825093,0.166025456021905,10000,10000
200,"cubic",1.5,4,1,"HHG",0.9959,0.000638998435052856,57187.7533962498,10000,10000
200,"cubic",1.5,4,1,"Genest",0.9289,0.00256991809207998,0.0581928527013901,10000,10000
200,"cubic",1.5,4,1,"MIC",0.9349,0.00246702229418382,0.260993892204323,10000,10000
200,"cubic",1.6,4,4,"B_n",0.9994,0.000244875478560032,26.2233044864051,10000,10000
200,"cubic",1.6,4,4,"P_n",0.9994,0.000244875478560032,26.1204918087293,10000,10000
200,"cubic",1.6,4,4,"Hoeffding",0.8636,0.00343212820273369,0.00488222866117596,10000,10000
200,"cubic",1.6,4,4,"dCov",0.9158,0.00277687522225973,0.166740971191609,10000,10000
200,"cubic",1.6,4,4,"HHG",0.9867,0.00114556143440673,57219.2608994468,10000,10000
200,"cubic",1.6,4,4,"Genest",0.8639,0.00342894721452518,0.0594444571388863,10000,10000
200,"cubic",1.6,4,4,"MIC",0.8877,0.00315735189676412,0.261518945333941,10000,10000
200,"cubic",1.6,4,1,"B_n",1,0,9.35819467000301,10000,10000
200,"cubic",1.6,4,1,"P_n",1,0,9.32479647108221,10000,10000
200,"cubic",1.6,4,1,"Hoeffding",0.8823,0.00322252556235013,0.00475317098569327,10000,10000
200,"cubic",1.6,4,1,"dCov",0.9247,0.00263874799857811,0.166579879114601,10000,10000
200,"cubic",1.6,4,1,"HHG",0.991,0.000944404574321832,56698.0932070438,10000,10000
200,"cubic",1.6,4,1,"Genest",0.8965,0.00304610817273451,0.05747515151388,10000,10000
200,"cubic",1.6,4,1,"MIC",0.8948,0.0030681095156464,0.261220792381806,10000,10000
200,"cubic",1.7,4,4,"B_n",0.9991,0.000299864969611326,26.0052404352977,10000,10000
200,"cubic",1.7,4,4,"P_n",0.9991,0.000299864969611326,25.8840236757319,10000,10000
200,"cubic",1.7,4,4,"Hoeffding",0.8167,0.00386912276879398,0.00485866894313223,10000,10000
200,"cubic",1.7,4,4,"dCov",0.8718,0.00334312368900703,0.166980829383652,10000,10000
200,"cubic",1.7,4,4,"HHG",0.9781,0.00146357063375841,56844.1586263283,10000,10000
200,"cubic",1.7,4,4,"Genest",0.8254,0.00379624604049843,0.0584859225139021,10000,10000
200,"cubic",1.7,4,4,"MIC",0.8372,0.00369183098204671,0.26094386229648,10000,10000
200,"cubic",1.7,4,1,"B_n",0.9999,9.99949998749882e-05,9.42098174148589,10000,10000
200,"cubic",1.7,4,1,"P_n",0.9999,9.99949998749882e-05,9.38586801741141,10000,10000
200,"cubic",1.7,4,1,"Hoeffding",0.8277,0.00377640980297425,0.0047123880312758,10000,10000
200,"cubic",1.7,4,1,"dCov",0.8781,0.00327170276767313,0.166579310754373,10000,10000
200,"cubic",1.7,4,1,"HHG",0.9765,0.00151485147786837,57186.0342067944,10000,10000
200,"cubic",1.7,4,1,"Genest",0.8305,0.00375192950360211,0.058212967201372,10000,10000
200,"cubic",1.7,4,1,"MIC",0.8405,0.00366141707539581,0.261507871208929,10000,10000
200,"cubic",1.8,4,4,"B_n",0.9968,0.000564779603031128,26.3877002790484,10000,10000
200,"cubic",1.8,4,4,"P_n",0.9966,0.00058210308365443,26.2002768560052,10000,10000
200,"cubic",1.8,4,4,"Hoeffding",0.7495,0.00433300992382893,0.00482784341564737,10000,10000
200,"cubic",1.8,4,4,"dCov",0.8149,0.00388378668312254,0.166875775515824,10000,10000
200,"cubic",1.8,4,4,"HHG",0.9566,0.00203755834272298,57258.4632471926,10000,10000
200,"cubic",1.8,4,4,"Genest",0.7475,0.00434446486923303,0.0590966788263952,10000,10000
200,"cubic",1.8,4,4,"MIC",0.7689,0.0042153622620126,0.262472917096265,10000,10000
200,"cubic",1.8,4,1,"B_n",0.9999,9.99949998749882e-05,9.54090678419704,10000,10000
200,"cubic",1.8,4,1,"P_n",0.9999,9.99949998749882e-05,9.50246197730058,10000,10000
200,"cubic",1.8,4,1,"Hoeffding",0.7514,0.00432201388243953,0.00472066143244278,10000,10000
200,"cubic",1.8,4,1,"dCov",0.8075,0.0039426355398388,0.167348156704114,10000,10000
200,"cubic",1.8,4,1,"HHG",0.9565,0.00203979778409528,57188.062019577,10000,10000
200,"cubic",1.8,4,1,"Genest",0.7541,0.00430619542055397,0.0581280598888893,10000,10000
200,"cubic",1.8,4,1,"MIC",0.7898,0.00407450561418192,0.260929404529495,10000,10000
200,"cubic",1.9,4,4,"B_n",0.9944,0.00074623320751626,26.3007116698277,10000,10000
200,"cubic",1.9,4,4,"P_n",0.9943,0.000752828665766656,26.1559088579393,10000,10000
200,"cubic",1.9,4,4,"Hoeffding",0.6892,0.00462821088542862,0.00474869885830144,10000,10000
200,"cubic",1.9,4,4,"dCov",0.7662,0.00423246453027075,0.16559308714539,10000,10000
200,"cubic",1.9,4,4,"HHG",0.9331,0.00249848734237338,56873.7278234928,10000,10000
200,"cubic",1.9,4,4,"Genest",0.6999,0.00458301200085708,0.0580942852638879,10000,10000
200,"cubic",1.9,4,4,"MIC",0.7285,0.00444733347074401,0.261343136198312,10000,10000
200,"cubic",1.9,4,1,"B_n",0.9992,0.000282729552753161,9.44583132317439,10000,10000
200,"cubic",1.9,4,1,"P_n",0.9992,0.000282729552753161,9.41003322619338,10000,10000
200,"cubic",1.9,4,1,"Hoeffding",0.6913,0.00461957043457506,0.00470045878255344,10000,10000
200,"cubic",1.9,4,1,"dCov",0.7624,0.00425612781762954,0.166150090114443,10000,10000
200,"cubic",1.9,4,1,"HHG",0.928,0.00258487910742456,57152.3292638202,10000,10000
200,"cubic",1.9,4,1,"Genest",0.7047,0.00456177498349053,0.0575473770763891,10000,10000
200,"cubic",1.9,4,1,"MIC",0.7163,0.00450792979093508,0.261540153283247,10000,10000
200,"cubic",2,4,4,"B_n",0.9863,0.00116242462121206,26.6248905639626,10000,10000
200,"cubic",2,4,4,"P_n",0.9855,0.00119539742345381,26.4524323899098,10000,10000
200,"cubic",2,4,4,"Hoeffding",0.634,0.00481709456000191,0.00470446544744794,10000,10000
200,"cubic",2,4,4,"dCov",0.7122,0.00452737407334539,0.164964489751468,10000,10000
200,"cubic",2,4,4,"HHG",0.8983,0.00302253387077796,56745.5991600162,10000,10000
200,"cubic",2,4,4,"Genest",0.654,0.00475693178424917,0.0572295040138945,10000,10000
200,"cubic",2,4,4,"MIC",0.6834,0.00465149911318921,0.260927933686712,10000,10000
200,"cubic",2,4,1,"B_n",0.9992,0.000282729552753161,9.41672993527986,10000,10000
200,"cubic",2,4,1,"P_n",0.9992,0.000282729552753161,9.38173300358471,10000,10000
200,"cubic",2,4,1,"Hoeffding",0.6394,0.00480174593247081,0.00471267389485656,10000,10000
200,"cubic",2,4,1,"dCov",0.7043,0.00456356779285681,0.166422135209947,10000,10000
200,"cubic",2,4,1,"HHG",0.905,0.00293214938227915,56808.2983262866,10000,10000
200,"cubic",2,4,1,"Genest",0.6396,0.0048011648586567,0.0583801361389059,10000,10000
200,"cubic",2,4,1,"MIC",0.6703,0.00470104148035305,0.261763405742467,10000,10000
200,"sine",0.1,4,4,"B_n",1,0,26.4023890353992,10000,10000
200,"sine",0.1,4,4,"P_n",1,0,26.23935102088,10000,10000
200,"sine",0.1,4,4,"Hoeffding",1,0,0.00486938337516008,10000,10000
200,"sine",0.1,4,4,"dCov",1,0,0.161422002564824,10000,10000
200,"sine",0.1,4,4,"HHG",1,0,58306.93492653,10000,10000
200,"sine",0.1,4,4,"Genest",1,0,0.058921366951385,10000,10000
200,"sine",0.1,4,4,"MIC",1,0,0.261190290477604,10000,10000
200,"sine",0.1,4,1,"B_n",1,0,9.4722789495798,10000,10000
200,"sine",0.1,4,1,"P_n",1,0,9.43574910841553,10000,10000
200,"sine",0.1,4,1,"Hoeffding",1,0,0.0047576520457058,10000,10000
200,"sine",0.1,4,1,"dCov",1,0,0.161765391280542,10000,10000
200,"sine",0.1,4,1,"HHG",1,0,58535.2884531075,10000,10000
200,"sine",0.1,4,1,"Genest",1,0,0.0584890610764053,10000,10000
200,"sine",0.1,4,1,"MIC",1,0,0.260387975068785,10000,10000
200,"sine",0.2,4,4,"B_n",1,0,26.2419925792221,10000,10000
200,"sine",0.2,4,4,"P_n",1,0,26.0640420438464,10000,10000
200,"sine",0.2,4,4,"Hoeffding",1,0,0.00456692406969536,10000,10000
200,"sine",0.2,4,4,"dCov",1,0,0.161527091866309,10000,10000
200,"sine",0.2,4,4,"HHG",1,0,56984.7058475424,10000,10000
200,"sine",0.2,4,4,"Genest",1,0,0.0570724637638901,10000,10000
200,"sine",0.2,4,4,"MIC",1,0,0.260295219855062,10000,10000
200,"sine",0.2,4,1,"B_n",1,0,9.5620839129063,10000,10000
200,"sine",0.2,4,1,"P_n",1,0,9.52304347144358,10000,10000
200,"sine",0.2,4,1,"Hoeffding",1,0,0.00447790656079653,10000,10000
200,"sine",0.2,4,1,"dCov",1,0,0.160181568050683,10000,10000
200,"sine",0.2,4,1,"HHG",1,0,56813.4940368409,10000,10000
200,"sine",0.2,4,1,"Genest",1,0,0.0558779367013794,10000,10000
200,"sine",0.2,4,1,"MIC",1,0,0.260962203740747,10000,10000
200,"sine",0.3,4,4,"B_n",0.999,0.000316069612585582,26.7747307328237,10000,10000
200,"sine",0.3,4,4,"P_n",0.9989,0.00033148001448051,26.546550554674,10000,10000
200,"sine",0.3,4,4,"Hoeffding",1,0,0.00464398669541953,10000,10000
200,"sine",0.3,4,4,"dCov",1,0,0.163695173387509,10000,10000
200,"sine",0.3,4,4,"HHG",1,0,57842.7099305739,10000,10000
200,"sine",0.3,4,4,"Genest",1,0,0.0573096250763714,10000,10000
200,"sine",0.3,4,4,"MIC",1,0,0.260419493220958,10000,10000
200,"sine",0.3,4,1,"B_n",1,0,9.39607239439015,10000,10000
200,"sine",0.3,4,1,"P_n",1,0,9.3616416152081,10000,10000
200,"sine",0.3,4,1,"Hoeffding",1,0,0.00460159766369021,10000,10000
200,"sine",0.3,4,1,"dCov",1,0,0.163541788796813,10000,10000
200,"sine",0.3,4,1,"HHG",1,0,57279.3052604339,10000,10000
200,"sine",0.3,4,1,"Genest",1,0,0.0577500953264089,10000,10000
200,"sine",0.3,4,1,"MIC",1,0,0.260622709452739,10000,10000
200,"sine",0.4,4,4,"B_n",0.9731,0.00161791192590944,26.4653401263759,10000,10000
200,"sine",0.4,4,4,"P_n",0.9714,0.00166679452842874,26.292652894441,10000,10000
200,"sine",0.4,4,4,"Hoeffding",1,0,0.00484921138801945,10000,10000
200,"sine",0.4,4,4,"dCov",1,0,0.166866798913054,10000,10000
200,"sine",0.4,4,4,"HHG",1,0,57588.7982070523,10000,10000
200,"sine",0.4,4,4,"Genest",1,0,0.0591607306388951,10000,10000
200,"sine",0.4,4,4,"MIC",1,0,0.261434616444384,10000,10000
200,"sine",0.4,4,1,"B_n",0.9991,0.000299864969611326,9.29866889089246,10000,10000
200,"sine",0.4,4,1,"P_n",0.9991,0.000299864969611326,9.26687906350952,10000,10000
200,"sine",0.4,4,1,"Hoeffding",1,0,0.00474587670229129,10000,10000
200,"sine",0.4,4,1,"dCov",1,0,0.166097331828394,10000,10000
200,"sine",0.4,4,1,"HHG",1,0,57074.5940907561,10000,10000
200,"sine",0.4,4,1,"Genest",1,0,0.0584879618263744,10000,10000
200,"sine",0.4,4,1,"MIC",1,0,0.260172519185798,10000,10000
200,"sine",0.5,4,4,"B_n",0.8643,0.00342469721289343,26.4701849457509,10000,10000
200,"sine",0.5,4,4,"P_n",0.8565,0.00350582016081829,26.3637117884675,10000,10000
200,"sine",0.5,4,4,"Hoeffding",0.9972,0.000528408932551298,0.00473191150621085,10000,10000
200,"sine",0.5,4,4,"dCov",0.997,0.000546900356555013,0.166256689138227,10000,10000
200,"sine",0.5,4,4,"HHG",0.9985,0.00038700775186034,57457.2023904553,10000,10000
200,"sine",0.5,4,4,"Genest",0.9967,0.000573507628545599,0.0577673146388699,10000,10000
200,"sine",0.5,4,4,"MIC",0.9964,0.000598919026246457,0.260130474726308,10000,10000
200,"sine",0.5,4,1,"B_n",0.9849,0.00121950768755265,9.43391260832717,10000,10000
200,"sine",0.5,4,1,"P_n",0.9849,0.00121950768755265,9.39844314466545,10000,10000
200,"sine",0.5,4,1,"Hoeffding",0.9958,0.000646711682281987,0.00459765179188529,10000,10000
200,"sine",0.5,4,1,"dCov",0.9965,0.000590571756859397,0.165184013616661,10000,10000
200,"sine",0.5,4,1,"HHG",0.9978,0.00046852534616603,57608.486056056,10000,10000
200,"sine",0.5,4,1,"Genest",0.9952,0.000691155554126568,0.0575142252014026,10000,10000
200,"sine",0.5,4,1,"MIC",0.9966,0.00058210308365443,0.260672232752138,10000,10000
200,"sine",0.6,4,4,"B_n",0.7093,0.00454085355412394,26.4650570183766,10000,10000
200,"sine",0.6,4,4,"P_n",0.7011,0.00457775916797728,26.3415362339152,10000,10000
200,"sine",0.6,4,4,"Hoeffding",0.9588,0.0019875250941812,0.00464959210222874,10000,10000
200,"sine",0.6,4,4,"dCov",0.9629,0.00189006851727656,0.165591546579033,10000,10000
200,"sine",0.6,4,4,"HHG",0.9733,0.00161205179817523,57099.1851155778,10000,10000
200,"sine",0.6,4,4,"Genest",0.9525,0.00212705782714058,0.0578482038264076,10000,10000
200,"sine",0.6,4,4,"MIC",0.9563,0.00204426783959441,0.260974766091823,10000,10000
200,"sine",0.6,4,1,"B_n",0.9322,0.00251402386623516,9.36885819827086,10000,10000
200,"sine",0.6,4,1,"P_n",0.9322,0.00251402386623516,9.33517002976622,10000,10000
200,"sine",0.6,4,1,"Hoeffding",0.9588,0.0019875250941812,0.0047094259111561,10000,10000
200,"sine",0.6,4,1,"dCov",0.962,0.0019119623427254,0.166049256271807,10000,10000
200,"sine",0.6,4,1,"HHG",0.9764,0.00151799341237042,56377.5093118818,10000,10000
200,"sine",0.6,4,1,"Genest",0.9534,0.00210780549387271,0.0584613944513926,10000,10000
200,"sine",0.6,4,1,"MIC",0.9595,0.00197128765024286,0.26080007005519,10000,10000
200,"sine",0.7,4,4,"B_n",0.574,0.00494493680444958,26.3090307902481,10000,10000
200,"sine",0.7,4,4,"P_n",0.5678,0.00495381832529212,26.136308457427,10000,10000
200,"sine",0.7,4,4,"Hoeffding",0.851,0.00356088472152638,0.00478220373817831,10000,10000
200,"sine",0.7,4,4,"dCov",0.8686,0.00337837298118488,0.165765097878778,10000,10000
200,"sine",0.7,4,4,"HHG",0.889,0.00314132137801913,56899.3850521177,10000,10000
200,"sine",0.7,4,4,"Genest",0.8453,0.00361618459152737,0.058614087201397,10000,10000
200,"sine",0.7,4,4,"MIC",0.8495,0.00357560833984932,0.260893881914561,10000,10000
200,"sine",0.7,4,1,"B_n",0.8401,0.00366513287617243,9.72393522218782,10000,10000
200,"sine",0.7,4,1,"P_n",0.8401,0.00366513287617243,9.68026908289003,10000,10000
200,"sine",0.7,4,1,"Hoeffding",0.8493,0.00357756215878914,0.00492011018996927,10000,10000
200,"sine",0.7,4,1,"dCov",0.8642,0.00342576064546255,0.167009801384844,10000,10000
200,"sine",0.7,4,1,"HHG",0.8859,0.00317932681553816,57531.0356765792,10000,10000
200,"sine",0.7,4,1,"Genest",0.8463,0.00360660934951375,0.0589612855138893,10000,10000
200,"sine",0.7,4,1,"MIC",0.8422,0.00364553370578301,0.261332949173939,10000,10000
200,"sine",0.8,4,4,"B_n",0.4512,0.00497612861570117,26.2529828177564,10000,10000
200,"sine",0.8,4,4,"P_n",0.4442,0.00496876604399925,26.1326071876298,10000,10000
200,"sine",0.8,4,4,"Hoeffding",0.7304,0.00443752002812382,0.00469481378037483,10000,10000
200,"sine",0.8,4,4,"dCov",0.7376,0.00439938904849298,0.166228300548837,10000,10000
200,"sine",0.8,4,4,"HHG",0.7497,0.00433185768464293,57023.6538485736,10000,10000
200,"sine",0.8,4,4,"Genest",0.7301,0.00443907636789456,0.0576284951388853,10000,10000
200,"sine",0.8,4,4,"MIC",0.6955,0.00460195338959447,0.260939688596635,10000,10000
200,"sine",0.8,4,1,"B_n",0.735,0.00441333207452147,9.4982216569258,10000,10000
200,"sine",0.8,4,1,"P_n",0.735,0.00441333207452147,9.46097064696679,10000,10000
200,"sine",0.8,4,1,"Hoeffding",0.7246,0.00446715614233485,0.00468830473940323,10000,10000
200,"sine",0.8,4,1,"dCov",0.7444,0.00436197936721393,0.165787907555986,10000,10000
200,"sine",0.8,4,1,"HHG",0.7533,0.00431090605325609,56906.3203013521,10000,10000
200,"sine",0.8,4,1,"Genest",0.7204,0.00448802673788827,0.0577918105763903,10000,10000
200,"sine",0.8,4,1,"MIC",0.6992,0.00458605887445855,0.260634325940585,10000,10000
200,"sine",0.9,4,4,"B_n",0.3515,0.00477438739525816,26.487038550626,10000,10000
200,"sine",0.9,4,4,"P_n",0.346,0.00475693178424917,26.3408877189245,10000,10000
200,"sine",0.9,4,4,"Hoeffding",0.6073,0.00488351011056596,0.00469449056936895,10000,10000
200,"sine",0.9,4,4,"dCov",0.6266,0.00483706977415046,0.165671654621696,10000,10000
200,"sine",0.9,4,4,"HHG",0.6165,0.00486238367470112,57213.8789480554,10000,10000
200,"sine",0.9,4,4,"Genest",0.608,0.00488196681676555,0.057768853201378,10000,10000
200,"sine",0.9,4,4,"MIC",0.5643,0.00495848273164282,0.260806793751475,10000,10000
200,"sine",0.9,4,1,"B_n",0.6284,0.00483232283689739,9.45293247128926,10000,10000
200,"sine",0.9,4,1,"P_n",0.6284,0.00483232283689739,9.41693824565643,10000,10000
200,"sine",0.9,4,1,"Hoeffding",0.6097,0.00487817496611181,0.00477517964190358,10000,10000
200,"sine",0.9,4,1,"dCov",0.6278,0.00483391311465152,0.166440536916093,10000,10000
200,"sine",0.9,4,1,"HHG",0.6142,0.00486783689126906,57398.9989428893,10000,10000
200,"sine",0.9,4,1,"Genest",0.6051,0.00488829203301112,0.0586144387638885,10000,10000
200,"sine",0.9,4,1,"MIC",0.5692,0.00495188206644706,0.26060969943304,10000,10000
200,"sine",1,4,4,"B_n",0.2708,0.00444372996479309,26.5588175363845,10000,10000
200,"sine",1,4,4,"P_n",0.265,0.00441333207452147,26.4796580969235,10000,10000
200,"sine",1,4,4,"Hoeffding",0.4818,0.00499668650207315,0.00484454753464322,10000,10000
200,"sine",1,4,4,"dCov",0.4976,0.00499994239966822,0.167287998623581,10000,10000
200,"sine",1,4,4,"HHG",0.4652,0.00498787489819061,57549.7792008766,10000,10000
200,"sine",1,4,4,"Genest",0.49,0.00499899989997999,0.0583858853263749,10000,10000
200,"sine",1,4,4,"MIC",0.4156,0.00492825161695301,0.261776837698444,10000,10000
200,"sine",1,4,1,"B_n",0.5357,0.00498723881521629,9.4629178818787,10000,10000
200,"sine",1,4,1,"P_n",0.5357,0.00498723881521629,9.42664743770086,10000,10000
200,"sine",1,4,1,"Hoeffding",0.5041,0.00499983189717414,0.00471577187757345,10000,10000
200,"sine",1,4,1,"dCov",0.5203,0.00499587740041727,0.165977628126453,10000,10000
200,"sine",1,4,1,"HHG",0.5085,0.00499927744779183,56790.6619619582,10000,10000
200,"sine",1,4,1,"Genest",0.5028,0.00499992159938533,0.0583055032639096,10000,10000
200,"sine",1,4,1,"MIC",0.4318,0.00495326922345232,0.261564261619705,10000,10000
200,"sine",1.1,4,4,"B_n",0.2377,0.00425674417835979,26.327849671014,10000,10000
200,"sine",1.1,4,4,"P_n",0.2351,0.00424061304530371,26.2054654475257,10000,10000
200,"sine",1.1,4,4,"Hoeffding",0.4323,0.00495395508659495,0.00460120636363526,10000,10000
200,"sine",1.1,4,4,"dCov",0.439,0.00496265050149615,0.165485020000309,10000,10000
200,"sine",1.1,4,4,"HHG",0.4072,0.00491312690656368,56972.9864332956,10000,10000
200,"sine",1.1,4,4,"Genest",0.4338,0.00495598184016043,0.0570634767013985,10000,10000
200,"sine",1.1,4,4,"MIC",0.3439,0.00475008199929222,0.26068404844762,10000,10000
200,"sine",1.1,4,1,"B_n",0.4596,0.00498365167322115,9.46159138813419,10000,10000
200,"sine",1.1,4,1,"P_n",0.4596,0.00498365167322115,9.42535766622319,10000,10000
200,"sine",1.1,4,1,"Hoeffding",0.4166,0.00492995375231858,0.00482672275626805,10000,10000
200,"sine",1.1,4,1,"dCov",0.4184,0.0049329650312971,0.167440766556028,10000,10000
200,"sine",1.1,4,1,"HHG",0.3925,0.00488307024319741,57385.9063421862,10000,10000
200,"sine",1.1,4,1,"Genest",0.412,0.00492195083274915,0.0590952304513899,10000,10000
200,"sine",1.1,4,1,"MIC",0.348,0.00476336015854355,0.261005143448765,10000,10000
200,"sine",1.2,4,4,"B_n",0.2122,0.00408865699221639,26.0429164602111,10000,10000
200,"sine",1.2,4,4,"P_n",0.212,0.00408724846320847,25.8821077103411,10000,10000
200,"sine",1.2,4,4,"Hoeffding",0.3698,0.00482750411703605,0.00459076866537938,10000,10000
200,"sine",1.2,4,4,"dCov",0.3843,0.00486429347387676,0.164859403073413,10000,10000
200,"sine",1.2,4,4,"HHG",0.3405,0.00473877357551508,56976.5163143546,10000,10000
200,"sine",1.2,4,4,"Genest",0.371,0.00483072458333116,0.057168728388892,10000,10000
200,"sine",1.2,4,4,"MIC",0.2774,0.00447715579358146,0.261037493650817,10000,10000
200,"sine",1.2,4,1,"B_n",0.3956,0.00488979181560933,9.44324191706928,10000,10000
200,"sine",1.2,4,1,"P_n",0.3956,0.00488979181560933,9.40751528028717,10000,10000
200,"sine",1.2,4,1,"Hoeffding",0.345,0.00475368278285373,0.00490032114210839,10000,10000
200,"sine",1.2,4,1,"dCov",0.3649,0.00481402108429118,0.166836299678088,10000,10000
200,"sine",1.2,4,1,"HHG",0.326,0.00468747266658697,57295.5539317802,10000,10000
200,"sine",1.2,4,1,"Genest",0.3522,0.00477655901251099,0.0588328455138833,10000,10000
200,"sine",1.2,4,1,"MIC",0.2868,0.00452267354559225,0.260548253752157,10000,10000
200,"sine",1.3,4,4,"B_n",0.1652,0.00371360956483042,26.5929034809454,10000,10000
200,"sine",1.3,4,4,"P_n",0.1635,0.00369821240601456,26.4454380121531,10000,10000
200,"sine",1.3,4,4,"Hoeffding",0.3012,0.00458779424124491,0.00474404107831852,10000,10000
200,"sine",1.3,4,4,"dCov",0.3062,0.00460913831426222,0.166570776669969,10000,10000
200,"sine",1.3,4,4,"HHG",0.2691,0.00443492040514821,57267.2435515502,10000,10000
200,"sine",1.3,4,4,"Genest",0.2928,0.00455047426099742,0.0590386351388987,10000,10000
200,"sine",1.3,4,4,"MIC",0.2329,0.00422679062646827,0.260461129310033,10000,10000
200,"sine",1.3,4,1,"B_n",0.3428,0.0047464529914453,9.4947575833054,10000,10000
200,"sine",1.3,4,1,"P_n",0.3428,0.0047464529914453,9.45760306893711,10000,10000
200,"sine",1.3,4,1,"Hoeffding",0.3087,0.00461957043457506,0.00465250490560597,10000,10000
200,"sine",1.3,4,1,"dCov",0.318,0.00465699473909945,0.165272751765895,10000,10000
200,"sine",1.3,4,1,"HHG",0.2824,0.00450166902381772,57117.7427213533,10000,10000
200,"sine",1.3,4,1,"Genest",0.3119,0.00463269241370502,0.057549728888886,10000,10000
200,"sine",1.3,4,1,"MIC",0.2313,0.00421663740437804,0.261902009660793,10000,10000
200,"sine",1.4,4,4,"B_n",0.1618,0.00368267239922315,26.2693621062,10000,10000
200,"sine",1.4,4,4,"P_n",0.1602,0.00366791439376657,26.1174445195875,10000,10000
200,"sine",1.4,4,4,"Hoeffding",0.2582,0.00437644558974518,0.00481443332377208,10000,10000
200,"sine",1.4,4,4,"dCov",0.2761,0.00447066874192218,0.166003790443128,10000,10000
200,"sine",1.4,4,4,"HHG",0.2338,0.00423246453027075,57406.5701189034,10000,10000
200,"sine",1.4,4,4,"Genest",0.2678,0.00442812782110002,0.0579277371389025,10000,10000
200,"sine",1.4,4,4,"MIC",0.1929,0.00394575201957751,0.261593967247675,10000,10000
200,"sine",1.4,4,1,"B_n",0.2944,0.00455772574866018,9.47626556626095,10000,10000
200,"sine",1.4,4,1,"P_n",0.2944,0.00455772574866018,9.4396250783798,10000,10000
200,"sine",1.4,4,1,"Hoeffding",0.2596,0.00438415145723776,0.00485081574979486,10000,10000
200,"sine",1.4,4,1,"dCov",0.2667,0.00442234225269822,0.167539193519008,10000,10000
200,"sine",1.4,4,1,"HHG",0.2422,0.00428414705629954,57026.0758733676,10000,10000
200,"sine",1.4,4,1,"Genest",0.2535,0.00435014654925555,0.0594730378888887,10000,10000
200,"sine",1.4,4,1,"MIC",0.1921,0.00393951253329647,0.261155843938229,10000,10000
200,"sine",1.5,4,4,"B_n",0.1333,0.00339898676078622,26.355134181848,10000,10000
200,"sine",1.5,4,4,"P_n",0.133,0.00339574734042449,26.1985191588552,10000,10000
200,"sine",1.5,4,4,"Hoeffding",0.217,0.00412202620079009,0.00494567389118097,10000,10000
200,"sine",1.5,4,4,"dCov",0.2288,0.0042006018616384,0.167502890930146,10000,10000
200,"sine",1.5,4,4,"HHG",0.1949,0.00396123705425464,57049.1209821737,10000,10000
200,"sine",1.5,4,4,"Genest",0.2214,0.00415189161708251,0.0592245548263884,10000,10000
200,"sine",1.5,4,4,"MIC",0.1728,0.00378074278416292,0.260281774932441,10000,10000
200,"sine",1.5,4,1,"B_n",0.2646,0.0044111998367791,9.3299817015696,10000,10000
200,"sine",1.5,4,1,"P_n",0.2646,0.0044111998367791,9.29734801355603,10000,10000
200,"sine",1.5,4,1,"Hoeffding",0.2293,0.00420382575756893,0.00472607144556904,10000,10000
200,"sine",1.5,4,1,"dCov",0.2374,0.00425489412324208,0.1666013742682,10000,10000
200,"sine",1.5,4,1,"HHG",0.198,0.00398492158015688,57396.0249827716,10000,10000
200,"sine",1.5,4,1,"Genest",0.2359,0.00424559995760317,0.0577632940763873,10000,10000
200,"sine",1.5,4,1,"MIC",0.1728,0.00378074278416292,0.26053806160406,10000,10000
200,"sine",1.6,4,4,"B_n",0.1228,0.00328207495344028,26.4377793279,10000,10000
200,"sine",1.6,4,4,"P_n",0.1214,0.00326591549186442,26.3034891814031,10000,10000
200,"sine",1.6,4,4,"Hoeffding",0.2126,0.00409146966260291,0.00462016448058423,10000,10000
200,"sine",1.6,4,4,"dCov",0.2148,0.00410683527792387,0.165328864797767,10000,10000
200,"sine",1.6,4,4,"HHG",0.188,0.0039071217027372,56691.7003478048,10000,10000
200,"sine",1.6,4,4,"Genest",0.2144,0.00410405458053374,0.0576787684513843,10000,10000
200,"sine",1.6,4,4,"MIC",0.1508,0.00357853824906204,0.260976873033347,10000,10000
200,"sine",1.6,4,1,"B_n",0.2318,0.0042198194274163,9.4897474564994,10000,10000
200,"sine",1.6,4,1,"P_n",0.2318,0.0042198194274163,9.45273239251225,10000,10000
200,"sine",1.6,4,1,"Hoeffding",0.2098,0.00407165764769093,0.00472318975847313,10000,10000
200,"sine",1.6,4,1,"dCov",0.2196,0.00413975651457909,0.165535018126509,10000,10000
200,"sine",1.6,4,1,"HHG",0.1782,0.00382681015991125,57441.4487931105,10000,10000
200,"sine",1.6,4,1,"Genest",0.2096,0.00407023144305087,0.0582605670763995,10000,10000
200,"sine",1.6,4,1,"MIC",0.147,0.00354105916358369,0.261718467961776,10000,10000
200,"sine",1.7,4,4,"B_n",0.1078,0.00310127651137399,26.3663459045832,10000,10000
200,"sine",1.7,4,4,"P_n",0.1077,0.00310001145159175,26.2235356660582,10000,10000
200,"sine",1.7,4,4,"Hoeffding",0.1769,0.00381584053650044,0.00493467941262115,10000,10000
200,"sine",1.7,4,4,"dCov",0.1794,0.00383686903607616,0.167711120333932,10000,10000
200,"sine",1.7,4,4,"HHG",0.1506,0.00357658552253403,57771.831569395,10000,10000
200,"sine",1.7,4,4,"Genest",0.1753,0.00380223500062792,0.0596512132638896,10000,10000
200,"sine",1.7,4,4,"MIC",0.1348,0.0034150982416323,0.260985442791526,10000,10000
200,"sine",1.7,4,1,"B_n",0.2097,0.00407094473064914,9.48450963221771,10000,10000
200,"sine",1.7,4,1,"P_n",0.2097,0.00407094473064914,9.44764022146596,10000,10000
200,"sine",1.7,4,1,"Hoeffding",0.1874,0.00390232289796731,0.00473712671721843,10000,10000
200,"sine",1.7,4,1,"dCov",0.1928,0.0039449735106842,0.166673594844457,10000,10000
200,"sine",1.7,4,1,"HHG",0.1512,0.00358243715925346,57684.601192351,10000,10000
200,"sine",1.7,4,1,"Genest",0.1867,0.00389670514665916,0.05844234663888,10000,10000
200,"sine",1.7,4,1,"MIC",0.1366,0.00343424576872419,0.260698977318497,10000,10000
200,"sine",1.8,4,4,"B_n",0.1065,0.00308476498294441,26.3813924130511,10000,10000
200,"sine",1.8,4,4,"P_n",0.106,0.00307837619533416,26.2727288034693,10000,10000
200,"sine",1.8,4,4,"Hoeffding",0.1875,0.003903123748999,0.0044669160259986,10000,10000
200,"sine",1.8,4,4,"dCov",0.1891,0.00391588036078734,0.164283634816223,10000,10000
200,"sine",1.8,4,4,"HHG",0.1544,0.00361331758914159,56612.4510765993,10000,10000
200,"sine",1.8,4,4,"Genest",0.1845,0.00387891415218228,0.0567377522014025,10000,10000
200,"sine",1.8,4,4,"MIC",0.1219,0.00327170276767313,0.261379177513651,10000,10000
200,"sine",1.8,4,1,"B_n",0.197,0.0039773232204587,9.3802040493724,10000,10000
200,"sine",1.8,4,1,"P_n",0.197,0.0039773232204587,9.34620672459775,10000,10000
200,"sine",1.8,4,1,"Hoeffding",0.1687,0.00374486728736814,0.00474090042409796,10000,10000
200,"sine",1.8,4,1,"dCov",0.1741,0.00379195450922081,0.166322963302236,10000,10000
200,"sine",1.8,4,1,"HHG",0.1435,0.00350582016081829,57614.1306362732,10000,10000
200,"sine",1.8,4,1,"Genest",0.1717,0.00377119490347556,0.0581687854513934,10000,10000
200,"sine",1.8,4,1,"MIC",0.1155,0.00319624388931758,0.262050815913533,10000,10000
200,"sine",1.9,4,4,"B_n",0.0967,0.002955488284531,26.3789596763862,10000,10000
200,"sine",1.9,4,4,"P_n",0.0964,0.00295139018091475,26.2530760039962,10000,10000
200,"sine",1.9,4,4,"Hoeffding",0.1594,0.00366048685286534,0.00470684296402353,10000,10000
200,"sine",1.9,4,4,"dCov",0.1632,0.00369548048296835,0.165865919755644,10000,10000
200,"sine",1.9,4,4,"HHG",0.1295,0.00335752513021124,57421.2107004966,10000,10000
200,"sine",1.9,4,4,"Genest",0.1599,0.00366513287617243,0.0583228062638843,10000,10000
200,"sine",1.9,4,4,"MIC",0.1173,0.00321777423073776,0.260133653971316,10000,10000
200,"sine",1.9,4,1,"B_n",0.1631,0.00369456885170652,9.57540180578641,10000,10000
200,"sine",1.9,4,1,"P_n",0.1631,0.00369456885170652,9.53598564170623,10000,10000
200,"sine",1.9,4,1,"Hoeffding",0.1556,0.00362475709530997,0.00470439018075223,10000,10000
200,"sine",1.9,4,1,"dCov",0.1606,0.00367161599299273,0.165765337883921,10000,10000
200,"sine",1.9,4,1,"HHG",0.1436,0.00350683675126174,56687.1815407379,10000,10000
200,"sine",1.9,4,1,"Genest",0.1565,0.00363328707921628,0.0579852283263807,10000,10000
200,"sine",1.9,4,1,"MIC",0.1173,0.00321777423073776,0.260381143967958,10000,10000
200,"sine",2,4,4,"B_n",0.0984,0.00297854729692177,26.3676616379439,10000,10000
200,"sine",2,4,4,"P_n",0.0986,0.00298124202305012,26.2104432634352,10000,10000
200,"sine",2,4,4,"Hoeffding",0.1435,0.00350582016081829,0.00473071739426628,10000,10000
200,"sine",2,4,4,"dCov",0.1483,0.00355397115914015,0.166089305285881,10000,10000
200,"sine",2,4,4,"HHG",0.1299,0.00336193381850387,57074.7268869043,10000,10000
200,"sine",2,4,4,"Genest",0.1449,0.00351999985795454,0.0582434842014051,10000,10000
200,"sine",2,4,4,"MIC",0.0996,0.00299465924605789,0.261725708577103,10000,10000
200,"sine",2,4,1,"B_n",0.1611,0.00367623163035193,9.31075142448318,10000,10000
200,"sine",2,4,1,"P_n",0.1611,0.00367623163035193,9.27863655826498,10000,10000
200,"sine",2,4,1,"Hoeffding",0.1404,0.00347401554400668,0.00472604186735485,10000,10000
200,"sine",2,4,1,"dCov",0.1465,0.00353606773125176,0.165924467962722,10000,10000
200,"sine",2,4,1,"HHG",0.1282,0.00334312368900703,56785.714083597,10000,10000
200,"sine",2,4,1,"Genest",0.1431,0.00350174799207482,0.0580105915138884,10000,10000
200,"sine",2,4,1,"MIC",0.1001,0.003001332870576,0.261382754382203,10000,10000
200,"fourth root",0.1,4,4,"B_n",1,0,26.4743099503408,10000,10000
200,"fourth root",0.1,4,4,"P_n",1,0,26.3243319954649,10000,10000
200,"fourth root",0.1,4,4,"Hoeffding",1,0,0.00474071703916996,10000,10000
200,"fourth root",0.1,4,4,"dCov",1,0,0.164942138246123,10000,10000
200,"fourth root",0.1,4,4,"HHG",1,0,57381.9761629785,10000,10000
200,"fourth root",0.1,4,4,"Genest",1,0,0.058112844888894,10000,10000
200,"fourth root",0.1,4,4,"MIC",1,0,0.260565340671433,10000,10000
200,"fourth root",0.1,4,1,"B_n",1,0,9.66537412221441,10000,10000
200,"fourth root",0.1,4,1,"P_n",1,0,9.62339664365654,10000,10000
200,"fourth root",0.1,4,1,"Hoeffding",1,0,0.00476886615236541,10000,10000
200,"fourth root",0.1,4,1,"dCov",1,0,0.166544203542486,10000,10000
200,"fourth root",0.1,4,1,"HHG",1,0,57446.78113578,10000,10000
200,"fourth root",0.1,4,1,"Genest",1,0,0.0582663973888907,10000,10000
200,"fourth root",0.1,4,1,"MIC",1,0,0.261892731228236,10000,10000
200,"fourth root",0.2,4,4,"B_n",1,0,26.4028624009521,10000,10000
200,"fourth root",0.2,4,4,"P_n",1,0,26.2055071539907,10000,10000
200,"fourth root",0.2,4,4,"Hoeffding",1,0,0.00474045785513839,10000,10000
200,"fourth root",0.2,4,4,"dCov",1,0,0.165754385423434,10000,10000
200,"fourth root",0.2,4,4,"HHG",1,0,57357.5863047835,10000,10000
200,"fourth root",0.2,4,4,"Genest",1,0,0.0576469571388928,10000,10000
200,"fourth root",0.2,4,4,"MIC",1,0,0.261226699522392,10000,10000
200,"fourth root",0.2,4,1,"B_n",1,0,9.48600305728838,10000,10000
200,"fourth root",0.2,4,1,"P_n",1,0,9.44909211941602,10000,10000
200,"fourth root",0.2,4,1,"Hoeffding",1,0,0.00473392203602355,10000,10000
200,"fourth root",0.2,4,1,"dCov",1,0,0.164594189126595,10000,10000
200,"fourth root",0.2,4,1,"HHG",1,0,57298.2703826262,10000,10000
200,"fourth root",0.2,4,1,"Genest",1,0,0.0574408820763824,10000,10000
200,"fourth root",0.2,4,1,"MIC",1,0,0.261020842717911,10000,10000
200,"fourth root",0.3,4,4,"B_n",1,0,26.3026540069635,10000,10000
200,"fourth root",0.3,4,4,"P_n",1,0,26.2090205767384,10000,10000
200,"fourth root",0.3,4,4,"Hoeffding",1,0,0.00494548186941444,10000,10000
200,"fourth root",0.3,4,4,"dCov",1,0,0.166840131549555,10000,10000
200,"fourth root",0.3,4,4,"HHG",1,0,57282.1817741872,10000,10000
200,"fourth root",0.3,4,4,"Genest",1,0,0.0590226816388812,10000,10000
200,"fourth root",0.3,4,4,"MIC",1,0,0.261113090554119,10000,10000
200,"fourth root",0.3,4,1,"B_n",1,0,9.37391254304811,10000,10000
200,"fourth root",0.3,4,1,"P_n",1,0,9.34008673503676,10000,10000
200,"fourth root",0.3,4,1,"Hoeffding",1,0,0.00483826354444401,10000,10000
200,"fourth root",0.3,4,1,"dCov",1,0,0.166753612340417,10000,10000
200,"fourth root",0.3,4,1,"HHG",1,0,57228.21654851,10000,10000
200,"fourth root",0.3,4,1,"Genest",1,0,0.0590363210763795,10000,10000
200,"fourth root",0.3,4,1,"MIC",1,0,0.261286536132215,10000,10000
200,"fourth root",0.4,4,4,"B_n",1,0,26.3341188139695,10000,10000
200,"fourth root",0.4,4,4,"P_n",1,0,26.2014250520069,10000,10000
200,"fourth root",0.4,4,4,"Hoeffding",1,0,0.00485694372477362,10000,10000
200,"fourth root",0.4,4,4,"dCov",1,0,0.167018245392762,10000,10000
200,"fourth root",0.4,4,4,"HHG",1,0,56673.7052394912,10000,10000
200,"fourth root",0.4,4,4,"Genest",1,0,0.0586634182638959,10000,10000
200,"fourth root",0.4,4,4,"MIC",0.9998,0.0001414072133945,0.261760318917993,10000,10000
200,"fourth root",0.4,4,1,"B_n",1,0,9.43865432859978,10000,10000
200,"fourth root",0.4,4,1,"P_n",1,0,9.40305420788022,10000,10000
200,"fourth root",0.4,4,1,"Hoeffding",1,0,0.00467191621995281,10000,10000
200,"fourth root",0.4,4,1,"dCov",1,0,0.165989750633865,10000,10000
200,"fourth root",0.4,4,1,"HHG",1,0,56735.5229586721,10000,10000
200,"fourth root",0.4,4,1,"Genest",1,0,0.0575399578263953,10000,10000
200,"fourth root",0.4,4,1,"MIC",1,0,0.261002487793111,10000,10000
200,"fourth root",0.5,4,4,"B_n",1,0,26.4745969114091,10000,10000
200,"fourth root",0.5,4,4,"P_n",1,0,26.3274580662259,10000,10000
200,"fourth root",0.5,4,4,"Hoeffding",1,0,0.00479547593641905,10000,10000
200,"fourth root",0.5,4,4,"dCov",1,0,0.166897230415899,10000,10000
200,"fourth root",0.5,4,4,"HHG",1,0,57400.9628103049,10000,10000
200,"fourth root",0.5,4,4,"Genest",1,0,0.0582082316388882,10000,10000
200,"fourth root",0.5,4,4,"MIC",0.9963,0.000607149899118829,0.26078046716006,10000,10000
200,"fourth root",0.5,4,1,"B_n",1,0,9.43229003616256,10000,10000
200,"fourth root",0.5,4,1,"P_n",1,0,9.39686525694474,10000,10000
200,"fourth root",0.5,4,1,"Hoeffding",1,0,0.00467519470865151,10000,10000
200,"fourth root",0.5,4,1,"dCov",1,0,0.166794849586598,10000,10000
200,"fourth root",0.5,4,1,"HHG",1,0,57157.3346609037,10000,10000
200,"fourth root",0.5,4,1,"Genest",1,0,0.0583003440763777,10000,10000
200,"fourth root",0.5,4,1,"MIC",0.9952,0.000691155554126568,0.261419696800801,10000,10000
200,"fourth root",0.6,4,4,"B_n",0.9994,0.000244875478560032,26.3664284817306,10000,10000
200,"fourth root",0.6,4,4,"P_n",0.9993,0.000264482513599677,26.2201005659168,10000,10000
200,"fourth root",0.6,4,4,"Hoeffding",1,0,0.00453166760741162,10000,10000
200,"fourth root",0.6,4,4,"dCov",1,0,0.165509085046552,10000,10000
200,"fourth root",0.6,4,4,"HHG",1,0,57052.4533596226,10000,10000
200,"fourth root",0.6,4,4,"Genest",1,0,0.0572916678888983,10000,10000
200,"fourth root",0.6,4,4,"MIC",0.9643,0.00185541127516246,0.260804575164686,10000,10000
200,"fourth root",0.6,4,1,"B_n",1,0,9.46709985959926,10000,10000
200,"fourth root",0.6,4,1,"P_n",1,0,9.43071357828935,10000,10000
200,"fourth root",0.6,4,1,"Hoeffding",1,0,0.00456846635665859,10000,10000
200,"fourth root",0.6,4,1,"dCov",1,0,0.165697646652009,10000,10000
200,"fourth root",0.6,4,1,"HHG",1,0,57083.4041370937,10000,10000
200,"fourth root",0.6,4,1,"Genest",1,0,0.0573462868263902,10000,10000
200,"fourth root",0.6,4,1,"MIC",0.9614,0.00192639663620969,0.261340669547075,10000,10000
200,"fourth root",0.7,4,4,"B_n",0.993,0.000833726573883789,26.2494701452669,10000,10000
200,"fourth root",0.7,4,4,"P_n",0.9925,0.000862771696336867,26.0522322169852,10000,10000
200,"fourth root",0.7,4,4,"Hoeffding",0.9998,0.0001414072133945,0.00483562497054995,10000,10000
200,"fourth root",0.7,4,4,"dCov",0.9999,9.99949998749882e-05,0.166916139741965,10000,10000
200,"fourth root",0.7,4,4,"HHG",0.9983,0.000411959949509662,57228.0053857016,10000,10000
200,"fourth root",0.7,4,4,"Genest",0.9999,9.99949998749882e-05,0.0586290410138975,10000,10000
200,"fourth root",0.7,4,4,"MIC",0.8704,0.00335862829143089,0.261443003924211,10000,10000
200,"fourth root",0.7,4,1,"B_n",0.9998,0.0001414072133945,9.37707624342811,10000,10000
200,"fourth root",0.7,4,1,"P_n",0.9998,0.0001414072133945,9.34316421372102,10000,10000
200,"fourth root",0.7,4,1,"Hoeffding",1,0,0.00478236401266162,10000,10000
200,"fourth root",0.7,4,1,"dCov",1,0,0.167276124574061,10000,10000
200,"fourth root",0.7,4,1,"HHG",0.999,0.000316069612585582,57037.3106438021,10000,10000
200,"fourth root",0.7,4,1,"Genest",1,0,0.0590869384513827,10000,10000
200,"fourth root",0.7,4,1,"MIC",0.8679,0.00338599453632164,0.261693037479992,10000,10000
200,"fourth root",0.8,4,4,"B_n",0.9645,0.00185039860570635,26.2596927339548,10000,10000
200,"fourth root",0.8,4,4,"P_n",0.9629,0.00189006851727656,26.1394727752026,10000,10000
200,"fourth root",0.8,4,4,"Hoeffding",0.9984,0.000399679871897503,0.00474135951741984,10000,10000
200,"fourth root",0.8,4,4,"dCov",0.999,0.000316069612585582,0.166035622550265,10000,10000
200,"fourth root",0.8,4,4,"HHG",0.9879,0.00109332474590123,57230.7992538347,10000,10000
200,"fourth root",0.8,4,4,"Genest",0.9985,0.00038700775186034,0.0581573402638854,10000,10000
200,"fourth root",0.8,4,4,"MIC",0.7416,0.00437754999971445,0.261413109194868,10000,10000
200,"fourth root",0.8,4,1,"B_n",0.9948,0.000719232924719105,9.45387764677796,10000,10000
200,"fourth root",0.8,4,1,"P_n",0.9948,0.000719232924719105,9.41785728112051,10000,10000
200,"fourth root",0.8,4,1,"Hoeffding",0.998,0.000446766158073774,0.0047088181971673,10000,10000
200,"fourth root",0.8,4,1,"dCov",0.999,0.000316069612585582,0.165054838846629,10000,10000
200,"fourth root",0.8,4,1,"HHG",0.99,0.00099498743710662,57107.1746839709,10000,10000
200,"fourth root",0.8,4,1,"Genest",0.9986,0.000373903730925483,0.0579084525763796,10000,10000
200,"fourth root",0.8,4,1,"MIC",0.7455,0.00435579786032364,0.260993357446006,10000,10000
200,"fourth root",0.9,4,4,"B_n",0.9031,0.00295821550939075,26.4099058840309,10000,10000
200,"fourth root",0.9,4,4,"P_n",0.9003,0.00299599582776746,26.2295613813695,10000,10000
200,"fourth root",0.9,4,4,"Hoeffding",0.9905,0.000970038659023441,0.00486232928657615,10000,10000
200,"fourth root",0.9,4,4,"dCov",0.9928,0.000845467917782809,0.16759558575729,10000,10000
200,"fourth root",0.9,4,4,"HHG",0.9634,0.00187777634450964,57011.5806308218,10000,10000
200,"fourth root",0.9,4,4,"Genest",0.9907,0.000959870303738999,0.0591592095138933,10000,10000
200,"fourth root",0.9,4,4,"MIC",0.626,0.00483863617148469,0.260979067486904,10000,10000
200,"fourth root",0.9,4,1,"B_n",0.9816,0.00134392856953039,9.59058709348409,10000,10000
200,"fourth root",0.9,4,1,"P_n",0.9816,0.00134392856953039,9.55074144666133,10000,10000
200,"fourth root",0.9,4,1,"Hoeffding",0.9926,0.000857043756175842,0.00471770479415211,10000,10000
200,"fourth root",0.9,4,1,"dCov",0.9938,0.000784956049725078,0.167206785134914,10000,10000
200,"fourth root",0.9,4,1,"HHG",0.9678,0.00176530903810069,57187.3804231717,10000,10000
200,"fourth root",0.9,4,1,"Genest",0.9926,0.000857043756175842,0.0591623525763936,10000,10000
200,"fourth root",0.9,4,1,"MIC",0.6284,0.00483232283689739,0.260245652589977,10000,10000
200,"fourth root",1,4,4,"B_n",0.807,0.00394653012151181,26.5535001826399,10000,10000
200,"fourth root",1,4,4,"P_n",0.8006,0.00399549296082473,26.4267356836165,10000,10000
200,"fourth root",1,4,4,"Hoeffding",0.9752,0.00155515143957108,0.00479066756388827,10000,10000
200,"fourth root",1,4,4,"dCov",0.9834,0.00127767131923668,0.166379767312238,10000,10000
200,"fourth root",1,4,4,"HHG",0.9155,0.00278136207639351,57471.0379361706,10000,10000
200,"fourth root",1,4,4,"Genest",0.9758,0.00153669645668883,0.058753803576398,10000,10000
200,"fourth root",1,4,4,"MIC",0.4931,0.00499952387733072,0.262373486355643,10000,10000
200,"fourth root",1,4,1,"B_n",0.9515,0.00214820273717357,9.33531232453861,10000,10000
200,"fourth root",1,4,1,"P_n",0.9515,0.00214820273717357,9.30253449509486,10000,10000
200,"fourth root",1,4,1,"Hoeffding",0.974,0.00159135162676261,0.00465427478706801,10000,10000
200,"fourth root",1,4,1,"dCov",0.9797,0.00141024501417307,0.165959464323222,10000,10000
200,"fourth root",1,4,1,"HHG",0.9176,0.00274973162326799,56973.0293971284,10000,10000
200,"fourth root",1,4,1,"Genest",0.975,0.0015612494995996,0.0579516014513848,10000,10000
200,"fourth root",1,4,1,"MIC",0.5052,0.00499972959268799,0.261282075555814,10000,10000
200,"fourth root",1.1,4,4,"B_n",0.7136,0.00452078577240727,26.3924955791615,10000,10000
200,"fourth root",1.1,4,4,"P_n",0.71,0.00453762052181537,26.1970482301482,10000,10000
200,"fourth root",1.1,4,4,"Hoeffding",0.9512,0.00215449669296567,0.00462953215736348,10000,10000
200,"fourth root",1.1,4,4,"dCov",0.9609,0.00193832891945614,0.165395679856224,10000,10000
200,"fourth root",1.1,4,4,"HHG",0.8571,0.00349970841642557,57186.2532581835,10000,10000
200,"fourth root",1.1,4,4,"Genest",0.9542,0.00209051094232965,0.0573535882639031,10000,10000
200,"fourth root",1.1,4,4,"MIC",0.4125,0.0049228421668788,0.261037986089376,10000,10000
200,"fourth root",1.1,4,1,"B_n",0.9064,0.00291271419813204,9.42293701149274,10000,10000
200,"fourth root",1.1,4,1,"P_n",0.9064,0.00291271419813204,9.38776955167581,10000,10000
200,"fourth root",1.1,4,1,"Hoeffding",0.9433,0.00231268480342653,0.0048970553917606,10000,10000
200,"fourth root",1.1,4,1,"dCov",0.9577,0.00201272725424982,0.166640378340204,10000,10000
200,"fourth root",1.1,4,1,"HHG",0.859,0.00348021551056828,57206.0759790692,10000,10000
200,"fourth root",1.1,4,1,"Genest",0.9482,0.00221623013245466,0.0586170635763869,10000,10000
200,"fourth root",1.1,4,1,"MIC",0.4194,0.00493460879908428,0.261496409491595,10000,10000
200,"fourth root",1.2,4,4,"B_n",0.633,0.00481986514334167,26.2420397798134,10000,10000
200,"fourth root",1.2,4,4,"P_n",0.6292,0.00483019005837244,26.0820569307242,10000,10000
200,"fourth root",1.2,4,4,"Hoeffding",0.905,0.00293214938227915,0.00490102293453713,10000,10000
200,"fourth root",1.2,4,4,"dCov",0.925,0.00263391343821318,0.167285548680451,10000,10000
200,"fourth root",1.2,4,4,"HHG",0.7887,0.00408230706831321,57436.0030344931,10000,10000
200,"fourth root",1.2,4,4,"Genest",0.9137,0.00280806534824245,0.0582343185139051,10000,10000
200,"fourth root",1.2,4,4,"MIC",0.3475,0.00476176175380499,0.261357088819402,10000,10000
200,"fourth root",1.2,4,1,"B_n",0.8493,0.00357756215878914,9.35240728754715,10000,10000
200,"fourth root",1.2,4,1,"P_n",0.8493,0.00357756215878914,9.31916624924774,10000,10000
200,"fourth root",1.2,4,1,"Hoeffding",0.9044,0.0029404190177592,0.00491273399463279,10000,10000
200,"fourth root",1.2,4,1,"dCov",0.9209,0.00269894775792345,0.167881963058627,10000,10000
200,"fourth root",1.2,4,1,"HHG",0.7937,0.00404648378224848,56782.7393728946,10000,10000
200,"fourth root",1.2,4,1,"Genest",0.9076,0.00289589778825151,0.0592603877638896,10000,10000
200,"fourth root",1.2,4,1,"MIC",0.3566,0.00478995240059857,0.260520548038445,10000,10000
200,"fourth root",1.3,4,4,"B_n",0.5284,0.00499192788409448,26.510760544413,10000,10000
200,"fourth root",1.3,4,4,"P_n",0.5261,0.0049931832531963,26.324467629881,10000,10000
200,"fourth root",1.3,4,4,"Hoeffding",0.857,0.00350072849561345,0.00484966113462565,10000,10000
200,"fourth root",1.3,4,4,"dCov",0.8805,0.00324375939304998,0.166553098268797,10000,10000
200,"fourth root",1.3,4,4,"HHG",0.7107,0.00453437437801512,57424.6574938169,10000,10000
200,"fourth root",1.3,4,4,"Genest",0.8628,0.00344058367141391,0.0590431003889,10000,10000
200,"fourth root",1.3,4,4,"MIC",0.2767,0.00447366862876543,0.261907459875045,10000,10000
200,"fourth root",1.3,4,1,"B_n",0.7782,0.00415457290223676,9.36979295956223,10000,10000
200,"fourth root",1.3,4,1,"P_n",0.7782,0.00415457290223676,9.33607934138167,10000,10000
200,"fourth root",1.3,4,1,"Hoeffding",0.8609,0.0034605084886473,0.00468824349278104,10000,10000
200,"fourth root",1.3,4,1,"dCov",0.8791,0.00326011027420853,0.165908165142826,10000,10000
200,"fourth root",1.3,4,1,"HHG",0.7096,0.00453946957253818,57271.2863018021,10000,10000
200,"fourth root",1.3,4,1,"Genest",0.8666,0.0034000652934907,0.0576718342638854,10000,10000
200,"fourth root",1.3,4,1,"MIC",0.2924,0.00454865078897029,0.26039411113539,10000,10000
200,"fourth root",1.4,4,4,"B_n",0.4637,0.00498680569102106,26.3424695888119,10000,10000
200,"fourth root",1.4,4,4,"P_n",0.457,0.00498147568497529,26.2151782013753,10000,10000
200,"fourth root",1.4,4,4,"Hoeffding",0.8103,0.00392063655545882,0.00465340617351123,10000,10000
200,"fourth root",1.4,4,4,"dCov",0.8318,0.00374043794227361,0.16544877470864,10000,10000
200,"fourth root",1.4,4,4,"HHG",0.6541,0.00475660793002745,56718.8142280541,10000,10000
200,"fourth root",1.4,4,4,"Genest",0.8171,0.00386584518572588,0.0575375123888905,10000,10000
200,"fourth root",1.4,4,4,"MIC",0.2559,0.00436365890050998,0.260211150064802,10000,10000
200,"fourth root",1.4,4,1,"B_n",0.7074,0.00454956305594284,9.52943268487959,10000,10000
200,"fourth root",1.4,4,1,"P_n",0.7074,0.00454956305594284,9.49130967439119,10000,10000
200,"fourth root",1.4,4,1,"Hoeffding",0.8004,0.00399699687265327,0.00478601518685914,10000,10000
200,"fourth root",1.4,4,1,"dCov",0.8198,0.00384353951456207,0.167064729915114,10000,10000
200,"fourth root",1.4,4,1,"HHG",0.6368,0.00480921781581995,57370.5806028979,10000,10000
200,"fourth root",1.4,4,1,"Genest",0.8003,0.00399774824119779,0.0590660008889146,10000,10000
200,"fourth root",1.4,4,1,"MIC",0.2397,0.004269003513702,0.26183510117896,10000,10000
200,"fourth root",1.5,4,4,"B_n",0.4036,0.00490619037543388,26.2393507673337,10000,10000
200,"fourth root",1.5,4,4,"P_n",0.4002,0.0048993873086336,26.0893539091486,10000,10000
200,"fourth root",1.5,4,4,"Hoeffding",0.7589,0.00427750850379049,0.00463888723382348,10000,10000
200,"fourth root",1.5,4,4,"dCov",0.7791,0.00414853215005018,0.165413194149505,10000,10000
200,"fourth root",1.5,4,4,"HHG",0.5787,0.00493767465513879,57178.9906727677,10000,10000
200,"fourth root",1.5,4,4,"Genest",0.7591,0.00427629734700477,0.0577981670139003,10000,10000
200,"fourth root",1.5,4,4,"MIC",0.2025,0.00401862849738564,0.262151708023893,10000,10000
200,"fourth root",1.5,4,1,"B_n",0.6338,0.0048176504646975,9.55132415097536,10000,10000
200,"fourth root",1.5,4,1,"P_n",0.6338,0.0048176504646975,9.51258660998024,10000,10000
200,"fourth root",1.5,4,1,"Hoeffding",0.7508,0.00432549835279127,0.00489471530148537,10000,10000
200,"fourth root",1.5,4,1,"dCov",0.7775,0.00415925173558899,0.167096684406043,10000,10000
200,"fourth root",1.5,4,1,"HHG",0.5872,0.00492337445254776,56960.3223129516,10000,10000
200,"fourth root",1.5,4,1,"Genest",0.7558,0.00429611871344357,0.0591868134514301,10000,10000
200,"fourth root",1.5,4,1,"MIC",0.2317,0.00421918368881944,0.259939214102019,10000,10000
200,"fourth root",1.6,4,4,"B_n",0.3368,0.00472615869390777,26.5567104617432,10000,10000
200,"fourth root",1.6,4,4,"P_n",0.3338,0.00471569252602415,26.3853461833229,10000,10000
200,"fourth root",1.6,4,4,"Hoeffding",0.6992,0.00458605887445855,0.00470476253103129,10000,10000
200,"fourth root",1.6,4,4,"dCov",0.7195,0.0044924353083823,0.166196341902859,10000,10000
200,"fourth root",1.6,4,4,"HHG",0.5199,0.00499603833051749,57152.2846335031,10000,10000
200,"fourth root",1.6,4,4,"Genest",0.6993,0.00458562438496657,0.0583905852013908,10000,10000
200,"fourth root",1.6,4,4,"MIC",0.1887,0.00391270124083094,0.261607871771824,10000,10000
200,"fourth root",1.6,4,1,"B_n",0.5747,0.00494388420171832,9.48444943798446,10000,10000
200,"fourth root",1.6,4,1,"P_n",0.5747,0.00494388420171832,9.44758169345292,10000,10000
200,"fourth root",1.6,4,1,"Hoeffding",0.7015,0.00457599989073426,0.00464024284281753,10000,10000
200,"fourth root",1.6,4,1,"dCov",0.7218,0.00448112441246614,0.165555700902399,10000,10000
200,"fourth root",1.6,4,1,"HHG",0.5281,0.00499209765529482,56962.0444147888,10000,10000
200,"fourth root",1.6,4,1,"Genest",0.7101,0.0045371575903863,0.0571376059514277,10000,10000
200,"fourth root",1.6,4,1,"MIC",0.1937,0.00395196546037538,0.260884316906719,10000,10000
200,"fourth root",1.7,4,4,"B_n",0.316,0.00464912895067452,26.2824579503874,10000,10000
200,"fourth root",1.7,4,4,"P_n",0.3161,0.00464952459935422,26.0869761379282,10000,10000
200,"fourth root",1.7,4,4,"Hoeffding",0.6431,0.00479084950713336,0.00478635484335211,10000,10000
200,"fourth root",1.7,4,4,"dCov",0.6656,0.00471780287845942,0.166593075557137,10000,10000
200,"fourth root",1.7,4,4,"HHG",0.4754,0.00499394473337461,56984.5690124404,10000,10000
200,"fourth root",1.7,4,4,"Genest",0.6535,0.00475854757252673,0.0580473552638884,10000,10000
200,"fourth root",1.7,4,4,"MIC",0.1603,0.00366884055254518,0.261918000962759,10000,10000
200,"fourth root",1.7,4,1,"B_n",0.5157,0.00499753449212709,9.57837983206417,10000,10000
200,"fourth root",1.7,4,1,"P_n",0.5157,0.00499753449212709,9.53887953436208,10000,10000
200,"fourth root",1.7,4,1,"Hoeffding",0.6477,0.00477686832558738,0.00469206385436375,10000,10000
200,"fourth root",1.7,4,1,"dCov",0.6757,0.00468112710786622,0.165375209307677,10000,10000
200,"fourth root",1.7,4,1,"HHG",0.4674,0.00498936108134098,57252.1800557325,10000,10000
200,"fourth root",1.7,4,1,"Genest",0.6487,0.00477376486643404,0.0586230169514058,10000,10000
200,"fourth root",1.7,4,1,"MIC",0.1766,0.00381329830986247,0.261189471057948,10000,10000
200,"fourth root",1.8,4,4,"B_n",0.2648,0.00441226653773319,26.6847971031306,10000,10000
200,"fourth root",1.8,4,4,"P_n",0.2601,0.00438688944469769,26.5677559193683,10000,10000
200,"fourth root",1.8,4,4,"Hoeffding",0.5879,0.00492212951881602,0.00475480198758027,10000,10000
200,"fourth root",1.8,4,4,"dCov",0.6109,0.00487546090128923,0.166545993229783,10000,10000
200,"fourth root",1.8,4,4,"HHG",0.4088,0.00491612204893247,57559.2534338305,10000,10000
200,"fourth root",1.8,4,4,"Genest",0.5917,0.00491519185790341,0.0584462892638843,10000,10000
200,"fourth root",1.8,4,4,"MIC",0.1457,0.00352805201208826,0.261840464620124,10000,10000
200,"fourth root",1.8,4,1,"B_n",0.4757,0.00499409160909169,9.30435061487432,10000,10000
200,"fourth root",1.8,4,1,"P_n",0.4757,0.00499409160909169,9.27240800933055,10000,10000
200,"fourth root",1.8,4,1,"Hoeffding",0.593,0.00491274872143895,0.00472383170431515,10000,10000
200,"fourth root",1.8,4,1,"dCov",0.6147,0.00486666117579599,0.166039616699509,10000,10000
200,"fourth root",1.8,4,1,"HHG",0.4286,0.00494875782393926,56774.3215983398,10000,10000
200,"fourth root",1.8,4,1,"Genest",0.5945,0.00490988543654534,0.0582448501388665,10000,10000
200,"fourth root",1.8,4,1,"MIC",0.156,0.00362855343077651,0.261182645589457,10000,10000
200,"fourth root",1.9,4,4,"B_n",0.2522,0.00434275442547699,26.1512459806571,10000,10000
200,"fourth root",1.9,4,4,"P_n",0.2515,0.00433875270094989,25.9957674604334,10000,10000
200,"fourth root",1.9,4,4,"Hoeffding",0.5517,0.00497319927209839,0.0046378831520457,10000,10000
200,"fourth root",1.9,4,4,"dCov",0.5754,0.00494282146147319,0.165541251672996,10000,10000
200,"fourth root",1.9,4,4,"HHG",0.3914,0.00488063561434369,56748.6484340217,10000,10000
200,"fourth root",1.9,4,4,"Genest",0.5573,0.00496705858632652,0.0574129902013868,10000,10000
200,"fourth root",1.9,4,4,"MIC",0.1483,0.00355397115914015,0.260404833372661,10000,10000
200,"fourth root",1.9,4,1,"B_n",0.4292,0.00494961978337731,9.36960577243475,10000,10000
200,"fourth root",1.9,4,1,"P_n",0.4292,0.00494961978337731,9.3358972558532,10000,10000
200,"fourth root",1.9,4,1,"Hoeffding",0.551,0.00497392199375905,0.00466476598245394,10000,10000
200,"fourth root",1.9,4,1,"dCov",0.5749,0.00494358159637322,0.164972294155214,10000,10000
200,"fourth root",1.9,4,1,"HHG",0.3814,0.00485730419059791,57124.6979236295,10000,10000
200,"fourth root",1.9,4,1,"Genest",0.5494,0.00497553655398089,0.0579404810138985,10000,10000
200,"fourth root",1.9,4,1,"MIC",0.1474,0.0035450421718225,0.26068224385369,10000,10000
200,"fourth root",2,4,4,"B_n",0.2299,0.00420768332933932,26.3017710121704,10000,10000
200,"fourth root",2,4,4,"P_n",0.2296,0.0042057560556932,26.1806799466286,10000,10000
200,"fourth root",2,4,4,"Hoeffding",0.5142,0.00499798319324905,0.00466880299459621,10000,10000
200,"fourth root",2,4,4,"dCov",0.5296,0.00499123070995521,0.165721267936156,10000,10000
200,"fourth root",2,4,4,"HHG",0.3501,0.0047700103773472,57142.8029041102,10000,10000
200,"fourth root",2,4,4,"Genest",0.5181,0.00499672282601307,0.057570706138865,10000,10000
200,"fourth root",2,4,4,"MIC",0.1291,0.003353105873664,0.261981784254146,10000,10000
200,"fourth root",2,4,1,"B_n",0.3819,0.00485852230621616,9.54451044287036,10000,10000
200,"fourth root",2,4,1,"P_n",0.3819,0.00485852230621616,9.50596442588667,10000,10000
200,"fourth root",2,4,1,"Hoeffding",0.4927,0.00499946707159873,0.00487697750277873,10000,10000
200,"fourth root",2,4,1,"dCov",0.5136,0.00499815005777138,0.167482919843368,10000,10000
200,"fourth root",2,4,1,"HHG",0.3391,0.00473403833951522,57837.4076482048,10000,10000
200,"fourth root",2,4,1,"Genest",0.5042,0.00499982359688819,0.0585180792013923,10000,10000
200,"fourth root",2,4,1,"MIC",0.1355,0.00342256847995771,0.260454813028266,10000,10000
200,"circle",0.1,4,4,"B_n",1,0,26.1072898159437,10000,10000
200,"circle",0.1,4,4,"P_n",1,0,25.9282716391404,10000,10000
200,"circle",0.1,4,4,"Hoeffding",1,0,0.00470632840169063,10000,10000
200,"circle",0.1,4,4,"dCov",0.9475,0.00223033069296909,0.154975645321932,10000,10000
200,"circle",0.1,4,4,"HHG",1,0,60403.6678791991,10000,10000
200,"circle",0.1,4,4,"Genest",1,0,0.0579811473263862,10000,10000
200,"circle",0.1,4,4,"MIC",1,0,0.259780325558558,10000,10000
200,"circle",0.2,4,4,"B_n",1,0,26.1259118464934,10000,10000
200,"circle",0.2,4,4,"P_n",1,0,25.9669208055576,10000,10000
200,"circle",0.2,4,4,"Hoeffding",1,0,0.00469148337205082,10000,10000
200,"circle",0.2,4,4,"dCov",0.8364,0.00369912205800241,0.154786482642474,10000,10000
200,"circle",0.2,4,4,"HHG",1,0,60213.4947041417,10000,10000
200,"circle",0.2,4,4,"Genest",1,0,0.0572969245138752,10000,10000
200,"circle",0.2,4,4,"MIC",1,0,0.260893720212456,10000,10000
200,"circle",0.3,4,4,"B_n",1,0,26.1740022353947,10000,10000
200,"circle",0.3,4,4,"P_n",1,0,26.0202347563603,10000,10000
200,"circle",0.3,4,4,"Hoeffding",1,0,0.00478188370190075,10000,10000
200,"circle",0.3,4,4,"dCov",0.6047,0.00488915033518095,0.157307415900771,10000,10000
200,"circle",0.3,4,4,"HHG",1,0,59963.945623547,10000,10000
200,"circle",0.3,4,4,"Genest",0.9999,9.99949998749882e-05,0.0579990217638812,10000,10000
200,"circle",0.3,4,4,"MIC",0.9996,0.000199959995999189,0.261620721859964,10000,10000
200,"circle",0.4,4,4,"B_n",1,0,26.4517704070258,10000,10000
200,"circle",0.4,4,4,"P_n",1,0,26.320469650862,10000,10000
200,"circle",0.4,4,4,"Hoeffding",0.9992,0.000282729552753161,0.00465546613837925,10000,10000
200,"circle",0.4,4,4,"dCov",0.4711,0.00499164091256573,0.157118767166699,10000,10000
200,"circle",0.4,4,4,"HHG",1,0,59505.5334956855,10000,10000
200,"circle",0.4,4,4,"Genest",0.9873,0.0011197638143823,0.0575969399513905,10000,10000
200,"circle",0.4,4,4,"MIC",0.9353,0.00245995751995842,0.260757404842685,10000,10000
200,"circle",0.5,4,4,"B_n",1,0,26.552616052554,10000,10000
200,"circle",0.5,4,4,"P_n",1,0,26.4144681613039,10000,10000
200,"circle",0.5,4,4,"Hoeffding",0.9614,0.00192639663620969,0.00475181186675114,10000,10000
200,"circle",0.5,4,4,"dCov",0.3178,0.00465621262401106,0.159139180478189,10000,10000
200,"circle",0.5,4,4,"HHG",1,0,59489.236502029,10000,10000
200,"circle",0.5,4,4,"Genest",0.7967,0.00402453860709523,0.0585394011388925,10000,10000
200,"circle",0.5,4,4,"MIC",0.5718,0.00494817905900747,0.260721533973528,10000,10000
200,"circle",0.6,4,4,"B_n",1,0,26.0625586497761,10000,10000
200,"circle",0.6,4,4,"P_n",1,0,25.8782566850372,10000,10000
200,"circle",0.6,4,4,"Hoeffding",0.8001,0.00399924980465087,0.00453687412242424,10000,10000
200,"circle",0.6,4,4,"dCov",0.265,0.00441333207452147,0.158387740719482,10000,10000
200,"circle",0.6,4,4,"HHG",0.9996,0.000199959995999189,58803.8180289411,10000,10000
200,"circle",0.6,4,4,"Genest",0.5502,0.00497473577187774,0.0572416893263815,10000,10000
200,"circle",0.6,4,4,"MIC",0.229,0.0042018924307983,0.261184520689226,10000,10000
200,"circle",0.7,4,4,"B_n",0.9998,0.0001414072133945,26.3838225632511,10000,10000
200,"circle",0.7,4,4,"P_n",0.9997,0.000173179098045915,26.2834834095425,10000,10000
200,"circle",0.7,4,4,"Hoeffding",0.4845,0.00499759692252186,0.0047670473485371,10000,10000
200,"circle",0.7,4,4,"dCov",0.1866,0.00389590092276485,0.160967279761959,10000,10000
200,"circle",0.7,4,4,"HHG",0.9954,0.0006766712643522,58476.9775879069,10000,10000
200,"circle",0.7,4,4,"Genest",0.3091,0.00462122483763774,0.0581502631388883,10000,10000
200,"circle",0.7,4,4,"MIC",0.1089,0.00311513707563568,0.26104739947315,10000,10000
200,"circle",0.8,4,4,"B_n",0.996,0.00063118935352238,26.3995753459351,10000,10000
200,"circle",0.8,4,4,"P_n",0.9953,0.000683952483729684,26.2214733458638,10000,10000
200,"circle",0.8,4,4,"Hoeffding",0.2514,0.00433817980263612,0.00483384185776677,10000,10000
200,"circle",0.8,4,4,"dCov",0.137,0.00343847349851646,0.16191669701379,10000,10000
200,"circle",0.8,4,4,"HHG",0.9749,0.00156428865622685,58589.7573582587,10000,10000
200,"circle",0.8,4,4,"Genest",0.1789,0.00383268561194367,0.0586830178888717,10000,10000
200,"circle",0.8,4,4,"MIC",0.0752,0.00263713784243448,0.259710615942959,10000,10000
200,"circle",0.9,4,4,"B_n",0.9765,0.00151485147786837,26.2652111017464,10000,10000
200,"circle",0.9,4,4,"P_n",0.9734,0.00160911279902933,26.1889021188295,10000,10000
200,"circle",0.9,4,4,"Hoeffding",0.1451,0.00352201632591333,0.00486742123530579,10000,10000
200,"circle",0.9,4,4,"dCov",0.1104,0.00313387683229574,0.16322078606233,10000,10000
200,"circle",0.9,4,4,"HHG",0.9351,0.00246349325146224,58046.7166407226,10000,10000
200,"circle",0.9,4,4,"Genest",0.1243,0.00329923491130898,0.0590472646389057,10000,10000
200,"circle",0.9,4,4,"MIC",0.0614,0.00240062575175724,0.260605015100814,10000,10000
200,"circle",1,4,4,"B_n",0.9155,0.00278136207639351,26.3258389997585,10000,10000
200,"circle",1,4,4,"P_n",0.9107,0.00285176278817156,26.1825953793428,10000,10000
200,"circle",1,4,4,"Hoeffding",0.1102,0.00313138882925771,0.00465993465722896,10000,10000
200,"circle",1,4,4,"dCov",0.1003,0.00300399583887861,0.162263629175915,10000,10000
200,"circle",1,4,4,"HHG",0.868,0.0033849076796864,57648.1151093706,10000,10000
200,"circle",1,4,4,"Genest",0.1056,0.00307324974579028,0.0576117484513944,10000,10000
200,"circle",1,4,4,"MIC",0.0562,0.00230307533528541,0.261546899212129,10000,10000
200,"circle",1.1,4,4,"B_n",0.8085,0.00393481575172205,26.3874480434676,10000,10000
200,"circle",1.1,4,4,"P_n",0.7993,0.00400524044222067,26.2344724647073,10000,10000
200,"circle",1.1,4,4,"Hoeffding",0.0729,0.00259972286984594,0.00485184479558543,10000,10000
200,"circle",1.1,4,4,"dCov",0.0825,0.00275124971603815,0.163807774582853,10000,10000
200,"circle",1.1,4,4,"HHG",0.7549,0.00430146475052394,58192.1334931446,10000,10000
200,"circle",1.1,4,4,"Genest",0.0817,0.00273907119294114,0.0588010667638755,10000,10000
200,"circle",1.1,4,4,"MIC",0.0486,0.00215030323442997,0.261995054846287,10000,10000
200,"circle",1.2,4,4,"B_n",0.6661,0.00471604484711501,26.3432989541418,10000,10000
200,"circle",1.2,4,4,"P_n",0.658,0.00474379594839407,26.187184240028,10000,10000
200,"circle",1.2,4,4,"Hoeffding",0.0568,0.00231460061349685,0.00493245250831222,10000,10000
200,"circle",1.2,4,4,"dCov",0.0671,0.00250195103868961,0.165383625372156,10000,10000
200,"circle",1.2,4,4,"HHG",0.6453,0.00478422313442841,57700.8709754758,10000,10000
200,"circle",1.2,4,4,"Genest",0.0679,0.00251574223639863,0.0592824333888837,10000,10000
200,"circle",1.2,4,4,"MIC",0.0527,0.00223433905215838,0.260376266549365,10000,10000
200,"circle",1.3,4,4,"B_n",0.5573,0.00496705858632652,26.1848269766223,10000,10000
200,"circle",1.3,4,4,"P_n",0.5479,0.00497700301386286,26.0484128223457,10000,10000
200,"circle",1.3,4,4,"Hoeffding",0.0587,0.00235062353429893,0.00469109952570584,10000,10000
200,"circle",1.3,4,4,"dCov",0.0682,0.00252088793880252,0.164167207777697,10000,10000
200,"circle",1.3,4,4,"HHG",0.5467,0.00497814332859149,57547.4558489714,10000,10000
200,"circle",1.3,4,4,"Genest",0.0678,0.00251402386623516,0.0580012281388836,10000,10000
200,"circle",1.3,4,4,"MIC",0.0515,0.00221015270965605,0.26083535097069,10000,10000
200,"circle",1.4,4,4,"B_n",0.4223,0.00493925814267689,26.3082742488299,10000,10000
200,"circle",1.4,4,4,"P_n",0.4161,0.00492910529406707,26.1697486430956,10000,10000
200,"circle",1.4,4,4,"Hoeffding",0.0463,0.00210134028657902,0.00475159237668302,10000,10000
200,"circle",1.4,4,4,"dCov",0.0589,0.00235437443920885,0.163877022646813,10000,10000
200,"circle",1.4,4,4,"HHG",0.4347,0.00495717570800148,57793.6073108057,10000,10000
200,"circle",1.4,4,4,"Genest",0.0595,0.00236558132390328,0.0576074903263884,10000,10000
200,"circle",1.4,4,4,"MIC",0.0542,0.00226411925480969,0.26117064864125,10000,10000
200,"circle",1.5,4,4,"B_n",0.3243,0.00468112710786622,26.506282272105,10000,10000
200,"circle",1.5,4,4,"P_n",0.3188,0.0046601133033436,26.3538651915504,10000,10000
200,"circle",1.5,4,4,"Hoeffding",0.0492,0.00216285367050108,0.00472316540574345,10000,10000
200,"circle",1.5,4,4,"dCov",0.0587,0.00235062353429893,0.16444873711793,10000,10000
200,"circle",1.5,4,4,"HHG",0.3512,0.00477345325733897,57642.5373843055,10000,10000
200,"circle",1.5,4,4,"Genest",0.0565,0.00230884711490389,0.0582694759513831,10000,10000
200,"circle",1.5,4,4,"MIC",0.0498,0.00217531514958178,0.261807354657308,10000,10000
200,"circle",1.6,4,4,"B_n",0.2737,0.00445856826795329,26.0407130142879,10000,10000
200,"circle",1.6,4,4,"P_n",0.2714,0.00444681953760213,25.8814628963246,10000,10000
200,"circle",1.6,4,4,"Hoeffding",0.0387,0.00192879003522934,0.00486136823124061,10000,10000
200,"circle",1.6,4,4,"dCov",0.0454,0.00208179826111946,0.166338827577735,10000,10000
200,"circle",1.6,4,4,"HHG",0.2855,0.00451652244542192,57510.0784084123,10000,10000
200,"circle",1.6,4,4,"Genest",0.0471,0.00211852755469453,0.0586723913888956,10000,10000
200,"circle",1.6,4,4,"MIC",0.0534,0.0022482980229498,0.260750470178369,10000,10000
200,"circle",1.7,4,4,"B_n",0.2168,0.00412065237553473,26.2278356197475,10000,10000
200,"circle",1.7,4,4,"P_n",0.2135,0.00409777683628574,26.0968866767088,10000,10000
200,"circle",1.7,4,4,"Hoeffding",0.0427,0.00202179895142915,0.00472379386391979,10000,10000
200,"circle",1.7,4,4,"dCov",0.0501,0.00218151300706643,0.164895780123259,10000,10000
200,"circle",1.7,4,4,"HHG",0.252,0.00434161260363013,57028.547710299,10000,10000
200,"circle",1.7,4,4,"Genest",0.0497,0.00217324434889407,0.0579949341389096,10000,10000
200,"circle",1.7,4,4,"MIC",0.0483,0.00214399416976819,0.261391703230519,10000,10000
200,"circle",1.8,4,4,"B_n",0.1627,0.00369091736564231,26.5178455234221,10000,10000
200,"circle",1.8,4,4,"P_n",0.161,0.00367530951077593,26.3672340476237,10000,10000
200,"circle",1.8,4,4,"Hoeffding",0.043,0.00202857092555326,0.00474590559034716,10000,10000
200,"circle",1.8,4,4,"dCov",0.0505,0.00218974313562116,0.165116783381163,10000,10000
200,"circle",1.8,4,4,"HHG",0.1984,0.00398794984923331,57758.0640427493,10000,10000
200,"circle",1.8,4,4,"Genest",0.0521,0.00222228688517032,0.0578792193263736,10000,10000
200,"circle",1.8,4,4,"MIC",0.0545,0.00227001651976368,0.259961540035768,10000,10000
200,"circle",1.9,4,4,"B_n",0.1406,0.00347608457894799,26.4553344867256,10000,10000
200,"circle",1.9,4,4,"P_n",0.1398,0.00346779411153546,26.2910788184458,10000,10000
200,"circle",1.9,4,4,"Hoeffding",0.0458,0.00209051094232965,0.00466090705087994,10000,10000
200,"circle",1.9,4,4,"dCov",0.0543,0.00226608715631151,0.16450360922707,10000,10000
200,"circle",1.9,4,4,"HHG",0.1759,0.00380735065366982,57118.1791246192,10000,10000
200,"circle",1.9,4,4,"Genest",0.0525,0.00223033069296909,0.0574425047638983,10000,10000
200,"circle",1.9,4,4,"MIC",0.0519,0.00221825133832936,0.261028886560959,10000,10000
200,"circle",2,4,4,"B_n",0.1136,0.00317324817812915,26.2457170623253,10000,10000
200,"circle",2,4,4,"P_n",0.1131,0.00316714998066085,26.1215147977213,10000,10000
200,"circle",2,4,4,"Hoeffding",0.0434,0.00203755834272298,0.00476187658372604,10000,10000
200,"circle",2,4,4,"dCov",0.0476,0.00212918388120895,0.166421822534779,10000,10000
200,"circle",2,4,4,"HHG",0.1426,0.00349664467740147,57201.0862747924,10000,10000
200,"circle",2,4,4,"Genest",0.0485,0.00214820273717357,0.0588092700139004,10000,10000
200,"circle",2,4,4,"MIC",0.0493,0.00216493671962947,0.260699345451364,10000,10000
200,"two curves",0.1,4,4,"B_n",1,0,26.5776491443024,10000,10000
200,"two curves",0.1,4,4,"P_n",1,0,26.415021044617,10000,10000
200,"two curves",0.1,4,4,"Hoeffding",1,0,0.00495698732148383,10000,10000
200,"two curves",0.1,4,4,"dCov",1,0,0.163996507348566,10000,10000
200,"two curves",0.1,4,4,"HHG",1,0,58875.3444098413,10000,10000
200,"two curves",0.1,4,4,"Genest",1,0,0.0598764913263958,10000,10000
200,"two curves",0.1,4,4,"MIC",1,0,0.261037075710107,10000,10000
200,"two curves",0.2,4,4,"B_n",1,0,26.3164100985756,10000,10000
200,"two curves",0.2,4,4,"P_n",1,0,26.1391484635477,10000,10000
200,"two curves",0.2,4,4,"Hoeffding",1,0,0.00459576160596673,10000,10000
200,"two curves",0.2,4,4,"dCov",1,0,0.161688694572384,10000,10000
200,"two curves",0.2,4,4,"HHG",1,0,57652.5117423812,10000,10000
200,"two curves",0.2,4,4,"Genest",1,0,0.0578670020138836,10000,10000
200,"two curves",0.2,4,4,"MIC",1,0,0.26132540365948,10000,10000
200,"two curves",0.3,4,4,"B_n",1,0,26.2113203450187,10000,10000
200,"two curves",0.3,4,4,"P_n",1,0,26.0927098267643,10000,10000
200,"two curves",0.3,4,4,"Hoeffding",1,0,0.00466505257563066,10000,10000
200,"two curves",0.3,4,4,"dCov",1,0,0.16451456615937,10000,10000
200,"two curves",0.3,4,4,"HHG",1,0,57460.8872241693,10000,10000
200,"two curves",0.3,4,4,"Genest",1,0,0.0580251647013962,10000,10000
200,"two curves",0.3,4,4,"MIC",1,0,0.262064010091121,10000,10000
200,"two curves",0.4,4,4,"B_n",1,0,26.376581311864,10000,10000
200,"two curves",0.4,4,4,"P_n",1,0,26.2376712528265,10000,10000
200,"two curves",0.4,4,4,"Hoeffding",1,0,0.00494851907876055,10000,10000
200,"two curves",0.4,4,4,"dCov",1,0,0.166876594473252,10000,10000
200,"two curves",0.4,4,4,"HHG",1,0,57628.8299560489,10000,10000
200,"two curves",0.4,4,4,"Genest",1,0,0.0596524677638841,10000,10000
200,"two curves",0.4,4,4,"MIC",0.9992,0.000282729552753161,0.261692815677004,10000,10000
200,"two curves",0.5,4,4,"B_n",1,0,26.3494710806343,10000,10000
200,"two curves",0.5,4,4,"P_n",1,0,26.151334838751,10000,10000
200,"two curves",0.5,4,4,"Hoeffding",1,0,0.00467180145648175,10000,10000
200,"two curves",0.5,4,4,"dCov",1,0,0.164928661408847,10000,10000
200,"two curves",0.5,4,4,"HHG",1,0,57512.8485346082,10000,10000
200,"two curves",0.5,4,4,"Genest",1,0,0.0573919337013831,10000,10000
200,"two curves",0.5,4,4,"MIC",0.9893,0.00102885907684192,0.260356937691979,10000,10000
200,"two curves",0.6,4,4,"B_n",0.9993,0.000264482513599677,26.3681326867011,10000,10000
200,"two curves",0.6,4,4,"P_n",0.9992,0.000282729552753161,26.2120111698359,10000,10000
200,"two curves",0.6,4,4,"Hoeffding",1,0,0.00465429612281985,10000,10000
200,"two curves",0.6,4,4,"dCov",1,0,0.165872679965011,10000,10000
200,"two curves",0.6,4,4,"HHG",1,0,57097.7242268545,10000,10000
200,"two curves",0.6,4,4,"Genest",1,0,0.0578330765764047,10000,10000
200,"two curves",0.6,4,4,"MIC",0.9519,0.00213977545550929,0.260732215107818,10000,10000
200,"two curves",0.7,4,4,"B_n",0.9924,0.000868460707228603,26.1351421873893,10000,10000
200,"two curves",0.7,4,4,"P_n",0.9918,0.000901818163489735,26.0069471196259,10000,10000
200,"two curves",0.7,4,4,"Hoeffding",0.9998,0.0001414072133945,0.00472920705177438,10000,10000
200,"two curves",0.7,4,4,"dCov",1,0,0.165924929840352,10000,10000
200,"two curves",0.7,4,4,"HHG",0.9993,0.000264482513599677,57165.8467081792,10000,10000
200,"two curves",0.7,4,4,"Genest",0.9998,0.0001414072133945,0.0587695004514024,10000,10000
200,"two curves",0.7,4,4,"MIC",0.8792,0.00325894706922343,0.261506357280957,10000,10000
200,"two curves",0.8,4,4,"B_n",0.9687,0.00174127281033157,26.2270956885864,10000,10000
200,"two curves",0.8,4,4,"P_n",0.9666,0.00179678713263425,26.1377388696502,10000,10000
200,"two curves",0.8,4,4,"Hoeffding",0.9992,0.000282729552753161,0.00482007274552761,10000,10000
200,"two curves",0.8,4,4,"dCov",0.9997,0.000173179098045915,0.165948627081344,10000,10000
200,"two curves",0.8,4,4,"HHG",0.9955,0.000669309345519689,57337.6556160881,10000,10000
200,"two curves",0.8,4,4,"Genest",0.9995,0.000223550889061069,0.058359520013898,10000,10000
200,"two curves",0.8,4,4,"MIC",0.7907,0.00406808935496751,0.260516952765268,10000,10000
200,"two curves",0.9,4,4,"B_n",0.9171,0.00275731010225546,26.2745496729867,10000,10000
200,"two curves",0.9,4,4,"P_n",0.9139,0.00280511657511769,26.1228913936878,10000,10000
200,"two curves",0.9,4,4,"Hoeffding",0.9942,0.000759365524632244,0.00466582245710847,10000,10000
200,"two curves",0.9,4,4,"dCov",0.9974,0.000509238647394328,0.16522005334934,10000,10000
200,"two curves",0.9,4,4,"HHG",0.9834,0.00127767131923668,57171.2660925526,10000,10000
200,"two curves",0.9,4,4,"Genest",0.9945,0.00073957758213726,0.0575324036388919,10000,10000
200,"two curves",0.9,4,4,"MIC",0.6734,0.00468969551250398,0.26111945127737,10000,10000
200,"two curves",1,4,4,"B_n",0.8469,0.00360083865231421,26.1422572399802,10000,10000
200,"two curves",1,4,4,"P_n",0.841,0.00365676086174636,26.0239851168668,10000,10000
200,"two curves",1,4,4,"Hoeffding",0.9867,0.00114556143440673,0.00468862921241292,10000,10000
200,"two curves",1,4,4,"dCov",0.991,0.000944404574321832,0.166080218668448,10000,10000
200,"two curves",1,4,4,"HHG",0.9486,0.00220812227922278,57456.9605495823,10000,10000
200,"two curves",1,4,4,"Genest",0.9872,0.00112410675649602,0.0579909427638738,10000,10000
200,"two curves",1,4,4,"MIC",0.5646,0.00495809277847843,0.261638009906866,10000,10000
200,"two curves",1.1,4,4,"B_n",0.7498,0.00433128110378442,26.4820452893411,10000,10000
200,"two curves",1.1,4,4,"P_n",0.7423,0.0043736793435276,26.3498923690518,10000,10000
200,"two curves",1.1,4,4,"Hoeffding",0.967,0.00178636502428815,0.00504369262250401,10000,10000
200,"two curves",1.1,4,4,"dCov",0.975,0.0015612494995996,0.167723379964903,10000,10000
200,"two curves",1.1,4,4,"HHG",0.9042,0.00294316768125773,57503.6433665635,10000,10000
200,"two curves",1.1,4,4,"Genest",0.9675,0.00177323856263053,0.0598178092638715,10000,10000
200,"two curves",1.1,4,4,"MIC",0.4693,0.0049905662003424,0.262029514667226,10000,10000
200,"two curves",1.2,4,4,"B_n",0.6603,0.00473607337358703,26.3989365566849,10000,10000
200,"two curves",1.2,4,4,"P_n",0.6526,0.00476144137840633,26.2453276705343,10000,10000
200,"two curves",1.2,4,4,"Hoeffding",0.9431,0.00231651440746653,0.00479212661775676,10000,10000
200,"two curves",1.2,4,4,"dCov",0.9564,0.0020420342798298,0.166711736354277,10000,10000
200,"two curves",1.2,4,4,"HHG",0.8506,0.00356482313726782,57341.1579695805,10000,10000
200,"two curves",1.2,4,4,"Genest",0.9447,0.00228564892317259,0.0583856207013929,10000,10000
200,"two curves",1.2,4,4,"MIC",0.4144,0.00492618148264962,0.261110945012526,10000,10000
200,"two curves",1.3,4,4,"B_n",0.5842,0.00492859371423533,26.2887067351535,10000,10000
200,"two curves",1.3,4,4,"P_n",0.5806,0.00493460879908428,26.1234444950557,10000,10000
200,"two curves",1.3,4,4,"Hoeffding",0.9121,0.00283149412854768,0.00466957425639068,10000,10000
200,"two curves",1.3,4,4,"dCov",0.9272,0.00259807929055293,0.165789401646953,10000,10000
200,"two curves",1.3,4,4,"HHG",0.7996,0.00400299687734078,56789.3459859666,10000,10000
200,"two curves",1.3,4,4,"Genest",0.9155,0.00278136207639351,0.0577912418888784,10000,10000
200,"two curves",1.3,4,4,"MIC",0.3635,0.0048100701658084,0.259796653690539,10000,10000
200,"two curves",1.4,4,4,"B_n",0.5064,0.00499959038322141,26.3918645587142,10000,10000
200,"two curves",1.4,4,4,"P_n",0.5033,0.00499989109881405,26.1931665410535,10000,10000
200,"two curves",1.4,4,4,"Hoeffding",0.8788,0.00326359556317875,0.00460298302836774,10000,10000
200,"two curves",1.4,4,4,"dCov",0.8944,0.00307324974579028,0.165955734030817,10000,10000
200,"two curves",1.4,4,4,"HHG",0.7368,0.00440370026227944,57071.6000743758,10000,10000
200,"two curves",1.4,4,4,"Genest",0.8827,0.00321777423073776,0.0571270088263623,10000,10000
200,"two curves",1.4,4,4,"MIC",0.3275,0.00469301342422968,0.260193451359959,10000,10000
200,"two curves",1.5,4,4,"B_n",0.4525,0.00497738636233917,26.1302156455059,10000,10000
200,"two curves",1.5,4,4,"P_n",0.4445,0.00496910203155459,26.0517013899389,10000,10000
200,"two curves",1.5,4,4,"Hoeffding",0.8289,0.00376596322339983,0.00460867533597026,10000,10000
200,"two curves",1.5,4,4,"dCov",0.8533,0.00353806599712329,0.16465707010582,10000,10000
200,"two curves",1.5,4,4,"HHG",0.6819,0.00465738542532181,56498.0803434134,10000,10000
200,"two curves",1.5,4,4,"Genest",0.8373,0.00369091736564231,0.0568855805763836,10000,10000
200,"two curves",1.5,4,4,"MIC",0.281,0.00449487485921466,0.259887100311127,10000,10000
200,"two curves",1.6,4,4,"B_n",0.3993,0.00489754540560881,26.2284542960572,10000,10000
200,"two curves",1.6,4,4,"P_n",0.3927,0.00488351011056596,26.1319786408929,10000,10000
200,"two curves",1.6,4,4,"Hoeffding",0.7867,0.00409637779019465,0.00474301790873318,10000,10000
200,"two curves",1.6,4,4,"dCov",0.8022,0.00398340507606244,0.166887892712073,10000,10000
200,"two curves",1.6,4,4,"HHG",0.616,0.00486357892914261,57108.1961546196,10000,10000
200,"two curves",1.6,4,4,"Genest",0.7857,0.00410335850249524,0.0582761503888809,10000,10000
200,"two curves",1.6,4,4,"MIC",0.2348,0.00423873754790268,0.261238913142697,10000,10000
200,"two curves",1.7,4,4,"B_n",0.3396,0.00473573478987158,26.2392928366607,10000,10000
200,"two curves",1.7,4,4,"P_n",0.3337,0.00471533996653476,26.1491253185607,10000,10000
200,"two curves",1.7,4,4,"Hoeffding",0.7281,0.00444938636218524,0.00473923227197393,10000,10000
200,"two curves",1.7,4,4,"dCov",0.7534,0.00431031831771158,0.166104994026297,10000,10000
200,"two curves",1.7,4,4,"HHG",0.5429,0.00498156190366034,57612.4836946664,10000,10000
200,"two curves",1.7,4,4,"Genest",0.7357,0.00440959760068875,0.0577342783888738,10000,10000
200,"two curves",1.7,4,4,"MIC",0.2112,0.00408159968639748,0.260867305076164,10000,10000
200,"two curves",1.8,4,4,"B_n",0.3148,0.00464436174301701,26.2645549501385,10000,10000
200,"two curves",1.8,4,4,"P_n",0.3118,0.00463228626058451,26.1423064423147,10000,10000
200,"two curves",1.8,4,4,"Hoeffding",0.6782,0.00467166736829582,0.00484543001052305,10000,10000
200,"two curves",1.8,4,4,"dCov",0.6974,0.00459383543457969,0.167530616702502,10000,10000
200,"two curves",1.8,4,4,"HHG",0.4993,0.0049999950999976,57315.8954561752,10000,10000
200,"two curves",1.8,4,4,"Genest",0.6771,0.00467584847915328,0.0592647635138881,10000,10000
200,"two curves",1.8,4,4,"MIC",0.2011,0.00400822641576047,0.259816784525126,10000,10000
200,"two curves",1.9,4,4,"B_n",0.2856,0.00451699723267571,25.9927930629285,10000,10000
200,"two curves",1.9,4,4,"P_n",0.283,0.00450456435185468,25.8461155085255,10000,10000
200,"two curves",1.9,4,4,"Hoeffding",0.6398,0.00480058288127598,0.00461482196494276,10000,10000
200,"two curves",1.9,4,4,"dCov",0.6657,0.00471745174856087,0.164731767125207,10000,10000
200,"two curves",1.9,4,4,"HHG",0.4662,0.00498856251840147,56761.2645442551,10000,10000
200,"two curves",1.9,4,4,"Genest",0.6467,0.0047799488490987,0.057043498013881,10000,10000
200,"two curves",1.9,4,4,"MIC",0.1817,0.00385597082457842,0.260014075921414,10000,10000
200,"two curves",2,4,4,"B_n",0.2475,0.00431559671424474,26.286310385212,10000,10000
200,"two curves",2,4,4,"P_n",0.2464,0.00430914190993984,26.1479226577402,10000,10000
200,"two curves",2,4,4,"Hoeffding",0.6086,0.00488063561434369,0.00465272354776528,10000,10000
200,"two curves",2,4,4,"dCov",0.6432,0.00479055069903242,0.163583626444711,10000,10000
200,"two curves",2,4,4,"HHG",0.4225,0.00493957234991047,57104.1438835042,10000,10000
200,"two curves",2,4,4,"Genest",0.6204,0.00485287378776741,0.0566481919513993,10000,10000
200,"two curves",2,4,4,"MIC",0.1599,0.00366513287617243,0.260185819064015,10000,10000
200,"X",0.1,4,4,"B_n",1,0,26.536401169345,10000,10000
200,"X",0.1,4,4,"P_n",1,0,26.4153232324103,10000,10000
200,"X",0.1,4,4,"Hoeffding",1,0,0.00477379409975676,10000,10000
200,"X",0.1,4,4,"dCov",1,0,0.162296059000545,10000,10000
200,"X",0.1,4,4,"HHG",1,0,58362.4224437637,10000,10000
200,"X",0.1,4,4,"Genest",1,0,0.0583485113888747,10000,10000
200,"X",0.1,4,4,"MIC",1,0,0.262266128464709,10000,10000
200,"X",0.2,4,4,"B_n",1,0,26.5364276879067,10000,10000
200,"X",0.2,4,4,"P_n",1,0,26.3543067812155,10000,10000
200,"X",0.2,4,4,"Hoeffding",1,0,0.00470169408709097,10000,10000
200,"X",0.2,4,4,"dCov",1,0,0.161548048650521,10000,10000
200,"X",0.2,4,4,"HHG",1,0,58132.8216414364,10000,10000
200,"X",0.2,4,4,"Genest",1,0,0.0581701268888725,10000,10000
200,"X",0.2,4,4,"MIC",1,0,0.260529949286072,10000,10000
200,"X",0.3,4,4,"B_n",1,0,26.8305122962404,10000,10000
200,"X",0.3,4,4,"P_n",1,0,26.6493324568929,10000,10000
200,"X",0.3,4,4,"Hoeffding",1,0,0.00471469509254518,10000,10000
200,"X",0.3,4,4,"dCov",1,0,0.162437228603276,10000,10000
200,"X",0.3,4,4,"HHG",1,0,58320.2671225727,10000,10000
200,"X",0.3,4,4,"Genest",1,0,0.0577098438263848,10000,10000
200,"X",0.3,4,4,"MIC",1,0,0.261574771735018,10000,10000
200,"X",0.4,4,4,"B_n",1,0,26.32383009856,10000,10000
200,"X",0.4,4,4,"P_n",1,0,26.1399265018823,10000,10000
200,"X",0.4,4,4,"Hoeffding",1,0,0.00447023134943338,10000,10000
200,"X",0.4,4,4,"dCov",1,0,0.160324258207062,10000,10000
200,"X",0.4,4,4,"HHG",1,0,57228.4812868162,10000,10000
200,"X",0.4,4,4,"Genest",1,0,0.0565532443888945,10000,10000
200,"X",0.4,4,4,"MIC",1,0,0.259769590575217,10000,10000
200,"X",0.5,4,4,"B_n",1,0,26.0809774009641,10000,10000
200,"X",0.5,4,4,"P_n",1,0,25.9549653710974,10000,10000
200,"X",0.5,4,4,"Hoeffding",1,0,0.00468319121829603,10000,10000
200,"X",0.5,4,4,"dCov",1,0,0.163151836335448,10000,10000
200,"X",0.5,4,4,"HHG",1,0,57719.5511343098,10000,10000
200,"X",0.5,4,4,"Genest",1,0,0.0581400152013889,10000,10000
200,"X",0.5,4,4,"MIC",1,0,0.260400503652327,10000,10000
200,"X",0.6,4,4,"B_n",1,0,26.1113099367185,10000,10000
200,"X",0.6,4,4,"P_n",1,0,25.9561531282204,10000,10000
200,"X",0.6,4,4,"Hoeffding",1,0,0.00467154956840968,10000,10000
200,"X",0.6,4,4,"dCov",0.9996,0.000199959995999189,0.164135340473598,10000,10000
200,"X",0.6,4,4,"HHG",1,0,57620.3596550763,10000,10000
200,"X",0.6,4,4,"Genest",1,0,0.0581143051388889,10000,10000
200,"X",0.6,4,4,"MIC",0.9921,0.00088530164350915,0.260087437711957,10000,10000
200,"X",0.7,4,4,"B_n",1,0,26.41387961279,10000,10000
200,"X",0.7,4,4,"P_n",1,0,26.2830899536457,10000,10000
200,"X",0.7,4,4,"Hoeffding",0.9931,0.000827791640450664,0.00464696628640441,10000,10000
200,"X",0.7,4,4,"dCov",0.9949,0.000712319450808413,0.164170179669008,10000,10000
200,"X",0.7,4,4,"HHG",1,0,58024.6890166562,10000,10000
200,"X",0.7,4,4,"Genest",0.9979,0.000457776146167534,0.0578396693888908,10000,10000
200,"X",0.7,4,4,"MIC",0.8396,0.00366976620508718,0.261437800640035,10000,10000
200,"X",0.8,4,4,"B_n",1,0,25.9460843093816,10000,10000
200,"X",0.8,4,4,"P_n",1,0,25.8458259029908,10000,10000
200,"X",0.8,4,4,"Hoeffding",0.9153,0.0027843474998642,0.00463852210062868,10000,10000
200,"X",0.8,4,4,"dCov",0.9682,0.00175467261903752,0.163356247713918,10000,10000
200,"X",0.8,4,4,"HHG",1,0,57291.8270151523,10000,10000
200,"X",0.8,4,4,"Genest",0.9532,0.00211210227025113,0.057862315951403,10000,10000
200,"X",0.8,4,4,"MIC",0.4392,0.00496289592878996,0.260639153678346,10000,10000
200,"X",0.9,4,4,"B_n",1,0,26.4171971183652,10000,10000
200,"X",0.9,4,4,"P_n",1,0,26.3026414968952,10000,10000
200,"X",0.9,4,4,"Hoeffding",0.683,0.00465307425257754,0.00483036296680752,10000,10000
200,"X",0.9,4,4,"dCov",0.8735,0.00332412018434954,0.164878465468037,10000,10000
200,"X",0.9,4,4,"HHG",1,0,58035.8178967498,10000,10000
200,"X",0.9,4,4,"Genest",0.7677,0.00422299313283837,0.0588266332638916,10000,10000
200,"X",0.9,4,4,"MIC",0.1794,0.00383686903607616,0.261021353469627,10000,10000
200,"X",1,4,4,"B_n",1,0,26.2385216894115,10000,10000
200,"X",1,4,4,"P_n",1,0,26.1123775845079,10000,10000
200,"X",1,4,4,"Hoeffding",0.5065,0.00499957748214787,0.00463406957373345,10000,10000
200,"X",1,4,4,"dCov",0.7392,0.00439071019312366,0.164232709868563,10000,10000
200,"X",1,4,4,"HHG",1,0,57726.9031240727,10000,10000
200,"X",1,4,4,"Genest",0.5699,0.00495089880728742,0.0577398993888806,10000,10000
200,"X",1,4,4,"MIC",0.0805,0.00272065708974872,0.261666020077596,10000,10000
200,"X",1.1,4,4,"B_n",0.9998,0.0001414072133945,26.0421618332305,10000,10000
200,"X",1.1,4,4,"P_n",0.9998,0.0001414072133945,25.9255861938642,10000,10000
200,"X",1.1,4,4,"Hoeffding",0.3606,0.00480174593247081,0.00467466352336222,10000,10000
200,"X",1.1,4,4,"dCov",0.5888,0.00492051379431051,0.163864673887676,10000,10000
200,"X",1.1,4,4,"HHG",0.9997,0.000173179098045915,57531.1632438755,10000,10000
200,"X",1.1,4,4,"Genest",0.4022,0.00490341880732209,0.0575440394514081,10000,10000
200,"X",1.1,4,4,"MIC",0.0585,0.0023468649300716,0.261307225983585,10000,10000
200,"X",1.2,4,4,"B_n",0.9978,0.00046852534616603,26.5556565680526,10000,10000
200,"X",1.2,4,4,"P_n",0.9976,0.000489309717867933,26.394253899531,10000,10000
200,"X",1.2,4,4,"Hoeffding",0.2523,0.00434332487847732,0.0049599420667688,10000,10000
200,"X",1.2,4,4,"dCov",0.4279,0.00494774281870026,0.165789663265575,10000,10000
200,"X",1.2,4,4,"HHG",0.9975,0.000499374608885949,57534.9454307323,10000,10000
200,"X",1.2,4,4,"Genest",0.2673,0.00442550234436725,0.0593969620138836,10000,10000
200,"X",1.2,4,4,"MIC",0.0506,0.00219179469841498,0.261466097417512,10000,10000
200,"X",1.3,4,4,"B_n",0.9892,0.00103360340556715,26.2372225346825,10000,10000
200,"X",1.3,4,4,"P_n",0.9885,0.00106619651096784,26.070137549579,10000,10000
200,"X",1.3,4,4,"Hoeffding",0.2234,0.00416524236989878,0.00466400156308636,10000,10000
200,"X",1.3,4,4,"dCov",0.3465,0.00475854757252673,0.164047413789422,10000,10000
200,"X",1.3,4,4,"HHG",0.991,0.000944404574321832,56991.9487394726,10000,10000
200,"X",1.3,4,4,"Genest",0.2322,0.00422235905626227,0.0570076157013914,10000,10000
200,"X",1.3,4,4,"MIC",0.0559,0.00229728513685176,0.261263163218651,10000,10000
200,"X",1.4,4,4,"B_n",0.9602,0.00195489027825093,26.5340629246261,10000,10000
200,"X",1.4,4,4,"P_n",0.9574,0.00201953559017909,26.3934297184627,10000,10000
200,"X",1.4,4,4,"Hoeffding",0.182,0.00385844528275315,0.00467635342533309,10000,10000
200,"X",1.4,4,4,"dCov",0.2674,0.00442602801617884,0.164687409381414,10000,10000
200,"X",1.4,4,4,"HHG",0.961,0.0019359493795035,57537.353723525,10000,10000
200,"X",1.4,4,4,"Genest",0.1777,0.00382260003139225,0.0579304932638719,10000,10000
200,"X",1.4,4,4,"MIC",0.0493,0.00216493671962947,0.261169326557148,10000,10000
200,"X",1.5,4,4,"B_n",0.9176,0.00274973162326799,26.5565950924397,10000,10000
200,"X",1.5,4,4,"P_n",0.9148,0.00279179082310978,26.3456456724697,10000,10000
200,"X",1.5,4,4,"Hoeffding",0.1544,0.00361331758914159,0.00464330458236263,10000,10000
200,"X",1.5,4,4,"dCov",0.2195,0.00413907900383648,0.164553156296943,10000,10000
200,"X",1.5,4,4,"HHG",0.9202,0.00270983320519917,57392.2980828372,10000,10000
200,"X",1.5,4,4,"Genest",0.1516,0.00358632736932924,0.0575020395763984,10000,10000
200,"X",1.5,4,4,"MIC",0.0527,0.00223433905215838,0.260905448480204,10000,10000
200,"X",1.6,4,4,"B_n",0.8441,0.00362760513286659,26.403178487565,10000,10000
200,"X",1.6,4,4,"P_n",0.8378,0.00368634181811725,26.3301620752927,10000,10000
200,"X",1.6,4,4,"Hoeffding",0.1224,0.00327747219667841,0.00485687954004883,10000,10000
200,"X",1.6,4,4,"dCov",0.1689,0.00374663569085653,0.165943612728479,10000,10000
200,"X",1.6,4,4,"HHG",0.85,0.00357071421427142,57263.7193122162,10000,10000
200,"X",1.6,4,4,"Genest",0.1132,0.00316837119037527,0.0589077827638881,10000,10000
200,"X",1.6,4,4,"MIC",0.0528,0.00223633986683599,0.260351931359339,10000,10000
200,"X",1.7,4,4,"B_n",0.771,0.00420189243079829,26.2667172963895,10000,10000
200,"X",1.7,4,4,"P_n",0.7659,0.00423434989106947,26.1543603348652,10000,10000
200,"X",1.7,4,4,"Hoeffding",0.1141,0.00317932681553816,0.00465345209861846,10000,10000
200,"X",1.7,4,4,"dCov",0.145,0.00352100837829165,0.165653211851966,10000,10000
200,"X",1.7,4,4,"HHG",0.7745,0.00417911174772822,57043.9205523821,10000,10000
200,"X",1.7,4,4,"Genest",0.107,0.00309113247855863,0.0576534489513938,10000,10000
200,"X",1.7,4,4,"MIC",0.0499,0.00217738352156895,0.261138658538422,10000,10000
200,"X",1.8,4,4,"B_n",0.6817,0.00465816605543426,26.5195645282707,10000,10000
200,"X",1.8,4,4,"P_n",0.6766,0.00467773919751839,26.3661303666111,10000,10000
200,"X",1.8,4,4,"Hoeffding",0.114,0.00317811264746862,0.0046358386664431,10000,10000
200,"X",1.8,4,4,"dCov",0.1418,0.00348844893899853,0.16481085627472,10000,10000
200,"X",1.8,4,4,"HHG",0.6834,0.00465149911318921,57464.4634095525,10000,10000
200,"X",1.8,4,4,"Genest",0.1079,0.00310254073301222,0.057154815076388,10000,10000
200,"X",1.8,4,4,"MIC",0.0524,0.00222832313635164,0.260280470451356,10000,10000
200,"X",1.9,4,4,"B_n",0.6075,0.00488307024319741,26.3303529034213,10000,10000
200,"X",1.9,4,4,"P_n",0.6036,0.00489149302360741,26.1405083597879,10000,10000
200,"X",1.9,4,4,"Hoeffding",0.0979,0.00297179390267899,0.00453857774868648,10000,10000
200,"X",1.9,4,4,"dCov",0.1233,0.00328781249465355,0.163678613772749,10000,10000
200,"X",1.9,4,4,"HHG",0.6042,0.00489021840003082,56959.3533504406,10000,10000
200,"X",1.9,4,4,"Genest",0.0941,0.00291967789319301,0.0566401588263813,10000,10000
200,"X",1.9,4,4,"MIC",0.0529,0.00223833844625874,0.26111157841393,10000,10000
200,"X",2,4,4,"B_n",0.5258,0.00499333916332548,26.4600405569791,10000,10000
200,"X",2,4,4,"P_n",0.5228,0.00499479889485052,26.2616068222696,10000,10000
200,"X",2,4,4,"Hoeffding",0.0879,0.00283149412854768,0.00497528763866799,10000,10000
200,"X",2,4,4,"dCov",0.1052,0.0030681095156464,0.168155000386708,10000,10000
200,"X",2,4,4,"HHG",0.5243,0.00499409160909169,57136.4073129967,10000,10000
200,"X",2,4,4,"Genest",0.0848,0.00278583847342232,0.0593003017013888,10000,10000
200,"X",2,4,4,"MIC",0.0546,0.00227197799285116,0.260198942948975,10000,10000
200,"diamond",0.1,4,4,"B_n",1,0,26.4500650799782,10000,10000
200,"diamond",0.1,4,4,"P_n",1,0,26.3066845151745,10000,10000
200,"diamond",0.1,4,4,"Hoeffding",1,0,0.00470608268560593,10000,10000
200,"diamond",0.1,4,4,"dCov",0.9997,0.000173179098045915,0.166254702777952,10000,10000
200,"diamond",0.1,4,4,"HHG",1,0,57014.2425094452,10000,10000
200,"diamond",0.1,4,4,"Genest",0.9648,0.00184284996676344,0.0577177438888874,10000,10000
200,"diamond",0.1,4,4,"MIC",0.7226,0.00447715579358146,0.260773849085328,10000,10000
200,"diamond",0.2,4,4,"B_n",1,0,26.2599938738219,10000,10000
200,"diamond",0.2,4,4,"P_n",1,0,26.1319437528562,10000,10000
200,"diamond",0.2,4,4,"Hoeffding",0.9992,0.000282729552753161,0.00474915576283547,10000,10000
200,"diamond",0.2,4,4,"dCov",0.9988,0.000346202253025595,0.166868265688166,10000,10000
200,"diamond",0.2,4,4,"HHG",1,0,56624.5042569677,10000,10000
200,"diamond",0.2,4,4,"Genest",0.9333,0.00249501723440941,0.0583694062638795,10000,10000
200,"diamond",0.2,4,4,"MIC",0.6048,0.00488893608058031,0.260830244952291,10000,10000
200,"diamond",0.3,4,4,"B_n",1,0,26.6469228109055,10000,10000
200,"diamond",0.3,4,4,"P_n",1,0,26.5315746753855,10000,10000
200,"diamond",0.3,4,4,"Hoeffding",0.996,0.00063118935352238,0.00477709280023516,10000,10000
200,"diamond",0.3,4,4,"dCov",0.9963,0.000607149899118829,0.167880908566371,10000,10000
200,"diamond",0.3,4,4,"HHG",1,0,57524.2123882881,10000,10000
200,"diamond",0.3,4,4,"Genest",0.8864,0.00317324817812916,0.0585536470763798,10000,10000
200,"diamond",0.3,4,4,"MIC",0.4031,0.00490520529641727,0.262396912870758,10000,10000
200,"diamond",0.4,4,4,"B_n",1,0,26.4102348780239,10000,10000
200,"diamond",0.4,4,4,"P_n",1,0,26.2859436337894,10000,10000
200,"diamond",0.4,4,4,"Hoeffding",0.9826,0.001307564147566,0.00479514221528772,10000,10000
200,"diamond",0.4,4,4,"dCov",0.9874,0.00111540306616039,0.168577645779398,10000,10000
200,"diamond",0.4,4,4,"HHG",1,0,57048.9050696605,10000,10000
200,"diamond",0.4,4,4,"Genest",0.8013,0.00399021691139717,0.0583373602638858,10000,10000
200,"diamond",0.4,4,4,"MIC",0.2854,0.00451604738681958,0.260628314723273,10000,10000
200,"diamond",0.5,4,4,"B_n",1,0,26.4331170241409,10000,10000
200,"diamond",0.5,4,4,"P_n",1,0,26.3133785685282,10000,10000
200,"diamond",0.5,4,4,"Hoeffding",0.9636,0.0018728331479339,0.00449623065886489,10000,10000
200,"diamond",0.5,4,4,"dCov",0.973,0.00162083311910881,0.166408515200818,10000,10000
200,"diamond",0.5,4,4,"HHG",1,0,56636.352341566,10000,10000
200,"diamond",0.5,4,4,"Genest",0.731,0.00443439962114377,0.0571529110139136,10000,10000
200,"diamond",0.5,4,4,"MIC",0.2052,0.00403847694062997,0.260900080582201,10000,10000
200,"diamond",0.6,4,4,"B_n",1,0,26.3257136033876,10000,10000
200,"diamond",0.6,4,4,"P_n",1,0,26.1343726924321,10000,10000
200,"diamond",0.6,4,4,"Hoeffding",0.8924,0.003098745552639,0.00456889671967508,10000,10000
200,"diamond",0.6,4,4,"dCov",0.9322,0.00251402386623516,0.166030169422827,10000,10000
200,"diamond",0.6,4,4,"HHG",1,0,56731.5845180682,10000,10000
200,"diamond",0.6,4,4,"Genest",0.5965,0.00490599378311877,0.0572062553888955,10000,10000
200,"diamond",0.6,4,4,"MIC",0.1416,0.00348639412574081,0.260923399800765,10000,10000
200,"diamond",0.7,4,4,"B_n",1,0,26.4175021944631,10000,10000
200,"diamond",0.7,4,4,"P_n",1,0,26.2394478908062,10000,10000
200,"diamond",0.7,4,4,"Hoeffding",0.7596,0.00427326385798958,0.00463889105927251,10000,10000
200,"diamond",0.7,4,4,"dCov",0.8516,0.00355496047798003,0.166588751798761,10000,10000
200,"diamond",0.7,4,4,"HHG",1,0,56731.0423899561,10000,10000
200,"diamond",0.7,4,4,"Genest",0.464,0.00498702316016278,0.0577120950763927,10000,10000
200,"diamond",0.7,4,4,"MIC",0.1148,0.00318780425998837,0.260731632218895,10000,10000
200,"diamond",0.8,4,4,"B_n",1,0,26.4188136506142,10000,10000
200,"diamond",0.8,4,4,"P_n",1,0,26.230538388502,10000,10000
200,"diamond",0.8,4,4,"Hoeffding",0.5377,0.00498576684172054,0.00489819882636485,10000,10000
200,"diamond",0.8,4,4,"dCov",0.7027,0.00457069699280099,0.167800972413908,10000,10000
200,"diamond",0.8,4,4,"HHG",1,0,57244.4224579626,10000,10000
200,"diamond",0.8,4,4,"Genest",0.3299,0.00470176551946181,0.0583359357638963,10000,10000
200,"diamond",0.8,4,4,"MIC",0.0881,0.00283440275895999,0.261197224875968,10000,10000
200,"diamond",0.9,4,4,"B_n",1,0,26.3821841376782,10000,10000
200,"diamond",0.9,4,4,"P_n",1,0,26.2070513304256,10000,10000
200,"diamond",0.9,4,4,"Hoeffding",0.3846,0.00486500606371667,0.00492595535778273,10000,10000
200,"diamond",0.9,4,4,"dCov",0.5443,0.00498033643441886,0.168155885320052,10000,10000
200,"diamond",0.9,4,4,"HHG",1,0,57046.2191734372,10000,10000
200,"diamond",0.9,4,4,"Genest",0.2371,0.0042530411472263,0.0592615937013942,10000,10000
200,"diamond",0.9,4,4,"MIC",0.0708,0.00256490467659132,0.261365150484735,10000,10000
200,"diamond",1,4,4,"B_n",0.9987,0.00036032069049667,26.5408928209733,10000,10000
200,"diamond",1,4,4,"P_n",0.9987,0.00036032069049667,26.3909969920553,10000,10000
200,"diamond",1,4,4,"Hoeffding",0.2763,0.00447166982233706,0.00486422497404255,10000,10000
200,"diamond",1,4,4,"dCov",0.4072,0.00491312690656368,0.168447235991929,10000,10000
200,"diamond",1,4,4,"HHG",0.9997,0.000173179098045915,57113.013985812,10000,10000
200,"diamond",1,4,4,"Genest",0.1675,0.00373421678535138,0.0600314033888922,10000,10000
200,"diamond",1,4,4,"MIC",0.0634,0.00243681021009023,0.261187604223661,10000,10000
200,"diamond",1.1,4,4,"B_n",0.9975,0.000499374608885949,26.4827464356485,10000,10000
200,"diamond",1.1,4,4,"P_n",0.9969,0.000555912762940373,26.3510767735599,10000,10000
200,"diamond",1.1,4,4,"Hoeffding",0.1974,0.00398036731973319,0.0049071967951855,10000,10000
200,"diamond",1.1,4,4,"dCov",0.2964,0.00456669508506973,0.168703839623415,10000,10000
200,"diamond",1.1,4,4,"HHG",0.9979,0.000457776146167534,57850.8483206694,10000,10000
200,"diamond",1.1,4,4,"Genest",0.146,0.00353106216314581,0.0593983290763989,10000,10000
200,"diamond",1.1,4,4,"MIC",0.061,0.00239330315672712,0.261808413343405,10000,10000
200,"diamond",1.2,4,4,"B_n",0.9866,0.00114980172203732,26.3876251665854,10000,10000
200,"diamond",1.2,4,4,"P_n",0.986,0.00117490425141796,26.1768285634336,10000,10000
200,"diamond",1.2,4,4,"Hoeffding",0.1448,0.00351899076440959,0.00489617427647863,10000,10000
200,"diamond",1.2,4,4,"dCov",0.2493,0.00432607801594007,0.166824207715261,10000,10000
200,"diamond",1.2,4,4,"HHG",0.9926,0.000857043756175842,56789.6486068729,10000,10000
200,"diamond",1.2,4,4,"Genest",0.1306,0.00336962371786525,0.0583686092639061,10000,10000
200,"diamond",1.2,4,4,"MIC",0.062,0.00241155551460048,0.261695530134001,10000,10000
200,"diamond",1.3,4,4,"B_n",0.9641,0.00186040828852164,26.5917060494307,10000,10000
200,"diamond",1.3,4,4,"P_n",0.9617,0.00191919540432964,26.4394922711081,10000,10000
200,"diamond",1.3,4,4,"Hoeffding",0.1038,0.00305000918031405,0.00502496596494049,10000,10000
200,"diamond",1.3,4,4,"dCov",0.1682,0.0037404379422736,0.168757750347599,10000,10000
200,"diamond",1.3,4,4,"HHG",0.9745,0.001576380347505,57708.5897308052,10000,10000
200,"diamond",1.3,4,4,"Genest",0.0996,0.00299465924605789,0.0594574383889092,10000,10000
200,"diamond",1.3,4,4,"MIC",0.0556,0.00229147637997864,0.261145237948455,10000,10000
200,"diamond",1.4,4,4,"B_n",0.9308,0.00253793932157568,26.397131117497,10000,10000
200,"diamond",1.4,4,4,"P_n",0.9264,0.00261118823526761,26.2301326761816,10000,10000
200,"diamond",1.4,4,4,"Hoeffding",0.111,0.00314132137801913,0.00444739227500021,10000,10000
200,"diamond",1.4,4,4,"dCov",0.1679,0.00373777460529658,0.164539128251015,10000,10000
200,"diamond",1.4,4,4,"HHG",0.954,0.00209485083001153,56589.9093757693,10000,10000
200,"diamond",1.4,4,4,"Genest",0.1087,0.00311262445534311,0.0564021041388885,10000,10000
200,"diamond",1.4,4,4,"MIC",0.0531,0.0022423289232403,0.260941109659768,10000,10000
200,"diamond",1.5,4,4,"B_n",0.8799,0.00325078436688747,26.2058900945727,10000,10000
200,"diamond",1.5,4,4,"P_n",0.8749,0.00330832268680067,26.0199885216953,10000,10000
200,"diamond",1.5,4,4,"Hoeffding",0.0813,0.00273295279871424,0.00481269339518161,10000,10000
200,"diamond",1.5,4,4,"dCov",0.1333,0.00339898676078622,0.165990736376804,10000,10000
200,"diamond",1.5,4,4,"HHG",0.8983,0.00302253387077796,57741.7840671241,10000,10000
200,"diamond",1.5,4,4,"Genest",0.0873,0.00282274175226853,0.0580968572013874,10000,10000
200,"diamond",1.5,4,4,"MIC",0.0513,0.00220608952674183,0.262180939198809,10000,10000
200,"diamond",1.6,4,4,"B_n",0.7994,0.00400449297664511,26.6097520670486,10000,10000
200,"diamond",1.6,4,4,"P_n",0.7921,0.00405804866900337,26.409093804216,10000,10000
200,"diamond",1.6,4,4,"Hoeffding",0.0754,0.00264035679407159,0.00460032708220256,10000,10000
200,"diamond",1.6,4,4,"dCov",0.1034,0.00304480606935811,0.165849871456521,10000,10000
200,"diamond",1.6,4,4,"HHG",0.8446,0.00362285577963021,56871.355658565,10000,10000
200,"diamond",1.6,4,4,"Genest",0.0835,0.0027663649433869,0.057126702388896,10000,10000
200,"diamond",1.6,4,4,"MIC",0.0577,0.00233175277420227,0.261440424143084,10000,10000
200,"diamond",1.7,4,4,"B_n",0.7243,0.00446866322293368,26.2274443936881,10000,10000
200,"diamond",1.7,4,4,"P_n",0.7152,0.00451319133208421,26.0684444225909,10000,10000
200,"diamond",1.7,4,4,"Hoeffding",0.0646,0.00245818713689581,0.0047178515020945,10000,10000
200,"diamond",1.7,4,4,"dCov",0.0878,0.00283003816228686,0.166629914017769,10000,10000
200,"diamond",1.7,4,4,"HHG",0.7624,0.00425612781762954,57056.2319736346,10000,10000
200,"diamond",1.7,4,4,"Genest",0.0714,0.00257491825112954,0.058166556138879,10000,10000
200,"diamond",1.7,4,4,"MIC",0.0541,0.00226214919932351,0.260304195212709,10000,10000
200,"diamond",1.8,4,4,"B_n",0.6423,0.00479323179076497,26.2318230004952,10000,10000
200,"diamond",1.8,4,4,"P_n",0.6346,0.0048154214768803,26.0710214903782,10000,10000
200,"diamond",1.8,4,4,"Hoeffding",0.0567,0.00231268480342653,0.00471929923736636,10000,10000
200,"diamond",1.8,4,4,"dCov",0.079,0.0026973876250921,0.166072083022324,10000,10000
200,"diamond",1.8,4,4,"HHG",0.673,0.0046911725613113,57291.9634585507,10000,10000
200,"diamond",1.8,4,4,"Genest",0.0662,0.00248631373724235,0.0579719566388887,10000,10000
200,"diamond",1.8,4,4,"MIC",0.0494,0.0021670173049609,0.261098000423977,10000,10000
200,"diamond",1.9,4,4,"B_n",0.5424,0.00498198996385982,26.4556164386742,10000,10000
200,"diamond",1.9,4,4,"P_n",0.5339,0.00498849466272141,26.2643655636999,10000,10000
200,"diamond",1.9,4,4,"Hoeffding",0.0527,0.00223433905215838,0.00475358324684268,10000,10000
200,"diamond",1.9,4,4,"dCov",0.0723,0.00258983995644519,0.166126196428873,10000,10000
200,"diamond",1.9,4,4,"HHG",0.5757,0.0049423628964292,57495.0514817459,10000,10000
200,"diamond",1.9,4,4,"Genest",0.0618,0.00240791943386817,0.0579351748263622,10000,10000
200,"diamond",1.9,4,4,"MIC",0.0485,0.00214820273717357,0.262509913318658,10000,10000
200,"diamond",2,4,4,"B_n",0.4918,0.00499932755478174,26.1765903755708,10000,10000
200,"diamond",2,4,4,"P_n",0.4826,0.00499697148280836,26.0871561242185,10000,10000
200,"diamond",2,4,4,"Hoeffding",0.0575,0.00232795511125107,0.0045578967001298,10000,10000
200,"diamond",2,4,4,"dCov",0.074,0.00261770892193918,0.164461566300519,10000,10000
200,"diamond",2,4,4,"HHG",0.5212,0.00499550357821912,57093.2902746171,10000,10000
200,"diamond",2,4,4,"Genest",0.0643,0.00245286587484925,0.0568603753888891,10000,10000
200,"diamond",2,4,4,"MIC",0.0533,0.00224631053062572,0.261495589102994,10000,10000
200,"heteroscedastic",0.1,4,4,"B_n",1,0,26.452954758771,10000,10000
200,"heteroscedastic",0.1,4,4,"P_n",1,0,26.3140898247712,10000,10000
200,"heteroscedastic",0.1,4,4,"Hoeffding",1,0,0.00489792378841048,10000,10000
200,"heteroscedastic",0.1,4,4,"dCov",1,0,0.17553247807024,10000,10000
200,"heteroscedastic",0.1,4,4,"HHG",1,0,56858.7936633861,10000,10000
200,"heteroscedastic",0.1,4,4,"Genest",1,0,0.0595362533263804,10000,10000
200,"heteroscedastic",0.1,4,4,"MIC",1,0,0.261758566107008,10000,10000
200,"heteroscedastic",0.2,4,4,"B_n",1,0,26.5584695732892,10000,10000
200,"heteroscedastic",0.2,4,4,"P_n",1,0,26.3923583152438,10000,10000
200,"heteroscedastic",0.2,4,4,"Hoeffding",1,0,0.00463707645555062,10000,10000
200,"heteroscedastic",0.2,4,4,"dCov",1,0,0.17368463170001,10000,10000
200,"heteroscedastic",0.2,4,4,"HHG",1,0,56389.522397748,10000,10000
200,"heteroscedastic",0.2,4,4,"Genest",1,0,0.0575192872638996,10000,10000
200,"heteroscedastic",0.2,4,4,"MIC",0.9999,9.99949998749882e-05,0.261126554029566,10000,10000
200,"heteroscedastic",0.3,4,4,"B_n",1,0,26.6421184662956,10000,10000
200,"heteroscedastic",0.3,4,4,"P_n",1,0,26.4995888312578,10000,10000
200,"heteroscedastic",0.3,4,4,"Hoeffding",1,0,0.0047199218193375,10000,10000
200,"heteroscedastic",0.3,4,4,"dCov",1,0,0.175620332588071,10000,10000
200,"heteroscedastic",0.3,4,4,"HHG",1,0,57467.460360231,10000,10000
200,"heteroscedastic",0.3,4,4,"Genest",1,0,0.0579910102639065,10000,10000
200,"heteroscedastic",0.3,4,4,"MIC",0.9988,0.000346202253025595,0.261103591451743,10000,10000
200,"heteroscedastic",0.4,4,4,"B_n",1,0,26.4011944437259,10000,10000
200,"heteroscedastic",0.4,4,4,"P_n",1,0,26.2725174661731,10000,10000
200,"heteroscedastic",0.4,4,4,"Hoeffding",0.9994,0.000244875478560032,0.00465736853024087,10000,10000
200,"heteroscedastic",0.4,4,4,"dCov",1,0,0.171307889318555,10000,10000
200,"heteroscedastic",0.4,4,4,"HHG",1,0,56125.4656810963,10000,10000
200,"heteroscedastic",0.4,4,4,"Genest",0.999,0.000316069612585582,0.0575419049514006,10000,10000
200,"heteroscedastic",0.4,4,4,"MIC",0.9936,0.000797435890840133,0.261874591313098,10000,10000
200,"heteroscedastic",0.5,4,4,"B_n",0.9999,9.99949998749882e-05,26.1191507741563,10000,10000
200,"heteroscedastic",0.5,4,4,"P_n",0.9998,0.0001414072133945,25.9634900349992,10000,10000
200,"heteroscedastic",0.5,4,4,"Hoeffding",0.9945,0.00073957758213726,0.00443511565973039,10000,10000
200,"heteroscedastic",0.5,4,4,"dCov",1,0,0.170629667385959,10000,10000
200,"heteroscedastic",0.5,4,4,"HHG",1,0,56383.7794962944,10000,10000
200,"heteroscedastic",0.5,4,4,"Genest",0.9935,0.000803601269287198,0.0565898862014082,10000,10000
200,"heteroscedastic",0.5,4,4,"MIC",0.9656,0.0018225432779498,0.260696691749182,10000,10000
200,"heteroscedastic",0.6,4,4,"B_n",0.9987,0.00036032069049667,26.2260119105453,10000,10000
200,"heteroscedastic",0.6,4,4,"P_n",0.9983,0.000411959949509662,26.0658824478723,10000,10000
200,"heteroscedastic",0.6,4,4,"Hoeffding",0.9505,0.00216909543358516,0.00497031891277867,10000,10000
200,"heteroscedastic",0.6,4,4,"dCov",0.9989,0.00033148001448051,0.173456602875981,10000,10000
200,"heteroscedastic",0.6,4,4,"HHG",1,0,55775.5950513778,10000,10000
200,"heteroscedastic",0.6,4,4,"Genest",0.9474,0.00223233599621562,0.0599401820764142,10000,10000
200,"heteroscedastic",0.6,4,4,"MIC",0.8969,0.00304089444078547,0.26051428080658,10000,10000
200,"heteroscedastic",0.7,4,4,"B_n",0.991,0.000944404574321832,26.4352236116075,10000,10000
200,"heteroscedastic",0.7,4,4,"P_n",0.9901,0.000990049998737438,26.3408711442572,10000,10000
200,"heteroscedastic",0.7,4,4,"Hoeffding",0.8821,0.00322489674253301,0.00455501763563555,10000,10000
200,"heteroscedastic",0.7,4,4,"dCov",0.9943,0.000752828665766656,0.170160221577227,10000,10000
200,"heteroscedastic",0.7,4,4,"HHG",0.9991,0.000299864969611326,56242.2396257055,10000,10000
200,"heteroscedastic",0.7,4,4,"Genest",0.8782,0.00327054674328315,0.0573461432638986,10000,10000
200,"heteroscedastic",0.7,4,4,"MIC",0.7833,0.00411996492703518,0.261084687318998,10000,10000
200,"heteroscedastic",0.8,4,4,"B_n",0.9736,0.00160321676637939,26.50410307971,10000,10000
200,"heteroscedastic",0.8,4,4,"P_n",0.9715,0.0016639636414297,26.3503696703694,10000,10000
200,"heteroscedastic",0.8,4,4,"Hoeffding",0.7416,0.00437754999971445,0.00473817609310155,10000,10000
200,"heteroscedastic",0.8,4,4,"dCov",0.9804,0.00138621210498249,0.170322048489319,10000,10000
200,"heteroscedastic",0.8,4,4,"HHG",0.9969,0.000555912762940373,55704.904172681,10000,10000
200,"heteroscedastic",0.8,4,4,"Genest",0.751,0.00432433809964022,0.0577842055138776,10000,10000
200,"heteroscedastic",0.8,4,4,"MIC",0.6484,0.00477469831507709,0.261450155533429,10000,10000
200,"heteroscedastic",0.9,4,4,"B_n",0.9393,0.00238779207637516,25.986730519793,10000,10000
200,"heteroscedastic",0.9,4,4,"P_n",0.9363,0.00244217751197574,25.8397374117677,10000,10000
200,"heteroscedastic",0.9,4,4,"Hoeffding",0.5937,0.00491141843055547,0.0047890124458973,10000,10000
200,"heteroscedastic",0.9,4,4,"dCov",0.9321,0.00251574223639863,0.171507011774139,10000,10000
200,"heteroscedastic",0.9,4,4,"HHG",0.9814,0.0013510751274448,56537.6503209767,10000,10000
200,"heteroscedastic",0.9,4,4,"Genest",0.5879,0.00492212951881602,0.0589516068263796,10000,10000
200,"heteroscedastic",0.9,4,4,"MIC",0.5267,0.00499286601061955,0.260259575616065,10000,10000
200,"heteroscedastic",1,4,4,"B_n",0.8855,0.00318417571751309,26.109892619129,10000,10000
200,"heteroscedastic",1,4,4,"P_n",0.8813,0.00323435171247655,25.9823042043117,10000,10000
200,"heteroscedastic",1,4,4,"Hoeffding",0.4823,0.00499686611787829,0.00462684091452935,10000,10000
200,"heteroscedastic",1,4,4,"dCov",0.8772,0.00328207495344028,0.169803090874008,10000,10000
200,"heteroscedastic",1,4,4,"HHG",0.96,0.00195959179422654,55797.6910328962,10000,10000
200,"heteroscedastic",1,4,4,"Genest",0.4946,0.00499970839149645,0.0570677510764123,10000,10000
200,"heteroscedastic",1,4,4,"MIC",0.4068,0.00491236969292825,0.260234613535174,10000,10000
200,"heteroscedastic",1.1,4,4,"B_n",0.8121,0.0039063229513188,26.2242341947488,10000,10000
200,"heteroscedastic",1.1,4,4,"P_n",0.8084,0.00393559957312733,26.0439961189619,10000,10000
200,"heteroscedastic",1.1,4,4,"Hoeffding",0.3588,0.00479648371205407,0.00482031422206828,10000,10000
200,"heteroscedastic",1.1,4,4,"dCov",0.7858,0.00410266206261252,0.169783456638446,10000,10000
200,"heteroscedastic",1.1,4,4,"HHG",0.9154,0.00278285536814258,56087.6780897835,10000,10000
200,"heteroscedastic",1.1,4,4,"Genest",0.3755,0.00484251742381997,0.0576794703888987,10000,10000
200,"heteroscedastic",1.1,4,4,"MIC",0.3026,0.00459383543457969,0.261287800306131,10000,10000
200,"heteroscedastic",1.2,4,4,"B_n",0.7214,0.00448310205103564,26.3866053322778,10000,10000
200,"heteroscedastic",1.2,4,4,"P_n",0.7167,0.00450600832222933,26.2128549907992,10000,10000
200,"heteroscedastic",1.2,4,4,"Hoeffding",0.2928,0.00455047426099742,0.00459209274399711,10000,10000
200,"heteroscedastic",1.2,4,4,"dCov",0.682,0.00465699473909945,0.169647583594508,10000,10000
200,"heteroscedastic",1.2,4,4,"HHG",0.8537,0.00353406720366209,55915.7452962148,10000,10000
200,"heteroscedastic",1.2,4,4,"Genest",0.2926,0.00454956305594285,0.057196784013897,10000,10000
200,"heteroscedastic",1.2,4,4,"MIC",0.2393,0.00426656196486117,0.261053192342725,10000,10000
200,"heteroscedastic",1.3,4,4,"B_n",0.6462,0.00478148052385451,26.2593185582814,10000,10000
200,"heteroscedastic",1.3,4,4,"P_n",0.6421,0.00479382509067655,26.1111879316733,10000,10000
200,"heteroscedastic",1.3,4,4,"Hoeffding",0.2346,0.00423748557519669,0.00464474999081497,10000,10000
200,"heteroscedastic",1.3,4,4,"dCov",0.5815,0.00493313034492299,0.169451624776432,10000,10000
200,"heteroscedastic",1.3,4,4,"HHG",0.7772,0.00416125173475482,56137.1867424975,10000,10000
200,"heteroscedastic",1.3,4,4,"Genest",0.2371,0.0042530411472263,0.0574516073263716,10000,10000
200,"heteroscedastic",1.3,4,4,"MIC",0.1859,0.00389025950291237,0.261341365469644,10000,10000
200,"heteroscedastic",1.4,4,4,"B_n",0.5718,0.00494817905900747,26.2863551933114,10000,10000
200,"heteroscedastic",1.4,4,4,"P_n",0.5664,0.00495571427747807,26.1646759656825,10000,10000
200,"heteroscedastic",1.4,4,4,"Hoeffding",0.1873,0.00390152162623764,0.00468209209185665,10000,10000
200,"heteroscedastic",1.4,4,4,"dCov",0.5091,0.00499917183141368,0.168330704065314,10000,10000
200,"heteroscedastic",1.4,4,4,"HHG",0.6949,0.00460449769247418,56492.3440191299,10000,10000
200,"heteroscedastic",1.4,4,4,"Genest",0.1937,0.00395196546037538,0.0570090590138863,10000,10000
200,"heteroscedastic",1.4,4,4,"MIC",0.1586,0.00365302669029395,0.260883442438342,10000,10000
200,"heteroscedastic",1.5,4,4,"B_n",0.4865,0.00499817716772825,26.4783413297917,10000,10000
200,"heteroscedastic",1.5,4,4,"P_n",0.4818,0.00499668650207315,26.3431065758211,10000,10000
200,"heteroscedastic",1.5,4,4,"Hoeffding",0.1478,0.00354901620170999,0.00489132305497488,10000,10000
200,"heteroscedastic",1.5,4,4,"dCov",0.4023,0.00490361815397569,0.17034205047322,10000,10000
200,"heteroscedastic",1.5,4,4,"HHG",0.6078,0.00488240883171412,56785.4915835606,10000,10000
200,"heteroscedastic",1.5,4,4,"Genest",0.1505,0.00357560833984932,0.0589265847639039,10000,10000
200,"heteroscedastic",1.5,4,4,"MIC",0.1324,0.00338925124474418,0.260749189683347,10000,10000
200,"heteroscedastic",1.6,4,4,"B_n",0.4343,0.00495664715306627,26.2046036489518,10000,10000
200,"heteroscedastic",1.6,4,4,"P_n",0.4308,0.00495188206644706,26.0585784001867,10000,10000
200,"heteroscedastic",1.6,4,4,"Hoeffding",0.1301,0.00336413421254266,0.00476330120855321,10000,10000
200,"heteroscedastic",1.6,4,4,"dCov",0.34,0.0047370877129308,0.169578489131206,10000,10000
200,"heteroscedastic",1.6,4,4,"HHG",0.5391,0.004984688455661,56771.9686322889,10000,10000
200,"heteroscedastic",1.6,4,4,"Genest",0.13,0.00336303434416005,0.0580643230138771,10000,10000
200,"heteroscedastic",1.6,4,4,"MIC",0.1114,0.00314626826573959,0.26091900615984,10000,10000
200,"heteroscedastic",1.7,4,4,"B_n",0.3614,0.00480406119861103,26.4811359943805,10000,10000
200,"heteroscedastic",1.7,4,4,"P_n",0.3578,0.00479352855420722,26.3504139452448,10000,10000
200,"heteroscedastic",1.7,4,4,"Hoeffding",0.1125,0.00315980616494113,0.00480788729031392,10000,10000
200,"heteroscedastic",1.7,4,4,"dCov",0.2701,0.00444011249857478,0.170978613412754,10000,10000
200,"heteroscedastic",1.7,4,4,"HHG",0.4588,0.00498299668874062,57005.3020607297,10000,10000
200,"heteroscedastic",1.7,4,4,"Genest",0.1088,0.00311388117949288,0.0586193290763877,10000,10000
200,"heteroscedastic",1.7,4,4,"MIC",0.0971,0.00296093887137171,0.261617162198165,10000,10000
200,"heteroscedastic",1.8,4,4,"B_n",0.3284,0.00469631174433725,26.2781729926487,10000,10000
200,"heteroscedastic",1.8,4,4,"P_n",0.3253,0.00468486830124391,26.1383471498778,10000,10000
200,"heteroscedastic",1.8,4,4,"Hoeffding",0.1072,0.00309367354450983,0.00475512011113332,10000,10000
200,"heteroscedastic",1.8,4,4,"dCov",0.2544,0.00435523409244555,0.169122455852856,10000,10000
200,"heteroscedastic",1.8,4,4,"HHG",0.4026,0.00490421492188097,56534.0118960799,10000,10000
200,"heteroscedastic",1.8,4,4,"Genest",0.1051,0.00306682229677561,0.0582120493263901,10000,10000
200,"heteroscedastic",1.8,4,4,"MIC",0.0842,0.00277687522225973,0.261005030109988,10000,10000
200,"heteroscedastic",1.9,4,4,"B_n",0.2846,0.00451223713915836,26.4017327874676,10000,10000
200,"heteroscedastic",1.9,4,4,"P_n",0.2839,0.00450888888751985,26.2157040956971,10000,10000
200,"heteroscedastic",1.9,4,4,"Hoeffding",0.0958,0.00294316768125773,0.00462513338394284,10000,10000
200,"heteroscedastic",1.9,4,4,"dCov",0.2153,0.00411030303019133,0.168526679762953,10000,10000
200,"heteroscedastic",1.9,4,4,"HHG",0.3567,0.00479025166353502,56693.2438058514,10000,10000
200,"heteroscedastic",1.9,4,4,"Genest",0.0953,0.00293628864384958,0.0570513577013849,10000,10000
200,"heteroscedastic",1.9,4,4,"MIC",0.0843,0.00277837200532974,0.260671592847302,10000,10000
200,"heteroscedastic",2,4,4,"B_n",0.2413,0.00427871838288056,26.6084010101577,10000,10000
200,"heteroscedastic",2,4,4,"P_n",0.2393,0.00426656196486117,26.4478175586009,10000,10000
200,"heteroscedastic",2,4,4,"Hoeffding",0.085,0.00278881695347687,0.00476662966471509,10000,10000
200,"heteroscedastic",2,4,4,"dCov",0.1795,0.003837704391951,0.169590759798782,10000,10000
200,"heteroscedastic",2,4,4,"HHG",0.3037,0.00459854661822624,57005.0028490552,10000,10000
200,"heteroscedastic",2,4,4,"Genest",0.0833,0.00276335140725895,0.0583333172013582,10000,10000
200,"heteroscedastic",2,4,4,"MIC",0.079,0.0026973876250921,0.260515970390032,10000,10000
